"activity_date","source_type","fleet_display_name","ahs_mode","actual_tonnes","cycle_count","source_truck_count_observed","truck_count","calendar_hours","not_required_hours","required_hours","cyclone_standby_hours","scheduled_maintenance_hours","unscheduled_maintenance_hours","available_hours","operational_standby_hours","operating_hours","operating_delay_hours","payload_from_quantity_per_cycle","quantity_reporting_avg","payload","loaded_distance_km","loaded_speed_kph","empty_distance_km","empty_speed_kph","queue_load_minutes","spot_load_minutes","loaded_travel_minutes","truck_loading_minutes","queue_dump_minutes","spot_dump_minutes","dumping_minutes","empty_travel_minutes","plan_model_scope","source_gross_cycle_minutes","source_availability_pct"
"2025-05-01","actual","CAT793","AHS","315041.0000","1331","26","26","498.658056","0.000000","498.658056",,"0.691389","25.303611","472.663056","0.038333","472.624722","85.180556","236.694966190833959429","236.69496619","232.34981217","2.5007555","26.108471591779555","2.6000945","27.10250345704518","3.083634992458522","0.9571265678449259","5.746997845988153","2.9816733067729086","1.439103448275862","0.7","0.8075210084033613","5.756135046611237",,,
"2025-05-01","actual","CAT793","CONV","246641.0000","1037","22","22","420.660833","0.000000","420.660833",,"33.136389","33.824444","353.700000","10.776111","342.923889","14.162778","237.840887174541947927","237.84088717","244.70935391","3.1637881","23.47442897766584","3.3714148","29.820085231807898","2.8735645041014166","0.6515151515151516","8.086556064073227","3.2323152337858216","1.2639118457300276","0.42115768463073855","0.7485943775100401","6.783511396011396",,,
"2025-05-01","actual","EH4000","CONV","195118.0000","857","16","16","300.217500","0.000000","300.217500",,"0.000000","0.000000","300.217500","6.289444","293.928056","29.460278","227.675612602100350058","227.67561260","229.97047841","3.4401019","33.26881142159388","3.5116873","35.5797331104523","2.4894329896907217","0.6289473684210526","6.204192611041926","3.095725441841348","2.1843957503320057","0.5589633856395626","1.1032632501095052","5.921945432977462",,,
"2025-05-01","actual","EH5000","AHS","109416.0000","376","7","7","145.851111","0.000000","145.851111",,"0.000000","0.141389","145.709722","0.361944","145.347778","34.472500","291.000000000000000000","291.00000000","296.76914894","2.6566862","25.518106487174826","2.7745440","35.45682875350497","3.1906666666666665","0.7725274725274726","6.2465909090909095","2.4125352112676053","2.097951582867784","0.7113588110403397","1.6862103174603176","4.695079787234042",,,
"2025-05-01","actual","EH5000","CONV","226746.0000","781","12","12","196.397500","0.000000","196.397500",,"0.834167","5.898611","189.664722","4.247500","185.417222","11.467500","290.327784891165172855","290.32778489","285.16952625","2.0840839","22.19599395837977","2.1199974","28.917886822432667","2.4302588996763754","0.6295238095238095","5.633675799086758","2.626792963464141","2.8425490196078433","0.4772926963207029","1.338316878232252","4.398656263545731",,,
"2025-05-02","actual","CAT793","AHS","289389.0000","1221","25","25","457.898611","0.000000","457.898611",,"0.000000","12.643889","445.254722","0.347222","444.907500","102.117778","237.009828009828009828","237.00982801","234.45890074","2.1735587","23.611900214319878","2.2894749","24.709991735381568","3.9067629179331305","1.0466666666666666","5.523211635500148","3.300910425844347","1.637141444114738","0.6893114241001564","0.7450789229340761","5.559228650137741",,,
"2025-05-02","actual","CAT793","CONV","241482.0000","1014","23","23","430.321944","0.000000","430.321944",,"9.000000","12.383889","408.938056","12.266944","396.671111","56.911667","238.147928994082840237","238.14792899","244.38954635","3.6776159","26.23067390846454","3.7907091","32.33267781771502","3.087939032471836","0.6312954876273654","8.41217251108424","2.9901972386587774","0.8208860759493671","0.3973997493734336","0.7525982256020279","7.034448160535117",,,
"2025-05-02","actual","EH4000","CONV","184798.0000","811","15","15","356.732778","0.000000","356.732778",,"81.808056","3.194722","271.730000","8.821389","262.908611","36.301944","227.864364981504315660","227.86436498","231.33230580","2.4986173","31.0758068115563","2.5844502","32.26642181070635","2.3401960784313727","0.6682264586943963","4.8242363877822045","3.21664493698392","1.54463986599665","0.6419251600196947","1.0812213039485767","4.805832295558322",,,
"2025-05-02","actual","EH5000","AHS","100395.0000","345","6","6","133.557778","0.000000","133.557778",,"0.000000","20.032500","113.525278","0.105278","113.420000","19.485833","291.000000000000000000","291.00000000","299.91282799","3.1269275","33.39061466370651","3.1598116","39.43257869041002","2.3224310776942354","0.8172705314009662","5.6188139059304705","2.070606060606061","1.1981262327416173","0.701153039832285","1.3903174603174604","4.807920310981535",,,
"2025-05-02","actual","EH5000","CONV","213795.0000","735","14","14","241.917778","0.000000","241.917778",,"0.552222","17.224167","224.141389","5.261111","218.880278","27.078056","290.877551020408163265","290.87755102","288.51877551","2.5005858","24.844357533142333","2.6305522","30.5528218527805","2.4955586080586083","0.5974060822898032","6.039002932551319","2.8443961352657","1.8426666666666667","0.5151421188630491","1.2400050735667174","5.16591013296653",,,
"2025-05-03","actual","CAT793","AHS","334634.0000","1412","25","25","484.571111","0.000000","484.571111",,"0.000000","3.519167","481.051944","0.000000","481.051944","67.183889","236.992917847025495751","236.99291785","233.99114731","2.5291520","26.197231961043745","2.9418684","30.87073994899471","3.7221926320461605","0.978709563994374","5.792563131313131","2.8525506376594145","1.8032748538011696","0.7011155913978495","0.7314011566771819","5.717780146884624",,,
"2025-05-03","actual","CAT793","CONV","279862.0000","1174","25","25","450.123889","0.000000","450.123889",,"0.000000","18.974444","431.149444","16.398056","414.751389","17.381389","238.383304940374787053","238.38330494","245.20689949","3.7946838","26.940790539355234","3.8764620","31.837056547216925","3.0747028862478776","0.7032875572201415","8.451163586584531","3.007353433835846","1.980518018018018","0.44966198647945915","0.7681996434937611","7.305566067486597",,,
"2025-05-03","actual","EH4000","CONV","195378.0000","859","14","14","254.219444","0.000000","254.219444",,"0.266111","1.210556","252.742778","6.152500","246.590278","19.832222","227.448195576251455180","227.44819558","229.85238650","2.1174994","28.398627225474915","2.2794311","31.034869302356995","2.7653482082488168","0.6855805243445693","4.473806532663317","3.168744804655029","1.6325068870523416","0.6194089834515367","1.082012987012987","4.406845238095238",,,
"2025-05-03","actual","EH5000","AHS","112908.0000","388","7","7","120.630000","0.000000","120.630000",,"0.000000","1.553889","119.076111","0.000000","119.076111","9.948056","291.000000000000000000","291.00000000","302.78814433","3.6209691","33.19757079052291","3.6830593","43.79786506248936","2.8635458167330676","0.8531481481481482","6.544398907103825","1.9187387387387387","1.5898635477582845","0.6980531813865147","1.6733143399810066","5.045532646048111",,,
"2025-05-03","actual","EH5000","CONV","235377.0000","809","13","13","195.368333","0.000000","195.368333",,"0.000000","0.770000","194.598333","4.285833","190.312500","11.744444","290.948084054388133498","290.94808405","289.94153276","2.3053696","25.219808317814632","2.4312153","32.90995924741667","1.9465686274509804","0.5476422764227642","5.4846640488656195","2.4241699008193183","2.166862745098039","0.5018301610541728","1.3442652329749103","4.43248552522746",,,
"2025-05-04","actual","CAT793","AHS","273411.0000","1149","23","23","459.450000","0.000000","459.450000",,"0.000000","34.271667","425.178333","0.963333","424.215000","75.080556","237.955613577023498695","237.95561358","230.84395126","2.5745300","27.047126418059957","2.8723924","28.790311466604255","3.5771374458874456","1.0659608378870675","5.711209302325582","2.9964888071143823","1.1526542324246771","0.7087844739530132","0.7489310009718173","5.986164623467601",,,
"2025-05-04","actual","CAT793","CONV","305766.0000","1290","28","28","657.812222","0.000000","657.812222",,"162.576667","61.183889","434.051667","14.557500","419.494167","16.668889","237.027906976744186047","237.02790698","243.43426357","3.4711323","27.601428512192363","3.5540197","31.09428022386592","3.2363422661024916","0.7343956043956045","7.545549242424243","2.9503575870646768","1.1614379084967321","0.4112084702446148","0.7623188405797101","6.857890919640267",,,
"2025-05-04","actual","EH4000","CONV","211616.0000","931","15","15","294.532500","0.000000","294.532500",,"0.000000","3.651389","290.881111","4.586944","286.294167","23.235000","227.299677765843179377","227.29967777","228.47303974","2.2685070","27.755006210912228","2.4447991","29.974222614842063","3.0439229843561977","0.7600641907381934","4.903995299647474","3.2774498456790124","2.3673095944609295","0.5744430162810625","1.0870077141697116","4.893803181650018",,,
"2025-05-04","actual","EH5000","AHS","172563.0000","593","12","12","223.291667","0.000000","223.291667",,"19.830556","15.312500","188.148611","0.000000","188.148611","20.719444","291.000000000000000000","291.00000000","300.42731872","3.5538398","31.601910297085833","3.6759459","42.69191715973994","3.2684415584415585","0.825896860986547","6.74738919247116","2.244695599758891","1.5682993197278912","0.6760456273764259","1.8132640201638313","5.16624149659864",,,
"2025-05-04","actual","EH5000","CONV","146664.0000","504","8","8","156.482222","0.000000","156.482222",,"0.000000","13.927222","142.555000","3.627778","138.927222","7.878056","291.000000000000000000","291.00000000","281.06646825","1.7972116","20.507216461033302","1.9305160","27.475850266975378","2.082560706401766","0.6441812136325852","5.258280479210712","2.253284416491964","2.1391812865497077","0.48253275109170307","1.2020697167755992","4.2157370517928285",,,
"2025-05-05","actual","CAT793","AHS","255303.0000","1071","22","22","447.691111","0.000000","447.691111",,"25.116944","6.038611","416.535556","2.946389","413.589167","69.559167","238.378151260504201681","238.37815126","231.80898036","2.8084307","25.953374015257733","3.0222930","29.44184945664452","3.3048484848484847","1.1379183860614397","6.492637215528783","3.14240317775571","1.5208408953418027","0.695066185318893","0.7474291710388248","6.159177611006879",,,
"2025-05-05","actual","CAT793","CONV","275491.0000","1159","28","28","460.165000","0.000000","460.165000",,"0.000000","51.723889","408.441111","13.980278","394.460833","23.288056","237.697152717860224331","237.69715272","245.49352890","3.7738540","28.09277565212064","3.9213176","31.59925334449276","2.7898470948012233","0.7208063820612334","8.060123456790123","2.9700174520069806","2.2177871148459385","0.406786171574904","0.7625831485587583","7.4457156767283355",,,
"2025-05-05","actual","EH4000","CONV","242942.0000","1069","16","16","334.898611","0.000000","334.898611",,"20.889167","8.635278","305.374167","4.359167","301.015000","19.736111","227.260991580916744621","227.26099158","229.07745557","2.0787933","28.134044661654134","2.2480861","30.90512344569997","2.4183190883190884","0.6816564417177914","4.433333333333334","3.268052805280528","1.8185897435897436","0.5856437389770723","1.067307026652821","4.364492063492063",,,
"2025-05-05","actual","EH5000","AHS","189441.0000","651","13","13","218.433056","0.000000","218.433056",,"0.000000","5.408056","213.025000","0.187778","212.837222","19.170833","291.000000000000000000","291.00000000","300.29201229","2.9121229","27.813588344714827","3.0342166","36.50034799806107","3.6872347707049964","0.8306613226452906","6.282086720867209","2.054800431499461","1.6253551912568305","0.6887842465753425","1.6225056689342405","4.987705761316873",,,
"2025-05-05","actual","EH5000","CONV","123966.0000","426","8","8","126.923611","0.000000","126.923611",,"0.817222","10.233611","115.872778","2.642500","113.230278","6.843889","291.000000000000000000","291.00000000","283.64037559","1.8008873","20.17997270479607","1.9246573","27.880584894066967","1.8770401106500691","0.5928907721280602","5.354478897502153","2.034618680377035","1.5028301886792452","0.4645716945996276","1.230673758865248","4.141930251419303",,,
"2025-05-06","actual","CAT793","AHS","262581.0000","1101","24","24","449.630833","0.000000","449.630833",,"0.000000","4.085278","445.545556","0.000000","445.545556","89.485833","238.493188010899182561","238.49318801","236.07656676","2.7928599","25.964376987180977","2.9973236","28.43629485309555","3.69004550625711","1.0705978705978707","6.453903903903904","3.252156862745098","2.2958333333333334","0.6809638554216868","0.7440264716126784","6.324291435613063",,,
"2025-05-06","actual","CAT793","CONV","236396.0000","992","25","25","381.834722","0.000000","381.834722",,"11.275278","7.575000","362.984444","8.295278","354.689167","32.496111","238.302419354838709677","238.30241935","241.57752016","4.4152085","31.76766093310849","4.6828037","34.18196915748204","2.9784560723514213","0.7105982905982906","8.3390625","2.9229441997063144","1.739784946236559","0.4484638047138047","0.7485202492211838","8.219778699861687",,,
"2025-05-06","actual","EH4000","CONV","208002.0000","916","16","16","313.909444","0.000000","313.909444",,"17.158611","37.708056","259.042778","4.309722","254.733056","13.964722","227.076419213973799127","227.07641921","227.63984716","2.1292951","26.654983011701997","2.2440395","29.892040286202494","3.004891684136967","0.7049614643545279","4.793013972055888","3.1130086071987484","3.0067325800376645","0.5843806921675775","1.1450556242274414","4.504288389513109",,,
"2025-05-06","actual","EH5000","AHS","202245.0000","695","12","12","220.977500","14.682222","206.295278",,"0.000000","0.598889","205.696389","0.282778","205.413611","18.915833","291.000000000000000000","291.00000000","294.83179856","2.4048113","24.315596979018814","2.5797965","34.080349885425846","2.297209480122324","0.7393577981651376","5.933996937212864","1.9925418569254185","1.7956112852664576","0.6545784477945281","1.6184599156118145","4.541848617176128",,,
"2025-05-06","actual","EH5000","CONV","166743.0000","573","9","9","160.699444","0.000000","160.699444",,"0.595556","6.413333","153.690556","2.923056","150.767500","5.281111","291.000000000000000000","291.00000000","288.66143106","2.0911972","23.2735137189702","2.1641030","29.662997864892073","1.9467455621301777","0.6115438596491228","5.391185599006828","2.2211337030191003","2.858169934640523","0.4413883431565161","1.262190476190476","4.377378867483946",,,
"2025-05-07","actual","CAT793","AHS","307451.0000","1289","25","25","528.468611","0.000000","528.468611",,"36.572500","5.971389","485.924722","0.000000","485.924722","80.582222","238.519006982156710628","238.51900698","227.76415826","2.2913645","23.09511585858657","2.3213404","24.490535087631667","4.110288065843622","1.1816319444444443","5.952854743912678","3.179503191784624","1.239804469273743","0.704458495460441","0.7752913752913754","5.687112327339067",,,
"2025-05-07","actual","CAT793","CONV","288120.0000","1212","26","26","424.030556","0.000000","424.030556",,"2.017222","26.924444","395.088889","7.445833","387.643056","20.336944","237.722772277227722772","237.72277228","238.38432343","3.4536512","28.521201206864596","3.6175641","32.485870909616864","3.3660682624113476","0.7714205816554809","7.26543985637343","2.7812022339800118","2.055241935483871","0.45761116520610196","0.7734869865161492","6.681484593837535",,,
"2025-05-07","actual","EH4000","CONV","200670.0000","883","16","16","291.579722","0.000000","291.579722",,"17.575000","29.852222","244.152500","2.636667","241.515833","36.506944","227.259343148357870895","227.25934315","226.85402039","1.8971239","28.119136315065386","2.0622477","29.045244196941457","3.442703862660944","0.7549853372434018","4.048041615667075","3.1453960595094492","2.513461538461539","0.5903919089759797","1.0593578369243768","4.260073048827374",,,
"2025-05-07","actual","EH5000","AHS","200208.0000","688","11","11","239.563611","4.953056","234.610556",,"0.000000","0.430278","234.180278","1.461111","232.719167","24.026389","291.000000000000000000","291.00000000","294.21162791","2.5310494","24.89588037205799","2.5697671","30.72123663086457","2.6017489711934156","0.7391650732950924","6.099923430321593","1.976176024279211","1.7589545844044558","0.6770868347338935","1.7779978869519282","5.018874332848132",,,
"2025-05-07","actual","EH5000","CONV","167232.0000","575","11","11","215.848333","0.000000","215.848333",,"0.101944","20.747500","194.998889","4.918889","190.080000","11.122500","290.838260869565217391","290.83826087","280.16243478","2.7798902","26.88087825996684","2.9329043","34.74337032536911","3.570606776989756","0.7403549382716049","6.204909318323953","2.658907510862818","1.7013440860215054","0.47275132275132276","1.2210286458333333","5.064973730297723",,,
"2025-05-08","actual","CAT793","AHS","295440.0000","1242","25","25","471.970556","0.000000","471.970556",,"0.000000","23.086667","448.883889","0.000000","448.883889","76.815000","237.874396135265700483","237.87439614","229.05676329","2.3246352","23.060908905908413","2.4194563","22.127941650996007","3.7218390804597705","1.099765558397272","6.048248686514886","2.9900346620450606","1.3793273986152323","0.6850387596899224","0.7506697108066971","6.560365183964854",,,
"2025-05-08","actual","CAT793","CONV","303139.0000","1279","25","25","451.666389","0.000000","451.666389",,"28.551111","13.101389","410.013889","8.679444","401.334444","13.261389","237.012509773260359656","237.01250977","232.60899140","3.4770430","27.58079559319105","3.6418154","33.13768458690985","2.968188622754491","0.7820878400524419","7.564052287581699","2.7813254703734906","1.9840151515151516","0.46643280324290615","0.7840612002376709","6.593970783532537",,,
"2025-05-08","actual","EH4000","CONV","229118.0000","1008","17","17","303.847500","0.000000","303.847500",,"6.710556","9.093056","288.043889","8.222222","279.821667","24.674722","227.299603174603174603","227.29960317","225.55168651","2.0804580","30.018376477410335","2.1982211","29.13074455626852","3.036502609992543","0.6384667571234736","4.158368794326241","3.1369122807017544","2.0918650793650793","0.5635520949202818","1.0743844174935686","4.527631133671743",,,
"2025-05-08","actual","EH5000","AHS","192642.0000","662","13","13","232.089167","0.000000","232.089167",,"0.000000","11.782500","220.306667","0.000000","220.306667","23.768889","291.000000000000000000","291.00000000","292.91767372","2.5927277","23.788874668056607","2.6734203","31.16161847313115","2.9469565217391307","0.7194276094276095","6.539345142243692","2.2086390217969165","2.077164502164502","0.6821868008948545","1.5584593837535015","5.147525252525253",,,
"2025-05-08","actual","EH5000","CONV","177360.0000","610","10","10","165.330556","0.000000","165.330556",,"0.379722","0.286667","164.664167","3.132778","161.531389","6.683611","290.754098360655737705","290.75409836","278.49229508","2.6468607","27.92935246512071","2.7409885","33.63081700135042","2.941666666666667","0.6720824598183089","5.686191335740072","2.40688210652304","0.4700934579439252","0.5112453531598513","1.2538795779019243","4.890137221269297",,,
"2025-05-09","actual","CAT793","AHS","279045.0000","1173","26","26","457.194444","0.000000","457.194444",,"5.880278","5.256667","446.057500","1.248889","444.808611","49.898611","237.890025575447570332","237.89002558","226.28361775","2.8500466","23.540179196537384","2.9137421","24.56748601738759","4.580343300110742","1.2443975903614457","7.264294573643411","3.2341269841269837","1.7425525525525525","0.6754329004329004","0.7949951409135083","7.116093436514761",,,
"2025-05-09","actual","CAT793","CONV","310860.0000","1314","24","24","450.902500","0.000000","450.902500",,"0.000000","13.781667","437.120833","8.645833","428.475000","19.595833","236.575342465753424658","236.57534247","236.45235921","2.9298750","24.765488004019595","3.0082102","30.9554292845756","3.083795737836751","0.6978670634920635","7.098285322359397","2.711156351791531","1.3350746268656717","0.4503297362110312","0.7767238912732475","5.830725535760393",,,
"2025-05-09","actual","EH4000","CONV","244824.0000","1077","17","17","342.595000","0.000000","342.595000",,"41.541944","24.249167","276.803889","4.189444","272.614444","29.838333","227.320334261838440111","227.32033426","223.90984215","1.4933886","27.009031626573076","1.6300531","26.878685308419634","2.96190855927698","0.7641778865769074","3.3175316034597473","3.123679867986799","2.476397735314933","0.599879476584022","1.0525377229080932","3.6386893509766853",,,
"2025-05-09","actual","EH5000","AHS","96030.0000","330","8","8","151.392778","0.000000","151.392778",,"0.000000","0.526667","150.866111","0.000000","150.866111","33.492222","291.000000000000000000","291.00000000","287.37454545","2.9412636","25.25513811699724","3.0352249","27.10144442841037","3.3582125603864736","0.7443419434194342","6.987719298245613","2.208936403508772","1.1814207650273225","0.6610718492343933","1.5882352941176472","6.71969696969697",,,
"2025-05-09","actual","EH5000","CONV","213945.0000","736","16","16","288.165000","0.000000","288.165000",,"30.832778","0.815833","256.516389","6.527778","249.988611","10.190833","290.686141304347826087","290.68614130","278.10570652","3.2560356","29.12752110768958","3.4846475","36.64776996980846","3.4436253561253563","0.7131593714927048","6.707132243684993","2.801029411764706","1.808421052631579","0.47911425576519917","1.2554953560371518","5.705090655509066",,,
"2025-05-10","actual","CAT793","AHS","313713.0000","1323","27","27","542.018611","0.000000","542.018611",,"5.483333","16.537778","519.997500","1.378889","518.618611","74.320556","237.122448979591836735","237.12244898","227.95714286","2.9374857","23.501130067765843","2.9624961","25.593791127294494","4.040375243664717","1.2101639344262296","7.499602848534648","3.142086038961039","1.555929487179487","0.6654826958105647","0.7481802426343155","6.945034642032332",,,
"2025-05-10","actual","CAT793","CONV","271569.0000","1149","23","23","579.166944","0.000000","579.166944",,"176.862500","9.267778","393.036667","6.715278","386.321389","20.364444","236.352480417754569191","236.35248042","237.05848564","2.8943956","24.295465597793545","2.9724668","29.483947827052273","3.6986047691527144","0.794812233836624","7.147989623865111","2.7936958614051974","1.589884393063584","0.44821029082774044","0.752814513394371","6.048986690865093",,,
"2025-05-10","actual","EH4000","CONV","229798.0000","1010","17","17","314.373333","0.000000","314.373333",,"5.766111","18.704444","289.902778","3.976111","285.926667","22.285833","227.522772277227722772","227.52277228","226.15455446","1.5921302","27.41815051284904","1.7501056","29.12875536422673","2.9676540993417118","0.7580308719232374","3.4841085271317827","3.0444560305874178","3.107437765634487","0.6613431151241536","1.037985347985348","3.604902945113788",,,
"2025-05-10","actual","EH5000","AHS","131814.0000","453","8","8","165.570000","0.000000","165.570000",,"0.000000","6.236389","159.333611","0.000000","159.333611","13.497500","290.980132450331125828","290.98013245","291.34525386","2.8637263","25.13939120251846","3.0218107","32.29361476297434","3.397767857142857","0.7916885389326335","6.834834488067744","2.338432267884323","1.752283105022831","0.636205501618123","1.61957928802589","5.614380530973452",,,
"2025-05-10","actual","EH5000","CONV","228240.0000","786","15","15","295.286111","0.000000","295.286111",,"0.000000","5.525833","289.760278","5.029167","284.731111","12.991667","290.381679389312977099","290.38167939","284.80025445","3.7282532","29.960792421973842","3.7949369","36.025171173765834","3.344467073998642","0.6600388241819191","7.466264204545454","2.899648382559775","1.6582352941176473","0.48680790960451975","1.2498527245949924","6.320475561426685",,,
"2025-05-11","actual","CAT793","AHS","363392.0000","1526","28","28","565.191944","0.000000","565.191944",,"0.000000","1.520556","563.671389","0.767222","562.904167","76.509722","238.133682830930537353","238.13368283","231.93374836","2.7148935","23.619804112149534","2.7635080","26.225244544240333","3.609829650092081","1.0468193384223918","6.896484375","3.0193491952414275","1.645472938796156","0.6429756350440642","0.8177283950617283","6.322552291944816",,,
"2025-05-11","actual","CAT793","CONV","212882.0000","896","20","20","393.721667","0.000000","393.721667",,"48.060556","10.071111","335.590000","12.711389","322.878611","15.671667","237.591517857142857143","237.59151786","240.56595982","3.6616596","25.61745835659224","3.7884787","31.458915382154093","3.213340563991323","0.6300896624472574","8.576166024818143","2.969251786464901","1.5872065727699531","0.4495334370139969","0.7544263775971093","7.225574030087094",,,
"2025-05-11","actual","EH4000","CONV","222920.0000","980","16","16","280.366111","0.000000","280.366111",,"0.000000","5.156389","275.209722","5.105000","270.104722","20.543056","227.469387755102040816","227.46938776","227.32438776","2.0527224","28.90416859621342","2.1924500","29.9382290462","3.2035663841807906","0.6796271637816245","4.261092775944261","2.899402823018458","2.2475308641975307","0.6175642594859241","1.002765237020316","4.393947277141866",,,
"2025-05-11","actual","EH5000","AHS","137061.0000","471","9","9","187.371667","0.000000","187.371667",,"0.000000","13.202500","174.169167","0.530833","173.638333","22.894444","291.000000000000000000","291.00000000","296.34968153","2.7212803","23.315732200310435","2.7898811","29.690684706655215","3.7581511839708557","0.7216088328075709","7.002860411899314","2.372484984984985","1.2477941176470588","0.6666244725738397","1.590498812351544","5.637891737891738",,,
"2025-05-11","actual","EH5000","CONV","225723.0000","777","15","15","405.310556","0.000000","405.310556",,"138.371389","11.695000","255.244167","8.016944","247.227222","8.106667","290.505791505791505792","290.50579151","287.17734878","3.4527539","29.06217909075957","3.6081423","37.06525381103361","2.9303488372093023","0.5689516129032258","7.128344827586207","2.7065029558890408","2.5694756554307117","0.49827882960413084","1.3258911368015414","5.840740740740741",,,
"2025-05-12","actual","CAT793","AHS","363156.0000","1530","28","28","559.206111","0.000000","559.206111",,"15.233611","1.580000","542.392500","0.060556","542.331944","57.126944","237.356862745098039216","237.35686275","230.82503268","2.7117048","23.132911243919853","2.7686939","26.345111735607347","2.9826458333333337","0.9748186829126777","7.033368445692884","2.4703240740740737","1.510936132983377","0.6881242078580481","0.7619818493990679","6.305596107055961",,,
"2025-05-12","actual","CAT793","CONV","238846.0000","1000","21","21","387.710000","0.000000","387.710000",,"2.192500","2.224444","383.293056","10.646111","372.646944","20.313333","238.846000000000000000","238.84600000","241.68890000","3.8656790","26.416645800998253","3.8998163","31.010966486756427","3.076017316017316","0.6580238095238096","8.780098039215686","3.135661622041133","2.3410112359550563","0.5462163416898793","0.7826122785331685","7.54536231884058",,,
"2025-05-12","actual","EH4000","CONV","216148.0000","950","17","17","303.328611","0.000000","303.328611",,"4.838333","0.000000","298.490278","4.129444","294.360833","15.735556","227.524210526315789474","227.52421053","226.66210526","2.9237144","31.421823531349517","2.9661937","33.422745378426455","2.752669552669553","0.7","5.582835249042145","3.016798493408663","1.6387862796833772","0.6021208483393358","1.0062130177514794","5.3248654467169",,,
"2025-05-12","actual","EH5000","AHS","178959.0000","615","11","11","217.021667","0.000000","217.021667",,"0.000000","3.472222","213.549444","0.000000","213.549444","23.457778","290.990243902439024390","290.99024390","295.72617886","2.8171073","24.0734770809982","2.8979544","31.447862007189258","2.960033585222502","0.7805327868852459","7.021272308578008","2.1220034246575343","1.4842261904761904","0.6397176181706569","1.4667268351383875","5.529064709081022",,,
"2025-05-12","actual","EH5000","CONV","149808.0000","516","11","11","188.880278","0.000000","188.880278",,"0.000000","2.752778","186.127500","5.135000","180.992500","7.818056","290.325581395348837209","290.32558140","290.57945736","4.1098631","31.252329385045204","4.1830521","37.563474875005596","2.8185606060606063","0.5740409207161126","7.890349002849003","3.0919661733615222","2.3979166666666667","0.49396396396396397","1.2562731997030439","6.681573705179283",,,
"2025-05-13","actual","CAT793","AHS","300992.0000","1268","24","24","503.228611","0.000000","503.228611",,"0.000000","0.000000","503.228611","3.117222","500.111389","98.561389","237.375394321766561514","237.37539432","232.44100946","2.7681613","24.5997938866071","2.8286081","28.09220296692358","3.172637517630465","0.9485671936758894","6.751669496321449","2.589910439406661","1.2009803921568627","0.6960608773500447","0.7649749926448955","6.041408934707904",,,
"2025-05-13","actual","CAT793","CONV","213868.0000","892","28","28","927.776944","0.000000","927.776944",,"486.149444","30.417222","411.210278","24.694722","386.515556","15.326389","239.762331838565022422","239.76233184","245.42376682","5.1102803","27.54905642740443","5.2044599","32.89458771605868","3.7803102625298326","0.6560903149138444","11.129848269321952","3.02737260402057","1.9876937984496124","0.5100408639813193","0.7379319105691057","9.49297789336801",,,
"2025-05-13","actual","EH4000","CONV","215550.0000","948","17","17","379.956944","0.000000","379.956944",,"25.716944","26.348889","327.891111","13.987222","313.903889","25.460000","227.373417721518987342","227.37341772","227.14525316","2.6448854","28.518119636140664","2.6992914","29.870280257266202","2.916994266994267","0.5981634527089074","5.564641919760031","3.1677753141167773","2.0342857142857143","0.6061091340450772","1.0507459756576365","5.422027600849257",,,
"2025-05-13","actual","EH5000","AHS","155685.0000","535","10","10","202.333333","0.000000","202.333333",,"0.000000","13.048611","189.284722","0.000000","189.284722","17.958056","291.000000000000000000","291.00000000","294.66728972","2.8575907","24.39315799208024","2.8914232","31.002428130332554","2.645503421309873","0.8373052959501558","7.028833333333334","2.306262425447316","1.8412529550827421","0.6043745480838756","1.5223839223839224","5.595864661654135",,,
"2025-05-13","actual","EH5000","CONV","139125.0000","481","11","11","188.368333","0.000000","188.368333",,"0.087222","5.713056","182.568056","13.242778","169.325278","6.616389","289.241164241164241164","289.24116424","293.55072765","4.6611820","31.27282604455253","4.8667091","37.62003234018084","2.974282147315855","0.6740847784200386","8.942937219730942","2.8256467110125647","1.6713114754098362","0.5673767752715121","1.2787301587301587","7.761889818688982",,,
"2025-05-14","actual","CAT793","AHS","249249.0000","1047","21","21","419.053889","0.000000","419.053889",,"0.000000","10.993333","408.060556","0.000000","408.060556","82.084167","238.060171919770773639","238.06017192","239.65119389","2.5703740","22.110412501124742","2.5866362","21.52760085212312","2.8969660194174756","0.8829683698296836","6.97510460251046","2.9571647901740024","1.4977872947894362","0.651752289924333","0.7639496717724288","7.20926465824425",,,
"2025-05-14","actual","CAT793","CONV","272859.0000","1143","28","28","578.286111","0.000000","578.286111",,"22.801667","19.634167","535.850278","68.427500","467.422778","22.281667","238.721784776902887139","238.72178478","242.71242345","4.2813902","27.68521730340379","4.3195163","33.11099664110288","3.2562668827660723","0.7702725366876311","9.278721174004193","2.9502079002079","1.3105263157894738","0.48846153846153845","0.7774509803921569","7.827338476374156",,,
"2025-05-14","actual","EH4000","CONV","222470.0000","978","17","17","350.263611","0.000000","350.263611",,"0.000000","0.850278","349.413333","27.375833","322.037500","34.863889","227.474437627811860941","227.47443763","227.37566462","2.3045194","27.16323582571112","2.4048596","28.651977460318548","3.090874524714829","0.8033249158249158","5.090378955114054","3.128845457835686","1.6745844269466317","0.6179885057471264","1.0888825541619156","5.036007591442374",,,
"2025-05-14","actual","EH5000","AHS","205419.0000","706","13","13","263.971111","0.000000","263.971111",,"0.000000","6.232778","257.738333","0.236389","257.501944","28.741944","290.961756373937677054","290.96175637","292.18456091","2.6392422","23.61431968084018","2.7612918","28.838162815782283","3.4141666666666666","0.9673885750156936","6.705868902439025","2.2814842578710643","2.3079900124843946","0.6435351882160393","1.8626382306477092","5.745078459343795",,,
"2025-05-14","actual","EH5000","CONV","76476.0000","264","7","7","148.403333","0.000000","148.403333",,"0.000000","37.858611","110.544722","15.369444","95.175278","4.669167","289.681818181818181818","289.68181818","297.11553030","4.2857614","32.483849190517724","4.3146565","38.56611500469735","3.088214285714286","0.6872827804107424","7.916108786610878","3.075377229080933","2.0091787439613524","0.5437001594896332","1.5415204678362573","6.712612612612613",,,
"2025-05-15","actual","CAT793","AHS","269307.0000","1131","24","24","437.544444","0.000000","437.544444",,"8.243333","9.714722","419.586389","0.202778","419.383611","62.638333","238.114058355437665782","238.11405836","238.46834660","2.5988810","20.425502877930587","2.6710443","23.555761944204985","3.9891992551210427","1.1472222222222221","7.63422379032258","3.1114252645502645","1.6980433263452133","0.6445411679361626","0.7995762711864407","6.803543794490869",,,
"2025-05-15","actual","CAT793","CONV","232640.0000","980","24","24","464.796944","0.000000","464.796944",,"43.401944","15.774167","405.620833","48.749167","356.871667","17.695278","237.387755102040816327","237.38775510","244.14142857","3.8899939","27.541103196026352","4.0052810","33.53944969011489","3.376050917702783","0.6643617021276597","8.474592769169647","2.851001177856302","1.505448717948718","0.4360492107706592","0.754355108877722","7.165199853318666",,,
"2025-05-15","actual","EH4000","CONV","236478.0000","1040","17","17","375.555833","0.000000","375.555833",,"0.000000","7.989167","367.566667","19.910278","347.656389","40.010000","227.382692307692307692","227.38269231","225.88461538","2.1744152","27.00866227869691","2.2783032","27.92866782326475","3.1561059190031155","0.8794464075382803","4.8304840370751805","3.345706558485463","1.7863323500491641","0.5740863787375415","1.0964630225080387","4.894547526041666",,,
"2025-05-15","actual","EH5000","AHS","173412.0000","596","11","11","214.938333","0.000000","214.938333",,"0.000000","5.136667","209.801667","1.257778","208.543889","15.964167","290.959731543624161074","290.95973154","294.55503356","2.4065177","23.124241914838063","2.4977445","26.538798594232084","4.044830438378826","0.9016100957354222","6.244142512077294","2.356887298747764","2.017110266159696","0.6252805280528053","1.7643699565487274","5.647002801120449",,,
"2025-05-15","actual","EH5000","CONV","98220.0000","339","8","8","137.423889","0.000000","137.423889",,"0.000000","7.542222","129.881667","10.288056","119.593611","8.609444","289.734513274336283186","289.73451327","294.33274336","3.3710150","27.209582520379524","3.4405552","35.88820617427036","2.8606570512820513","0.8209635416666666","7.433443708609272","3.1028602860286028","4.2971264367816095","0.4768018018018018","1.2512429378531074","5.752121212121212",,,
"2025-05-16","actual","CAT793","AHS","281827.0000","1183","25","25","493.937222","0.000000","493.937222",,"0.000000","35.722500","458.214722","0.000000","458.214722","50.869722","238.230769230769230769","238.23076923","240.33829248","3.0118279","22.39260992166962","3.0695754","27.254594992768016","3.53164039696439","1.0486731001206273","8.070058587727413","3.044951338199513","1.7931167016072675","0.6458999999999999","0.756355382619974","6.757558644656821",,,
"2025-05-16","actual","CAT793","CONV","262149.0000","1101","22","22","439.412222","0.000000","439.412222",,"1.057778","27.591111","410.763333","38.889444","371.873889","16.905000","238.100817438692098093","238.10081744","242.29300636","3.7884158","27.92156000675583","3.9265824","33.39743185120078","2.6849366144668156","0.6554291133238501","8.140839836492011","2.9208927918038787","1.8482193732193732","0.49997974888618874","0.7695321637426901","7.054283246977548",,,
"2025-05-16","actual","EH4000","CONV","235402.0000","1034","17","17","366.439722","0.000000","366.439722",,"0.000000","19.976944","346.462778","16.321667","330.141111","29.491667","227.661508704061895551","227.66150870","227.91073501","2.1640165","27.859183813446148","2.1954534","28.02491065075528","2.8911599099099097","0.8307303807303807","4.660617154811716","3.470167349726776","1.4815304487179486","0.6112100965107647","1.1417388167388167","4.700361247947455",,,
"2025-05-16","actual","EH5000","AHS","203094.0000","698","11","11","220.452500","0.000000","220.452500",,"0.000000","13.725833","206.726667","0.000000","206.726667","14.578333","290.965616045845272206","290.96561605","295.14856734","2.3755788","25.713365520095323","2.4379197","31.41606722729183","2.734672970843184","0.9253052503052503","5.543215565796212","2.4331303906646373","1.5453068592057762","0.6249467518636849","1.6248556430446193","4.656062801932367",,,
"2025-05-16","actual","EH5000","CONV","63306.0000","219","9","9","170.210278","0.000000","170.210278",,"42.763056","37.073611","90.373611","10.091667","80.281944","4.794722","289.068493150684931507","289.06849315","299.14977169","4.1737696","28.477910225817638","4.3283662","34.31893912071156","3.4934294871794873","0.6515250544662309","8.79369918699187","3.1860279441117765","0.8464646464646465","0.6345588235294117","1.1814345991561181","7.5673076923076925",,,
"2025-05-17","actual","CAT793","AHS","324833.0000","1367","29","29","532.513611","0.000000","532.513611",,"0.000000","7.891944","524.621667","1.425833","523.195833","74.695000","237.624725676664228237","237.62472568","241.86408193","3.1119747","24.66882367033082","3.2643613","28.750273264091586","3.663384484228474","1.1101925630810094","7.569006309148265","2.7601199791340636","1.6704974271012005","0.6484902840059791","0.7553112033195021","6.812515352493246",,,
"2025-05-17","actual","CAT793","CONV","231337.0000","973","19","19","384.076111","0.000000","384.076111",,"23.927500","1.467500","358.681111","31.068056","327.613056","15.998333","237.756423432682425488","237.75642343","242.10082220","3.4147821","25.84985497524281","3.5966499","30.783357294414916","3.1378030303030306","0.7364632237871674","7.926037735849056","2.9734660033167497","2.5082742316784867","0.4481025641025641","0.7740422721268164","7.010248815165877",,,
"2025-05-17","actual","EH4000","CONV","243874.0000","1073","17","17","548.209722","0.000000","548.209722",,"184.800278","6.475833","356.933611","20.035833","336.897778","27.326944","227.282385834109972041","227.28238583","228.44333644","2.3074228","28.72498398836651","2.4883243","30.744664453911064","2.8448563218390803","0.766840077071291","4.819684775318578","3.0658250825082507","2.1017114914425425","0.588195991091314","1.1510730356524748","4.856109528331751",,,
"2025-05-17","actual","EH5000","AHS","179838.0000","618","10","10","222.843056","0.000000","222.843056",,"0.000000","23.083889","199.759167","0.000000","199.759167","11.882500","291.000000000000000000","291.00000000","294.17880259","2.4262330","24.575257730008595","2.5069951","28.988507107262766","2.5581364829396325","0.8516526019690577","5.923599320882853","2.4105677346824055","2.1934262948207173","0.6629761904761905","1.8331264775413711","5.188942826321467",,,
"2025-05-17","actual","EH5000","CONV","87930.0000","304","12","12","152.246111","0.000000","152.246111",,"4.729722","33.558889","113.957500","8.117500","105.840000","5.948333","289.243421052631578947","289.24342105","299.95000000","3.7832450","28.443780323054334","3.8246588","35.73775756779637","2.912287104622871","0.691418439716312","7.98046875","2.938888888888889","1.7157894736842105","0.5191428571428571","1.3377914951989027","6.4212066905615295",,,
"2025-05-18","actual","CAT793","AHS","296278.0000","1246","27","27","557.046667","0.000000","557.046667",,"0.000000","16.924444","540.122222","9.726944","530.395278","88.835556","237.783306581059390048","237.78330658","238.10288925","3.0908896","24.08129499641797","3.1488215","27.61101666041865","4.487505995203836","1.0144509803921569","7.701138000576203","2.786632536973834","2.276538695917124","0.6654724818276221","0.8502585158150852","6.842532903572388",,,
"2025-05-18","actual","CAT793","CONV","220881.0000","933","20","20","428.105556","0.000000","428.105556",,"68.413333","27.321389","332.370833","38.253056","294.117778","10.471944","236.742765273311897106","236.74276527","243.19807074","3.3359728","26.125797649393647","3.4625678","31.22885515822785","3.099920634920635","0.8639074693422519","7.661330409356725","3.109397417503587","1.3749122807017544","0.460984126984127","0.7688106176620725","6.652631578947368",,,
"2025-05-18","actual","EH4000","CONV","216494.0000","951","16","16","348.283889","0.000000","348.283889",,"24.218889","5.304167","318.760833","14.713333","304.047500","35.876944","227.648790746582544690","227.64879075","228.66698212","2.0420463","29.06855949664474","2.2263049","29.701515312557095","2.8543767507002804","0.719281914893617","4.214958708708709","3.48828125","2.3705555555555553","0.6191425120772946","1.1050469483568075","4.497356198642373",,,
"2025-05-18","actual","EH5000","AHS","169068.0000","581","12","12","274.578611","0.000000","274.578611",,"0.000000","77.742778","196.835833","0.000000","196.835833","20.505556","290.994836488812392427","290.99483649","290.92444062","2.6317123","23.938310887886594","2.7723085","30.385711205268098","2.951129943502825","0.9071078431372549","6.596235579842138","2.480229053646775","1.6925311203319502","0.6623046875","1.7367805186590766","5.474234546504911",,,
"2025-05-18","actual","EH5000","CONV","148914.0000","514","10","10","239.153056","0.000000","239.153056",,"29.063889","11.749167","198.340000","16.452222","181.887778","8.738611","289.715953307392996109","289.71595331","292.46887160","3.3248463","28.226434882840664","3.4075871","34.44592257789506","2.5200870646766167","0.8524736415247365","7.067515923566878","3.390406162464986","0.9313253012048193","0.4902578796561604","1.279203869047619","5.935542168674699",,,
"2025-05-19","actual","CAT793","AHS","299253.0000","1257","26","26","540.714444","0.000000","540.714444",,"0.000000","6.481944","534.232500","0.000000","534.232500","89.846389","238.069212410501193317","238.06921241","238.43399682","2.7499983","20.921419668735687","2.8250470","24.01556734912102","4.084105202973127","1.0162315056570932","7.886649214659686","2.9486494252873565","1.6773848684210528","0.6706805417905517","0.7804964539007092","7.058039376538146",,,
"2025-05-19","actual","CAT793","CONV","244059.0000","1029","22","22","431.711111","0.000000","431.711111",,"0.000000","24.158056","407.553056","43.564444","363.988611","29.038056","237.180758017492711370","237.18075802","242.29319728","3.5763643","27.495424938040365","3.6890542","33.29393042170759","3.24370651486401","0.9023400191021967","7.804275019700552","2.807719298245614","2.288512241054614","0.48608029582673","0.7890053431976983","6.648156261409273",,,
"2025-05-19","actual","EH4000","CONV","198996.0000","875","16","16","337.315556","0.000000","337.315556",,"0.000000","6.980833","330.334722","21.563889","308.770833","53.402500","227.424000000000000000","227.42400000","229.61291429","2.4058809","28.698117705746455","2.5715006","29.527531374535627","2.720542635658915","0.7322572931611669","5.030046063651592","3.354481619165634","2.1585551330798483","0.5637834036568213","1.1322339489885664","5.225294117647058",,,
"2025-05-19","actual","EH5000","AHS","129204.0000","444","9","9","168.362778","0.000000","168.362778",,"0.000000","3.175833","165.186944","0.000000","165.186944","19.213056","291.000000000000000000","291.00000000","293.13536036","2.5908529","21.272992833909395","2.6718081","26.602222902517315","3.325324675324675","0.8598515519568152","7.307442596991291","2.389375987361769","1.447554347826087","0.6636904761904762","1.5824143692564747","6.0261312217194565",,,
"2025-05-19","actual","EH5000","CONV","126819.0000","439","11","11","241.839167","0.000000","241.839167",,"58.545833","13.083333","170.210000","17.011111","153.198889","10.656667","288.881548974943052392","288.88154897","293.09498861","3.6720319","26.790937448099882","3.7756644","30.369717885552124","3.2720026350461136","0.8673395445134575","8.223747841105354","3.4290391156462587","1.646875","0.542367601246106","1.4535230352303523","7.459399684044233",,,
"2025-05-20","actual","CAT793","AHS","339641.0000","1427","24","24","493.647500","0.000000","493.647500",,"0.000000","8.852778","484.794722","0.032500","484.762222","51.491389","238.010511562718990890","238.01051156","240.38654520","2.1135950","20.896041224714995","2.1785560","25.402355884225745","3.492662473794549","1.0154247163446797","6.068886380737396","3.26710004952947","1.239077458659704","0.6864001146460303","0.7253832164198494","5.145718003312042",,,
"2025-05-20","actual","CAT793","CONV","241001.0000","1013","26","26","518.676389","0.000000","518.676389",,"10.174167","39.923889","468.578333","59.243333","409.335000","21.741667","237.908193484698914116","237.90819348","242.89012833","4.0880644","27.783743411820573","4.2033456","32.116155521114635","3.552","0.8466007102993404","8.828323108384458","3.147492980344966","1.6846236559139784","0.5091819699499165","0.8154336734693878","7.852768549280177",,,
"2025-05-20","actual","EH4000","CONV","260350.0000","1145","16","16","375.510000","0.000000","375.510000",,"12.242778","5.917778","357.349444","19.550833","337.798611","19.850278","227.379912663755458515","227.37991266","228.92227074","2.0929220","28.858112286289764","2.2977412","28.35384660399781","2.6051962410171368","0.7813646788990826","4.351473816243336","3.2366820987654323","1.7527837259100643","0.6385773624091382","1.0572906563207243","4.862284610814023",,,
"2025-05-20","actual","EH5000","AHS","179547.0000","617","11","11","207.740278","0.000000","207.740278",,"0.000000","4.234444","203.505833","0.000000","203.505833","14.610278","291.000000000000000000","291.00000000","293.30858995","2.4608444","22.889048257221095","2.5047326","27.963271251188864","2.312214611872146","0.9164543524416136","6.450712250712251","2.056186440677966","1.6871356147021546","0.6522200772200772","1.535858585858586","5.374333877107123",,,
"2025-05-20","actual","EH5000","CONV","84627.0000","293","8","8","163.219722","0.000000","163.219722",,"9.033056","24.725278","129.461389","13.384722","116.076667","8.193611","288.829351535836177474","288.82935154","295.11331058","4.0388328","27.005947062534172","4.1487133","34.697425743981604","2.9256944444444444","0.7646962233169129","8.97320754716981","3.38515037593985","2.508928571428571","0.548972602739726","1.4076361221779548","7.174099883855982",,,
"2025-05-21","actual","CAT793","AHS","381811.0000","1609","25","25","531.807778","0.000000","531.807778",,"0.000000","7.075833","524.731944","0.134167","524.597778","60.243611","237.297078931013051585","237.29707893","240.70155376","2.0398426","21.835124077654115","2.1520897","25.613667112401405","3.3593019005847955","1.049722465673386","5.60521458750278","2.880709266578832","1.5828819068255688","0.6939208173690933","0.7035837353549276","5.041268844221106",,,
"2025-05-21","actual","CAT793","CONV","278556.0000","1176","25","25","546.837778","0.000000","546.837778",,"81.351111","9.969722","455.516944","47.002222","408.514722","13.947500","236.867346938775510204","236.86734694","242.67193878","3.4872432","27.376278294030264","3.6183533","32.54625912937439","2.759146005509642","0.7489089541008277","7.64291587602783","3.063670411985019","1.0237962962962963","0.46379310344827585","0.829187314172448","6.670542292956086",,,
"2025-05-21","actual","EH4000","CONV","234872.0000","1033","16","16","352.756111","0.000000","352.756111",,"19.704444","7.522778","325.528889","18.377778","307.151111","17.695556","227.368828654404646660","227.36882865","230.18151016","2.4832836","30.265068237389478","2.6958417","31.829807472489275","2.2604351032448378","0.6776004728132388","4.923068893528184","2.994936491589427","1.2226793248945147","0.6588628762541806","1.0860336194563662","5.081730454694144",,,
"2025-05-21","actual","EH5000","AHS","197574.0000","679","12","12","235.753611","0.000000","235.753611",,"0.000000","2.767222","232.986389","0.000000","232.986389","17.655278","290.977908689248895434","290.97790869","294.29602356","2.5987717","23.637079493752456","2.7462378","29.853681360715097","3.015179175118323","0.9524691358024691","6.5966822187662","2.1334625322997414","1.6182471264367815","0.6852233676975945","1.6860477741585234","5.519395280235988",,,
"2025-05-21","actual","EH5000","CONV","105159.0000","363","9","9","138.320833","0.000000","138.320833",,"0.000000","11.098333","127.222500","11.178056","116.044444","5.278889","289.694214876033057851","289.69421488","293.58071625","2.8796722","26.878664096094607","2.9783950","30.57183526057342","2.228968253968254","0.6965599051008303","6.428159203980099","3.152999016715831","0.9174129353233831","0.5067610062893082","1.325565843621399","5.845370370370371",,,
"2025-05-22","actual","CAT793","AHS","345095.0000","1457","25","25","498.602778","0.000000","498.602778",,"0.000000","11.619167","486.983611","0.000000","486.983611","61.895000","236.853122855181880577","236.85312286","237.72244338","1.9826238","21.860945552001915","2.0791151","23.522470999904037","3.322793148880105","1.0013298791018999","5.441549987718005","2.732607116920842","1.6027974783293932","0.7000399042298484","0.7922053231939163","5.303307888040712",,,
"2025-05-22","actual","CAT793","CONV","255795.0000","1077","24","24","591.893611","0.000000","591.893611",,"105.061111","16.511111","470.321389","48.796389","421.525000","17.424444","237.506963788300835655","237.50696379","242.02051996","3.8547129","27.787277613135764","3.9140113","33.54163273102888","2.955959752321981","0.8038746105919004","8.323333333333332","3.1131882624464224","2.3336065573770495","0.4497729336966394","0.8027925061859313","7.0014682911590125",,,
"2025-05-22","actual","EH4000","CONV","210464.0000","926","16","16","333.690000","0.000000","333.690000",,"0.000000","5.392500","328.297500","18.625278","309.672222","38.150556","227.282937365010799136","227.28293737","230.79676026","2.6738811","30.209948197784026","2.9029459","31.33364220751964","2.670075757575758","0.6658933333333333","5.31059718969555","2.863782423538521","2.458140655105973","0.6130921619293712","1.0937041564792176","5.558777777777777",,,
"2025-05-22","actual","EH5000","AHS","193224.0000","664","11","11","241.720556","1.882778","239.837778",,"0.000000","16.632222","223.205556","0.000000","223.205556","9.471944","291.000000000000000000","291.00000000","293.25963855","2.4057892","23.328164559429045","2.5139608","25.248470543189246","3.134577777777778","1.0515194681861348","6.187685774946922","2.25","1.5729103726082578","0.6793510324483776","1.6340243228302929","5.974130105900151",,,
"2025-05-22","actual","EH5000","CONV","126954.0000","438","9","9","194.733056","0.000000","194.733056",,"0.000000","15.326667","179.406389","23.143889","156.262500","11.920000","289.849315068493150685","289.84931507","289.00136986","2.8496613","28.5250517548436","2.9093912","30.44914736901063","3.351589912280702","0.7543781094527363","5.994018151815181","3.363284433577832","2.4881642512077295","0.5059322033898305","1.415587219343696","5.732951070336392",,,
"2025-05-23","actual","CAT793","AHS","242607.0000","1023","22","22","418.538889","0.000000","418.538889",,"14.194167","3.585000","400.759722","7.273889","393.485833","88.628889","237.152492668621700880","237.15249267","236.86852395","2.1286846","24.583074403522573","2.2545876","27.234626125248145","3.5583621683967706","1.0175125743026978","5.1954883227176225","2.8415787623066104","2.202352352352352","0.7084106728538283","0.7959210040605389","4.967031872509961",,,
"2025-05-23","actual","CAT793","CONV","267038.0000","1124","28","28","538.472222","0.000000","538.472222",,"2.612222","41.742222","494.117778","56.430556","437.687222","18.867778","237.578291814946619217","237.57829181","244.50355872","4.1701053","28.345531705742058","4.3552269","36.10234391407473","3.1622004357298477","0.6319444444444444","8.827010923535253","2.6481844946025515","1.8401360544217689","0.483826164874552","0.8145223152022315","7.238134305682164",,,
"2025-05-23","actual","EH4000","CONV","218006.0000","958","16","16","348.592500","0.000000","348.592500",,"0.104444","0.000000","348.488056","26.404444","322.083611","36.027222","227.563674321503131524","227.56367432","230.73810021","2.8755220","31.513282492145944","3.0623060","33.67428840093611","2.47776402640264","0.656971375807941","5.4748761904761905","2.819720965309201","2.243679458239278","0.6519394714407502","1.1284045922406967","5.456339798850575",,,
"2025-05-23","actual","EH5000","AHS","188568.0000","648","12","12","254.121389","0.000000","254.121389",,"0.000000","1.957500","252.163889","1.429167","250.734722","43.882222","291.000000000000000000","291.00000000","292.58441358","2.9621343","29.227315487501826","2.9915231","32.02360275074109","3.186449864498645","0.7650829562594268","6.0808888888888895","2.261900826446281","1.8733333333333335","0.659056712962963","1.6055363321799307","5.604971664090675",,,
"2025-05-23","actual","EH5000","CONV","93543.0000","323","9","9","166.608333","0.000000","166.608333",,"0.000000","3.265000","163.343333","21.478056","141.865278","12.007500","289.606811145510835913","289.60681115","292.25232198","4.0432188","30.72032512374846","4.0950688","34.58244303770827","4.191232227488152","0.8434191702432046","7.896828143021915","3.300907029478458","0.9185185185185186","0.4813028764805415","1.2726495726495728","7.104880581516095",,,
"2025-05-24","actual","CAT793","AHS","334845.0000","1413","22","22","437.803056","0.000000","437.803056",,"0.000000","5.038333","432.764722","0.259444","432.505278","52.192222","236.974522292993630573","236.97452229","237.48825195","1.9232949","24.727481474691388","1.9758101","25.749144011340427","3.0936774941995355","0.9801411909146717","4.666779110444778","2.622833085685983","1.1560275545350174","0.7108068315665489","0.7423116615067079","4.603982406086543",,,
"2025-05-24","actual","CAT793","CONV","277807.0000","1165","25","25","600.951944","0.000000","600.951944",,"95.028611","4.911667","501.011667","53.135556","447.876111","18.428056","238.460944206008583691","238.46094421","245.05433476","4.3875221","27.736311830588832","4.3069666","32.27143476194606","2.8474477244772447","0.6688139059304703","9.491215977377164","2.753109713487072","1.665915300546448","0.5159274193548388","0.810259301014656","8.007638888888888",,,
"2025-05-24","actual","EH4000","CONV","212958.0000","937","16","16","349.072778","0.000000","349.072778",,"0.000000","17.171111","331.901667","26.370833","305.530833","26.790000","227.276414087513340448","227.27641409","227.69114194","2.6855165","30.472446992783826","2.7551547","30.976360130993616","2.247796474358974","0.6150411790203728","5.287760121074537","2.7952059925093633","2.0752535496957405","0.63679706601467","1.077274533174414","5.336627069834413",,,
"2025-05-24","actual","EH5000","AHS","160632.0000","552","10","10","212.075833","0.000000","212.075833",,"0.000000","0.070833","212.005000","0.000000","212.005000","21.356667","291.000000000000000000","291.00000000","294.45471014","3.0618822","27.79175566118822","3.0864239","30.92521786125318","4.298763736263736","1.010441767068273","6.610339204174821","2.3955426356589147","1.8834087481146304","0.6820631254811393","1.6417004048582995","5.988169099756691",,,
"2025-05-24","actual","EH5000","CONV","178296.0000","615","12","12","366.929167","0.000000","366.929167",,"126.563889","20.132778","220.232500","21.959167","198.273333","9.619722","289.912195121951219512","289.91219512","295.08910569","3.0723577","28.347578308446955","3.1292992","34.1658142202998","2.7877649325626206","0.6907076719576719","6.502899824253076","3.1136284722222225","2.4347953216374267","0.5145161290322581","1.2870201096892138","5.495491803278688",,,
"2025-05-25","actual","CAT793","AHS","297412.0000","1246","21","21","463.521389","0.000000","463.521389",,"0.940833","3.356944","459.223611","1.720833","457.502778","55.738056","238.693418940609951846","238.69341894","241.51597111","2.4804430","24.075091591141714","2.5273421","28.722315845615608","3.6466620305980526","1.0394141829393628","6.181765890135174","3.191426146010187","2.716717635066259","0.6903176229508197","0.741860465116279","5.279536887452881",,,
"2025-05-25","actual","CAT793","CONV","289961.0000","1223","27","27","523.591111","0.000000","523.591111",,"12.972500","20.695278","489.923333","48.630278","441.293056","17.454722","237.089942763695829926","237.08994276","236.19525756","3.5681960","27.181192694466752","3.6024072","31.544918643750083","3.2454913880445795","0.7090649942987457","7.876466732218945","2.5206272227610733","1.8358548585485854","0.4936726758571934","0.8004845967462789","6.851957186544342",,,
"2025-05-25","actual","EH4000","CONV","206658.0000","909","17","17","396.102222","0.000000","396.102222",,"39.999167","13.749167","342.353889","28.771111","313.582778","30.250278","227.346534653465346535","227.34653465","229.35060506","2.6953219","31.554988097560976","2.8205238","31.359700761240898","2.931757877280265","0.6869990224828935","5.125","2.816429980276134","3.3348357791754015","0.6430280528052805","1.0406971947194719","5.3964618249534455",,,
"2025-05-25","actual","EH5000","AHS","177768.0000","611","9","9","199.614167","0.000000","199.614167",,"1.775556","0.404167","197.434444","0.000000","197.434444","13.946944","290.945990180032733224","290.94599018","292.30720131","2.4002111","25.58057767715837","2.5072766","29.953321797523355","2.7339380196523053","0.7763829787234042","5.62976598173516","2.3073571024335027","2.1243229166666664","0.6945171339563864","1.66426453143535","5.022367703218767",,,
"2025-05-25","actual","EH5000","CONV","151056.0000","521","12","12","262.353333","0.000000","262.353333",,"33.807500","11.103611","217.442222","22.316667","195.125556","10.274722","289.934740882917466411","289.93474088","295.01036468","4.3908069","32.651822762539084","4.2768774","37.12259694107113","3.402450980392157","0.7259729272419627","8.068413696715584","3.048787248787249","2.2077235772357726","0.5141167775314117","1.3466300366300366","6.912572533849129",,,
"2025-05-26","actual","CAT793","AHS","300339.0000","1257","23","23","495.929167","0.000000","495.929167",,"0.000000","8.480556","487.448611","0.000000","487.448611","60.100833","238.933174224343675418","238.93317422","243.53373111","2.3112512","21.988528987853524","2.3793774","25.20771346560828","4.422072072072072","1.1403250188964476","6.306700738216922","3.8505713489409144","2.2899385560675882","0.6944707740916272","0.7115948402228086","5.6634507606084865",,,
"2025-05-26","actual","CAT793","CONV","298891.0000","1261","27","27","557.510278","0.000000","557.510278",,"0.614167","2.551667","554.344444","60.951111","493.393333","27.731111","237.026962727993655829","237.02696273","241.96042823","3.5281912","26.555910146749614","3.6501651","30.540002962975173","3.3237423991155333","0.5925925925925927","7.97153894670451","2.770330526972248","2.8816929133858267","0.5072394165777303","0.8111764705882353","7.171247044917258",,,
"2025-05-26","actual","EH4000","CONV","172630.0000","758","15","15","333.308611","0.000000","333.308611",,"0.000000","25.155000","308.153611","29.394444","278.759167","47.156667","227.744063324538258575","227.74406332","228.99102902","2.7783522","31.876877993223566","2.8745205","32.50605431522571","2.908423913043478","0.6989136649514008","5.229531324725012","2.9204202077431543","2.1941225860621327","0.6215350223546945","1.0348958333333333","5.305818673883627",,,
"2025-05-26","actual","EH5000","AHS","247641.0000","851","13","13","249.322222","0.000000","249.322222",,"0.000000","4.410000","244.912222","0.000000","244.912222","17.035000","291.000000000000000000","291.00000000","290.23795535","2.4947814","27.220607108707835","2.5892247","30.43566299135953","2.8416496945010183","0.8721943048576215","5.499028122415219","2.48671970624235","1.9587996755879968","0.6376502002670227","1.7111744824672581","5.104323899371069",,,
"2025-05-26","actual","EH5000","CONV","122451.0000","421","8","8","149.039722","0.000000","149.039722",,"0.000000","8.913333","140.126389","11.289167","128.837222","13.631667","290.857482185273159145","290.85748219","275.18883610","2.2046452","22.837566748621676","2.4747780","32.339425611671494","2.555580029368576","0.6810897435897435","5.792154368108567","2.013341750841751","3.353205128205128","0.47853942652329745","1.3590078328981723","4.591506410256411",,,
"2025-05-27","actual","CAT793","AHS","289104.0000","1212","24","24","436.853611","0.000000","436.853611",,"0.000000","0.000000","436.853611","3.629167","433.224444","61.090278","238.534653465346534653","238.53465347","240.30726073","2.3670373","21.366370586404333","2.4217052","26.129123168772626","5.0197403285638575","1.0746682750301568","6.646998722860792","3.5785804217815547","2.4324707846410685","0.6831785345717234","0.7343156843156843","5.560933333333334",,,
"2025-05-27","actual","CAT793","CONV","306394.0000","1294","26","26","632.675833","0.000000","632.675833",,"113.516944","20.747500","498.411389","46.581111","451.830278","20.217222","236.780525502318392581","236.78052550","239.38052550","3.2958904","26.541403207051413","3.5770296","32.17319012476317","3.194567901234568","0.6345053429851775","7.450752413401476","2.800940746981185","1.750578034682081","0.4569880418535127","0.7608496151568976","6.670826709062003",,,
"2025-05-27","actual","EH4000","CONV","212450.0000","933","16","16","349.445000","0.000000","349.445000",,"18.514722","17.339722","313.590556","21.860833","291.729722","18.258889","227.706323687031082529","227.70632369","229.07309753","2.6472339","34.54917218114595","2.6813663","33.081890049436375","3.2438107869142354","0.7214462605250124","4.597332554517134","2.959512850019179","2.5758333333333336","0.659205190592052","1.0914663461538463","4.863143483023001",,,
"2025-05-27","actual","EH5000","AHS","223107.0000","767","16","16","241.257500","0.000000","241.257500",,"0.000000","9.187778","232.069722","0.000000","232.069722","27.077778","290.882659713168187744","290.88265971","292.50664928","2.8725481","25.993378025967747","3.1714072","31.596585063881918","2.847594501718213","0.7477961432506887","6.63064592173503","2.0421830985915492","1.9361434108527134","0.639683734939759","1.6988112927191679","6.022310057092666",,,
"2025-05-27","actual","EH5000","CONV","62031.0000","214","6","6","102.895556","0.000000","102.895556",,"0.000000","14.920833","87.974722","7.305556","80.669167","3.508611","289.864485981308411215","289.86448598","275.42009346","4.7861925","33.77883648793887","4.6946810","36.91402813104912","3.064102564102564","0.5224683544303798","8.501522842639593","2.407828282828283","1.0032258064516129","0.46684981684981686","1.4034946236559138","7.630726698262243",,,
"2025-05-28","actual","CAT793","AHS","310624.0000","1306","26","26","478.606111","0.000000","478.606111",,"0.000000","11.465556","467.140556","0.000000","467.140556","64.533889","237.843797856049004594","237.84379786","240.70038285","2.6040909","22.730501740879845","2.6961190","26.496625426959437","4.149150897622514","1.0066024759284733","6.873823366555925","3.1503682487725038","2.3408112582781455","0.6521966205837174","0.7358673617144512","6.105197827773468",,,
"2025-05-28","actual","CAT793","CONV","267977.0000","1133","24","24","442.232778","0.000000","442.232778",,"1.485833","23.239167","417.507778","36.903333","380.604444","35.998889","236.519858781994704325","236.51985878","239.05789938","2.9933787","25.092564520197072","3.1294454","31.08801389541594","2.8702838063439065","0.5863423212192262","7.157607260726072","2.6775666016894086","2.4136473429951693","0.42846462436177973","0.7331963001027749","6.039843028624192",,,
"2025-05-28","actual","EH4000","CONV","222474.0000","978","15","15","329.737222","0.000000","329.737222",,"0.000000","0.402222","329.335000","22.592778","306.742222","35.861944","227.478527607361963190","227.47852761","229.23684749","2.3731996","31.614227172031434","2.5397857","34.370672499382245","2.978089430894309","0.5983404457088668","4.504047346315388","2.883916478555305","1.9907037037037039","0.6214509803921568","1.1183274716686207","4.433638649425288",,,
"2025-05-28","actual","EH5000","AHS","204864.0000","704","13","13","271.371111","0.000000","271.371111",,"0.000000","12.928056","258.443056","0.000000","258.443056","37.393889","291.000000000000000000","291.00000000","288.92343750","2.6001141","24.89269105450064","2.6745322","28.6141541810597","2.37434750186428","0.9783901135604542","6.267174796747967","2.1020331325301203","2.1326887661141805","0.6985049833887043","1.6821802935010481","5.608131241084165",,,
"2025-05-28","actual","EH5000","CONV","107760.0000","371","10","10","221.075000","0.000000","221.075000",,"90.227778","4.885278","125.961944","12.391667","113.570278","8.317500","290.458221024258760108","290.45822102","282.29703504","3.2440782","29.577750495573603","3.5894390","39.31938634391647","2.8429864253393666","0.527124183006536","6.580780780780781","2.324726368159204","2.3725877192982456","0.47272256728778467","1.403623188405797","5.477357609710551",,,
"2025-05-29","actual","CAT793","AHS","338684.0000","1424","26","26","541.697222","0.000000","541.697222",,"0.000000","3.651667","538.045556","0.331389","537.714167","70.128611","237.839887640449438202","237.83988764","240.65073788","2.4887549","21.843542698155865","2.5524124","26.757257579945474","4.325656455142232","0.9997621313035204","6.836129837702871","2.875771033802122","1.800880853036625","0.6808487778673113","0.8670734908136484","5.723484312337815",,,
"2025-05-29","actual","CAT793","CONV","318380.0000","1346","24","24","494.308889","0.000000","494.308889",,"22.459167","14.147222","457.702500","37.435000","420.267500","19.670278","236.537890044576523031","236.53789004","241.76738484","2.7279602","24.12848502106546","2.8516050","29.879334367343375","2.8499311294765843","0.6008709016393443","6.783584292884559","2.661111111111111","2.2728215767634854","0.45428228845495033","0.7632659313725491","5.72624202053844",,,
"2025-05-29","actual","EH4000","CONV","195562.0000","861","16","16","331.995000","0.000000","331.995000",,"22.497778","15.013889","294.483333","17.735278","276.748056","21.586667","227.133565621370499419","227.13356562","227.25458769","2.7046360","30.39796300152561","2.9655239","32.47837767510843","2.719468390804598","0.6567348008385744","5.338455079764903","2.7454109303295784","1.8965923172242873","0.5632145998240985","1.150152505446623","5.478458184700753",,,
"2025-05-29","actual","EH5000","AHS","245604.0000","844","13","13","264.468056","0.000000","264.468056",,"0.000000","0.000000","264.468056","0.000000","264.468056","27.053611","291.000000000000000000","291.00000000","289.19218009","2.3683599","24.152037530925938","2.4189371","29.563892844708","2.8339965397923876","0.7485253199777407","5.8836275746111815","2.185286783042394","1.494047619047619","0.6408817204301075","1.584419817470665","4.909239346873756",,,
"2025-05-29","actual","EH5000","CONV","143070.0000","492","9","9","172.102500","0.000000","172.102500",,"0.000000","21.693056","150.409444","12.610833","137.798611","4.981389","290.792682926829268293","290.79268293","282.78963415","2.5881616","24.748167094999495","2.7278045","33.13718504836915","1.9683409436834094","0.5328470380194518","6.274795842613215","1.8489629629629631","1.1997777777777778","0.44988399071925755","1.2556197074672826","4.939112050739957",,,
"2025-05-30","actual","CAT793","AHS","257049.0000","1083","23","23","447.451944","0.000000","447.451944",,"0.000000","27.636944","419.815000","0.867222","418.947778","65.764167","237.349030470914127424","237.34903047","238.92125693","2.2365289","20.085343297316914","2.3640552","22.10928326626283","3.6538152610441768","0.9487799564270153","6.6810774410774405","2.855056553559548","2.380816554809843","0.6833695652173913","0.8078141499472017","6.415554511278196",,,
"2025-05-30","actual","CAT793","CONV","327029.0000","1379","27","27","555.334167","0.000000","555.334167",,"0.000000","26.340278","528.993889","57.133056","471.860833","21.849167","237.149383611312545323","237.14938361","240.90833938","3.0998683","25.900939372424578","3.2743903","31.226670441781405","2.7410801239486497","0.6383776091081594","7.1809016393442615","2.6441295546558705","1.5665260196905768","0.46022264032612104","0.7671097770154375","6.29152628892292",,,
"2025-05-30","actual","EH4000","CONV","201130.0000","885","16","16","327.617222","0.000000","327.617222",,"0.000000","15.379722","312.237500","22.468056","289.769444","23.584444","227.265536723163841808","227.26553672","226.46180791","2.4821634","29.108521843434147","2.6494145","29.731457206909067","3.1311850311850313","0.8163729809104259","5.116364369205965","3.1072455089820363","1.201931330472103","0.563910422049957","1.119727463312369","5.346689497716895",,,
"2025-05-30","actual","EH5000","AHS","201939.0000","694","13","13","280.600833","0.000000","280.600833",,"0.000000","32.430278","248.170556","0.079444","248.091111","28.908333","290.978386167146974063","290.97838617","289.82608069","2.4419280","22.395762823159956","2.5563654","27.40010225134151","2.5012272367379254","0.9505977496483826","6.5421160760143815","2.1458907605921387","1.6651988636363635","0.7043536324786325","1.82876129718235","5.597859547859548",,,
"2025-05-30","actual","EH5000","CONV","108534.0000","374","9","9","196.568056","0.000000","196.568056",,"29.670000","26.247500","140.650556","13.205278","127.445278","5.753056","290.197860962566844920","290.19786096","284.60641711","3.5526585","30.490384249038822","3.5939214","36.61917471650901","2.8196881091617936","0.572530864197531","6.991040462427746","2.8524975984630165","3.475","0.47924335378323113","1.2703703703703704","5.88858939802336",,,
"2025-05-31","actual","CAT793","AHS","343589.0000","1451","25","25","495.336111","0.000000","495.336111",,"0.000000","2.426667","492.909444","0.044444","492.865000","74.861389","236.794624396967608546","236.79462440","236.25382495","2.0437871","22.987720196835483","2.1880131","23.948388232119104","3.2829678362573103","0.9380408445829006","5.3344666173934465","2.839826363414038","1.5557339449541283","0.6944311217692513","0.8174609274916731","5.48182135380321",,,
"2025-05-31","actual","CAT793","CONV","317231.0000","1343","26","26","563.840556","0.000000","563.840556",,"39.755833","11.358056","512.726667","46.868333","465.858333","26.035556","236.210722263588979896","236.21072226","240.53611318","3.0306585","25.226077880039387","3.2080735","31.42143527283578","3.264448924731183","0.6733623749596644","7.2083940620782725","2.398956661316212","1.5143874643874644","0.45014619883040935","0.7844944774851317","6.125894897182025",,,
"2025-05-31","actual","EH4000","CONV","205500.0000","904","16","16","351.733333","0.000000","351.733333",,"14.755278","2.476111","334.501944","22.986389","311.515556","59.868333","227.323008849557522124","227.32300885","223.02079646","2.0926707","28.74941476100157","2.2620157","28.572034237977224","3.082731376975169","0.7448640483383685","4.367401668653159","2.7761904761904765","1.8903508771929824","0.5685002060156571","1.1027743012098457","4.750132275132275",,,
"2025-05-31","actual","EH5000","AHS","201951.0000","694","13","13","250.936667","0.000000","250.936667",,"0.000000","3.643611","247.293056","0.000000","247.293056","17.997778","290.995677233429394813","290.99567723","288.37103746","2.7477619","25.788625636517544","2.7973473","27.59016566397571","3.3110636277302943","0.8888274336283185","6.392962398373983","2.241214859437751","1.6957705192629817","0.6980638409209838","1.9722748815165876","6.0833573833573835",,,
"2025-05-31","actual","EH5000","CONV","86502.0000","298","9","9","129.389722","0.000000","129.389722",,"0.000000","0.000000","129.389722","12.566944","116.822778","6.830833","290.275167785234899329","290.27516779","294.10000000","3.8810871","32.51426517036574","3.8077880","35.133172540713716","3.8677024482109226","0.66015406162465","7.161940298507463","3.590747549019608","0.9852564102564102","0.49047619047619045","1.2682476943346508","6.502893518518518",,,
"2025-06-01","actual","CAT793","AHS","321878.0000","1358","23","23","474.041667","0.000000","474.041667",,"0.000000","7.595556","466.446111","0.000000","466.446111","74.804167","237.023564064801178203","237.02356406","236.90765832","1.8181965","21.513357776914066","1.8560519","20.946385584033237","3.773585941790225","1.1297567175018155","5.070886243386243","3.073539384454877","1.7672553796183517","0.6998711340206185","0.8481725748832096","5.316579013273228",,,
"2025-06-01","actual","CAT793","CONV","312789.0000","1323","28","28","531.943889","0.000000","531.943889",,"10.680278","9.949444","511.314167","50.414167","460.900000","16.935556","236.424036281179138322","236.42403628","241.40846561","3.3717901","26.126904410190388","3.4355893","31.60364786521917","3.0826995305164315","0.6249828532235939","7.743259699801756","2.4376434368877695","1.5162626262626262","0.4256506741925368","0.7622143069159988","6.522517871326449",,,
"2025-06-01","actual","EH4000","CONV","222202.0000","976","17","17","380.663611","0.000000","380.663611",,"53.759444","22.700000","304.204167","18.523056","285.681111","30.059722","227.665983606557377049","227.66598361","227.06219262","1.8130369","27.131347640482467","1.9394497","27.8750578431846","3.039819182389937","0.8320425724637681","4.009465930018417","3.077983988355167","2.2248931623931627","0.6202380952380953","1.1113844393592676","4.174591588460202",,,
"2025-06-01","actual","EH5000","AHS","171966.0000","591","11","11","219.879167","0.000000","219.879167",,"0.000000","11.530833","208.348333","0.110278","208.238056","19.596389","290.974619289340101523","290.97461929","293.81049069","2.8147377","26.366189146704684","2.9091220","29.189568346881412","2.403363453815261","0.8188663282571913","6.405334538878843","2.0430232558139534","1.5487751531058618","0.7125235404896422","1.8923845193508115","5.979784213515048",,,
"2025-06-01","actual","EH5000","CONV","126324.0000","435","11","11","231.517500","0.000000","231.517500",,"40.374444","17.066389","174.076667","16.471111","157.605556","10.282222","290.400000000000000000","290.40000000","300.16850575","3.5352115","29.607850256813098","3.6134560","34.850804519510774","3.177820512820513","0.7622023809523809","7.164069264069265","3.3733162830349532","3.096031746031746","0.5040854224698236","1.3293956043956043","6.221014492753623",,,
"2025-06-02","actual","CAT793","AHS","321601.0000","1357","26","26","524.436111","0.000000","524.436111",,"0.000000","19.604167","504.831944","0.000000","504.831944","69.819444","236.994104642593957259","236.99410464","239.48415623","2.2940748","20.36053496751017","2.3306689","25.07772720387686","3.7692671394799055","1.151130229419703","6.760357142857143","3.45978712357217","1.8602898550724636","0.6761293179805138","0.7688962290118359","5.576268250433061",,,
"2025-06-02","actual","CAT793","CONV","266594.0000","1124","26","26","551.996944","0.000000","551.996944",,"46.056111","15.735833","490.205000","55.060278","435.144722","20.745000","237.183274021352313167","237.18327402","239.82161922","4.4599231","29.7510755588925","4.5124251","36.229529247541535","3.584793948878456","0.7602065613608748","8.994477711244178","2.7973149967256057","1.095273631840796","0.4371693121693122","0.7639238294898673","7.47306166056166",,,
"2025-06-02","actual","EH4000","CONV","263086.0000","1156","16","16","342.702222","0.000000","342.702222",,"3.509722","4.761944","334.430556","16.644167","317.786389","15.229167","227.583044982698961938","227.58304498","226.54922145","2.1225364","29.231255609226366","2.1708635","30.259904438563638","2.510848733744011","0.7598976780794963","4.356712749615975","2.9061131386861314","1.6989143192488263","0.6293269230769231","1.0641857506361323","4.3044356027114645",,,
"2025-06-02","actual","EH5000","AHS","160911.0000","553","11","11","200.416667","0.000000","200.416667",,"0.000000","0.000000","200.416667","0.000000","200.416667","22.998889","290.978300180831826401","290.97830018","294.07721519","2.8091014","25.899585271874027","2.8798460","28.055610353527857","2.5621443089430893","0.8576354679802957","6.5076750160565195","2.0085086042065012","1.649584487534626","0.7153688524590164","1.7903333333333333","6.158866544789762",,,
"2025-06-02","actual","EH5000","CONV","111570.0000","384","10","10","170.300000","0.000000","170.300000",,"0.723333","24.454722","145.121944","19.350000","125.771944","6.148889","290.546875000000000000","290.54687500","299.25911458","2.9833776","27.644569980241194","3.0664856","33.21474223764346","2.877272727272727","0.6027683615819209","6.475147058823529","2.549082125603865","1.4375","0.5337552742616033","1.2648882113821138","5.539381720430108",,,
"2025-06-03","actual","CAT793","AHS","328663.0000","1387","29","29","584.170278","0.000000","584.170278",,"18.348333","1.649167","564.172778","9.331667","554.841111","92.858056","236.959625090122566691","236.95962509","242.54217736","2.6708273","22.38636429453651","2.7004166","27.13488802373246","4.038050314465409","1.052378507871321","7.158359253499222","3.454457215836526","1.3315128205128206","0.656841956460277","0.817590328715023","5.971095066185319",,,
"2025-06-03","actual","CAT793","CONV","251817.0000","1065","23","23","459.384167","0.000000","459.384167",,"49.741667","0.000000","409.642500","45.919167","363.723333","24.264722","236.447887323943661972","236.44788732","240.80037559","2.8590047","23.84967023635521","2.9776772","28.891814134120903","3.396644106034969","0.6849912739965096","7.192564102564103","2.356954314720812","2.4051395007342142","0.47722791050436103","0.7367493707299533","6.183780332056194",,,
"2025-06-03","actual","EH4000","CONV","203880.0000","897","17","17","337.507222","0.000000","337.507222",,"0.000000","0.000000","337.507222","26.435556","311.071667","23.422778","227.290969899665551839","227.29096990","227.44726867","2.6000894","30.4076181412102","2.7958101","29.78004093913881","3.3735657225853304","0.7504345603271984","5.130469715698394","3.181981981981982","2.650045167118338","0.605161854768154","1.1806021505376345","5.632920597484277",,,
"2025-06-03","actual","EH5000","AHS","132987.0000","457","9","9","179.245000","0.000000","179.245000",,"0.000000","17.080833","162.164167","0.605278","161.558889","23.647222","291.000000000000000000","291.00000000","288.53107221","2.7595479","26.494332239154144","2.8680781","32.093167174192494","3.082134703196347","0.9497723132969035","6.249369582348306","2.1375487900078065","1.054248366013072","0.6853280141843971","1.7180790960451977","5.362035010940919",,,
"2025-06-03","actual","EH5000","CONV","126390.0000","436","12","12","213.801944","0.000000","213.801944",,"0.558889","11.267778","201.975278","22.284167","179.691111","9.207778","289.885321100917431193","289.88532110","296.49149425","5.0004633","32.4838862256405","4.7927917","37.28313141985202","4.159891598915989","0.7410106899902817","9.236203941730935","3.2649367088607595","1.0404761904761906","0.5576886341929321","1.293761384335155","7.713072669826224",,,
"2025-06-04","actual","CAT793","AHS","297624.0000","1248","25","25","495.413611","0.000000","495.413611",,"0.000000","6.241944","489.171667","1.469722","487.701944","69.980000","238.480769230769230769","238.48076923","242.33589744","2.4810265","23.029683230226155","2.5469051","27.87675874793201","4.222361809045227","1.1508953168044078","6.463900893114376","3.430697278911565","2.174603174603175","0.6789531941808982","0.7486336336336337","5.481781701444622",,,
"2025-06-04","actual","CAT793","CONV","289739.0000","1223","27","27","526.005833","0.000000","526.005833",,"18.907778","31.943333","475.154722","45.231111","429.923611","36.918056","236.908421913327882257","236.90842191","237.19321341","2.9684345","25.950897237653745","3.0908785","28.51560586669648","3.1607580824972126","0.6126403406891211","6.863195070634205","2.4214434523809527","1.5000737463126843","0.4304964539007092","0.7389779874213837","6.5035514541387025",,,
"2025-06-04","actual","EH4000","CONV","212918.0000","936","16","16","426.576111","0.000000","426.576111",,"0.000000","100.632222","325.943889","22.213056","303.730833","39.245000","227.476495726495726496","227.47649573","229.34700855","2.2492915","27.866398149020853","2.3692140","29.80930198540731","2.7577825159914715","0.6674418604651162","4.8430187955504405","2.9433409004918656","1.9391509433962264","0.6142575039494471","1.140115354017502","4.768740981240981",,,
"2025-06-04","actual","EH5000","AHS","130368.0000","448","8","8","178.467500","3.846389","174.621111",,"0.000000","1.528056","173.093056","0.000000","173.093056","28.227222","291.000000000000000000","291.00000000","285.14352679","2.7153393","26.138296615325427","2.7684308","30.546360917418557","3.6729105211406097","0.9666207529843894","6.2330135891286975","2.159992101105845","1.3825641025641027","0.6133060853769301","1.6427680798004987","5.437827715355805",,,
"2025-06-04","actual","EH5000","CONV","150195.0000","518","13","13","299.863611","0.000000","299.863611",,"58.685278","11.075278","230.103056","25.036667","205.066389","13.409444","289.951737451737451737","289.95173745","292.62992278","4.7858571","33.82242419737477","4.7233810","37.39215060697507","4.280103806228373","0.6602244389027432","8.48997175141243","3.156555090655509","1.6316901408450704","0.514080459770115","1.2391779788838613","7.579207277452892",,,
"2025-06-05","actual","CAT793","AHS","330273.0000","1389","25","25","507.421944","0.000000","507.421944",,"0.000000","14.550278","492.871667","0.121389","492.750278","57.013333","237.777537796976241901","237.77753780","238.04521238","2.3724293","22.59808142568093","2.5043154","27.950900148328262","3.354574332909784","1.024429865666979","6.299019607843137","3.309614894159653","1.5458752997601917","0.6852924713126225","0.8618971061093248","5.375816993464053",,,
"2025-06-05","actual","CAT793","CONV","322398.0000","1356","27","27","558.421944","0.000000","558.421944",,"0.000000","25.574444","532.847500","71.597222","461.250278","29.267500","237.756637168141592920","237.75663717","240.40730088","3.1615287","26.54646195889784","3.2744130","30.04039455524866","2.5856269113149843","0.6016323865491348","7.145649853215906","2.4459487991554503","2.2620555555555555","0.48108441158348736","0.7908887019904682","6.5400199600798405",,,
"2025-06-05","actual","EH4000","CONV","133618.0000","587","16","16","272.574444","0.000000","272.574444",,"21.117222","61.862222","189.595000","9.081944","180.513056","8.521389","227.628620102214650767","227.62862010","228.95860307","2.4883910","29.811006988352744","2.5997739","30.405424542754456","3.302135231316726","0.7548333333333334","5.008333333333334","2.814651022864019","2.3456445993031356","0.6404711673699015","1.0570006422607579","5.13021726700972",,,
"2025-06-05","actual","EH5000","AHS","170235.0000","585","10","10","205.397778","0.000000","205.397778",,"0.000000","0.000000","205.397778","0.000000","205.397778","16.776667","291.000000000000000000","291.00000000","296.66923077","2.7196370","24.16326949482621","2.8288608","27.079392661415596","2.851473063973064","0.9276395173453997","6.753151515151515","2.2870570570570568","1.8585514834205934","0.6255822416302765","1.7141998734977864","6.267926689576174",,,
"2025-06-05","actual","EH5000","CONV","107490.0000","371","10","10","198.692778","0.000000","198.692778",,"0.000000","9.696944","188.995833","35.792222","153.203611","5.324167","289.730458221024258760","289.73045822","300.51886792","5.1492301","30.67824239086982","5.1173890","37.3421297989363","2.4820861678004533","0.5952637889688249","10.07077922077922","3.2287539936102236","1.5787499999999999","0.5082956259426847","1.266255868544601","8.222437810945273",,,
"2025-06-06","actual","CAT793","AHS","308074.0000","1294","23","23","471.961111","0.000000","471.961111",,"0.000000","3.290278","468.670833","1.028611","467.642222","49.777500","238.078825347758887172","238.07882535","240.52434312","2.3541550","21.521051602266482","2.4306041","26.672311661342693","3.996","1.0110035842293907","6.563308457711443","3.290411893071467","2.311235119047619","0.6865671641791045","0.7198807446189645","5.46770178197065",,,
"2025-06-06","actual","CAT793","CONV","352828.0000","1492","28","28","571.567500","0.000000","571.567500",,"0.000000","31.992778","539.574722","58.141389","481.433333","18.318889","236.479892761394101877","236.47989276","242.38907507","3.2779568","27.035804589612336","3.4466462","33.297264830461366","2.3277395690050438","0.546999699969997","7.2747014925373135","2.406233062330623","1.8866290018832392","0.4192426801801802","0.7513390535621425","6.210683461628178",,,
"2025-06-06","actual","EH4000","CONV","236276.0000","1038","17","17","369.946667","0.000000","369.946667",,"13.973333","2.176389","353.796944","25.875278","327.921667","21.626389","227.626204238921001927","227.62620424","229.38420039","2.6985024","31.3956733932913","2.8362008","34.17343714428455","2.788863976083707","0.572881033827442","5.157084607543323","3.006948640483384","2.672672064777328","0.6042256075444323","1.1371671991480299","4.979658536585365",,,
"2025-06-06","actual","EH5000","AHS","168198.0000","578","10","10","213.655278","0.000000","213.655278",,"0.000000","3.279167","210.376111","2.425000","207.951111","23.031389","291.000000000000000000","291.00000000","298.85397924","2.7103175","25.83872126128432","2.8260141","28.136720025203456","2.8728767123287673","0.9690307328605201","6.29361833952912","2.457274401473297","1.934078590785908","0.6443241469816273","1.704054054054054","6.02631884057971",,,
"2025-06-06","actual","EH5000","CONV","111447.0000","385","10","10","223.886111","0.000000","223.886111",,"0.000000","43.533611","180.352500","18.021944","162.330556","9.633889","289.472727272727272727","289.47272727","303.27246753","5.3480000","32.56424776065829","5.5776939","40.176631272545904","3.135726495726496","0.6013059701492537","9.8537513397642","2.6378164556962025","0.7971544715447154","0.49234760051880677","1.3768140589569162","8.32975845410628",,,
"2025-06-07","actual","CAT793","AHS","323391.0000","1359","22","22","477.783333","0.000000","477.783333",,"2.303889","21.916667","453.562778","7.040000","446.522778","61.268333","237.962472406181015453","237.96247241","239.14363503","2.1464203","23.69163780859837","2.2612714","30.00656010661354","3.797842579421527","1.176923076923077","5.435893416927899","3.0014492753623188","1.773587570621469","0.690089358245329","0.8148722131593258","4.5215540707745605",,,
"2025-06-07","actual","CAT793","CONV","347191.0000","1465","29","29","566.571111","0.000000","566.571111",,"17.533056","13.768333","535.269722","59.189722","476.080000","22.135278","236.990443686006825939","236.99044369","242.98156997","3.1475394","26.394534708807388","3.3709699","32.168768807204316","2.896034387132557","0.6016809728183118","7.1549798503166375","2.4708833619210977","2.2028079710144928","0.44957138147049125","0.7772302591922845","6.28740861088546",,,
"2025-06-07","actual","EH4000","CONV","231386.0000","1017","17","17","375.422500","0.000000","375.422500",,"21.124167","1.416389","352.881944","35.739722","317.142222","26.500833","227.518190757128810226","227.51819076","228.08298918","2.3951964","29.970137768616183","2.4660030","30.394385754561746","2.6579710144927535","0.5704145728643215","4.795165945165945","2.8591409300674475","3.0384615384615388","0.6139325842696629","1.1438244047619048","4.868010204081632",,,
"2025-06-07","actual","EH5000","AHS","197589.0000","679","12","12","314.413333","0.000000","314.413333",,"65.996111","4.150000","244.267222","0.307500","243.959722","20.970833","291.000000000000000000","291.00000000","294.60795287","2.7630590","25.777251497039778","2.8113726","31.014400963968686","3.2626413838988686","1.033394495412844","6.431389320891654","2.212840267077555","1.3532085561497325","0.7141357027463651","1.6770698924731182","5.438839724680433",,,
"2025-06-07","actual","EH5000","CONV","110598.0000","382","10","10","193.548056","0.000000","193.548056",,"0.971111","21.056667","171.520278","16.452500","155.067778","7.983889","289.523560209424083770","289.52356021","295.75680628","5.0809658","32.96197687390129","4.9065802","36.65448183038633","3.113747645951036","0.5062240663900415","9.248776223776224","2.4868055555555557","1.8687074829931973","0.49919154228855717","1.3560099132589838","8.031618435155412",,,
"2025-06-08","actual","CAT793","AHS","298772.0000","1256","25","25","488.646111","0.000000","488.646111",,"4.592778","4.026111","480.027222","13.811944","466.215278","83.594444","237.875796178343949045","237.87579618","240.32223108","2.3721920","21.3020312128953","2.5157965","26.156750880941466","4.0804622871046226","1.0978185993111367","6.68159381504609","2.9133244994110714","1.6762432795698925","0.6480429900545397","0.9184387412160098","5.77089221390967",,,
"2025-06-08","actual","CAT793","CONV","305374.0000","1288","25","25","487.255000","0.000000","487.255000",,"3.539722","25.225833","458.489444","45.639444","412.850000","19.054722","237.091614906832298137","237.09161491","242.23773292","3.0552496","26.656535450415156","3.1759372","31.087806838976928","3.0554268846503176","0.6775162648296977","6.876924285265473","2.5593457943925233","1.9507407407407409","0.4472333333333333","0.7556258106355382","6.129613227044582",,,
"2025-06-08","actual","EH4000","CONV","215794.0000","952","17","17","395.201389","0.000000","395.201389",,"45.529444","1.721944","347.950000","33.101667","314.848333","22.697222","226.674369747899159664","226.67436975","224.06134454","2.6249293","29.10574872376663","2.6998038","30.171093859784676","3.3614404079031233","0.7532851511169514","5.411156383391541","2.69228855721393","2.267375886524823","0.5202952029520296","1.2544856459330143","5.368987573099416",,,
"2025-06-08","actual","EH5000","AHS","160047.0000","550","11","11","259.615278","0.000000","259.615278",,"20.682500","0.213889","238.718889","4.798611","233.920278","44.595833","290.994545454545454545","290.99454545","294.42163636","2.7428579","24.31939250760672","2.7798616","27.232855230410276","3.7634335154826957","1.0480610561056105","6.767088197146563","2.1539177906229927","1.8408066429418743","0.7189516129032258","1.6458000000000002","6.124649603900061",,,
"2025-06-08","actual","EH5000","CONV","128622.0000","443","9","9","180.985833","0.000000","180.985833",,"0.000000","5.124167","175.861667","17.369722","158.491944","6.367500","290.343115124153498871","290.34311512","301.00316027","3.6381034","28.471662874057497","3.6627597","34.94301806651012","2.85310633213859","0.562216404886562","7.666788025889968","2.0883534136546182","0.7025423728813559","0.47531486146095714","1.3057370184254606","6.289255884586181",,,
"2025-06-09","actual","CAT793","AHS","346496.0000","1454","28","28","574.501667","0.000000","574.501667",,"20.177500","22.360556","531.963611","1.727500","530.236111","82.596389","238.305364511691884457","238.30536451","238.54587345","2.5674588","23.64845996599948","2.6604907","26.743332284807515","4.0906398616515345","1.133315334773218","6.5140617283950615","2.995408163265306","1.5834036568213783","0.6549960348929421","0.7110337715906161","5.968943596856218",,,
"2025-06-09","actual","CAT793","CONV","261203.0000","1097","22","22","453.565278","0.000000","453.565278",,"18.790833","0.000000","434.774444","48.549722","386.224722","24.978333","238.106654512306289881","238.10665451","241.98796718","3.1287325","26.008500915310275","3.2452993","29.878830696014276","3.049097065462754","0.6602188081936685","7.21779200620877","2.9408342900880213","2.7455882352941177","0.47464146023468057","0.8097273097273097","6.516920289855073",,,
"2025-06-09","actual","EH4000","CONV","213640.0000","941","16","16","373.561667","0.000000","373.561667",,"26.051944","7.990278","339.519444","25.215556","314.303889","43.227500","227.035069075451647184","227.03506908","229.37725824","2.4230981","28.948119556379567","2.5273857","31.10217828480887","2.7935338865836794","0.6474342663273961","5.022291196388262","2.9516685205784206","2.6290566037735847","0.5342326139088729","1.1136953955135773","4.875643776824035",,,
"2025-06-09","actual","EH5000","AHS","164994.0000","567","11","11","213.631667","0.000000","213.631667",,"0.000000","9.288333","204.343333","0.786667","203.556667","17.032500","290.994708994708994709","290.99470899","292.11216931","2.6051799","25.223458526580366","2.6677884","25.62912259351809","3.185919540229885","0.8889133627019089","6.197040498442368","2.2046382189239333","1.802788844621514","0.6989664082687338","1.6053059895833333","6.245524146054182",,,
"2025-06-09","actual","EH5000","CONV","173487.0000","598","12","12","228.661944","0.000000","228.661944",,"0.000000","5.033056","223.628889","20.388611","203.240278","8.505556","290.112040133779264214","290.11204013","296.51822742","3.6003578","29.753408672206614","3.6267873","36.255842714685116","2.8349337748344374","0.5603671706263499","7.260393939393939","2.501951951951952","1.1993506493506494","0.47905576679340933","1.3095690747782003","6.001990898748578",,,
"2025-06-10","actual","CAT793","AHS","294509.0000","1241","26","26","524.200000","0.000000","524.200000",,"0.000000","6.735000","517.465000","1.028333","516.436667","77.604444","237.315874294923448832","237.31587429","235.90298147","2.7033615","22.243360874674796","2.7807319","25.144873377804384","4.192995780590717","1.314037037037037","7.292139479905438","3.00284588441331","1.556738683127572","0.7081324333011894","0.8241341991341992","6.635305395781978",,,
"2025-06-10","actual","CAT793","CONV","277936.0000","1174","22","22","465.877222","0.000000","465.877222",,"0.000000","20.176944","445.700278","44.837778","400.862500","33.791667","236.742759795570698467","236.74275980","240.40724020","2.6119119","24.283989694992332","2.7546185","27.860032219684463","3.490207156308851","0.7441617357001973","6.4534170854271355","2.957280265339967","1.2926303854875283","0.4306615776081425","0.7567431352102886","5.9324091478696745",,,
"2025-06-10","actual","EH4000","CONV","203734.0000","898","17","17","334.397778","0.000000","334.397778",,"0.000000","4.454444","329.943333","27.454167","302.489167","32.079722","226.875278396436525612","226.87527840","229.07394209","2.5053241","28.259387940705558","2.6349040","30.149407014920524","3.004611330698287","0.6534334763948498","5.319274653626732","2.624255233494364","3.442592592592592","0.5945833333333332","1.1711832061068703","5.243693181818182",,,
"2025-06-10","actual","EH5000","AHS","141687.0000","487","10","10","210.546944","0.000000","210.546944",,"0.000000","9.336389","201.210556","0.000000","201.210556","43.401944","290.938398357289527721","290.93839836","282.62258727","2.8872423","25.517690868967954","2.9091828","27.656315394251543","3.1739686468646866","0.9829475308641976","6.788801498127341","1.7511160714285716","1.7107438016528926","0.6898212898212898","1.6449576597382602","6.311432506887053",,,
"2025-06-10","actual","EH5000","CONV","131289.0000","452","12","12","248.636111","0.000000","248.636111",,"0.000000","71.934722","176.701389","24.423889","152.277500","8.055000","290.462389380530973451","290.46238938","293.03230088","2.7273304","24.16557825386813","2.8405915","26.955798659384612","3.138935574229692","0.7174217907227616","6.771608040201005","2.3999174917491746","1.8482558139534884","0.5295698924731183","1.3731336805555554","6.322776488785769",,,
"2025-06-11","actual","CAT793","AHS","306043.0000","1291","30","30","571.909722","0.000000","571.909722",,"34.531944","8.812222","528.565556","0.000000","528.565556","85.849444","237.058869093725793958","237.05886909","237.62757552","2.5302142","21.940301717233158","2.5892082","22.42071303479903","4.395931921959319","1.3094795539033457","6.919360269360269","2.822356035437431","1.601707097933513","0.7018755718206771","0.7347025912838634","6.9289719626168225",,,
"2025-06-11","actual","CAT793","CONV","229406.0000","968","20","20","393.369167","0.000000","393.369167",,"0.156944","3.431111","389.781111","52.547222","337.233889","25.711389","236.989669421487603306","236.98966942","242.56704545","2.9852642","24.2736864899564","3.1129474","28.45969459367276","3.5797526041666665","0.7754716981132076","7.379013157894737","3.063581051716645","1.516256830601093","0.43673115079365077","0.7913113250802384","6.562854825628548",,,
"2025-06-11","actual","EH4000","CONV","244588.0000","1076","17","17","359.762500","0.000000","359.762500",,"0.000000","0.599444","359.163056","27.821389","331.341667","26.410556","227.312267657992565056","227.31226766","228.50120818","2.1127356","29.29516652352143","2.1525955","28.143588863351155","3.222363765038924","0.6803686811098442","4.327134849983515","2.9699186991869917","3.037791932059448","0.620504947117025","1.1120389344262296","4.589170579029735",,,
"2025-06-11","actual","EH5000","AHS","118143.0000","406","10","10","181.168056","0.000000","181.168056",,"0.000000","7.087778","174.080278","0.000000","174.080278","37.610556","290.992610837438423645","290.99261084","277.50221675","2.6110469","24.018697296250245","2.8130617","22.33488329285426","3.028428093645485","1.0592964824120603","6.522535842293907","2.0737265415549597","1.442964824120603","0.7046455938697318","1.7301428571428572","7.556954732510288",,,
"2025-06-11","actual","EH5000","CONV","182262.0000","627","11","11","227.049444","0.000000","227.049444",,"0.000000","7.091111","219.958333","21.564444","198.393889","8.851944","290.688995215311004785","290.68899522","297.01594896","2.3228627","22.72063691439878","2.3615480","28.114147546311344","2.602770208900999","0.5600475220638154","6.134148550724637","2.2754919499105544","1.3302168021680216","0.5576359832635983","1.3553058676654182","5.039913793103448",,,
"2025-06-12","actual","CAT793","AHS","333781.0000","1405","32","32","613.963889","0.000000","613.963889",,"0.000000","14.641389","599.322500","1.294167","598.028333","77.027778","237.566548042704626335","237.56654804","238.61224199","3.0486158","23.315332036453004","3.1042247","27.528513367348566","4.211948599923284","1.2196182605273513","7.845350334878929","3.0714631043256997","2.471311893823379","0.6413936781609196","0.7572593800978793","6.7658387329013685",,,
"2025-06-12","actual","CAT793","CONV","198140.0000","830","18","18","376.000833","0.000000","376.000833",,"0.000000","12.016667","363.984167","37.183611","326.800556","13.790833","238.722891566265060241","238.72289157","245.39771084","4.4245851","26.7726982773196","4.5983664","32.288247246037756","3.6842447916666665","0.7944662737393582","9.915889061689995","3.1858739837398375","1.1598705501618123","0.45820105820105816","0.7817552602436323","8.544966281310213",,,
"2025-06-12","actual","EH4000","CONV","224764.0000","989","16","16","357.452778","0.000000","357.452778",,"24.100556","10.677778","322.674444","25.405556","297.268889","31.970000","227.263902932254802831","227.26390293","227.45894843","1.8933711","29.051093155094307","1.9395335","27.831659245292197","2.4082056892778994","0.6797744068455853","3.9104299928926793","2.9685165794066317","3.0722336769759453","0.6238387216648087","1.1461936437546192","4.181281790437437",,,
"2025-06-12","actual","EH5000","AHS","118728.0000","408","7","7","159.802222","0.000000","159.802222",,"0.000000","6.551111","153.251111","8.302222","144.948889","14.076389","291.000000000000000000","291.00000000","290.29803922","2.3437010","22.561720456387555","2.3573137","26.500090791614685","3.392165668662675","0.9312214611872146","6.232772020725389","1.9663667523564696","1.4825438596491227","0.6747297297297298","1.6098915989159892","5.337295751633987",,,
"2025-06-12","actual","EH5000","CONV","243618.0000","838","15","15","308.505000","0.000000","308.505000",,"0.283056","1.081944","307.140000","34.582500","272.557500","14.046111","290.713603818615751790","290.71360382","294.75513126","2.7698407","26.756039357441814","2.8888654","33.1704879344027","2.2895214521452147","0.609501312335958","6.211324470704087","3.0156521739130437","1.5105442176870747","0.5211271367521367","1.3039126016260163","5.225486111111111",,,
"2025-06-13","actual","CAT793","AHS","322237.0000","1357","31","31","598.311389","0.000000","598.311389",,"0.000000","6.938333","591.373056","0.966389","590.406667","93.043611","237.462785556374355195","237.46278556","240.43522476","3.0496403","21.6892426789165","3.1276921","26.14830267218512","4.2889350752177355","1.1532480714575721","8.436367313915857","3.107226666666667","1.71045197740113","0.6510631644777987","0.7499718230487461","7.176814814814815",,,
"2025-06-13","actual","CAT793","CONV","167116.0000","700","16","16","404.759167","0.000000","404.759167",,"76.422222","2.035833","326.301111","32.490556","293.810556","14.519167","238.737142857142857143","238.73714286","243.44985714","4.6096473","27.161530106526836","4.7776657","30.056781741276495","4.605337078651686","0.8235925925925927","10.182741433021807","3.393075980392157","1.5176470588235296","0.4960120391271633","0.8366732804232804","9.537279954571266",,,
"2025-06-13","actual","EH4000","CONV","250904.0000","1104","16","16","346.909167","0.000000","346.909167",,"0.000000","0.550278","346.358889","28.554167","317.804722","24.855833","227.268115942028985507","227.26811594","226.94202899","1.8397717","26.930205677506883","1.8978200","27.208203593994682","2.8203208556149733","0.7804896421845574","4.0989773090444235","3.0144865718799365","1.6767493638676845","0.6339518555667001","1.0761762756792579","4.185105407882676",,,
"2025-06-13","actual","EH5000","AHS","105924.0000","364","7","7","143.901944","0.000000","143.901944",,"0.000000","0.000000","143.901944","0.000000","143.901944","22.278056","291.000000000000000000","291.00000000","291.04395604","2.2568764","18.92789031068962","2.2582610","25.742326503621285","4.457801418439717","0.9751587301587302","7.154129793510324","2.1804580896686163","2.038624338624339","0.6820040899795501","1.5342507645259937","5.26353591160221",,,
"2025-06-13","actual","EH5000","CONV","196782.0000","678","14","14","302.724722","0.000000","302.724722",,"0.000000","10.166111","292.558611","32.902222","259.656389","9.170833","290.238938053097345133","290.23893805","287.61165192","3.8688308","27.616943047004096","3.8826511","32.01505207300512","3.514611111111111","0.7918833727344367","8.405341880341881","3.384975541579315","1.6180555555555556","0.5296204620462046","1.401083707025411","7.276548089591568",,,
"2025-06-14","actual","CAT793","AHS","378206.0000","1592","32","32","665.232500","0.000000","665.232500",,"0.000000","6.777500","658.455000","0.500000","657.955000","108.963611","237.566582914572864322","237.56658291","234.62116834","3.0944175","24.36529675660506","3.1932318","28.915073101275794","3.72979440512302","1.1280303030303032","7.620061099796334","2.7790684624017956","1.6114494806421151","0.6606060606060605","0.7922016167379933","6.626091081593928",,,
"2025-06-14","actual","CAT793","CONV","178268.0000","752","15","15","304.777500","0.000000","304.777500",,"0.000000","5.348056","299.429444","31.138333","268.291111","16.564444","237.058510638297872340","237.05851064","241.00000000","2.8072239","24.121102477426454","3.0953445","27.195269098003216","3.434108527131783","0.715183752417795","6.982824858757062","3.063681592039801","1.5096938775510202","0.4419494344644045","0.8078207381370827","6.829153605015674",,,
"2025-06-14","actual","EH4000","CONV","209986.0000","924","16","16","343.365833","0.000000","343.365833",,"19.401389","0.406389","323.558056","20.896667","302.661389","30.709444","227.257575757575757576","227.25757576","226.95768398","2.0349437","26.636738172512732","2.2040934","25.709936376463826","3.4015815085158154","0.8605177993527509","4.583767772511848","3.2205653021442497","1.7522727272727274","0.6498697916666667","1.1159535452322737","5.143754619364375",,,
"2025-06-14","actual","EH5000","AHS","135024.0000","464","8","8","171.305278","0.000000","171.305278",,"0.000000","0.983889","170.321389","0.000000","170.321389","32.894444","291.000000000000000000","291.00000000","298.42909483","2.2870409","22.74331747184288","2.2967279","28.206304533137825","3.2271329365079366","0.8772331154684097","6.0335284933645585","2.2905311778290995","1.629460580912863","0.7202669902912622","1.5584943639291464","4.885562865497076",,,
"2025-06-14","actual","EH5000","CONV","184398.0000","635","14","14","272.992778","0.000000","272.992778",,"0.275000","6.555000","266.162778","28.638056","237.524722","11.586667","290.390551181102362205","290.39055118","293.45527559","3.7764511","27.05596000174741","3.7834920","29.952520072905934","3.424230769230769","0.8719227313566936","8.374756097560976","2.9041566746602716","2.2582222222222224","0.5656896551724138","1.4254877014418998","7.578978978978979",,,
"2025-06-15","actual","CAT793","AHS","378137.0000","1589","30","30","676.474722","0.000000","676.474722",,"22.638889","0.074722","653.761111","0.000000","653.761111","118.169722","237.971680302076777848","237.97168030","234.72983008","2.6764538","22.31130231434886","2.7563695","26.1607471572436","4.080886681383371","1.2545035823950872","7.197573038877386","2.752718757139593","1.7239035087719299","0.6109104258443466","0.7566354691624669","6.321767838125665",,,
"2025-06-15","actual","CAT793","CONV","166564.0000","700","17","17","348.652500","0.000000","348.652500",,"0.065278","21.586667","327.000556","34.076667","292.923889","32.227222","237.948571428571428571","237.94857143","237.04371429","3.7479796","27.650006730028615","3.8160248","31.37514499766546","3.574554367201426","0.7877174669450243","8.133045977011495","3.174815445769449","1.8527972027972028","0.5055049354593774","0.832301153612629","7.297543581616481",,,
"2025-06-15","actual","EH4000","CONV","219230.0000","964","16","16","382.389722","0.000000","382.389722",,"47.876944","5.706389","328.806389","34.007778","294.798611","17.429444","227.417012448132780083","227.41701245","228.66753112","1.8630582","27.797983539549477","2.1213865","26.659160654411433","3.2752495009980036","0.7622265122265122","4.021280602636534","3.1523091247672257","2.098111332007952","0.6629840067340067","1.144924154025671","4.774463519313304",,,
"2025-06-15","actual","EH5000","AHS","109707.0000","377","7","7","138.794444","0.000000","138.794444",,"0.000000","0.423333","138.371111","0.000000","138.371111","27.980278","291.000000000000000000","291.00000000","293.03351064","2.4788196","24.43843857887939","2.5262527","28.830158763410957","3.5981549815498157","0.9402647975077882","6.085870646766169","2.4059171597633133","1.9022222222222223","0.7201388888888889","1.4743827160493828","5.257520891364902",,,
"2025-06-15","actual","EH5000","CONV","213432.0000","734","14","14","292.314722","0.000000","292.314722",,"0.000000","29.818611","262.496111","27.083611","235.412500","11.256667","290.779291553133514986","290.77929155","296.18760218","2.6443146","24.436795537466217","2.7250481","30.52646467482832","2.8574270557029178","0.6672233136869679","6.492621987066431","2.6196283391405344","1.7334782608695651","0.5376893939393939","1.3237789987789987","5.356102900930487",,,
"2025-06-16","actual","CAT793","AHS","333538.0000","1402","28","28","612.844444","0.000000","612.844444",,"62.062222","4.154167","546.628056","2.958611","543.669444","87.564167","237.901569186875891583","237.90156919","235.39914408","2.4054907","20.740199474550028","2.4711294","25.234178003866543","4.186770186335404","1.307082856051928","6.958922558922558","2.464520688768954","1.6708333333333334","0.6667376641817537","0.8021844660194175","5.8756724303554275",,,
"2025-06-16","actual","CAT793","CONV","192697.0000","811","20","20","366.846944","0.000000","366.846944",,"4.113889","19.830278","342.902778","34.512500","308.390278","14.318056","237.604192355117139334","237.60419236","238.63341554","3.9300709","27.59268591846367","3.9994576","31.813268316953277","3.837795807978364","0.7795581655480984","8.545897079276774","3.2171710224667582","1.6282738095238094","0.46988770685579195","0.753411306042885","7.542999153976312",,,
"2025-06-16","actual","EH4000","CONV","238208.0000","1048","15","15","342.549722","0.000000","342.549722",,"0.411389","1.197500","340.940833","31.553611","309.387222","22.367500","227.297709923664122137","227.29770992","228.08921756","1.7689876","27.795824834370215","1.8730995","27.258505349584002","3.1756167527251864","0.9864322606277315","3.8185323383084575","3.1114145658263306","1.8474932249322493","0.643140589569161","1.165861690450055","4.1229689067201605",,,
"2025-06-16","actual","EH5000","AHS","126585.0000","435","8","8","175.154167","0.000000","175.154167",,"0.000000","0.000000","175.154167","5.253611","169.900556","20.335000","291.000000000000000000","291.00000000","299.01241379","2.2950989","22.070081480662395","2.3812166","24.175858508353144","4.5449230769230775","1.1260000000000001","6.239484621778886","2.794893790849673","1.6754681647940075","0.712646793134598","1.546243523316062","5.909738260200154",,,
"2025-06-16","actual","EH5000","CONV","181995.0000","626","13","13","280.388889","0.000000","280.388889",,"0.655833","48.461944","231.271111","29.440000","201.831111","15.708056","290.726837060702875399","290.72683706","294.10623003","2.1450128","23.646903977539893","2.2704591","29.077434229721625","3.243216531895777","0.7369949494949495","5.44260543038706","2.6371069182389935","2.0964285714285715","0.5155228758169934","1.4592625899280576","4.684991974317817",,,
"2025-06-17","actual","CAT793","AHS","353092.0000","1480","26","26","619.554167","0.000000","619.554167",,"0.000000","105.120000","514.434167","0.000000","514.434167","70.847500","238.575675675675675676","238.57567568","235.34371622","2.2807454","22.77057247305364","2.3335720","28.381346485533548","3.5582763857251325","1.134878048780488","6.009718208092485","2.9981600955794505","1.0202985739750445","0.6825925925925926","0.7466165413533834","4.933321964529331",,,
"2025-06-17","actual","CAT793","CONV","249626.0000","1052","22","22","542.307222","0.000000","542.307222",,"6.483611","108.399722","427.423889","41.472778","385.951111","26.839722","237.287072243346007605","237.28707224","240.75114068","3.0806964","26.832809800002995","3.2667451","31.07343797242642","4.025351770984959","0.8337009803921569","6.888648090815274","3.0749746192893403","0.7180661577608143","0.44890350877192986","0.7722162162162163","6.307789507357645",,,
"2025-06-17","actual","EH4000","CONV","219950.0000","968","16","16","332.502500","0.000000","332.502500",,"0.000000","1.410556","331.091944","20.058056","311.033889","23.773333","227.221074380165289256","227.22107438","227.42055785","2.0886126","28.032075561955356","2.2103657","29.787902089488785","3.52572347266881","0.9167665867306155","4.4704772475027745","3.4280701754385965","1.417843691148776","0.6089285714285714","1.1457093821510298","4.452208201892745",,,
"2025-06-17","actual","EH5000","AHS","117564.0000","404","8","8","164.487500","0.000000","164.487500",,"0.000000","9.360000","155.127500","0.000000","155.127500","23.384167","291.000000000000000000","291.00000000","296.70346535","2.6384539","25.22895355392691","2.7534025","29.918335707545047","3.856183745583039","1.0696217494089835","6.2748236331569665","2.204123263888889","1.3611111111111112","0.6454545454545454","1.643232044198895","5.5218362282878415",,,
"2025-06-17","actual","EH5000","CONV","185955.0000","640","11","11","239.113056","0.000000","239.113056",,"0.000000","19.438056","219.675000","21.210000","198.465000","16.770278","290.554687500000000000","290.55468750","293.52500000","2.2107984","27.172145046830398","2.2107314","30.308573734065185","2.9246899224806198","0.9696808510638297","4.881760485651214","2.7794181620445895","0.8594444444444445","0.48754045307443367","1.3626984126984127","4.3764475743348985",,,
"2025-06-18","actual","CAT793","AHS","311419.0000","1309","21","21","491.062222","0.000000","491.062222",,"0.000000","24.734444","466.327778","0.674167","465.653611","67.686944","237.906035141329258976","237.90603514","227.59809015","2.5080610","23.405940892970115","2.5349269","29.576522562015064","3.1635061104087656","1.0542837322233785","6.429293344289236","2.8569072722357394","0.8007257257257258","0.6776582475834112","0.780730050933786","5.142444101773323",,,
"2025-06-18","actual","CAT793","CONV","309057.0000","1305","26","26","582.412778","0.000000","582.412778",,"80.617500","16.063333","485.731944","49.246389","436.485556","24.560000","236.825287356321839080","236.82528736","234.70229885","2.8458283","24.716251099100447","3.0326520","29.42684290409528","3.329575596816976","0.803438864628821","6.908397932816538","2.7609645390070923","1.0309002433090024","0.45137573297248534","0.8151785714285714","6.183440085401655",,,
"2025-06-18","actual","EH4000","CONV","200416.0000","883","16","16","314.061667","0.000000","314.061667",,"0.385000","0.000000","313.676667","28.925833","284.750833","23.355833","226.971687429218573046","226.97168743","226.63306908","2.1688437","28.309019664822472","2.3503398","28.588687200818438","3.346525323910483","0.827591599642538","4.59679012345679","3.0924242424242423","1.3167307692307693","0.550110229276896","1.1030072003388396","4.932733952049498",,,
"2025-06-18","actual","EH5000","AHS","127458.0000","438","8","8","164.135833","0.000000","164.135833",,"0.000000","1.920000","162.215833","0.500000","161.715833","20.305556","291.000000000000000000","291.00000000","296.70296804","2.9735000","25.661776790476583","2.9723196","34.6555221692775","3.052336448598131","0.9941558441558442","6.9523634881825584","1.918035426731079","1.8824372759856631","0.6928571428571428","1.649787955894826","5.146053639846743",,,
"2025-06-18","actual","EH5000","CONV","199683.0000","687","12","12","354.619722","0.000000","354.619722",,"71.765833","51.297778","231.556111","26.361389","205.194722","11.422778","290.659388646288209607","290.65938865","294.97569141","2.3202459","28.20758902645828","2.3841039","30.685930612974545","2.8794003115264797","0.7560131795716639","4.935365226337449","2.5493911719939115","0.8497474747474747","0.4675182481751825","1.3176501860712386","4.661622807017545",,,
"2025-06-19","actual","CAT793","AHS","308155.0000","1297","22","22","459.331389","0.000000","459.331389",,"0.000000","0.000000","459.331389","7.611111","451.720278","60.197222","237.590593677717810332","237.59059368","232.41996916","2.3528317","24.50512997870888","2.4269578","26.663048732622133","4.092545814759783","1.0833156779661017","5.760830573951435","3.071156462585034","1.4483333333333335","0.6621451565700908","0.7325711820534944","5.461396011396011",,,
"2025-06-19","actual","CAT793","CONV","307434.0000","1296","23","23","492.183611","0.000000","492.183611",,"25.530833","15.245000","451.407778","51.360556","400.047222","20.087500","237.217592592592592593","237.21759259","239.88348765","2.6620503","23.68298610420203","2.7793950","29.17731219537425","2.737420460107685","0.7308727412533641","6.744209420942094","2.7579626334519576","1.7510802469135802","0.4192860160540769","0.7720293933708569","5.715526463963964",,,
"2025-06-19","actual","EH4000","CONV","257542.0000","1134","17","17","380.686389","0.000000","380.686389",,"4.883333","3.759444","372.043611","33.790833","338.252778","16.042222","227.109347442680776014","227.10934744","225.18174603","2.1568894","28.31063812241941","2.2552617","28.300556688604775","2.9109016393442624","0.8570395738203958","4.571192052980133","3.233008356545961","2.012957746478873","0.5820883134130147","1.1338683527885862","4.781379514505625",,,
"2025-06-19","actual","EH5000","AHS","180975.0000","622","11","11","230.027222","0.000000","230.027222",,"0.000000","5.270556","224.756667","0.000000","224.756667","32.050278","290.956591639871382637","290.95659164","295.58987138","2.9721010","25.933985116474116","3.0469966","32.64987388448823","3.230093676814988","0.9288445552784704","6.8761534025374855","2.1395328719723183","2.6955607476635515","0.6624655647382921","1.5897041062801933","5.599402823018457",,,
"2025-06-19","actual","EH5000","CONV","148398.0000","510","8","8","219.173333","0.000000","219.173333",,"62.481667","12.921389","143.770278","14.609444","129.160833","10.019444","290.976470588235294118","290.97647059","290.42000000","1.8037564","25.744125725993854","1.9339427","32.52344371066522","2.366606498194946","0.7228193146417445","4.203886554621849","2.3807826694619147","1.6144444444444443","0.46399132321041214","1.3212606837606837","3.567782152230971",,,
"2025-06-20","actual","CAT793","AHS","280859.0000","1181","19","19","418.205556","0.000000","418.205556",,"0.000000","9.416667","408.788889","1.414722","407.374167","57.565000","237.814563928873835732","237.81456393","233.95469941","2.1979587","25.54426207632807","2.2534007","26.66614751062994","4.18771186440678","1.0442371475953565","5.162706270627063","3.0410381543921914","1.0392527899078117","0.6810577526679221","0.7536218250235184","5.070250284414106",,,
"2025-06-20","actual","CAT793","CONV","298708.0000","1258","26","26","542.148333","0.000000","542.148333",,"26.459444","12.457222","503.231667","59.128056","444.103611","24.270556","237.446740858505564388","237.44674086","243.82694754","2.9164323","24.490082784359462","3.1143614","29.858774481595294","4.025810810810811","0.8234321550741163","7.145175438596492","2.7804498269896194","1.5975826972010176","0.43800860719874807","0.7804560759106214","6.258183306055646",,,
"2025-06-20","actual","EH4000","CONV","228900.0000","1006","17","17","359.893611","0.000000","359.893611",,"0.639722","6.325833","352.928056","28.713056","324.215000","22.630833","227.534791252485089463","227.53479125","227.69105368","2.3561497","29.895108867766265","2.4388587","31.88445354666319","3.6306138933764136","0.8799673602611179","4.72883315546069","3.3953228621291447","1.9965635738831615","0.597621722846442","1.1486571008094189","4.589431704885344",,,
"2025-06-20","actual","EH5000","AHS","164673.0000","566","11","11","259.404444","0.000000","259.404444",,"0.346944","29.143333","229.914167","4.968333","224.945833","36.965278","290.941696113074204947","290.94169611","296.94399293","2.7068534","23.96079801777946","2.8254011","32.712158180226275","4.524899598393574","1.194037145650049","6.778205128205128","2.1048438495857233","1.8879629629629628","0.6682900432900433","1.6450468540829988","5.182295373665481",,,
"2025-06-20","actual","EH5000","CONV","144594.0000","497","9","9","179.859167","0.000000","179.859167",,"0.321944","10.683333","168.853889","14.244167","154.609722","7.416111","290.933601609657947686","290.93360161","291.30342052","2.3566573","24.682361273709798","2.5351911","30.919883677765124","2.808921933085502","0.6515261044176708","5.728764619883041","2.903484195402299","2.0380555555555557","0.4840963855421687","1.3278903903903905","4.9195355191256835",,,
"2025-06-21","actual","CAT793","AHS","288034.0000","1210","24","24","462.901944","0.000000","462.901944",,"0.000000","10.615278","452.286667","0.000000","452.286667","69.638333","238.044628099173553719","238.04462810","235.13424318","2.2923304","21.57560266875886","2.4646774","25.520124626406183","4.069314381270903","1.1266323024054983","6.3747848026120515","3.161219368172424","1.2844544095665171","0.6937559580552908","0.751026119402985","5.794667783361251",,,
"2025-06-21","actual","CAT793","CONV","294593.0000","1241","26","26","671.295278","0.000000","671.295278",,"225.781944","10.259722","435.253611","39.730000","395.523611","21.969167","237.383561643835616438","237.38356164","244.58912168","2.7987948","23.65001577843062","2.9910777","31.853824546704118","2.907393483709273","0.7107866043613706","7.100531753266484","2.7324474474474476","1.2507829977628637","0.4373883529832083","0.777415801070192","5.634006734006734",,,
"2025-06-21","actual","EH4000","CONV","202706.0000","891","17","17","324.607222","0.000000","324.607222",,"0.000000","3.077778","321.529444","17.845278","303.684167","35.544167","227.503928170594837262","227.50392817","227.13131313","2.1781700","27.735380099904347","2.3923420","30.263070606353644","3.594324853228963","1.0279424977538185","4.712039262820513","3.3198015873015874","1.7787337662337663","0.5791666666666667","1.134580216126351","4.743091732729331",,,
"2025-06-21","actual","EH5000","AHS","148572.0000","511","9","9","178.485000","0.000000","178.485000",,"0.731111","0.000000","177.753889","0.000000","177.753889","22.598056","290.747553816046966732","290.74755382","293.40880626","2.1158994","23.319571591553814","2.2977361","27.422636017108907","4.821239837398374","1.4302555168408828","5.444095038434662","2.65","1.4331372549019608","0.6777533039647577","1.5391414141414141","5.027385620915032",,,
"2025-06-21","actual","EH5000","CONV","187395.0000","644","11","11","229.573333","0.000000","229.573333",,"0.000000","25.833889","203.739444","17.822778","185.916667","13.509167","290.986024844720496894","290.98602484","297.06661491","2.2936475","28.674287505416896","2.1323789","32.25532716442085","3.273316062176166","0.7790970933828076","4.79938167509837","2.7225277777777777","1.8466101694915256","0.4569216757741348","1.289380787037037","3.966561348077936",,,
"2025-06-22","actual","CAT793","AHS","285473.0000","1199","22","22","478.785278","0.000000","478.785278",,"0.000000","2.776111","476.009167","0.640278","475.368889","72.725556","238.092577147623019183","238.09257715","237.67535624","2.4770185","24.005582671994397","2.5849755","25.2743099634682","4.464679582712369","1.0675984752223635","6.191106128550075","3.4155192703736392","0.8377637130801687","0.6506391818472356","0.755788330229671","6.136607892527288",,,
"2025-06-22","actual","CAT793","CONV","298886.0000","1256","26","26","502.590278","0.000000","502.590278",,"26.312500","14.395000","461.882778","47.540000","414.342778","26.287778","237.966560509554140127","237.96656051","243.13232484","3.0058150","23.853991007872676","3.2576258","30.932771242007753","3.165918163672655","0.6463901689708141","7.560533578656854","2.8123943236714974","1.7187993680884677","0.46582054309327037","0.738065447545717","6.3187855517633675",,,
"2025-06-22","actual","EH4000","CONV","197030.0000","868","17","17","347.976944","0.000000","347.976944",,"13.170556","17.165000","317.641389","21.498333","296.143056","30.367778","226.993087557603686636","226.99308756","227.86797235","2.3139272","28.631030445194963","2.5152454","29.395708318958093","3.63840063341251","0.9214250124564026","4.849131513647643","3.0108374384236454","2.459677419354839","0.5866222222222223","1.210509138381201","5.133903301886792",,,
"2025-06-22","actual","EH5000","AHS","132231.0000","455","8","8","175.720278","0.000000","175.720278",,"0.000000","3.338056","172.382222","0.000000","172.382222","27.292778","290.617582417582417582","290.61758242","290.66769231","3.3336770","37.785964628528916","3.3743348","36.6519427433965","3.772256097560976","1.612300319488818","5.29351630867144","2.7009062253743106","1.600111111111111","0.6484166666666666","1.4761670761670762","5.523856932153392",,,
"2025-06-22","actual","EH5000","CONV","182361.0000","627","13","13","280.711389","0.000000","280.711389",,"67.257500","13.890556","199.563333","18.358056","181.205278","9.646111","290.846889952153110048","290.84688995","296.45948963","2.2432616","25.74720764638576","2.5991198","32.81056158362084","2.8302785265049417","0.8685909980430527","5.227584204413473","2.7421534936998855","1.6322344322344322","0.4957051282051282","1.2745960502692997","4.752956989247312",,,
"2025-06-23","actual","CAT793","AHS","317409.0000","1335","24","24","509.090000","0.000000","509.090000",,"0.750278","3.279167","505.060556","0.127500","504.933056","57.021111","237.759550561797752809","237.75955056","234.77573034","2.5893759","23.706450977432254","2.7385827","26.840880878406452","4.217038777908344","1.0710097719869707","6.553598180845372","3.1615192206424436","1.6280303030303032","0.6833619456366237","0.7706566916043226","6.121817042606517",,,
"2025-06-23","actual","CAT793","CONV","265321.0000","1117","23","23","465.011667","0.000000","465.011667",,"0.000000","16.746944","448.264722","52.042222","396.222500","30.631111","237.529991047448522829","237.52999105","240.64932856","3.1454304","25.904341942515043","3.3730284","31.451955879942375","3.465916955017301","0.659662775616083","7.285489993098689","3.010544217687075","1.04518779342723","0.41157407407407404","0.7587738223660554","6.434630163304515",,,
"2025-06-23","actual","EH4000","CONV","222872.0000","980","17","17","413.088611","0.000000","413.088611",,"65.481944","8.718333","338.888333","23.430833","315.457500","22.647778","227.420408163265306122","227.42040816","227.11581633","2.1333313","28.24065927196044","2.3721018","28.26581343591296","3.409667294413057","0.9549689440993789","4.532467771639043","3.0743995633187775","2.330465502909393","0.6086078431372549","1.1190367842244975","5.035273735273735",,,
"2025-06-23","actual","EH5000","AHS","177219.0000","609","11","11","230.118889","0.000000","230.118889",,"9.491111","1.745000","218.882778","0.200000","218.682778","33.555833","291.000000000000000000","291.00000000","294.42528736","2.7741749","26.92150086279537","2.8685611","30.47041810308239","3.2657004830917873","1.3033720930232557","6.182808857808857","1.9834488734835356","1.1918848167539267","0.6916124367317427","1.5792727272727272","5.648549534756431",,,
"2025-06-23","actual","EH5000","CONV","171513.0000","590","10","10","183.336111","0.000000","183.336111",,"0.310833","5.686667","177.338611","18.646944","158.691667","9.908056","290.700000000000000000","290.70000000","295.58491525","2.2846508","27.50633467486595","2.3731380","31.78148132980618","1.7956363636363635","0.604661558109834","4.9835446859903385","2.4770011947431305","0.49247311827956985","0.45063011972274736","1.2008069522036002","4.48022792022792",,,
"2025-06-24","actual","CAT793","AHS","356686.0000","1498","27","27","528.535556","0.000000","528.535556",,"0.000000","3.810833","524.724722","0.276944","524.447778","63.288889","238.108144192256341789","238.10814419","236.50995324","2.6597237","24.60675867497766","2.7277822","28.776646306792788","3.231731601731602","1.0242610477026632","6.485349172066234","3.157640369580668","1.54820193637621","0.6683252427184466","0.7669680984677216","5.687491525423728",,,
"2025-06-24","actual","CAT793","CONV","229272.0000","966","22","22","480.205833","0.000000","480.205833",,"120.203611","3.310833","356.691389","34.277222","322.414167","16.725556","237.341614906832298137","237.34161491","241.41656315","2.9065011","24.4600753480978","3.0783270","30.382195390009965","3.1076655052264806","0.7083333333333334","7.129580081753995","3.038412174550788","1.4727272727272727","0.3851825168107589","0.7658702408702408","6.079205851619645",,,
"2025-06-24","actual","EH4000","CONV","234892.0000","1033","16","16","361.547222","0.000000","361.547222",,"2.620278","12.227222","346.699722","22.591389","324.108333","46.538333","227.388189738625363020","227.38818974","226.08276864","1.7922803","27.160514282057644","1.9237191","28.882834368818987","2.8915020945541596","0.8926199261992619","3.959307135470527","3.064366053169734","2.529695431472081","0.5886274509803922","1.1079356471438901","3.996254125412541",,,
"2025-06-24","actual","EH5000","AHS","213003.0000","732","12","12","246.367778","0.000000","246.367778",,"0.000000","0.471389","245.896389","0.000000","245.896389","26.886389","290.987704918032786885","290.98770492","299.80614754","3.2934161","29.345604743256487","3.4398900","38.113370665743496","2.801536643026005","0.9876163873370577","6.733715925394548","1.957132667617689","2.6378494623655917","0.6792817679558011","1.5841816367265469","5.415249199817101",,,
"2025-06-24","actual","EH5000","CONV","169278.0000","583","9","9","192.868333","0.000000","192.868333",,"0.000000","9.845833","183.022500","26.454444","156.568056","8.138889","290.356775300171526587","290.35677530","290.27066895","2.5090686","28.15327466104414","2.5885215","35.23533483050348","1.6800132802124834","0.5694113756613757","5.347303921568627","2.3108378870673953","1.6432692307692307","0.5129175187457397","1.2115191462649089","4.4078278451761985",,,
"2025-06-25","actual","CAT793","AHS","275965.0000","1159","25","25","419.851389","0.000000","419.851389",,"0.000000","1.082500","418.768889","0.164444","418.604444","45.636944","238.106125970664365833","238.10612597","237.07704918","2.3121134","21.173244816117094","2.6298179","26.13166489154846","3.832098765432099","1.0050587741393786","6.551986018430251","3.0607209737827716","1.5265220012055456","0.6843251653053286","0.7777499999999999","6.038232720909886",,,
"2025-06-25","actual","CAT793","CONV","227897.0000","959","20","20","400.817778","0.000000","400.817778",,"31.046667","6.198333","363.572778","34.835556","328.737222","32.469722","237.640250260688216893","237.64025026","241.91334724","2.7387858","25.479211206164845","2.7875717","29.035406222659383","3.2105555555555556","0.6543500252908446","6.449459783913565","3.1432624113475174","2.800478927203065","0.43223860589812335","0.7931592039800995","5.7603568800588665",,,
"2025-06-25","actual","EH4000","CONV","182184.0000","801","17","17","321.249167","0.000000","321.249167",,"13.170833","3.847222","304.231111","19.669444","284.561667","40.345000","227.445692883895131086","227.44569288","227.77066167","2.8618788","29.78581680059635","3.0513199","32.749187580234576","3.24429347826087","0.7647953216374269","5.764915870850387","2.759041835357625","2.2525122549019607","0.5650681341719077","1.058676122931442","5.590343074968233",,,
"2025-06-25","actual","EH5000","AHS","156504.0000","538","12","12","190.005556","0.000000","190.005556",,"0.000000","1.675556","188.330000","3.102222","185.227778","19.765556","290.899628252788104089","290.89962825","293.94944238","2.3382952","21.19311456754566","2.3550071","25.674470041957097","3.4284591194968557","0.8881336405529954","6.6199666666666666","2.5020792079207923","1.7772108843537415","0.647228637413395","1.6394828791055207","5.503538175046555",,,
"2025-06-25","actual","EH5000","CONV","143679.0000","495","9","9","156.061389","0.000000","156.061389",,"0.000000","3.206389","152.855000","15.726111","137.128889","6.697778","290.260606060606060606","290.26060606","290.57252525","2.6758707","29.536437828784692","2.7881677","36.391159500055046","2.243560606060606","0.562278675904542","5.43573476702509","2.2302061122956642","3.6947916666666667","0.46321428571428575","1.189532293986637","4.596997300944669",,,
"2025-06-26","actual","CAT793","AHS","329139.0000","1383","24","24","499.877222","0.000000","499.877222",,"0.000000","0.469444","499.407778","2.700000","496.707778","59.265000","237.989154013015184382","237.98915401","237.73535792","2.2799237","20.568713100546027","2.6848324","27.64143915310782","4.127263530601922","1.0597236265588135","6.650655358519661","3.005361216730038","1.639813414019163","0.6806899641577061","0.8300373632239124","5.827842143374366",,,
"2025-06-26","actual","CAT793","CONV","241678.0000","1012","23","23","479.695000","0.000000","479.695000",,"20.680278","42.336944","416.677778","47.057500","369.620278","27.635556","238.812252964426877470","238.81225296","243.33389328","3.3961175","26.08750075123796","3.4035435","31.777827124514783","3.0598528470889317","0.6380484114977307","7.810907297830374","3.0105919003115265","2.0933080808080806","0.4060981201283815","0.7719800747198008","6.42626096491228",,,
"2025-06-26","actual","EH4000","CONV","240152.0000","1055","17","17","370.595278","0.000000","370.595278",,"6.520000","10.850278","353.225000","21.970833","331.254167","24.883333","227.632227488151658768","227.63222749","230.45687204","2.5820503","29.385457918807628","2.6634986","31.677942699431892","2.9445799457994584","0.6573481116584564","5.272098138747885","2.746475327291037","2.0509925558312654","0.5933765298776098","1.0562303664921466","5.044832535885167",,,
"2025-06-26","actual","EH5000","AHS","151320.0000","520","9","9","197.559167","0.000000","197.559167",,"0.000000","4.111944","193.447222","0.000000","193.447222","22.615000","291.000000000000000000","291.00000000","301.88538462","2.4165288","21.404122131055797","2.4339077","26.629773415862456","3.4576190476190476","1.0142737195633922","6.77400956284153","2.226411290322581","2.227905491698595","0.6838971106412967","1.7490425531914895","5.483879254977521",,,
"2025-06-26","actual","EH5000","CONV","173817.0000","600","13","13","221.418889","0.000000","221.418889",,"3.430833","11.644444","206.343611","19.708056","186.635556","11.809722","289.695000000000000000","289.69500000","295.95616667","3.0303798","27.915550366117408","3.1781477","35.58101118651344","2.646516007532957","0.5782105263157895","6.513315539739027","2.5012323943661974","1.74508547008547","0.5023432343234323","1.1529393370856786","5.359287317620651",,,
"2025-06-27","actual","CAT793","AHS","348145.0000","1465","26","26","504.515278","0.000000","504.515278",,"0.000000","14.194444","490.320833","0.001944","490.318889","65.616944","237.641638225255972696","237.64163823","233.67549488","2.0644087","21.25182366039374","2.2868085","24.11894169759036","3.2631220657276994","1.0045628102329134","5.828418491484185","2.932231008866523","1.2874213836477988","0.6932065217391304","0.7422372711311763","5.68882796435915",,,
"2025-06-27","actual","CAT793","CONV","272773.0000","1147","23","23","452.520278","0.000000","452.520278",,"0.000000","21.036389","431.483889","44.332222","387.151667","19.692778","237.814298169136878814","237.81429817","245.72598082","3.1914033","25.12612337904054","3.3061764","30.8997737766715","2.9892899061032865","0.6189750105887336","7.620920868347339","2.9317946058091287","1.138157894736842","0.4098456403838131","0.7686101943527687","6.4198070003271175",,,
"2025-06-27","actual","EH4000","CONV","235778.0000","1035","17","17","370.566944","0.000000","370.566944",,"1.717500","0.743333","368.106111","32.768333","335.337778","29.480556","227.804830917874396135","227.80483092","230.17893720","2.5589719","29.922658612944637","2.7166968","31.71595259920496","3.5588659793814434","0.7470635884973673","5.131172199170124","2.944472789115646","1.9752592592592593","0.6178079496261315","1.0464921652421653","5.139426523297491",,,
"2025-06-27","actual","EH5000","AHS","165864.0000","570","10","10","222.588056","0.000000","222.588056",,"25.320833","3.492500","193.774722","0.672500","193.102222","13.923889","290.989473684210526316","290.98947368","293.41403509","2.4928070","22.71207949178752","2.5078754","28.991145868355233","2.872829581993569","0.9191562932226832","6.585412844036697","2.468390804597701","2.1152140672782873","0.6294422827496757","1.7443693693693694","5.190292397660818",,,
"2025-06-27","actual","EH5000","CONV","179625.0000","619","11","11","237.336944","0.000000","237.336944",,"37.112778","3.638889","196.585278","21.690833","174.894444","9.438889","290.185783521809369952","290.18578352","297.00985460","2.5884822","27.61995191214825","2.7573463","35.056076243679264","2.961410984848485","0.5874691358024691","5.623070325900515","2.228526734926052","0.974712643678161","0.526882776686313","1.1959443457667258","4.719318181818182",,,
"2025-06-28","actual","CAT793","AHS","347379.0000","1455","29","29","540.089722","0.000000","540.089722",,"9.857222","9.108333","521.124167","0.023333","521.100833","78.311667","238.748453608247422680","238.74845361","234.94082474","2.2080415","21.005239018059157","2.7130987","27.599185577416165","3.4287220026350465","0.9962585034013606","6.307116519174041","3.0782481751824817","1.8645833333333333","0.6739692805173808","0.7885017866258295","5.8982146970744065",,,
"2025-06-28","actual","CAT793","CONV","219409.0000","919","21","21","403.446389","0.000000","403.446389",,"1.884444","4.761667","396.800278","43.171111","353.629167","24.135000","238.747551686615886834","238.74755169","244.44036997","4.0290268","27.9550460017835","3.9037981","32.5717057376693","3.7614285714285716","0.5864932885906041","8.647512437810946","3.4684816290393976","1.6929924242424241","0.4264831804281346","0.7268095238095238","7.191145833333334",,,
"2025-06-28","actual","EH4000","CONV","236454.0000","1039","17","17","363.229167","0.000000","363.229167",,"33.135000","1.089722","329.004444","25.887222","303.117222","29.123611","227.578440808469682387","227.57844081","229.64003850","2.3048075","30.178659362527533","2.4490843","32.189166711324624","2.5546607009694258","0.7212336892052195","4.582325819672131","2.9977157360406093","1.4879084967320262","0.5939845474613688","1.058386075949367","4.56504697116942",,,
"2025-06-28","actual","EH5000","AHS","169329.0000","582","9","9","189.820278","0.000000","189.820278",,"0.000000","0.000000","189.820278","0.000000","189.820278","22.661389","290.943298969072164948","290.94329897","297.22508591","2.4951396","22.882706845761923","2.5485262","30.35612130823588","2.7883049242424245","0.7720620842572061","6.542424242424243","2.045863309352518","1.9290697674418604","0.637632275132275","1.559724828017511","5.037256586483391",,,
"2025-06-28","actual","EH5000","CONV","199848.0000","689","12","12","249.943056","0.000000","249.943056",,"0.936389","26.076944","222.929722","25.235833","197.693889","11.953611","290.055152394775036284","290.05515239","297.99782293","2.5686497","27.062576066883047","2.6848000","34.977445424593476","2.1790018832391715","0.5761044176706828","5.69491173416407","2.4841013824884794","2.609748427672956","0.5075940860215054","1.1808413719185424","4.605482134116496",,,
"2025-06-29","actual","CAT793","AHS","337915.0000","1417","26","26","552.719722","0.000000","552.719722",,"4.004722","11.432500","537.282500","0.003889","537.278611","91.828611","238.472124206069160198","238.47212421","230.67127735","2.5292735","24.362725373912514","2.7897232","29.35077780882225","4.179892205638475","1.125441384180791","6.229040785498489","3.016381236038719","1.2129124820659973","0.6947490571511459","1.0152065245987898","5.702860520094562",,,
"2025-06-29","actual","CAT793","CONV","220114.0000","922","24","24","428.504167","0.000000","428.504167",,"17.628333","29.991111","380.884722","42.673889","338.210833","18.913333","238.735357917570498915","238.73535792","242.58134490","4.2206505","26.82854936921072","4.2706874","34.101113777355984","2.7929517133956385","0.6268987341772152","9.439162234042554","2.9092495636998255","1.7503703703703704","0.44781181619256016","0.7348804500703234","7.514160554197229",,,
"2025-06-29","actual","EH4000","CONV","210520.0000","926","16","16","362.729444","0.000000","362.729444",,"11.720833","22.716667","328.291944","29.485833","298.806111","40.715000","227.343412526997840173","227.34341253","229.50064795","2.5564481","29.098638082360804","2.5785837","30.556228062411183","2.7340388007054677","0.6134831460674157","5.271273712737127","2.8561181434599154","1.7937675070028012","0.5395296246042515","1.0635479951397326","5.063289280469897",,,
"2025-06-29","actual","EH5000","AHS","152766.0000","525","10","10","203.938056","0.000000","203.938056",,"0.000000","25.595278","178.342778","0.000000","178.342778","26.330833","290.982857142857142857","290.98285714","297.53219048","2.2773308","22.0834792368214","2.3333981","28.831490232868294","2.583764367816092","0.7480562448304384","6.187423935091278","1.9618951612903226","1.7172153635116598","0.6596431283219438","1.6544281729428174","4.855936507936508",,,
"2025-06-29","actual","EH5000","CONV","232902.0000","802","13","13","337.200556","0.000000","337.200556",,"78.726667","20.788889","237.685000","22.273611","215.411389","12.630000","290.401496259351620948","290.40149626","294.57182045","2.4015773","25.98648182072145","2.6059762","35.28608084881543","1.8696261682242992","0.6095384615384615","5.544984465157568","2.3999561403508776","1.4608614232209738","0.5039641203703703","1.2114239926739927","4.431168558217738",,,
"2025-06-30","actual","CAT793","AHS","291491.0000","1223","25","25","502.472222","0.000000","502.472222",,"0.000000","30.326111","472.146111","0.675833","471.470278","65.814167","238.340964840556009812","238.34096484","237.23286999","2.5087573","23.21755671194403","2.5468601","25.173490974480952","4.534912008281574","1.2993073593073594","6.483259193357058","3.3787759275489337","1.5254355400696864","0.6638598326359832","0.7119555143651529","6.070338283828383",,,
"2025-06-30","actual","CAT793","CONV","247384.0000","1036","24","24","470.744167","0.000000","470.744167",,"1.589722","21.591389","447.563056","50.748889","396.814167","16.935556","238.787644787644787645","238.78764479","245.81698842","4.2068369","27.17924447035587","4.3428533","34.42599032285508","3.0939930555555555","0.5945347786811201","9.286873822975517","2.9796461824953444","1.7754666666666667","0.4253026070763501","0.7579881656804733","7.5690254820936635",,,
"2025-06-30","actual","EH4000","CONV","225294.0000","992","15","15","344.033333","0.000000","344.033333",,"0.000000","0.992778","343.040556","21.931667","321.108889","41.984722","227.110887096774193548","227.11088710","229.23383838","2.3588691","29.05126974917221","2.4503238","31.607755634647532","2.520573476702509","0.7027194066749073","4.8718058529621695","3.087838789158747","2.0960806697108065","0.608139984532096","1.05","4.651371951219512",,,
"2025-06-30","actual","EH5000","AHS","169944.0000","584","11","11","223.143056","0.000000","223.143056",,"0.000000","7.544444","215.598611","0.006944","215.591667","20.521944","291.000000000000000000","291.00000000","298.93407534","2.4468305","21.665609950404782","2.4988937","29.27452818821691","3.7884362139917696","0.9740860215053764","6.776168791742562","2.31378896882494","2.434934756820878","0.6952227011494253","1.7042378241619227","5.121640937678674",,,
"2025-06-30","actual","EH5000","CONV","182223.0000","628","10","10","208.218889","0.000000","208.218889",,"0.000000","8.354722","199.864167","22.478333","177.385833","8.689167","290.164012738853503185","290.16401274","296.00159236","2.4550927","27.297764558721337","2.5682010","35.49711294044049","2.3488210075026794","0.6307367149758455","5.396249999999999","2.5536975717439296","0.9557291666666666","0.5238408521303258","1.2339732402559629","4.340974440894569",,,
"2025-07-01","actual","CAT793","AHS","294683.0000","1241","21","21","467.033333","0.000000","467.033333",,"0.000000","23.774444","443.258889","6.470000","436.788889","41.992222","237.456083803384367446","237.45608380","239.74311039","2.4445708","22.57333136036418","2.5832413","28.798480125073404","3.024393090569561","1.0465124816446403","6.497678417884781","3.5083333333333333","1.1304655870445344","0.6787514318442154","0.7927911826035151","5.382036736898973",,,
"2025-07-01","actual","CAT793","CONV","290774.0000","1220","27","27","542.037778","0.000000","542.037778",,"0.000000","10.697222","531.340556","58.744444","472.596111","25.292500","238.339344262295081967","238.33934426","245.22827869","4.0750175","26.01311301442458","4.2046703","31.725281192007532","2.945806451612903","0.6812691131498471","9.399146110056927","3.2049532710280375","1.1412429378531073","0.4487136465324385","0.7212197580645161","7.952024647887324",,,
"2025-07-01","actual","EH4000","CONV","175568.0000","772","15","15","401.282222","18.000833","383.281389",,"119.620278","3.805833","259.855278","20.872222","238.983056","19.978056","227.419689119170984456","227.41968912","231.97963684","2.1915219","28.582619688301488","2.2773828","27.86691510973129","2.5065406976744184","0.7148859209794102","4.600394065832174","3.1821444901691813","1.892797783933518","0.6459133431806993","1.069875478927203","4.903412073490814",,,
"2025-07-01","actual","EH5000","AHS","146373.0000","503","11","11","251.462778","0.000000","251.462778",,"66.105000","11.743889","173.613889","0.251667","173.362222","13.223056","291.000000000000000000","291.00000000","295.84512922","2.4442107","20.943343824379784","2.4826521","26.71650575075771","2.6273615635179155","0.7950102880658437","7.002350877192982","2.1552321552321554","2.2421296296296296","0.6579032258064517","1.809287812041116","5.575546719681909",,,
"2025-07-01","actual","EH5000","CONV","209049.0000","720","11","11","228.119722","0.000000","228.119722",,"0.000000","4.264444","223.855278","21.692500","202.162778","9.242778","290.345833333333333333","290.34583333","292.06333333","2.5947194","27.283276057946825","2.7073156","33.082562875221655","2.066891891891892","0.5184722222222222","5.706175595238095","2.380857843137255","1.5350168350168352","0.46582940868655154","1.2659552845528455","4.910107376283847",,,
"2025-07-02","actual","CAT793","AHS","284914.0000","1204","23","23","457.459444","0.000000","457.459444",,"1.409167","2.540278","453.510000","0.893056","452.616944","70.390556","236.639534883720930233","236.63953488","231.49734219","2.3424542","21.571368296537365","2.5042402","25.39630919107507","3.9633827160493826","1.1206328565236239","6.515453728661275","3.25929855585028","1.1153614457831327","0.675101965146459","0.7525054466230937","5.9163877266387725",,,
"2025-07-02","actual","CAT793","CONV","300035.0000","1259","28","28","567.466944","0.000000","567.466944",,"14.103889","18.475000","534.888056","55.572778","479.315278","20.948056","238.312152501985702939","238.31215250","245.47990469","3.8147174","26.03798224597917","3.9546728","32.38956859647616","3.139167935058346","0.7067859806114839","8.790352564102564","3.1087893081761004","1.3408163265306121","0.4157474020783373","0.7340863453815261","7.3258267486098925",,,
"2025-07-02","actual","EH4000","CONV","151958.0000","667","12","12","240.015278","0.000000","240.015278",,"0.000000","11.205278","228.810000","17.747778","211.062222","12.099444","227.823088455772113943","227.82308846","230.65187406","2.8001083","33.56976600337847","2.8883092","33.707869213621386","2.8965151515151515","0.762145390070922","5.004696725711218","3.242993630573248","1.4961228600201408","0.6564579808234631","1.055232558139535","5.141189759036144",,,
"2025-07-02","actual","EH5000","AHS","166440.0000","572","11","11","228.046389","0.000000","228.046389",,"0.000000","20.040000","208.006389","2.723889","205.282500","32.306667","290.979020979020979021","290.97902098","302.60139860","2.7149982","27.656038381789877","2.8265368","36.25124074101852","3.425739875389408","0.726965811965812","5.890210656753408","2.4525735294117648","1.704952380952381","0.5973282442748091","1.7513346354166666","4.678245614035088",,,
"2025-07-02","actual","EH5000","CONV","165810.0000","571","10","10","218.432500","0.000000","218.432500",,"2.312222","8.427778","207.692500","15.896111","191.796389","6.454722","290.385288966725043783","290.38528897","297.16549912","3.2738529","28.172304540763214","3.3292232","32.5725323255925","2.561954022988506","0.5318347953216375","6.972492211838006","2.5795132470733213","1.8447194719471947","0.5153517422748192","1.2203346203346201","6.1325717633274754",,,
"2025-07-03","actual","CAT793","AHS","334636.0000","1408","23","23","503.169444","0.000000","503.169444",,"0.000000","34.855833","468.313611","0.724444","467.589167","65.532778","237.667613636363636364","237.66761364","235.62038352","2.2158191","22.18017843749604","2.3280283","26.236657744090458","3.0241734417344173","1.016137040714995","5.994052138699064","2.989807162534435","1.4759206798866855","0.6681602456728085","0.7604626708727655","5.323913562559694",,,
"2025-07-03","actual","CAT793","CONV","301084.0000","1264","28","28","602.290278","0.000000","602.290278",,"38.576389","34.758333","528.955556","55.023056","473.932500","19.599722","238.199367088607594937","238.19936709","244.09667722","3.8743052","27.429277966984042","4.0584976","32.97222899188956","3.518628950050968","0.7990438695163105","8.47482432019554","3.0165608945300693","1.999551971326165","0.4639549436795995","0.7517441860465116","7.385301614273577",,,
"2025-07-03","actual","EH4000","CONV","164762.0000","723","13","13","308.217778","0.000000","308.217778",,"40.417778","3.999444","263.800556","15.202500","248.598056","29.133611","227.886583679114799447","227.88658368","231.75975104","2.5377844","30.55997159148293","2.6872486","32.00973986633719","3.4644949494949495","0.8012408347433728","4.982565626547796","3.2231755424063113","2.3384839650145772","0.6325968357883252","1.0511755485893417","5.037057991513437",,,
"2025-07-03","actual","EH5000","AHS","151005.0000","519","11","11","183.828333","0.000000","183.828333",,"0.000000","5.006944","178.821389","0.264444","178.556944","23.888333","290.953757225433526012","290.95375723","299.22870906","2.4687707","22.2189363","2.6781718","29.977272102226774","3.2999555555555555","0.7884234234234234","6.666666666666667","2.2856754921928037","1.994186046511628","0.5929136975455265","1.698100358422939","5.360404624277456",,,
"2025-07-03","actual","EH5000","CONV","201054.0000","692","12","12","247.219444","0.000000","247.219444",,"30.910556","1.062778","215.246111","21.308056","193.938056","8.801389","290.540462427745664740","290.54046243","294.04725434","2.6830679","27.62801506945243","2.8581771","34.215148844921984","2.5881836945304437","0.6224471830985916","5.826841834106131","2.473148148148148","2.9132911392405063","0.484160756501182","1.5302956989247312","5.012125675012273",,,
"2025-07-04","actual","CAT793","AHS","319816.0000","1348","28","28","557.528889","0.000000","557.528889",,"6.485833","25.644167","525.398889","2.836944","522.561944","77.683333","237.252225519287833828","237.25222552","220.84718101","2.8308337","23.969434382947956","3.0450953","27.03401382426556","4.521150097465887","1.223908523908524","7.086108887109687","2.896199524940618","1.3494415049970605","0.6443033854166667","0.7916317407096954","6.7583644510828975",,,
"2025-07-04","actual","CAT793","CONV","221076.0000","924","22","22","397.731667","0.000000","397.731667",,"0.000000","8.864722","388.866944","36.973611","351.893333","36.785556","239.259740259740259740","239.25974026","243.37716450","3.0971974","25.405065499264808","3.3720088","30.238172925712817","3.8136971046770602","0.8592459605026931","7.314755555555555","3.296671046868156","2.9961309523809523","0.46424019607843137","0.7208626347866854","6.69089790897909",,,
"2025-07-04","actual","EH4000","CONV","131928.0000","580","11","11","245.118056","0.000000","245.118056",,"0.000000","2.576667","242.541389","15.318889","227.222500","38.331389","227.462068965517241379","227.46206897","229.52637931","2.9328648","29.037172988740053","2.9903717","31.4956922434147","3.3642348754448395","0.8028322440087146","6.06022797288971","3.0302559414990857","2.785385878489327","0.6019177126917712","1.0177450980392158","5.696725146198831",,,
"2025-07-04","actual","EH5000","AHS","90786.0000","312","7","7","148.236944","0.000000","148.236944",,"30.556389","2.857500","114.823056","0.000000","114.823056","13.709167","290.980769230769230769","290.98076923","304.92179487","2.8381897","22.638781961564554","2.9793344","31.16746514864764","3.884080717488789","0.7653248587570621","7.522108843537414","2.381152125279642","2.077127659574468","0.6396510228640192","1.5417865707434053","5.7354700854700855",,,
"2025-07-04","actual","EH5000","CONV","282300.0000","971","15","15","330.360833","0.000000","330.360833",,"0.425833","2.996111","326.938889","31.423889","295.515000","16.936944","290.731204943357363543","290.73120494","290.28630278","2.4851022","27.108206687895102","2.5770983","33.01963328340723","3.148770983213429","0.7142462845010616","5.500405604719764","2.588864549105513","1.8271689497716894","0.44246487867177525","1.3125284738041003","4.682847222222223",,,
"2025-07-05","actual","CAT793","AHS","325507.0000","1369","28","28","558.196111","0.000000","558.196111",,"5.377500","9.299167","543.519444","0.000000","543.519444","74.130278","237.769905040175310446","237.76990504","214.88524470","3.1561310","24.375377183419648","3.2901852","28.727787982972128","3.790824534942182","1.1343434343434344","7.768817629981526","2.741301512780386","1.412900641025641","0.6521453590192645","0.7981757877280266","6.871782544378698",,,
"2025-07-05","actual","CAT793","CONV","226786.0000","946","22","22","605.107778","0.000000","605.107778",,"173.835000","10.954444","420.318333","46.785000","373.533333","22.451111","239.731501057082452431","239.73150106","244.29862579","4.0136695","26.093239539348335","4.1056928","30.099811954242615","3.298438719750195","0.7933278867102396","9.229217002237137","3.0107001321003963","1.4739463601532568","0.4711698482623593","0.7252482269503546","8.184156378600823",,,
"2025-07-05","actual","EH4000","CONV","156244.0000","687","13","13","252.956389","0.000000","252.956389",,"1.306389","0.000000","251.650000","12.461389","239.188611","31.345833","227.429403202328966521","227.42940320","230.43391557","2.3882475","27.23710785405622","2.4943904","29.71040694066612","2.7906965174129352","0.7023809523809524","5.261015625","3.1725731895223417","1.784904761904762","0.6523497267759563","1.0773615635179152","5.037407407407408",,,
"2025-07-05","actual","EH5000","AHS","171078.0000","588","11","11","194.601667","0.000000","194.601667",,"0.000000","0.516111","194.085556","0.311389","193.774167","21.346111","290.948979591836734694","290.94897959","303.48401361","2.5696327","24.002057092617914","2.6872551","31.431591968108403","2.9557251908396944","0.8032246376811595","6.423531175059952","2.2833630421865716","2.2072829131652663","0.6950094161958569","1.5589598997493732","5.129721274175199",,,
"2025-07-05","actual","EH5000","CONV","214242.0000","738","13","13","293.029167","0.000000","293.029167",,"0.849444","26.080000","266.099722","27.106667","238.993056","13.526389","290.300813008130081301","290.30081301","293.54227642","2.9702459","27.75541377979707","3.1893093","35.16690725407515","2.3349040139616055","0.5890429581294182","6.420900636319138","2.7140988372093022","2.3878006872852233","0.4957236842105263","1.2596464646464647","5.441438356164383",,,
"2025-07-06","actual","CAT793","AHS","291252.0000","1224","27","27","538.893889","0.000000","538.893889",,"0.302222","1.414444","537.177222","0.000000","537.177222","96.756667","237.950980392156862745","237.95098039","216.05833333","3.2625562","23.22998646440177","3.3148994","27.19585855458128","3.9149237472766885","1.1143129770992366","8.426753597122303","2.8287596210775607","1.779421433267587","0.6514223560910308","0.8194655281467426","7.313391618096031",,,
"2025-07-06","actual","CAT793","CONV","229519.0000","961","21","21","475.123889","0.000000","475.123889",,"34.556944","27.579722","412.987222","45.441111","367.546111","17.984444","238.833506763787721124","238.83350676","244.86482830","3.7471225","24.036660595141463","3.7914578","29.476679541019646","3.429900839054157","0.7385259631490787","9.353518518518518","2.7681921675774133","1.1996124031007753","0.4322801474460242","0.763357843137255","7.717540494458652",,,
"2025-07-06","actual","EH4000","CONV","146766.0000","646","13","13","289.647778","0.000000","289.647778",,"21.312778","1.401944","266.933056","23.198056","243.735000","33.730833","227.191950464396284830","227.19195046","229.39969040","2.7011433","26.83330875668638","2.8917201","31.43319102469421","3.371264367816092","0.8228000000000001","6.03982905982906","3.273076923076923","2.4464088397790054","0.5431444241316271","1.1414728682170543","5.519745222929936",,,
"2025-07-06","actual","EH5000","AHS","136476.0000","469","10","10","181.842222","0.000000","181.842222",,"0.000000","0.316111","181.526111","1.262222","180.263889","34.433056","290.993603411513859275","290.99360341","306.12579957","2.4095778","22.77847225035753","2.5859638","31.757648591296746","4.535347432024169","0.9476328502415459","6.34698703279939","2.327702191987906","2.157948717948718","0.6789578361177406","1.5317063492063492","4.885683760683761",,,
"2025-07-06","actual","EH5000","CONV","197340.0000","680","14","14","259.263056","0.000000","259.263056",,"6.232500","23.542500","229.488056","20.817222","208.670833","10.391389","290.205882352941176471","290.20588235","293.40735294","3.1454021","30.43032975206398","3.3606024","37.94220881758898","2.813716814159292","0.6097583643122676","6.201842948717949","2.693776371308017","1.461168384879725","0.5199165175909362","1.2762777777777778","5.314296407185628",,,
"2025-07-07","actual","CAT793","AHS","313127.0000","1319","27","27","555.280556","0.000000","555.280556",,"15.247222","8.888056","531.145278","1.135000","530.010278","69.180556","237.397270659590598939","237.39727066","225.97028052","3.0880094","23.492959400823555","3.2167537","27.926971979897274","4.212420693020985","1.0311804808037315","7.886642156862745","2.7869442198868226","2.158651026392962","0.665947242206235","0.746951566951567","6.911068702290077",,,
"2025-07-07","actual","CAT793","CONV","220697.0000","929","23","23","394.757778","0.000000","394.757778",,"14.933333","4.483889","375.340556","42.066111","333.274444","15.966111","237.564047362755651238","237.56404736","244.65608181","3.7618737","27.705814898211305","3.8893643","33.74080809416171","2.8496842105263154","0.7009481037924151","8.146752688172043","2.97881679389313","2.067728237791932","0.4467639902676399","0.704862053369516","6.916309098132698",,,
"2025-07-07","actual","EH4000","CONV","204538.0000","899","13","13","278.544722","0.000000","278.544722",,"0.000000","0.158889","278.385833","14.169444","264.216389","30.044722","227.517241379310344828","227.51724138","229.98520578","2.0149858","28.457242528833355","2.1027136","31.36683671643464","2.6048879837067207","0.6993412384716733","4.24844915586965","3.1190198366394397","1.488245033112583","0.5781630937368641","1.1315173527037934","4.022172115745961",,,
"2025-07-07","actual","EH5000","AHS","148119.0000","509","10","10","177.256389","0.000000","177.256389",,"0.000000","0.360000","176.896389","0.000000","176.896389","24.190833","291.000000000000000000","291.00000000","299.55759369","2.4963215","23.07167679238872","2.7135512","30.518215621013894","3.5985074626865674","0.8094771241830065","6.491911764705882","2.37990297990298","2.639423076923077","0.6447290274684484","1.6326039387308533","5.334947299077735",,,
"2025-07-07","actual","EH5000","CONV","176334.0000","608","12","12","259.365556","0.000000","259.365556",,"0.000000","53.083889","206.281667","21.814444","184.467222","9.246111","290.023026315789473684","290.02302632","294.00592105","2.8793524","29.227780164363768","3.0959189","37.65840429409664","2.80245983935743","0.7069471624266145","5.910854092526691","2.594405182567727","1.3497512437810946","0.491874600127959","1.2151626764886432","4.932634228187919",,,
"2025-07-08","actual","CAT793","AHS","296861.0000","1247","25","25","506.605278","0.000000","506.605278",,"0.000000","0.000000","506.605278","0.295833","506.309444","92.559444","238.060144346431435445","238.06014435","225.92341620","2.4997061","21.527761762433265","2.5935316","26.098268753168682","3.6548137397194003","1.1709150326797384","6.966927990708479","2.699957007738607","2.3048205128205126","0.6731171901384667","0.6874009750152347","5.962537112010796",,,
"2025-07-08","actual","CAT793","CONV","214616.0000","902","22","22","464.339444","0.000000","464.339444",,"28.694444","30.386389","405.258611","55.476389","349.782222","29.039444","237.933481152993348115","237.93348115","238.03669623","3.4356288","26.40105075015247","3.5958498","31.894649668444142","3.1736486486486486","0.7231407169609416","7.807936507936508","2.997229272419628","1.36280353200883","0.477237542331882","0.7601449275362319","6.764488409272582",,,
"2025-07-08","actual","EH4000","CONV","182346.0000","801","13","13","303.861111","0.000000","303.861111",,"0.231389","17.322778","286.306944","26.641389","259.665556","32.325000","227.647940074906367041","227.64794007","228.13882647","1.8880025","26.53726831448224","1.9451615","26.730767735825353","3.1092554644808743","0.8669415292353823","4.2687193217313695","3.4608552631578946","1.5475555555555556","0.5816974869606448","1.1355153203342618","4.366118143459915",,,
"2025-07-08","actual","EH5000","AHS","131529.0000","452","7","7","158.631111","0.000000","158.631111",,"0.000000","0.000000","158.631111","0.000000","158.631111","23.798889","290.993362831858407080","290.99336283","298.31128319","2.2037456","22.054512854489165","2.2555978","29.491363695794295","3.067892156862745","0.8695953141640043","5.995359628770301","2.019080459770115","1.3795934959349594","0.6371451743714517","1.587621359223301","4.5889999999999995",,,
"2025-07-08","actual","EH5000","CONV","262149.0000","902","14","14","304.632500","0.000000","304.632500",,"0.266667","3.086667","301.279167","32.983333","268.295833","16.521667","290.630820399113082040","290.63082040","291.37594235","2.5452506","26.95478457418109","2.5491711","32.118538772938855","2.0793010752688175","0.5892105263157894","5.665600315955767","2.703216374269006","1.4998333333333334","0.48045033670033666","1.2690331715210355","4.762055555555556",,,
"2025-07-09","actual","CAT793","AHS","333440.0000","1406","26","26","585.347222","0.000000","585.347222",,"60.222500","1.390278","523.734444","0.371389","523.363056","75.507500","237.155049786628733997","237.15504979","233.71209104","2.3862436","21.06212292476858","2.4437705","25.481880487895577","3.8658943089430897","0.988988988988989","6.7977295788939625","2.792165668662675","1.5464922711058264","0.7020551801801802","0.7343121693121692","5.754136947218259",,,
"2025-07-09","actual","CAT793","CONV","264666.0000","1116","25","25","441.030833","0.000000","441.030833",,"12.089444","19.320000","409.621389","70.032222","339.589167","16.534444","237.155913978494623656","237.15591398","229.75241935","2.6977332","24.923854475852373","2.8675010","31.30543053315445","2.7185493827160494","0.7822681704260651","6.494340277777778","2.899982800137599","2.6934782608695653","0.44501035196687366","0.7400360360360361","5.495853501129397",,,
"2025-07-09","actual","EH4000","CONV","215316.0000","946","14","14","306.261667","0.000000","306.261667",,"0.000000","4.727500","301.534167","18.828333","282.705833","27.036389","227.606765327695560254","227.60676533","227.87843552","1.9275778","26.190298247985528","1.9706596","27.274412707488796","2.50717017208413","0.8139509417433202","4.415935508061493","3.4790007374631267","1.6820261437908497","0.6239110499770747","1.1701048951048951","4.3351832088224835",,,
"2025-07-09","actual","EH5000","AHS","118719.0000","408","7","7","143.959444","0.000000","143.959444",,"0.000000","11.963889","131.995556","0.276111","131.719444","15.535000","290.977941176470588235","290.97794118","294.97205882","2.2758505","22.29532292576732","2.3971007","30.05253333541245","3.222960372960373","0.8668981481481481","6.124649122807018","2.1875108790252393","1.8028112449799198","0.6203806870937789","1.3857600732600732","4.785820895522388",,,
"2025-07-09","actual","EH5000","CONV","260430.0000","896","15","15","349.744722","0.000000","349.744722",,"60.310278","20.193889","269.240556","28.328333","240.912222","11.816944","290.658482142857142857","290.65848214","292.32946429","2.3488056","27.66364700286412","2.5026073","34.291768265884755","2.04066301703163","0.59535666218035","5.094351297405189","2.5754427390791026","1.5433712121212122","0.46108156028368796","1.3569461570078092","4.378789592760182",,,
"2025-07-10","actual","CAT793","AHS","297385.0000","1249","25","25","517.117222","0.000000","517.117222",,"0.000000","14.835833","502.281389","11.288056","490.993333","68.372500","238.098478783026421137","238.09847878","235.61362179","2.6799216","21.103728229652067","2.7885440","24.783076560659598","3.782064676616915","0.9707474226804124","7.619283865401209","2.992692307692308","1.3117777777777777","0.6430866601752677","0.8078219013237063","6.751084337349398",,,
"2025-07-10","actual","CAT793","CONV","264912.0000","1116","24","24","454.314722","0.000000","454.314722",,"12.258333","11.849722","430.206667","58.472500","371.734167","22.623889","237.376344086021505376","237.37634409","232.65116487","3.0269880","24.788107946441862","3.0931270","29.84022521051098","3.048409893992933","0.6770728643216081","7.326871433366902","2.8908623548922057","2.0094161958568737","0.45468234323432344","0.7255567153792624","6.219377323420074",,,
"2025-07-10","actual","EH4000","CONV","192428.0000","846","14","14","303.481944","0.000000","303.481944",,"0.000000","0.000000","303.481944","24.081667","279.400278","27.094722","227.456264775413711584","227.45626478","229.65638298","2.3480367","27.895497071008126","2.3814320","27.281009710866492","2.5985185185185182","0.7915902140672784","5.050356394129979","3.3209876543209877","1.2329136690647482","0.584375","1.1461053089643167","5.23755980861244",,,
"2025-07-10","actual","EH5000","AHS","117855.0000","405","7","7","145.490833","0.000000","145.490833",,"0.000000","0.583611","144.907222","1.822222","143.085000","22.420833","291.000000000000000000","291.00000000","296.69753086","2.2747580","21.762172202537432","2.3211704","27.245156825490927","3.975869809203142","0.8650856389986824","6.2716845878136205","2.182979664014147","1.8977911646586345","0.6289523809523809","1.514484679665738","5.111742424242424",,,
"2025-07-10","actual","EH5000","CONV","237696.0000","818","14","14","292.807778","0.000000","292.807778",,"0.255000","14.682500","277.870278","28.736944","249.133333","18.398056","290.581907090464547677","290.58190709","288.96515892","2.6246561","28.205822392816525","2.6917108","32.57725230780912","2.4253880266075387","0.5440987654320987","5.58322192513369","2.5097974460590047","2.1356249999999997","0.47723809523809524","1.269866482504604","4.957528230865747",,,
"2025-07-11","actual","CAT793","AHS","341747.0000","1439","27","27","566.477778","0.000000","566.477778",,"0.000000","7.436944","559.040833","0.747500","558.293333","84.521667","237.489228630993745657","237.48922863","237.66824183","2.6688396","22.291077468795397","2.7310287","25.43996516078174","3.7044788975021534","1.0324570446735395","7.183608608608608","3.0086364761197726","1.647877358490566","0.6504848484848486","0.8102614379084968","6.441114245416078",,,
"2025-07-11","actual","CAT793","CONV","225980.0000","944","24","24","437.786944","0.000000","437.786944",,"0.300278","8.239722","429.246944","39.243333","390.003611","23.433056","239.385593220338983051","239.38559322","240.56419492","4.1404384","27.813874393336782","4.1451208","32.93294450861816","3.2277671145233526","0.7974258970358814","8.93174034249303","3.3406759906759906","2.4858447488584474","0.4653495440729483","0.7290571547768043","7.5519286754002914",,,
"2025-07-11","actual","EH4000","CONV","195570.0000","859","14","14","377.106944","0.000000","377.106944",,"79.691111","4.630556","292.785278","25.797222","266.988056","24.381389","227.671711292200232829","227.67171129","230.24435390","2.1887913","27.325519527324122","2.2362274","28.311186860511203","2.6198156682027647","0.6994775339602926","4.806037735849057","3.2144677353062066","1.7150356778797147","0.6268251681075888","1.0746761658031088","4.7392447607750094",,,
"2025-07-11","actual","EH5000","AHS","135288.0000","465","9","9","191.748611","0.000000","191.748611",,"26.207222","5.275833","160.265556","0.386667","159.878889","21.736944","290.941935483870967742","290.94193548","293.36344086","2.3795356","21.679405426109014","2.4820672","26.60754167445792","3.2004545454545457","1.05724838411819","6.585611237661352","2.406094808126411","2.1142857142857143","0.5634751773049645","1.5496445497630331","5.597060931899642",,,
"2025-07-11","actual","EH5000","CONV","180627.0000","623","13","13","265.204722","0.000000","265.204722",,"4.884167","10.516667","249.803889","25.964167","223.839722","12.082778","289.930979133226324238","289.93097913","283.12343499","3.3409934","27.270263871085998","3.4261743","33.238600413967454","2.722207084468665","0.6246108949416342","7.350849443468073","2.8428405797101446","2.2623737373737374","0.5195712309820194","1.260611620795107","6.184690553745928",,,
"2025-07-12","actual","CAT793","AHS","248072.0000","1046","21","21","447.606389","0.000000","447.606389",,"0.679444","8.262500","438.664444","0.000000","438.664444","67.402778","237.162523900573613767","237.16252390","234.00219885","2.6947739","20.84678418817598","2.7495367","23.683768439279977","3.638511029411765","1.2016112789526687","7.755941278065631","3.1018935516888435","1.5048309178743962","0.6679317269076305","0.8516158315177923","6.965622992935132",,,
"2025-07-12","actual","CAT793","CONV","260174.0000","1088","30","30","545.971111","0.000000","545.971111",,"19.754722","10.784444","515.431944","60.467778","454.964167","38.350833","239.130514705882352941","239.13051471","241.25257353","4.1217733","27.06919110195765","4.2044070","32.50986239018991","3.640060406370126","0.7728240740740742","9.13608378870674","3.2616167023554605","1.3922101449275361","0.4726138032305433","0.7473363774733638","7.759627431585888",,,
"2025-07-12","actual","EH4000","CONV","173118.0000","760","13","13","293.024722","0.000000","293.024722",,"9.131667","4.304444","279.588611","25.096111","254.492500","31.605833","227.786842105263157895","227.78684211","231.03657895","2.0668276","27.085846119034777","2.1827583","27.63092413590092","3.029188255613126","0.8383333333333333","4.578393285371702","3.378443817583451","1.669875222816399","0.6557443365695793","1.0933878157503716","4.739816061013908",,,
"2025-07-12","actual","EH5000","AHS","137061.0000","471","10","10","204.824167","0.000000","204.824167",,"1.233611","24.961944","178.628611","1.580278","177.048333","24.861944","291.000000000000000000","291.00000000","298.73184713","2.6095933","21.618376827268804","2.6792534","28.666029301254422","3.062513661202186","0.9329861111111111","7.242708333333334","2.2634703196347035","2.088307155322862","0.6465616045845272","1.685401750198886","5.607864357864358",,,
"2025-07-12","actual","EH5000","CONV","152028.0000","524","11","11","175.899444","0.000000","175.899444",,"0.000000","1.272500","174.626944","19.917500","154.709444","8.884167","290.129770992366412214","290.12977099","293.17480916","3.1441016","25.558560716714428","3.3212480","33.248575918786166","2.4096692111959284","0.662415824915825","7.3809358081979894","3.080184331797235","1.3617021276595744","0.47678227360308284","1.447411003236246","5.993486171761281",,,
"2025-07-13","actual","CAT793","AHS","245612.0000","1034","24","24","422.357500","0.000000","422.357500",,"2.357500","15.396944","404.603056","2.377222","402.225833","78.915833","237.535783365570599613","237.53578337","233.72446809","2.2326153","20.32878632896189","2.4505392","22.173750739231696","3.8542050337630447","1.0047476261869066","6.58951871657754","3.2763418079096045","1.404642857142857","0.6126946107784431","0.782044095665172","6.630919312169312",,,
"2025-07-13","actual","CAT793","CONV","252730.0000","1066","28","28","486.865556","0.000000","486.865556",,"0.000000","42.711667","444.153889","46.788889","397.365000","27.447500","237.082551594746716698","237.08255159","242.52626642","3.3416989","26.33530112207753","3.5794438","32.87164527460556","3.515557404326123","0.7853951890034364","7.613428571428571","2.9579284369114878","1.422004357298475","0.4741430700447094","0.7374900079936051","6.533491895701198",,,
"2025-07-13","actual","EH4000","CONV","159876.0000","702","13","13","271.539444","0.000000","271.539444",,"0.374167","2.048056","269.117222","17.230833","251.886389","47.947500","227.743589743589743590","227.74358974","228.80712251","2.2889644","30.01225385272474","2.3456209","29.435714905973256","3.096428571428571","0.7942551770207081","4.576059654631083","3.321284829721362","1.2893886966551327","0.6162258953168044","1.0858743169398906","4.781173294059892",,,
"2025-07-13","actual","EH5000","AHS","168489.0000","579","14","14","237.094167","0.000000","237.094167",,"0.000000","8.633333","228.460833","0.000000","228.460833","55.501944","291.000000000000000000","291.00000000","295.53903282","2.2398580","23.61827773768104","2.4413024","28.612602270114458","4.236197295147176","0.8751322751322751","5.690147329650092","2.635662431941924","1.4676605504587157","0.6411086309523809","1.7436615186615188","5.119357638888888",,,
"2025-07-13","actual","EH5000","CONV","117831.0000","406","8","8","146.376111","0.000000","146.376111",,"0.000000","9.843333","136.532778","14.392500","122.140278","7.601944","290.224137931034482759","290.22413793","291.57512315","3.3783548","29.296445170596936","3.4953838","34.81423789732033","3.081424375917768","0.6595688748685594","6.918972142170989","2.7055397727272728","1.7952898550724639","0.49158361018826136","1.3300399201596806","6.024059139784947",,,
"2025-07-14","actual","CAT793","AHS","289132.0000","1222","21","21","444.818889","0.000000","444.818889",,"0.000000","0.810278","444.008611","0.096667","443.911944","78.763611","236.605564648117839607","236.60556465","231.69255319","1.8003810","20.98307335121635","1.8863271","21.310008917639234","3.8728824273072058","1.1194989106753814","5.148095238095238","3.2777395295467584","0.8516129032258064","0.6729543930248155","0.7232095490716179","5.311101766190076",,,
"2025-07-14","actual","CAT793","CONV","265920.0000","1116","29","29","750.871667","0.000000","750.871667",,"5.309167","202.965278","542.597222","82.433056","460.164167","31.405833","238.279569892473118280","238.27956989","242.66971326","3.7787037","26.645086250723494","3.9779570","31.020962304561564","3.783779527559055","0.877372764786795","8.508969341161123","3.2090142671854736","1.2990833333333331","0.4691557148546396","0.7782463186077645","7.6940688575899845",,,
"2025-07-14","actual","EH4000","CONV","155766.0000","684","13","13","292.034722","0.000000","292.034722",,"0.000000","9.217500","282.817222","41.272778","241.544444","40.802222","227.728070175438596491","227.72807018","228.72192982","2.1375213","27.65393847882332","2.1859413","28.89094069163734","3.07641975308642","0.8428835489833642","4.637721968543886","3.1785353535353535","1.5594202898550724","0.6230273752012881","1.0902907580477674","4.539709502708026",,,
"2025-07-14","actual","EH5000","AHS","183597.0000","631","11","11","241.528889","0.000000","241.528889",,"0.000000","0.000000","241.528889","0.474444","241.054444","40.326944","290.961965134706814580","290.96196513","293.76561014","2.3753168","22.42962881892324","2.5247257","27.175991528160804","3.3259150326797386","0.8274509803921569","6.3540511147362695","2.2775515743756785","1.4429118773946359","0.6746712407089765","1.6406911928651058","5.574167987321712",,,
"2025-07-14","actual","EH5000","CONV","119931.0000","413","9","9","316.416389","0.000000","316.416389",,"160.571111","1.340278","154.505000","19.848056","134.656944","8.636389","290.389830508474576271","290.38983051","288.98280872","2.8743051","29.888390428615754","2.9098971","32.91699691340847","3.0533333333333332","0.7488824101068999","5.770076726342711","2.4364213197969544","1.292248062015504","0.4859878154917319","1.28881636205396","5.304063018242123",,,
"2025-07-15","actual","CAT793","AHS","336185.0000","1421","24","24","508.400833","0.000000","508.400833",,"0.000000","2.151667","506.249167","1.638611","504.610556","70.176944","236.583391977480647431","236.58339198","232.75256861","2.5071155","28.20279463690356","2.5770525","28.755425167553284","3.29618993993994","1.1504291845493562","5.333759719087032","3.0935583580613253","1.4945052716950529","0.697143243975088","0.7954639709694142","5.377181839567161",,,
"2025-07-15","actual","CAT793","CONV","266338.0000","1120","26","26","550.261111","0.000000","550.261111",,"54.030833","43.035000","453.195278","51.618611","401.576667","19.436944","237.801785714285714286","237.80178571","243.14294643","3.2248679","26.606987015099218","3.3705391","31.685541982272756","3.149815108293714","0.7165875840253064","7.2722279260780285","3.1297739541160596","1.0679924242424241","0.4438606403013183","0.7781350482315113","6.382480252764613",,,
"2025-07-15","actual","EH4000","CONV","170374.0000","750","14","14","287.871111","0.000000","287.871111",,"3.078611","2.080833","282.711667","24.887222","257.824444","25.888889","227.165333333333333333","227.16533333","228.46042781","2.5186220","27.95420048189721","2.6221185","31.897282324475405","3.226610978520286","0.7056876061120543","5.40588954056696","3.0297362110311754","2.3975","0.5832025117739403","1.1795317220543806","4.932304526748971",,,
"2025-07-15","actual","EH5000","AHS","147537.0000","507","10","10","220.882778","0.000000","220.882778",,"5.720833","10.075000","205.086944","0.769722","204.317222","32.902500","291.000000000000000000","291.00000000","295.83688363","2.4982249","22.812037957897797","2.5192970","29.30418198576265","3.8508016877637132","0.8472701149425287","6.570806794055201","2.3739888423988846","1.723623853211009","0.6680930930930931","1.496071953010279","5.158233731739708",,,
"2025-07-15","actual","EH5000","CONV","182118.0000","627","12","12","229.857500","0.000000","229.857500",,"0.340833","15.741389","213.775278","21.321111","192.454167","8.368333","290.459330143540669856","290.45933014","289.18341308","2.7295742","28.56787983335831","2.8098671","35.65384523910121","2.7186507936507938","0.6726567349472377","5.732817869415808","2.341538898353208","2.186559139784946","0.48235988200589974","1.2740643274853802","4.72857905982906",,,
"2025-07-16","actual","CAT793","AHS","270698.0000","1142","23","23","451.938333","0.000000","451.938333",,"0.000000","2.971667","448.966667","0.437222","448.529444","89.515833","237.038528896672504378","237.03852890","237.27120281","1.8646196","21.114961122398896","1.8903941","16.679910400190856","4.2698001080497034","1.2659380692167579","5.298478900883219","2.916835016835017","2.1683716965046886","0.8667814508723599","0.844632459970888","6.800015304560759",,,
"2025-07-16","actual","CAT793","CONV","268296.0000","1128","27","27","482.288611","0.000000","482.288611",,"0.000000","33.392500","448.896111","54.156111","394.740000","21.178889","237.851063829787234043","237.85106383","242.55593972","3.1711807","25.964393755419124","3.3269402","31.714627928358855","3.198217317487267","0.7246935547647291","7.32814498933902","2.9721696459866807","1.2735555555555556","0.45400307929176287","0.778964757709251","6.294143272023233",,,
"2025-07-16","actual","EH4000","CONV","130964.0000","575","14","14","346.228333","0.000000","346.228333",,"76.307500","2.032500","267.888333","32.389167","235.499167","59.093333","227.763478260869565217","227.76347826","230.63356522","2.1211594","28.723940504442293","2.4022236","30.52180347857315","3.1723991507430997","0.6953277545327754","4.430783582089552","3.0870030581039756","3.3426070038910507","0.6042958656330749","1.0869433198380567","4.722309941520468",,,
"2025-07-16","actual","EH5000","AHS","122220.0000","420","8","8","159.595556","0.000000","159.595556",,"0.000000","2.366944","157.228611","0.500000","156.728611","15.418611","291.000000000000000000","291.00000000","296.94619048","2.4780526","21.40482917146853","2.4666948","21.49282473700988","2.607486338797814","1.1183673469387756","6.9462435233160615","1.6989276139410188","1.8153292181069958","0.8330237358101136","1.4196428571428572","6.88609756097561",,,
"2025-07-16","actual","EH5000","CONV","181212.0000","624","14","14","241.220000","0.000000","241.220000",,"0.000000","32.838056","208.381944","26.356389","182.025556","22.885278","290.403846153846153846","290.40384615","296.22051282","2.4317629","27.39864614300409","2.5187890","32.81343214216478","2.9580660835762873","0.6836700336700336","5.325291375291375","2.5828125","0.9042682926829269","0.4967239185750636","1.3334534534534535","4.605654761904762",,,
"2025-07-17","actual","CAT793","AHS","281510.0000","1184","25","25","474.602500","0.000000","474.602500",,"0.000000","2.099167","472.503333","6.452222","466.051111","95.434444","237.761824324324324324","237.76182432","234.71697635","2.8984310","28.081585014174976","2.9427976","26.63095501970651","4.205422288855572","1.107677067855374","6.192879066912216","3.3326708822643782","1.2783280085197017","0.6682845403184386","0.7886737657308809","6.63017364076288",,,
"2025-07-17","actual","CAT793","CONV","247097.0000","1037","24","24","467.460000","0.000000","467.460000",,"8.145556","19.392500","439.921944","42.626111","397.295833","21.761667","238.280617164898746384","238.28061716","243.29749277","3.6672985","26.590399453559705","3.6548890","30.926815305448045","3.169155206286837","0.6654808959156785","8.275088547815821","3.003565891472868","0.572530864197531","0.4403519932145886","0.7428601079286011","7.090718453683443",,,
"2025-07-17","actual","EH4000","CONV","162370.0000","713","12","12","252.023056","0.000000","252.023056",,"0.000000","4.448333","247.574722","11.100278","236.474444","45.886111","227.727910238429172511","227.72791024","227.55764376","1.9117402","28.23225265967868","2.0918051","29.026591088000973","2.374592973436161","0.6931111111111111","4.062885572139304","2.9943710230053844","2.135727969348659","0.6214175654853621","1.0713836477987422","4.323907882241215",,,
"2025-07-17","actual","EH5000","AHS","175764.0000","604","11","11","231.723333","0.000000","231.723333",,"0.000000","10.830278","220.893056","0.000000","220.893056","33.922778","291.000000000000000000","291.00000000","295.84817881","2.9444969","30.592486464712156","2.9123769","30.97684289846835","3.921095571095571","0.8650372439478584","5.77494131455399","2.1546037296037297","1.2752225519287834","0.7178385416666667","1.8363553113553115","5.6410724156992815",,,
"2025-07-17","actual","EH5000","CONV","128832.0000","443","10","10","157.791111","0.000000","157.791111",,"0.000000","23.101944","134.689167","18.120278","116.568889","5.714167","290.817155756207674944","290.81715576","295.24063205","2.4154372","27.97430505080623","2.5590505","30.901919376924134","2.8752506265664164","0.8556647940074906","5.180691056910569","2.2695388349514563","2.513888888888889","0.4796448087431694","1.318513853904282","4.968721461187215",,,
"2025-07-18","actual","CAT793","AHS","284492.0000","1196","23","23","501.099722","0.000000","501.099722",,"0.000000","7.197778","493.901944","1.053611","492.848333","92.495000","237.869565217391304348","237.86956522","237.11989967","1.8518486","16.689126831347142","2.0244989","21.590178049245928","5.357568922305764","1.1214785651793526","6.657683000604961","3.6042075527802555","2.027958740499457","0.67975","0.7679135101010102","5.626166385609893",,,
"2025-07-18","actual","CAT793","CONV","299020.0000","1258","26","26","534.888333","0.000000","534.888333",,"3.321111","7.873611","523.693611","47.552778","476.140833","35.469722","237.694753577106518283","237.69475358","240.29825119","3.4426685","27.04483013758904","3.3989092","30.230171278944205","3.2523809523809524","0.7236599219027334","7.637693006357856","2.791808415398388","0.9644591611479029","0.43793445878848064","0.7676414189837009","6.746060090702948",,,
"2025-07-18","actual","EH4000","CONV","160392.0000","704","13","13","268.652500","0.000000","268.652500",,"3.396389","0.000000","265.256111","9.542500","255.713611","62.271389","227.829545454545454545","227.82954545","231.15923295","2.0669438","31.38678248598765","2.1550810","29.881329786131133","2.9927777777777775","0.681155303030303","3.9512373737373734","3.141641865079365","2.851921470342523","0.6487199582027169","1.0605502136752136","4.327279305354559",,,
"2025-07-18","actual","EH5000","AHS","169653.0000","583","13","13","265.211111","0.000000","265.211111",,"1.146944","3.742778","260.321389","0.303333","260.018056","60.489167","291.000000000000000000","291.00000000","295.40994854","2.9327462","27.412661586979926","3.0994801","31.030890366920392","4.516739606126915","0.8619252873563218","6.41910569105691","2.2042209807572934","1.5143399810066476","0.7007641921397381","1.8833333333333333","5.993021914648212",,,
"2025-07-18","actual","EH5000","CONV","121284.0000","417","7","7","152.590278","0.000000","152.590278",,"20.612222","6.231111","125.746944","12.283889","113.463056","6.793333","290.848920863309352518","290.84892086","291.09328537","2.2039432","28.670487881154873","2.3183128","34.245875172536536","2.969831223628692","0.6467329545454545","4.612289562289562","2.0822083333333334","1.85","0.45078125","1.23804537521815","4.061767068273093",,,
"2025-07-19","actual","CAT793","AHS","299364.0000","1260","20","20","423.159722","0.000000","423.159722",,"0.000000","0.435000","422.724722","0.000000","422.724722","53.214444","237.590476190476190476","237.59047619","238.37880952","2.1614812","23.534745976500478","2.2239536","29.390836781253302","3.794437086092715","1.0659832953682613","5.510527801298335","3.417948717948718","2.2954212454212453","0.699569197630587","0.708958696916812","4.540095846645368",,,
"2025-07-19","actual","CAT793","CONV","346779.0000","1461","28","28","738.492778","0.000000","738.492778",,"167.942778","5.418889","565.131111","57.451667","507.679444","25.098889","237.357289527720739220","237.35728953","234.92573580","3.3262292","27.57805032040171","3.3686304","31.789356887757794","2.938042049934297","0.8116249197174052","7.236688224198329","2.6409417398244215","1.0350980392156863","0.4311606882473024","0.7620284995808885","6.358034379671151",,,
"2025-07-19","actual","EH4000","CONV","190810.0000","838","13","13","286.873889","0.000000","286.873889",,"0.000000","2.097222","284.776667","13.676667","271.100000","34.163611","227.696897374701670644","227.69689737","230.23448687","2.1335476","28.626095186923948","2.3176651","30.457317618292027","2.815564373897707","0.6995105615662031","4.471893744644388","3.179119017365523","2.4014598540145986","0.6327372764786795","1.0795850066934405","4.565730565730566",,,
"2025-07-19","actual","EH5000","AHS","207189.0000","712","12","12","258.142500","0.000000","258.142500",,"0.000000","0.062778","258.079722","0.026389","258.053333","34.755556","290.995786516853932584","290.99578652","293.23525281","2.1590740","23.06202461950936","2.2522484","29.90643953787812","4.589315525876461","0.79350563286945","5.617218875502008","2.1239692001987085","1.3694063926940638","0.6894506866416978","1.6182380216383307","4.518588842006563",,,
"2025-07-19","actual","EH5000","CONV","134055.0000","461","8","8","162.813889","0.000000","162.813889",,"26.722778","1.272500","134.818611","19.977222","114.841389","2.192778","290.791757049891540130","290.79175705","297.25422993","2.3877015","26.959242880384675","2.3603668","31.15377228151554","2.075313807531381","0.6063492063492063","5.314024975984631","1.9846264367816093","1.3380952380952382","0.4469831849653808","1.1808605341246292","4.545902394106815",,,
"2025-07-20","actual","CAT793","AHS","235543.0000","991","17","17","363.837222","0.000000","363.837222",,"0.000000","5.015278","358.821944","0.000000","358.821944","51.916667","237.682139253279515641","237.68213925","240.88425832","1.7368089","20.574293564910256","1.8724582","24.484025956637502","4.372313596491228","1.1039950980392157","5.064987221613728","3.8040143369175627","2.3630681818181816","0.7067910447761194","0.7955492424242424","4.588603696098563",,,
"2025-07-20","actual","CAT793","CONV","389387.0000","1643","32","32","594.406111","0.000000","594.406111",,"0.000000","10.915833","583.490278","60.572222","522.918056","23.305000","236.997565429093122337","236.99756543","237.65313451","2.8821295","25.57151960396377","3.0171128","30.744024718682546","3.178260869565217","0.7669101731601732","6.762514417531719","2.6058253533971727","1.6446188340807175","0.4300446760982874","0.7865033621517771","5.888193548387097",,,
"2025-07-20","actual","EH4000","CONV","176756.0000","776","14","14","263.329167","0.000000","263.329167",,"3.173333","9.985833","250.170000","16.866944","233.303056","14.525833","227.778350515463917526","227.77835052","228.83595361","2.1792536","29.94457317342824","2.3689928","30.519666177435177","3.1544227188081937","0.8245146977260123","4.366574712643678","3.153301673450927","2.5994350282485876","0.6247632575757576","1.0806466951973372","4.657310704960835",,,
"2025-07-20","actual","EH5000","AHS","157974.0000","543","11","11","243.485556","0.000000","243.485556",,"0.000000","2.462222","241.023333","0.000000","241.023333","53.228889","290.928176795580110497","290.92817680","292.59926335","1.9361876","20.78885168009499","1.9568923","27.22511891318687","6.593646864686468","1.0389902676399028","5.588151658767773","2.6403981264637","1.4517543859649122","0.6119918699186991","1.4673316708229427","4.312691466083151",,,
"2025-07-20","actual","EH5000","CONV","140892.0000","485","9","9","166.987778","0.000000","166.987778",,"0.000000","12.981667","154.006111","15.540833","138.465278","5.499167","290.498969072164948454","290.49896907","293.57587629","2.5803368","22.866383869498126","2.6094473","26.66263736713837","2.6099580712788257","0.6006224066390042","6.770646766169154","2.4494464944649446","2.263793103448276","0.486328125","1.2758106355382621","5.872143698468787",,,
"2025-07-21","actual","CAT793","AHS","257493.0000","1083","23","23","438.376389","0.000000","438.376389",,"19.888056","3.473611","415.014722","0.000000","415.014722","49.092500","237.759002770083102493","237.75900277","238.18024007","2.6758741","21.388952185808193","2.7779369","26.1160590774172","4.974695863746959","1.1507969034608379","7.5063259109311735","3.695870646766169","2.58802541544477","0.648578633654287","0.7880473163841807","6.382134973194576",,,
"2025-07-21","actual","CAT793","CONV","303170.0000","1280","26","26","521.530278","0.000000","521.530278",,"0.000000","4.957500","516.572778","51.860833","464.711944","25.136944","236.851562500000000000","236.85156250","240.44742188","3.3462616","25.63156731157042","3.4866297","30.040367578779417","3.0319732937685457","0.6387556482446993","7.833141592920354","2.583260553129549","1.336322463768116","0.428548490687219","0.7976234855545201","6.963888888888889",,,
"2025-07-21","actual","EH4000","CONV","170370.0000","748","11","11","239.632500","0.000000","239.632500",,"0.000000","5.462500","234.170000","17.669444","216.500556","24.004722","227.767379679144385027","227.76737968","228.06163102","1.5152098","32.0952809678699","1.6036259","28.884263903775636","3.485199004975124","0.8635770975056689","2.8325842696629215","3.4207407407407406","3.019670781893004","0.6309352517985611","1.0425547445255474","3.3311409395973155",,,
"2025-07-21","actual","EH5000","AHS","113463.0000","391","11","11","215.521944","0.000000","215.521944",,"0.000000","19.456111","196.065833","0.184167","195.881667","51.241111","290.186700767263427110","290.18670077","290.78593350","2.4135899","17.002039993557045","2.6671964","24.416628648522646","5.1914758269720105","1.2983062330623305","8.517530487804878","2.777295409181637","2.3744725738396624","0.5875672043010753","1.9455696202531645","6.554212962962963",,,
"2025-07-21","actual","EH5000","CONV","163632.0000","563","10","10","185.910278","0.000000","185.910278",,"0.000000","1.745833","184.164444","16.886389","167.278056","11.137222","290.642984014209591474","290.64298401","289.18952043","2.6190218","22.92362253094584","2.6830109","25.964834411506786","2.6693939393939394","0.5983152827918171","6.8549945711183495","2.5565591397849463","1.1875","0.47411225658648337","1.2696209587513936","6.19994918699187",,,
"2025-07-22","actual","CAT793","AHS","313678.0000","1318","28","28","709.372222","0.000000","709.372222",,"165.103333","1.897222","542.371667","0.061944","542.309722","59.053056","237.995447647951441578","237.99544765","236.71699545","2.7381338","19.71937296316175","2.8754323","23.774135099297315","3.632528735632184","1.040151515151515","8.33130081300813","3.290166130760986","1.683855421686747","0.6549691693870148","0.7342910234419668","7.256875477463712",,,
"2025-07-22","actual","CAT793","CONV","290866.0000","1228","23","23","483.829722","0.000000","483.829722",,"7.435000","4.618333","471.776389","42.196944","429.579444","31.283333","236.861563517915309446","236.86156352","244.07345277","3.0999738","26.610745514450567","3.2173399","30.72653696806981","2.571428571428571","0.7964807436918991","6.989598540145986","2.6272672672672672","1.0579646017699116","0.4810283687943262","0.7497614503816794","6.282530120481927",,,
"2025-07-22","actual","EH4000","CONV","172774.0000","760","12","12","311.194722","0.000000","311.194722",,"38.724444","10.854167","261.616111","23.963889","237.652222","30.700278","227.334210526315789474","227.33421053","227.49513158","2.0537791","29.42447060786276","2.1087039","29.38697357900395","3.1136524822695035","0.8971799210377891","4.187900188323917","3.050839160839161","2.739137380191693","0.6514065817409767","1.0488497307880569","4.305384957721406",,,
"2025-07-22","actual","EH5000","AHS","192909.0000","663","11","11","205.401667","0.000000","205.401667",,"1.020000","0.565278","203.816389","0.429444","203.386944","19.907500","290.963800904977375566","290.96380090","289.24796380","1.5695174","17.276553934503408","1.6476353","23.47754551976875","3.4113317757009347","1.0052272727272726","5.450800220750552","2.4726132024004364","0.8849549549549549","0.6212025316455697","1.5695156695156696","4.210751840168244",,,
"2025-07-22","actual","EH5000","CONV","194379.0000","669","11","11","289.729444","0.000000","289.729444",,"75.573611","9.603889","204.551944","19.114167","185.437778","9.352222","290.551569506726457399","290.55156951","290.59431988","2.0851459","19.108676894357234","2.2036410","22.256835100214722","2.7933486238532113","0.5948717948717949","6.547222222222222","2.8899335232668566","1.2721311475409836","0.49619506966773846","1.2120535714285716","5.9405777777777775",,,
"2025-07-23","actual","CAT793","AHS","293561.0000","1235","26","26","558.819722","0.000000","558.819722",,"23.906667","4.682500","530.230556","0.000000","530.230556","86.905833","237.701214574898785425","237.70121457","241.34607287","2.9069657","22.329381103424605","3.0012292","24.315040852158056","3.756780167264038","0.988604755495738","7.81114089961275","3.0566607721780135","1.785920177383592","0.6892229038854806","0.7540916271721959","7.405858501118568",,,
"2025-07-23","actual","CAT793","CONV","321786.0000","1362","24","24","514.805833","0.000000","514.805833",,"0.000000","12.206111","502.599722","41.688056","460.911667","24.531667","236.259911894273127753","236.25991189","243.18054332","3.1390553","26.947163492934937","3.1876285","31.893329808706383","3.1355967078189297","0.7453703703703703","6.989355968741579","2.599467518636848","1.033239700374532","0.44729686500319893","0.7508875739644971","5.996793409378961",,,
"2025-07-23","actual","EH4000","CONV","135574.0000","598","13","13","280.414722","0.000000","280.414722",,"26.289167","0.000000","254.125556","27.249167","226.876389","13.439167","226.712374581939799331","226.71237458","227.45568562","3.7886656","31.342028820322128","3.9443869","35.52560386754967","3.45979797979798","0.774710293115201","7.252878787878788","3.143063063063063","1.198989898989899","0.4119374523264684","1.0942550505050506","6.661764705882352",,,
"2025-07-23","actual","EH5000","AHS","171690.0000","590","8","8","176.366111","0.000000","176.366111",,"0.134722","6.375556","169.855833","0.275278","169.580556","18.957778","291.000000000000000000","291.00000000","287.37796610","1.7114186","23.517899635174576","1.7932271","28.043103816816373","2.195120614035088","0.8964170692431562","4.366253687315634","2.548853615520282","1.2838972431077695","0.6777269957343084","1.6803223844282238","3.8367231638418082",,,
"2025-07-23","actual","EH5000","CONV","239256.0000","823","13","13","367.259722","0.000000","367.259722",,"0.000000","136.678889","230.580833","17.249722","213.331111","6.623333","290.712029161603888214","290.71202916","294.02539490","2.2461689","22.248920819134145","2.2762655","27.05029089818742","2.7663764510779436","0.6822368421052631","6.057378472222222","2.6701769406392697","1.7824829931972788","0.5107672469374597","1.2263713080168777","5.048963447899618",,,
"2025-07-24","actual","CAT793","AHS","278720.0000","1178","25","25","479.018056","0.000000","479.018056",,"0.000000","0.989722","478.028333","0.000000","478.028333","62.030000","236.604414261460101868","236.60441426","238.67385399","3.0717762","24.64126914657689","3.1741612","26.256623719138283","4.098929049531459","1.0715789473684212","7.4795892575039495","2.674192536845406","1.3774685222001326","0.6712474645030426","0.7825833333333333","7.253395335104813",,,
"2025-07-24","actual","CAT793","CONV","290483.0000","1229","26","26","541.234722","0.000000","541.234722",,"60.135833","11.670556","469.428333","47.909722","421.518611","24.360000","236.357200976403580146","236.35720098","245.20911310","3.1268869","26.787301419470502","3.3090016","31.6309454522047","2.755849462365591","0.728479946073475","7.003811659192825","2.5516","1.2130755064456722","0.4481370592149035","0.7563336445689387","6.276767676767677",,,
"2025-07-24","actual","EH4000","CONV","112632.0000","496","13","13","268.842778","0.000000","268.842778",,"0.000000","42.312778","226.530000","17.933333","208.596667","9.917222","227.080645161290322581","227.08064516","230.59254032","4.8936707","33.320600156509485","4.9796069","36.13723202022456","3.0453629032258065","1.0062612612612611","8.811973392461198","2.925254730713246","0.9982993197278912","0.43185654008438823","1.1443661971830987","8.267827868852459",,,
"2025-07-24","actual","EH5000","AHS","143748.0000","494","9","9","214.438611","0.000000","214.438611",,"26.178611","16.340556","171.919444","0.661667","171.257778","19.240833","290.987854251012145749","290.98785425","295.70020243","2.4111579","24.995066506071847","2.5441182","27.01121655659899","2.667081031307551","0.7647138964577657","5.787921146953405","2.5059929078014185","1.294195688225539","0.6547247023809525","1.4979446935724963","5.651248313090418",,,
"2025-07-24","actual","EH5000","CONV","228648.0000","786","12","12","249.235556","0.000000","249.235556",,"0.000000","3.237500","245.998056","25.679167","220.318889","10.287778","290.900763358778625954","290.90076336","290.80547074","2.2613329","24.160553055532002","2.3498366","31.359003125797347","2.3990083905415713","0.7260579710144928","5.615764411027569","2.462599206349206","1.4606918238993711","0.4804405520169851","1.2259431524547806","4.496003761165961",,,
"2025-07-25","actual","CAT793","AHS","312273.0000","1323","24","24","526.114444","0.000000","526.114444",,"0.000000","17.620000","508.494444","0.422778","508.071667","48.500833","236.034013605442176871","236.03401361","237.03149129","2.5383250","22.337131403964282","2.6309134","26.989379236408585","3.7359059169423006","1.0465896589658965","6.818221070811744","2.7428612059158137","1.1547505307855626","0.6873308152344979","0.8068495203836931","5.848774905761982",,,
"2025-07-25","actual","CAT793","CONV","292855.0000","1237","26","26","523.195556","0.000000","523.195556",,"0.000000","18.333611","504.861944","61.687500","443.174444","20.570278","236.746160064672594988","236.74616006","242.95966047","3.6272881","27.112068385510607","3.7720314","31.940711615101154","3.114637239979706","0.6449628844114528","8.027321372363865","2.59487895716946","1.9818279569892472","0.4629098360655738","0.7656435643564357","7.0856869667549285",,,
"2025-07-25","actual","EH4000","CONV","115240.0000","507","14","14","264.701667","0.000000","264.701667",,"0.000000","1.701944","262.999722","27.708611","235.291111","7.782500","227.297830374753451677","227.29783037","230.24398422","5.3391957","31.757026451083618","5.5569782","36.11537375719006","3.4729328165374675","1.1120991253644315","10.087586206896551","2.9514361300075587","0.6503787878787879","0.47721943048576215","1.160948905109489","9.232043235704323",,,
"2025-07-25","actual","EH5000","AHS","173727.0000","597","9","9","187.555556","0.000000","187.555556",,"0.000000","3.929167","183.626389","0.090278","183.536111","18.992500","291.000000000000000000","291.00000000","290.49296482","1.9247119","22.04244174648079","1.9451412","28.37701713675506","2.776951130561634","0.9942648190916089","5.239107142857143","2.030217519106408","1.654715762273902","0.6546591619762352","1.5794189602446485","4.112781531531532",,,
"2025-07-25","actual","EH5000","CONV","165573.0000","569","12","12","222.025278","0.000000","222.025278",,"0.926667","28.375833","192.722778","16.578611","176.144167","14.713889","290.989455184534270650","290.98945518","292.41866197","2.5566021","27.09128596882618","2.9254029","36.5896215328099","2.7417168674698797","0.6039701257861636","5.662194337194337","2.4983870967741937","1.6558823529411766","0.47448021462105966","1.2122529644268774","4.797102747909199",,,
"2025-07-26","actual","CAT793","AHS","249006.0000","1056","21","21","397.313611","0.000000","397.313611",,"0.000000","0.299444","397.014167","13.562500","383.451667","51.292500","235.801136363636363636","235.80113636","236.14289773","2.3999189","22.47707864459766","2.5810249","27.295746482789372","4.174987905176584","1.0287373004354137","6.4063100137174205","2.780603594438793","1.4160751565762004","0.6817889317889317","0.7690905874026893","5.673466160657812",,,
"2025-07-26","actual","CAT793","CONV","316861.0000","1339","30","30","604.414444","0.000000","604.414444",,"39.788611","9.840000","554.785833","54.300278","500.485556","25.446111","236.640029873039581777","236.64002987","244.20306199","4.0326189","28.582552265582944","4.1120438","32.537630259779526","3.043434343434343","0.7478805394990365","8.46520393811533","2.8835411471321697","1.4472357723577234","0.46406371406371405","0.7654392191659273","7.582685832685832",,,
"2025-07-26","actual","EH4000","CONV","106554.0000","468","13","13","353.570833","0.000000","353.570833",,"99.725556","3.660833","250.184444","22.150000","228.034444","6.658889","227.679487179487179487","227.67948718","230.51901709","5.9925449","33.13555355917524","6.0503469","35.05214777490094","3.3820872274143303","0.8564444444444443","10.850963855421687","3.2096428571428572","1.8603603603603605","0.4511373578302712","1.1536024305555554","10.356592592592593",,,
"2025-07-26","actual","EH5000","AHS","193515.0000","665","10","10","223.899444","0.000000","223.899444",,"0.000000","0.382778","223.516667","1.236111","222.280556","26.855000","291.000000000000000000","291.00000000","293.94511278","2.2202000","22.673165545846256","2.2204547","28.128112956438788","2.857257546563905","0.9098082595870206","5.875315457413249","2.1705287713841366","1.5019179894179895","0.6249832327297116","1.5264254385964913","4.73644578313253",,,
"2025-07-26","actual","EH5000","CONV","154800.0000","532","10","10","189.898056","0.000000","189.898056",,"4.258889","29.328333","156.310833","17.095556","139.215278","7.069167","290.977443609022556391","290.97744361","290.35977444","2.3949490","29.334183514765","2.5069319","34.906776728262024","2.4601545253863137","0.6573737373737374","4.898617339312406","2.0223958333333334","1.3460144927536233","0.46367127496159755","1.169020501138952","4.309074858757062",,,
"2025-07-27","actual","CAT793","AHS","270421.0000","1147","20","20","387.131111","0.000000","387.131111",,"0.000000","1.067778","386.063333","4.036667","382.026667","51.417778","235.763731473408892764","235.76373147","236.34542284","1.8855787","21.348244414464457","1.9574327","20.610639441121865","2.7451604554865425","1.0515192743764172","5.299485981308411","3.03081876724931","1.1319544364508394","0.7001337920489296","0.7700129324280633","5.698317237342698",,,
"2025-07-27","actual","CAT793","CONV","304412.0000","1286","30","30","639.702500","0.000000","639.702500",,"50.955556","18.063333","570.683611","64.020556","506.663056","25.558056","236.712286158631415241","236.71228616","243.57659409","3.9458530","27.71714034302454","4.0257470","32.59332447934852","3.3620270808442854","0.8844309354947654","8.541688538932634","3.0195521102497844","1.3258666666666667","0.4127915726109857","0.7505059797608096","7.410867834394905",,,
"2025-07-27","actual","EH4000","CONV","100822.0000","443","12","12","236.160278","0.000000","236.160278",,"0.250278","0.884167","235.025833","25.298889","209.726944","5.058333","227.589164785553047404","227.58916479","229.91851016","5.5651874","31.502436647302908","5.7638439","35.050266610540966","3.6251714677640603","0.815026455026455","10.599537037037036","3.1811881188118813","2.4818840579710146","0.47260416666666666","1.1348806366047746","9.866704805491992",,,
"2025-07-27","actual","EH5000","AHS","204573.0000","703","12","12","248.327778","0.000000","248.327778",,"0.000000","3.065556","245.262222","5.171667","240.090556","33.002778","291.000000000000000000","291.00000000","291.80668563","2.2170185","22.97458787311465","2.2370541","26.27202475245019","2.7927040110650068","1.0148148148148148","5.789923664122138","2.2322205361659075","1.5534013605442176","0.6693807339449542","1.623941798941799","5.108979885057471",,,
"2025-07-27","actual","EH5000","CONV","141420.0000","486","9","9","175.346389","0.000000","175.346389",,"7.063611","16.822500","151.460278","15.322778","136.137500","8.937778","290.987654320987654321","290.98765432","290.82921811","2.3286907","26.125581268862355","2.4308268","31.506315889412395","2.747584541062802","0.7625618199802175","5.348070175438596","2.251348999129678","2.9393939393939394","0.4583804143126177","1.2369819819819818","4.629218106995884",,,
"2025-07-28","actual","CAT793","AHS","291444.0000","1230","24","24","466.708889","0.000000","466.708889",,"0.440556","0.585000","465.683333","4.979444","460.703889","62.881389","236.946341463414634146","236.94634146","235.12804878","2.6786457","23.216544939873597","2.7707717","23.646094041534564","2.6683698296836984","0.952682563338301","6.922595175820983","3.1384151593453917","1.4998694516971278","0.6769982993197279","0.7773582044282681","7.030603096984516",,,
"2025-07-28","actual","CAT793","CONV","287436.0000","1218","28","28","529.022500","0.000000","529.022500",,"27.108611","21.636389","480.277500","46.308611","433.968889","33.549444","235.990147783251231527","235.99014778","243.59006568","2.9186424","24.947440552247187","3.1042607","28.69388044045323","3.7151360544217686","0.8008221993833505","7.019499400479616","3.1072554267023493","1.8560706401766005","0.4309597523219814","0.7415887850467289","6.4911276948590375",,,
"2025-07-28","actual","EH4000","CONV","92176.0000","405","12","12","245.700278","0.000000","245.700278",,"0.000000","0.485000","245.215278","27.493333","217.721944","12.644167","227.595061728395061728","227.59506173","227.26493827","5.7621358","30.539972303510755","5.7439679","32.94922767517803","4.5073412698412705","0.9236005089058524","11.320512820512821","3.3460467205750226","1.0658119658119658","0.46706349206349207","1.1872173058013766","10.459670781893005",,,
"2025-07-28","actual","EH5000","AHS","186204.0000","640","12","12","241.786667","0.000000","241.786667",,"0.139444","2.491111","239.156111","12.829444","226.326667","28.085833","290.943750000000000000","290.94375000","291.39812500","2.3961442","22.696717795807743","2.5038924","28.14525253705088","2.8958333333333335","0.9653088934147998","6.334336677814938","2.192246136865342","3.252965235173824","0.5789797713280562","1.5798154555940023","5.337793427230047",,,
"2025-07-28","actual","EH5000","CONV","123093.0000","423","8","8","165.314167","0.000000","165.314167",,"0.000000","11.961944","153.352222","19.414167","133.938056","16.390000","291.000000000000000000","291.00000000","295.93049645","2.0090189","24.23780484078888","2.1871667","27.2865486699806","3.370377867746289","0.9398704358068316","4.9732694355697555","2.5330704521556258","0.5840909090909091","0.4602908277404921","1.2513157894736842","4.80932944606414",,,
"2025-07-29","actual","CAT793","AHS","321466.0000","1354","27","27","550.617500","0.000000","550.617500",,"0.000000","9.574444","541.043056","0.262222","540.780833","83.916667","237.419497784342688331","237.41949778","239.99926145","3.0216291","22.66741019251243","3.0724234","27.282551833183305","3.229419525065963","1.0477134690961056","7.998167609808677","3.1606533333333333","1.8669505271695053","0.645796943231441","0.7418011894647409","6.756897416603963",,,
"2025-07-29","actual","CAT793","CONV","310002.0000","1314","24","24","565.048889","0.000000","565.048889",,"59.110833","3.511111","502.426944","48.693889","453.733056","28.167778","235.922374429223744292","235.92237443","241.05669711","2.9679267","24.965115595737736","3.0070330","30.063076759599802","3.2104768454837234","0.7287383177570094","7.132977266502328","2.7477732793522267","1.5925252525252525","0.4302823315118397","0.7756135844748858","6.0014476044068665",,,
"2025-07-29","actual","EH4000","CONV","80236.0000","352","12","12","244.470833","0.000000","244.470833",,"0.000000","15.347222","229.123611","24.352778","204.770833","9.196389","227.943181818181818182","227.94318182","225.27329545","7.4280920","32.80203352017763","7.5017778","39.65896614110175","3.939043209876543","0.956896551724138","13.587130801687765","3.7190993788819875","1.8219696969696968","0.4809009009009009","1.2445221445221444","11.3494301994302",,,
"2025-07-29","actual","EH5000","AHS","174126.0000","599","11","11","348.198889","0.000000","348.198889",,"134.806111","15.225556","198.167222","0.396111","197.771111","30.343333","290.694490818030050083","290.69449082","294.09749583","2.2634725","21.582890927619978","2.3050652","29.964897548828425","2.5826781326781325","0.8545158286778399","6.292407743496672","2.1205635491606714","2.531083844580777","0.5304869684499314","1.598116760828625","4.615530948324816",,,
"2025-07-29","actual","EH5000","CONV","114945.0000","395","8","8","143.343889","0.000000","143.343889",,"0.000000","17.204444","126.139444","15.419722","110.719722","11.045556","291.000000000000000000","291.00000000","291.45088608","1.4878203","15.78998905263158","1.6827241","20.03718177912163","2.454726368159204","0.7150234741784037","5.653532608695652","3.3820035460992908","4.774031007751939","0.5231638418079096","1.2246704331450096","5.038804713804714",,,
"2025-07-30","actual","CAT793","AHS","296886.0000","1248","25","25","520.546111","0.000000","520.546111",,"3.594444","0.888056","516.063611","0.801667","515.261944","59.770000","237.889423076923076923","237.88942308","238.13942308","3.0933366","23.562480801902236","3.1810382","28.537532476254675","3.8414546225614927","1.206509471987102","7.87693781314471","3.5787157287157285","1.3011463844797178","0.6386457164234941","0.7325960061443932","6.688114754098361",,,
"2025-07-30","actual","CAT793","CONV","304571.0000","1289","26","26","547.240556","0.000000","547.240556",,"19.153333","35.277778","492.809444","49.350556","443.458889","20.695278","236.284716834755624515","236.28471683","240.66439100","3.3155766","25.82108397811225","3.4485180","31.726555308095104","2.4334810438207777","0.7227551020408163","7.704347198151357","2.658419096626644","1.2614141414141415","0.4518650389962699","0.8062743336328242","6.5217001338688085",,,
"2025-07-30","actual","EH4000","CONV","93852.0000","413","13","13","308.141667","0.000000","308.141667",,"67.150556","13.118333","227.872778","19.195833","208.676944","9.061389","227.244552058111380145","227.24455206","225.16634383","5.6805171","30.117500016853498","5.7625946","34.64131023255814","3.7473684210526317","0.8786549707602339","11.316710411198601","3.0682332463011317","1.6323529411764706","0.473542600896861","1.255157593123209","9.98102189781022",,,
"2025-07-30","actual","EH5000","AHS","204726.0000","704","12","12","256.231389","0.000000","256.231389",,"0.000000","16.328611","239.902778","0.396389","239.506389","25.744167","290.803977272727272727","290.80397727","295.50482955","2.5023963","23.758310663042423","2.5057539","28.498910328481756","3.064655172413793","0.9570255474452555","6.319631901840491","2.23099593495935","1.7325757575757577","0.5828741220961643","1.5296237413884473","5.275473071324599",,,
"2025-07-30","actual","EH5000","CONV","142563.0000","490","8","8","145.240556","0.000000","145.240556",,"0.000000","6.453611","138.786944","10.516944","128.270000","5.818889","290.944897959183673469","290.94489796","296.54897959","1.7193805","17.8924214559075","1.8179875","22.82984440047578","2.2729166666666667","0.9949346405228758","5.765727699530516","2.3671893147502905","2.8401960784313727","0.49117283950617285","1.2358272506082726","4.77792349726776",,,
"2025-07-31","actual","CAT793","AHS","263069.0000","1109","23","23","426.062222","0.000000","426.062222",,"0.000000","0.000000","426.062222","0.000000","426.062222","42.361944","237.212804328223624887","237.21280433","232.35752931","2.7567536","21.629027287976335","2.9075169","26.356137675663785","3.8852284527518175","1.0976357677902622","7.647371922821025","3.662249589490969","1.8908970976253299","0.6584689194826867","0.7718848167539267","6.618990086741016",,,
"2025-07-31","actual","CAT793","CONV","365606.0000","1538","29","29","584.584444","0.000000","584.584444",,"12.058889","16.045556","556.480000","52.356944","504.123056","21.163056","237.715214564369310793","237.71521456","242.95832250","3.0087261","25.782127318372527","3.1246080","31.301426794962243","2.9904138192862564","0.8539486203615604","7.001887926887927","3.031503920171062","1.4137860082304528","0.4501516683518706","0.7797063253012049","5.989390874353788",,,
"2025-07-31","actual","EH4000","CONV","101648.0000","447","12","12","241.765000","0.000000","241.765000",,"9.732778","10.875556","221.156667","19.070000","202.086667","6.873889","227.400447427293064877","227.40044743","226.69932886","4.8129016","28.079181632811096","4.9168434","34.4424564124988","3.772037652270211","0.9773905272564789","10.28427750410509","2.843800322061192","2.284313725490196","0.5074712643678161","1.1915584415584415","8.565318352059926",,,
"2025-07-31","actual","EH5000","AHS","213573.0000","734","13","13","242.073889","0.000000","242.073889",,"0.000000","0.000000","242.073889","0.314722","241.759167","22.655000","290.971389645776566757","290.97138965","296.83978202","2.5092546","22.810381419464893","2.6796057","32.08196405336186","2.836537216828479","0.8594362745098039","6.600296296296296","2.1891898487066865","1.6353125000000002","0.6286947141316073","1.6851880473982483","5.011424541607898",,,
"2025-07-31","actual","EH5000","CONV","111771.0000","385","7","7","138.803056","0.000000","138.803056",,"0.407500","7.065000","131.330556","10.815000","120.515556","4.707222","290.314285714285714286","290.31428571","301.52753247","2.2846425","23.748770250417927","2.3892781","29.600835978103643","2.9506561679790027","1.121822541966427","5.772027290448343","2.7235067437379574","1.698780487804878","0.49672727272727274","1.2064646464646465","4.842994505494505",,,
"2025-08-01","actual","CAT793","AHS","275297.0000","1163","25","25","428.406944","0.000000","428.406944",,"0.000000","4.535556","423.871389","0.973611","422.897778","44.802500","236.712811693895098882","236.71281169","228.90533104","2.5618987","21.130675087826486","2.6716325","25.696193821847377","3.42724171539961","1.1938923395445136","7.274444444444444","3.610585800700414","1.3716300940438872","0.6157092614302463","0.7582997987927566","6.238198198198199",,,
"2025-08-01","actual","CAT793","CONV","315804.0000","1326","26","26","559.530000","0.000000","559.530000",,"27.738056","13.958889","517.833056","49.653333","468.179722","13.457778","238.162895927601809955","238.16289593","244.24110106","3.5147137","26.506172693042235","3.5638674","32.51683228892761","2.691549953314659","0.7616493055555555","7.955989136649515","2.9317540891144955","1.7416666666666667","0.4103088648215002","0.7394973070017953","6.576041666666667",,,
"2025-08-01","actual","EH4000","CONV","146888.0000","647","13","13","263.510000","0.000000","263.510000",,"0.274722","6.576944","256.658333","21.948333","234.710000","8.659444","227.029366306027820711","227.02936631","229.65811437","3.9039426","28.50649294093331","3.9408551","34.19133022322055","2.607202216066482","0.7465528781793842","8.216954519286126","2.284014764338444","1.3505376344086022","0.43430173292558616","1.1792874396135267","6.915533980582524",,,
"2025-08-01","actual","EH5000","AHS","171249.0000","590","12","12","240.262500","0.000000","240.262500",,"0.000000","11.114722","229.147778","0.060556","229.087222","21.755000","290.252542372881355932","290.25254237","297.01220339","2.9120795","23.15854410552559","3.0055230","29.515741991476474","3.7403846153846154","1.1214207650273225","7.544721689059501","2.387429111531191","2.252083333333333","0.6499284692417739","1.5703890006706909","6.109667852906287",,,
"2025-08-01","actual","EH5000","CONV","96915.0000","334","7","7","119.771111","0.000000","119.771111",,"0.000000","7.693056","112.078056","9.647500","102.430556","4.927222","290.164670658682634731","290.16467066","295.92724551","2.7821341","27.89423712406325","3.0142301","35.39113049914917","2.25","0.8441567065073041","5.984320175438596","2.4317152103559874","1.1833333333333333","0.4638075313807531","1.2328813559322034","5.110144927536232",,,
"2025-08-02","actual","CAT793","AHS","292192.0000","1228","26","26","511.948056","0.000000","511.948056",,"46.211944","8.588333","457.147778","3.594722","453.553056","40.694722","237.941368078175895765","237.94136808","233.22451140","3.2999736","23.5928065536098","3.4142407","30.273746578675105","3.6929171920975197","1.037241109808519","8.392321428571428","3.437845385067607","1.509713701431493","0.6140227183705445","0.8237047440699126","6.766735708367855",,,
"2025-08-02","actual","CAT793","CONV","293437.0000","1231","25","25","506.527222","0.000000","506.527222",,"3.812500","34.053889","468.660833","43.209444","425.451389","16.883333","238.372867587327376117","238.37286759","243.37766044","3.2944711","26.6170973163592","3.5208541","32.849442372716396","3.1307603152526657","0.8075156192576258","7.4263644773358","2.7006550883607554","2.097766323024055","0.43217054263565896","0.7360230547550431","6.4308929084122886",,,
"2025-08-02","actual","EH4000","CONV","119666.0000","526","14","14","261.687222","0.000000","261.687222",,"0.000000","14.097500","247.589722","22.510556","225.079167","7.971944","227.501901140684410646","227.50190114","229.26463878","4.6101622","28.73895302994339","4.7103675","35.1287473372756","4.0647840531561465","0.8044715447154471","9.624906367041199","2.987899034892353","4.942543859649122","0.48532110091743125","1.1864533965244866","8.045321038251366",,,
"2025-08-02","actual","EH5000","AHS","178086.0000","614","13","13","328.381667","0.000000","328.381667",,"92.042500","4.290278","232.048889","0.934722","231.114167","23.152500","290.042345276872964169","290.04234528","297.94934853","3.0580367","23.959735453797208","3.1825226","31.30611498190725","3.5305755395683454","1.0541307471264367","7.657939393939395","2.624107142857143","1.7518140589569162","0.649582530507386","1.4817698561601","6.099490662139219",,,
"2025-08-02","actual","EH5000","CONV","56409.0000","195","5","5","75.395833","0.000000","75.395833",,"0.341944","0.276944","74.776944","7.980000","66.796944","4.263611","289.276923076923076923","289.27692308","296.25435897","2.8393627","25.13520815111693","3.4561510","35.20116072144289","3.0616279069767445","0.8689393939393939","6.7778138528138525","2.2756989247311825","2.614102564102564","0.5142642642642643","1.1970521541950112","5.890972222222222",,,
"2025-08-03","actual","CAT793","AHS","290034.0000","1218","25","25","504.549167","0.000000","504.549167",,"0.000000","6.561389","497.987778","0.304167","497.683611","56.496389","238.123152709359605911","238.12315271","235.80287356","3.1128686","22.221370766087084","3.2218626","28.411797365400385","3.685311111111111","1.0533657745336578","8.405067264573992","3.184700176366843","1.6106918238993713","0.6239664082687338","0.7844244149272612","6.803925619834711",,,
"2025-08-03","actual","CAT793","CONV","321461.0000","1349","26","26","555.899167","0.000000","555.899167",,"32.333333","9.700833","513.865000","45.405833","468.459167","21.179722","238.295774647887323944","238.29577465","244.40518903","3.5109643","26.784196388660312","3.5975034","31.54577855561883","3.0283138401559455","0.6780756013745705","7.865005727376862","2.879247402415052","2.1557539682539684","0.4344216816047802","0.7638989715668482","6.842443391258557",,,
"2025-08-03","actual","EH4000","CONV","110286.0000","484","14","14","268.191944","0.000000","268.191944",,"37.804722","6.875000","223.512222","14.972500","208.539722","5.931667","227.863636363636363636","227.86363636","227.14793388","4.9923830","29.310706773441648","5.1269397","34.89129480449894","3.225180375180375","0.8215009208103131","10.219575471698112","2.9176379176379177","5.194791666666666","0.43592592592592594","1.1737738985868662","8.816422082459818",,,
"2025-08-03","actual","EH5000","AHS","175974.0000","605","12","12","206.580833","0.000000","206.580833",,"0.000000","5.743611","200.837222","0.000000","200.837222","22.731944","290.866115702479338843","290.86611570","297.07305785","2.4336113","23.697253272722598","2.7132113","30.156916376518005","4.048192771084337","0.8955334987593052","6.1617553865652726","2.064092906465788","1.564471879286694","0.6544217687074829","1.5775679257786615","5.3981871345029235",,,
"2025-08-03","actual","EH5000","CONV","47682.0000","165","6","6","133.578333","0.000000","133.578333",,"34.107778","31.309722","68.160833","8.682778","59.478056","5.420556","288.981818181818181818","288.98181818","287.18000000","3.7494907","29.333137991003582","3.9161288","34.19127567241431","3.713409961685824","0.8322834645669291","7.669463869463869","3.0337899543378994","1.1979166666666667","0.5183982683982684","1.3738271604938272","6.872154471544715",,,
"2025-08-04","actual","CAT793","AHS","291973.0000","1231","24","24","486.769722","0.000000","486.769722",,"0.000000","0.075278","486.694444","0.000000","486.694444","65.488056","237.183590576766856214","237.18359058","235.14321690","2.7353308","21.667908880095112","2.8809089","30.688769009787897","3.9453017415957876","1.1671306607275427","7.574327956989247","3.619137981759341","1.2119221411192214","0.6634827463536108","0.780809968847352","5.632501386577926",,,
"2025-08-04","actual","CAT793","CONV","304427.0000","1277","26","26","538.514444","0.000000","538.514444",,"0.000000","19.193333","519.321111","60.310278","459.010833","33.278889","238.392325763508222396","238.39232576","242.39130775","3.5282553","26.212119069562704","3.5807299","30.796864695080473","2.5819875776397514","0.6727600607441154","8.076238225463385","2.711525779376499","1.3029715762273901","0.45964722822174225","0.7437019230769231","6.976157999431657",,,
"2025-08-04","actual","EH4000","CONV","109128.0000","479","13","13","281.384444","0.000000","281.384444",,"14.695278","12.291389","254.397778","24.328056","230.069722","15.388056","227.824634655532359081","227.82463466","227.94425887","5.6997263","31.55594577500233","5.7896610","36.30679219289186","2.7903614457831325","0.7590395480225989","10.837373737373737","2.795977011494253","1.4395833333333334","0.5193970420932879","1.1446517412935324","9.567897327707454",,,
"2025-08-04","actual","EH5000","AHS","177198.0000","609","12","12","244.415000","0.000000","244.415000",,"0.000000","15.201389","229.213611","0.000000","229.213611","32.545556","290.965517241379310345","290.96551724","291.30295567","2.6036404","25.004332181954712","2.6007352","28.891957778811747","4.011732456140351","1.0079420970266042","6.247654320987654","2.1506457564575645","2.1495391705069125","0.6256360078277886","1.685500318674315","5.400953206239168",,,
"2025-08-04","actual","EH5000","CONV","40146.0000","139","5","5","86.553889","0.000000","86.553889",,"0.000000","7.910556","78.643333","10.608333","68.035000","4.500278","288.820143884892086331","288.82014388","293.23093525","5.8291007","32.41535930039614","5.8944559","38.95985807743335","3.8953846153846152","0.9553623188405798","10.789516129032258","3.0805555555555557","3.1010416666666667","0.5124444444444445","1.230316091954023","9.077737226277373",,,
"2025-08-05","actual","CAT793","AHS","249971.0000","1049","24","24","472.075000","0.000000","472.075000",,"0.000000","0.000000","472.075000","7.129722","464.945278","58.716944","238.294566253574833174","238.29456625","231.67156489","3.0305592","20.70276555738345","3.2067089","26.2557974285733","4.4575780463242705","1.2148098434004475","8.783056133056133","3.828374233128834","2.0356577645895153","0.6613895680521598","0.7891985428051002","7.328001921229587",,,
"2025-08-05","actual","CAT793","CONV","265836.0000","1116","27","27","560.940833","0.000000","560.940833",,"89.905556","5.955833","465.079444","43.457778","421.621667","21.553889","238.204301075268817204","238.20430108","241.95976703","3.8046373","26.330017255280367","3.9149830","30.48977273897311","2.5485571260306243","0.6379266750948166","8.669885620915034","2.8194578119987166","1.284234234234234","0.4736296296296297","0.7379239465570401","7.704189270644966",,,
"2025-08-05","actual","EH4000","CONV","145530.0000","640","15","15","299.164444","0.000000","299.164444",,"0.000000","9.943611","289.220833","25.201111","264.019722","11.435556","227.390625000000000000","227.39062500","229.58437500","4.5083360","29.916451440518532","4.6672512","33.173273032674274","2.5484326018808776","0.7202898550724638","9.041853126792885","2.57649063032368","2.3184981684981683","0.49859287054409","1.1853260869565216","8.441587048832272",,,
"2025-08-05","actual","EH5000","AHS","186477.0000","641","13","13","255.031111","0.000000","255.031111",,"0.000000","2.850278","252.180833","0.491667","251.689167","47.671111","290.915756630265210608","290.91575663","291.94960998","2.7270157","25.67561045093861","2.7829168","31.334880330391023","3.210936329588015","0.980686274509804","6.372621298046629","1.9581619937694703","1.911598440545809","0.5603030303030303","1.5502604166666667","5.328726525821596",,,
"2025-08-05","actual","EH5000","CONV","92712.0000","319","7","7","128.462222","0.000000","128.462222",,"0.000000","24.579722","103.882500","9.037778","94.844722","7.202222","290.633228840125391850","290.63322884","292.49028213","2.4924765","26.787588973710033","2.7017610","33.56822451281037","2.7775641025641025","0.560105580693816","5.582756632064591","2.970307167235495","2.555555555555556","0.4730357142857143","1.3352313167259786","4.829140127388535",,,
"2025-08-06","actual","CAT793","AHS","181710.0000","762","20","20","398.252500","0.000000","398.252500",,"0.000000","24.963333","373.289167","0.000000","373.289167","71.566667","238.464566929133858268","238.46456693","231.60931759","2.9859825","19.973073693356504","3.2042736","25.694861976082006","4.55","1.3037001287001286","8.970023980815347","3.370549242424242","1.392530864197531","0.6680277777777778","0.8886247443762781","7.482290279627164",,,
"2025-08-06","actual","CAT793","CONV","323827.0000","1363","30","30","564.191111","0.000000","564.191111",,"17.093056","7.460556","539.637500","60.421667","479.215833","16.576667","237.584005869405722671","237.58400587","241.54328687","3.3307123","25.561962094182977","3.4509695","31.57616489111275","2.7684892402283707","0.6751418439716311","7.817973333333333","2.7683835182250394","1.6801481481481482","0.4623174899036968","0.7824664429530201","6.557419835943326",,,
"2025-08-06","actual","EH4000","CONV","143120.0000","629","14","14","299.283056","0.000000","299.283056",,"0.719722","5.037500","293.525833","21.853056","271.672778","10.191944","227.535771065182829889","227.53577107","227.26470588","4.8889680","30.912868297565936","5.0971701","35.142640566785026","2.596801801801802","0.9207638888888888","9.489189976689977","2.66316091954023","1.48","0.5016504854368932","1.156060606060606","8.702539168017289",,,
"2025-08-06","actual","EH5000","AHS","201276.0000","693","16","16","283.060833","0.000000","283.060833",,"4.730556","11.972500","266.357778","3.938056","262.419722","39.592778","290.441558441558441558","290.44155844","299.42943723","2.8074044","24.093491186012113","3.0802577","28.328151318174747","3.450587741393787","0.8737490377213242","6.991276718659734","2.354080459770115","1.5282430213464695","0.6592447916666667","1.4898916967509026","6.524091880341881",,,
"2025-08-06","actual","EH5000","CONV","97539.0000","336","6","6","121.097500","0.000000","121.097500",,"0.210556","0.000000","120.886944","11.690833","109.196111","7.287778","290.294642857142857143","290.29464286","286.73005952","2.8369137","27.106046691359893","3.1093452","33.63776091426111","2.838814814814815","0.5751923076923078","6.2795886075949365","2.6333333333333333","0.8089147286821705","0.5020757020757021","1.2967991169977926","5.546169154228855",,,
"2025-08-07","actual","CAT793","AHS","221868.0000","930","23","23","388.203333","0.000000","388.203333",,"0.000000","2.937500","385.265833","4.918889","380.346944","48.633056","238.567741935483870968","238.56774194","232.08774194","2.8641881","20.415546107799514","3.0758904","25.122822980637483","4.546673320026613","1.2983333333333333","8.417667844522969","3.4133410672853826","2.123056653491436","0.6426944444444445","0.7882754342431763","7.346046427276025",,,
"2025-08-07","actual","CAT793","CONV","308471.0000","1301","24","24","497.569167","0.000000","497.569167",,"0.000000","15.557500","482.011667","52.050833","429.960833","22.898056","237.102997694081475788","237.10299769","241.73897002","2.7345236","24.035284662124972","2.8597769","29.46042802953478","2.7187258687258686","0.6574955908289242","6.82627305257363","2.651689833742164","1.428314393939394","0.44998290598290597","0.7625251653724475","5.824308249288854",,,
"2025-08-07","actual","EH4000","CONV","172096.0000","757","15","15","290.526944","0.000000","290.526944",,"0.000000","0.000000","290.526944","25.266389","265.260556","24.271111","227.339498018494055482","227.33949802","228.14015852","2.8122570","28.67814330871864","3.0390604","29.81160444008075","2.3340711805555556","0.7379358437935843","5.8837637494022","2.788652482269504","2.6264478764478763","0.5829037800687284","1.135201793721973","6.116531713900135",,,
"2025-08-07","actual","EH5000","AHS","233274.0000","803","16","16","328.622778","0.000000","328.622778",,"0.000000","37.578333","291.044444","0.970556","290.073889","25.070556","290.503113325031133250","290.50311333","296.33885430","2.8024061","24.10991106187974","2.9320444","29.06500359636288","3.1805712492153173","0.8080459770114943","6.974076576576577","2.3866266132621274","1.9305147058823529","0.6681747269890795","1.6294131455399061","6.0527315407597095",,,
"2025-08-07","actual","EH5000","CONV","90624.0000","312","5","5","110.155833","0.000000","110.155833",,"0.000000","0.000000","110.155833","13.362778","96.793056","5.975000","290.461538461538461538","290.46153846","287.01153846","2.3901346","26.91695672433927","2.5588360","31.821530156926464","3.073592085235921","0.5732303732303733","5.327796803652968","2.4432878270762233","2.9739583333333335","0.5263736263736264","1.2200716845878137","4.824725877192983",,,
"2025-08-08","actual","CAT793","AHS","240870.0000","1008","22","22","444.487222","0.000000","444.487222",,"0.395556","6.738611","437.353056","1.636389","435.716667","56.118611","238.958333333333333333","238.95833333","238.57311508","2.8817833","18.21531455241231","2.9869320","24.029378031614886","3.7195707070707074","1.0263358778625955","9.492397043294615","3.715605427974948","1.819313725490196","0.6545685279187817","0.7686485466213665","7.4582005312085",,,
"2025-08-08","actual","CAT793","CONV","326110.0000","1372","26","26","599.296389","0.000000","599.296389",,"2.565000","78.454722","518.276667","49.079444","469.197222","25.286389","237.689504373177842566","237.68950437","242.64475219","3.1623674","25.992155166623714","3.2867794","31.37384764095826","2.7356716417910447","0.6956827309236948","7.299973502914679","2.7776168102323155","1.6894871794871795","0.5016059537798668","0.7575027685492801","6.285705414803775",,,
"2025-08-08","actual","EH4000","CONV","163608.0000","720","14","14","375.795833","0.000000","375.795833",,"44.009167","0.000000","331.786667","92.604722","239.181944","28.100833","227.233333333333333333","227.23333333","231.40513889","2.6515778","27.79954792455765","2.8203412","31.367567209809128","2.0510446343779676","0.5617380025940337","5.722922848664689","2.8059803921568625","2.3654545454545457","0.5692043895747599","1.149609984399376","5.394759206798867",,,
"2025-08-08","actual","EH5000","AHS","202944.0000","698","12","12","269.318333","0.000000","269.318333",,"0.201389","6.036389","263.080556","1.995278","261.085278","29.303889","290.750716332378223496","290.75071633","301.21232092","2.6859580","22.657663452464806","2.7177612","27.831681047545946","2.9884589947089943","0.809136546184739","7.112713997985901","2.1512207274539112","2.8440217391304348","0.6840592334494774","1.5477129337539433","5.858994708994709",,,
"2025-08-08","actual","EH5000","CONV","87633.0000","302","7","7","114.883333","0.000000","114.883333",,"0.572778","16.491944","97.818611","7.473889","90.344722","4.290833","290.175496688741721854","290.17549669","286.40198675","3.1149934","29.044443981180414","3.3632824","36.646833463945356","2.5964864864864863","0.5956845238095239","6.434952038369304","2.441397849462365","2.43494623655914","0.48503086419753083","1.2330827067669174","5.5065315315315315",,,
"2025-08-09","actual","CAT793","AHS","280500.0000","1176","26","26","632.380556","0.000000","632.380556",,"93.481667","79.205556","459.693333","0.287778","459.405556","56.974167","238.520408163265306122","238.52040816","242.07278912","2.5512972","19.030414782204264","2.7415499","22.781310506786724","3.709737827715356","1.02047152194211","8.043851579270163","3.7351919008763974","2.142887029288703","0.6602126044039484","0.7300543825975688","7.220523768858525",,,
"2025-08-09","actual","CAT793","CONV","263948.0000","1112","23","23","484.200000","0.000000","484.200000",,"0.000000","42.993611","441.206389","40.832222","400.374167","19.543611","237.363309352517985612","237.36330935","242.43857914","3.4477518","26.397277392387082","3.5729863","31.966962274678114","3.1893101632438126","0.7440663176265271","7.836607727570399","2.955372700871249","1.4108272506082724","0.445623113410953","0.7637204522096609","6.706273062730627",,,
"2025-08-09","actual","EH4000","CONV","190768.0000","839","12","12","258.558056","0.000000","258.558056",,"0.000000","0.000000","258.558056","25.930278","232.627778","23.267500","227.375446960667461263","227.37544696","230.52860548","1.9454558","28.238885717025788","2.1273441","29.851480216243736","2.2240740740740743","0.6386914378029079","4.133567774936061","2.6999367088607595","2.2266666666666666","0.593514739229025","1.0953473132372216","4.275856509471987",,,
"2025-08-09","actual","EH5000","AHS","176250.0000","606","11","11","229.754444","0.000000","229.754444",,"0.000000","1.883611","227.870833","1.668889","226.201944","24.343889","290.841584158415841584","290.84158416","299.08448845","2.7432658","23.651235314165664","2.8862978","26.47610554127865","3.016897506925208","0.9438461538461539","6.959296028880867","2.2064765300059417","2.154647435897436","0.6310606060606061","1.6274436090225564","6.54091168091168",,,
"2025-08-09","actual","EH5000","CONV","127479.0000","439","9","9","285.651111","0.000000","285.651111",,"133.146944","3.241389","149.262778","16.668889","132.593889","11.228889","290.384965831435079727","290.38496583","288.23348519","3.2380211","29.048870403827703","3.5793169","36.963881622334256","2.9797047970479706","0.6496588693957115","6.688083333333334","2.2992574257425744","2.0246212121212124","0.5190928270042194","1.2065198618307427","5.809969207082371",,,
"2025-08-10","actual","CAT793","AHS","318514.0000","1336","25","25","525.526667","0.000000","525.526667",,"0.000000","42.015278","483.511389","0.411667","483.099722","53.283611","238.408682634730538922","238.40868263","241.04610778","2.0951975","18.22311985515643","2.2468495","23.26667861955991","3.2136097820308347","1.0871547483919788","6.898481215027977","3.882902636387366","1.8846112886048987","0.6742239185750637","0.7550568024383486","5.794164788379664",,,
"2025-08-10","actual","CAT793","CONV","217560.0000","918","22","22","420.238889","0.000000","420.238889",,"0.000000","7.886389","412.352500","44.689167","367.663333","24.949444","236.993464052287581699","236.99346405","239.11971678","3.2563233","24.857385786051122","3.4479821","29.204942752800363","4.5875299760191846","0.9121669626998224","7.860013908205842","3.10281179138322","1.2833333333333334","0.4557595993322204","0.7728134110787171","7.083695652173914",,,
"2025-08-10","actual","EH4000","CONV","178568.0000","785","15","15","407.089444","0.000000","407.089444",,"60.736389","84.385556","261.967500","18.242778","243.724722","26.933333","227.475159235668789809","227.47515924","230.52713376","1.8548084","28.113271393581524","2.1220999","29.58864722462381","3.6714132762312635","0.7330820770519263","3.958575380359613","2.9038653933606184","1.8589337175792509","0.6198813056379822","1.0797008547008546","4.303204301075269",,,
"2025-08-10","actual","EH5000","AHS","200775.0000","690","14","14","264.511111","0.000000","264.511111",,"0.000000","11.513333","252.997778","0.772778","252.225000","35.393056","290.978260869565217391","290.97826087","299.13086957","2.4741290","24.121111966658344","2.7217275","29.200408906720515","3.095677570093458","0.8715584415584415","6.154266030736619","2.1123097112860894","1.7817843866171004","0.6115039281705948","1.5605030403537867","5.592512437810945",,,
"2025-08-10","actual","EH5000","CONV","110391.0000","380","8","8","137.020000","0.000000","137.020000",,"1.411667","4.972778","130.635556","20.602222","110.033333","8.326389","290.502631578947368421","290.50263158","288.01315789","2.1050658","23.99681920891","2.2981161","30.779911719250027","2.54048463356974","0.518396770472895","5.263362068965518","2.743079096045198","1.7461538461538462","0.5098670756646216","1.259672619047619","4.479771328056288",,,
"2025-08-11","actual","CAT793","AHS","324707.0000","1361","28","28","539.977222","0.000000","539.977222",,"17.075000","4.438056","518.464167","3.369167","515.095000","74.265278","238.579720793534166054","238.57972079","242.23894195","2.3847156","20.014315689830056","2.4229271","22.935872126572846","4.104784688995215","1.127274533174414","7.149029635457645","3.889981995884774","2.104884189325277","0.6645772594752187","0.7116144975288303","6.338351783517835",,,
"2025-08-11","actual","CAT793","CONV","224807.0000","947","22","22","453.580833","0.000000","453.580833",,"41.300833","13.486944","398.793056","43.815833","354.977222","18.208889","237.388595564941921859","237.38859556","241.93220697","3.9327979","26.685996255920095","4.2264662","32.943617851738104","3.1517938682322244","0.7349333333333333","8.84238578680203","3.0348560700876095","1.9623774509803922","0.44411206077872745","0.7420017873100982","7.697635795232513",,,
"2025-08-11","actual","EH4000","CONV","147972.0000","650","13","13","251.265556","0.000000","251.265556",,"0.688611","3.878611","246.698333","14.505278","232.193056","39.731944","227.649230769230769231","227.64923077","229.98446154","2.5508896","29.69203657938556","2.7600738","32.140474587771436","3.290993265993266","0.7892280701754386","5.154694444444445","2.922450657894737","1.5527976190476191","0.6065578465063001","1.0588869463869464","5.15251968503937",,,
"2025-08-11","actual","EH5000","AHS","192054.0000","660","12","12","232.749167","0.000000","232.749167",,"0.000000","0.294167","232.455000","0.708056","231.746944","24.727500","290.990909090909090909","290.99090909","296.95939394","2.6476727","22.25409303588407","2.7472848","27.853735414142296","2.3439597315436242","0.7952707856598017","7.13847837985769","1.881143951833607","2.2964555052790345","0.6102709514807814","1.5531746031746032","5.917952674897119",,,
"2025-08-11","actual","EH5000","CONV","126198.0000","435","8","8","165.507778","0.000000","165.507778",,"0.000000","6.788611","158.719167","16.106667","142.612500","8.131111","290.110344827586206897","290.11034483","291.39034483","2.7552824","25.25496234190132","2.8473333","32.037139149724425","3.0109756097560973","0.6142576204523107","6.545919243986254","3.124534686971235","1.292090395480226","0.511981981981982","1.3065040650406503","5.332560975609756",,,
"2025-08-12","actual","CAT793","AHS","296206.0000","1240","27","27","530.877222","0.000000","530.877222",,"2.463333","0.464167","527.949722","5.799167","522.150556","81.026667","238.875806451612903226","238.87580645","240.29435484","3.1123598","24.156138152169653","3.2217615","30.70340348840954","4.06334388185654","1.056873822975518","7.7306060606060605","3.8485382631126397","1.9244731800766284","0.6604166666666667","0.7130018248175182","6.295904298459043",,,
"2025-08-12","actual","CAT793","CONV","199816.0000","838","21","21","525.478611","0.000000","525.478611",,"145.233056","15.947500","364.298056","27.621667","336.676389","12.675000","238.443914081145584726","238.44391408","242.75680191","4.4455396","27.801883603230486","4.5571944","34.246417776744444","3.108220720720721","0.7054075235109718","9.594039735099336","3.3017771998266148","1.755324074074074","0.45492315081652257","0.7418287037037037","7.984241323648104",,,
"2025-08-12","actual","EH4000","CONV","140168.0000","616","12","12","252.545556","0.000000","252.545556",,"1.813056","3.207222","247.525278","13.713056","233.812222","35.168889","227.545454545454545455","227.54545455","232.20504886","3.0431928","29.261497243567955","3.2538003","33.39323778419862","2.62807570977918","0.734400826446281","6.239994026284349","3.0197454114860864","1.9687830687830687","0.5907270486752927","1.1404268675455116","5.846333897349126",,,
"2025-08-12","actual","EH5000","AHS","254292.0000","874","13","13","266.803611","0.000000","266.803611",,"0.000000","0.982778","265.820833","0.363333","265.457500","27.984722","290.951945080091533181","290.95194508","286.73604119","2.1848513","24.500527747475182","2.3009027","30.045487635250435","2.8134444444444444","0.86531328320802","5.35054099042863","2.417985166872682","1.6032299741602067","0.6083766233766233","1.4618376068376067","4.594838455476753",,,
"2025-08-12","actual","EH5000","CONV","150375.0000","518","9","9","181.149444","0.000000","181.149444",,"1.791111","13.015833","166.342500","15.745556","150.596944","7.257222","290.299227799227799228","290.29922780","289.24343629","2.3562606","25.19034262012561","2.4468279","31.534005245450377","2.298813982521848","0.4587926509186352","5.612295081967213","2.688505747126437","1.474390243902439","0.5226822363765039","1.226063829787234","4.655598705501618",,,
"2025-08-13","actual","CAT793","AHS","364569.0000","1527","32","32","603.491389","0.000000","603.491389",,"0.000000","43.221389","560.270000","1.415000","558.855000","41.629444","238.748526522593320236","238.74852652","236.81127130","2.9676260","23.086809074310725","3.0372717","27.874123803666084","3.4229816147082337","1.1455330990041008","7.712523607176581","3.4170404111188972","1.5574074074074074","0.6608501118568232","0.7200395354583642","6.537830687830688",,,
"2025-08-13","actual","CAT793","CONV","182453.0000","767","18","18","420.930278","0.000000","420.930278",,"95.528889","0.076111","325.325278","25.691389","299.633889","16.208333","237.878748370273794003","237.87874837","242.30547588","3.9717467","26.98619763717912","4.0432336","33.18621856913323","3.191868932038835","0.6283783783783784","8.830617977528089","2.938012104283054","1.3142156862745098","0.4370789779326365","0.7721728395061728","7.3100831146106735",,,
"2025-08-13","actual","EH4000","CONV","166720.0000","732","14","14","289.885556","0.000000","289.885556",,"0.836944","0.000000","289.048611","19.180556","269.868056","41.454722","227.759562841530054645","227.75956284","230.12062842","2.5148587","29.105697650564128","2.6419738","30.50227242949215","2.9103884372177053","0.7054753309265944","5.184260614934114","3.1894444444444447","3.2647357723577235","0.6331122166943062","1.1543589743589744","5.196938305709024",,,
"2025-08-13","actual","EH5000","AHS","231636.0000","796","11","11","224.988056","0.000000","224.988056",,"4.126389","5.766111","215.095556","0.408056","214.687500","18.618611","291.000000000000000000","291.00000000","289.87223618","1.9897839","24.383472561110565","2.0273962","32.00631285488593","2.39948132780083","0.8596918767507002","4.896227709190672","2.4741450068399455","1.931128205128205","0.6617647058823529","1.378995756718529","3.800618101545254",,,
"2025-08-13","actual","EH5000","CONV","191601.0000","660","10","10","218.502500","0.000000","218.502500",,"0.175000","9.713889","208.613611","21.559444","187.054167","12.061667","290.304545454545454545","290.30454545","291.42878788","2.2809606","27.088311198365062","2.3856935","32.6293221665834","3.500613154960981","0.47391449565798266","5.052276422764227","2.660389957264957","3.0276785714285714","0.48304498269896196","1.2394648829431438","4.386901121304791",,,
"2025-08-14","actual","CAT793","AHS","427259.0000","1793","32","32","672.248333","0.000000","672.248333",,"0.000000","16.853333","655.395000","0.000000","655.395000","92.554444","238.292805354155047407","238.29280535","235.33000558","2.6038290","23.320124130941043","2.7127054","27.223409941735575","3.708807733619764","1.0901960784313725","6.699352847471127","3.3287602820211517","1.3829457364341087","0.6568559954102123","0.6866563146997929","5.97876329043089",,,
"2025-08-14","actual","CAT793","CONV","187976.0000","794","17","17","302.753611","0.000000","302.753611",,"0.000000","0.949167","301.804444","24.304167","277.500278","13.581944","236.745591939546599496","236.74559194","234.73564232","3.1487345","26.4219399386468","3.4177290","31.936295352017083","2.7857894736842104","0.780876914949815","7.150272479564033","2.7433153880663976","1.3356060606060607","0.49686677198525536","0.7868658131816026","6.421024659863946",,,
"2025-08-14","actual","EH4000","CONV","138448.0000","610","13","13","265.748333","0.000000","265.748333",,"13.798889","3.144167","248.805278","17.144444","231.660833","17.158611","226.963934426229508197","226.96393443","229.25508197","3.4874415","29.42945649237744","3.7010714","34.24037133784873","3.0951969260326613","0.5833333333333334","7.110103785103785","2.828060606060606","1.6388","0.5191595441595441","1.176272264631043","6.48545197740113",,,
"2025-08-14","actual","EH5000","AHS","203700.0000","700","11","11","208.738056","0.000000","208.738056",,"0.000000","5.449444","203.288611","0.496667","202.791944","15.228333","291.000000000000000000","291.00000000","294.04157143","2.1735616","24.14021747088512","2.2729641","29.024263686472246","2.2470223325062038","0.7438157081014224","5.402341389728097","2.400970149253731","1.8628555176336747","0.6671677215189874","1.567659352142111","4.698752997601918",,,
"2025-08-14","actual","EH5000","CONV","194427.0000","670","12","12","236.913056","0.000000","236.913056",,"4.341111","7.873056","224.698889","19.056111","205.642778","10.751667","290.189552238805970149","290.18955224","287.91582090","2.7030741","27.497058885540923","2.8699076","33.69260927775771","2.9961323763955345","0.5429938271604938","5.8982470334412085","2.6287466666666663","2.900198412698413","0.4884684684684685","1.2947045707915272","5.11074860900354",,,
"2025-08-15","actual","CAT793","AHS","401705.0000","1679","33","33","703.088333","0.000000","703.088333",,"0.000000","1.791111","701.297222","1.559167","699.738056","116.219722","239.252531268612269208","239.25253127","237.94663490","2.7502920","23.30654600722413","2.7773774","26.220119437241692","4.249275362318841","1.1419205105889179","7.080307822053553","3.6036494073611975","2.346345514950166","0.661531007751938","0.7188628762541805","6.355525740409461",,,
"2025-08-15","actual","CAT793","CONV","195909.0000","831","16","16","311.738611","0.000000","311.738611",,"6.514444","1.221389","304.002778","34.461389","269.541389","13.808611","235.750902527075812274","235.75090253","241.16883273","2.6898261","26.071473096641533","2.8192041","31.184599029107204","3.0295495495495497","0.7174491392801252","6.190274151436031","2.5861254295532645","1.1406432748538011","0.48903631284916205","0.8475996376811594","5.42422385620915",,,
"2025-08-15","actual","EH4000","CONV","146922.0000","647","13","13","292.681389","0.000000","292.681389",,"10.452500","9.300000","272.928889","20.591111","252.337778","13.500000","227.081916537867078825","227.08191654","228.39922720","3.9195609","29.171312524789172","3.9716929","33.83290673278802","3.0434027777777777","0.6309291747888239","8.061812570145904","3.0361754966887418","2.5517676767676765","0.4643690736688548","1.1543199065966143","7.043485086342229",,,
"2025-08-15","actual","EH5000","AHS","190893.0000","656","10","10","207.523889","0.000000","207.523889",,"0.000000","0.000000","207.523889","0.000000","207.523889","32.738056","290.995426829268292683","290.99542683","284.58353659","1.7201067","24.38644473746827","1.9031496","27.490263003405012","3.7606508875739646","0.8796921255180581","4.232121701669359","2.4046443736730363","2.460658914728682","0.6658234963462619","1.508374655647383","4.153797145769623",,,
"2025-08-15","actual","EH5000","CONV","200673.0000","691","14","14","276.351389","0.000000","276.351389",,"30.063056","21.345556","224.942778","21.253056","203.689722","13.723333","290.409551374819102750","290.40955137","286.13849493","2.2017652","23.653304973309613","2.4325793","31.622963348039114","2.99219298245614","0.5647595356550581","5.585093167701863","2.6210754332313964","3.4345588235294118","0.48060317460317464","1.3365105008077545","4.615467449828683",,,
"2025-08-16","actual","CAT793","AHS","317790.0000","1326","30","30","596.157778","0.000000","596.157778",,"0.000000","23.032778","573.125000","0.195278","572.929722","109.779167","239.660633484162895928","239.66063348","241.28217523","3.0838905","22.382743581919502","3.2477387","29.290336990658677","4.545821854912764","1.1432767162066526","8.266789516789517","3.5650227211975407","2.0166666666666666","0.6550471063257066","0.7090882945067587","6.652853535353535",,,
"2025-08-16","actual","CAT793","CONV","210180.0000","888","18","18","353.497500","0.000000","353.497500",,"0.000000","7.814167","345.683333","29.795278","315.888056","19.857500","236.689189189189189189","236.68918919","241.39234234","2.7058050","24.720938407374693","3.0239142","30.10289142403098","3.45","0.7984894259818731","6.567238562091504","2.9112384398874145","1.3333333333333333","0.5037634408602151","0.8181528662420382","6.027156974534397",,,
"2025-08-16","actual","EH4000","CONV","109252.0000","481","14","14","250.786389","0.000000","250.786389",,"0.000000","5.368333","245.418056","21.575556","223.842500","62.626944","227.135135135135135135","227.13513514","231.95821206","2.6965192","26.28126436021659","2.9003434","29.377585809715132","3.2461864406779664","0.6739514348785872","6.156140350877193","3.1511441647597254","2.794402985074627","0.5369142351900973","1.1379396984924623","5.9235842293906815",,,
"2025-08-16","actual","EH5000","AHS","208329.0000","716","11","11","234.161944","0.000000","234.161944",,"0.000000","2.063333","232.098611","0.000000","232.098611","32.482778","290.962290502793296089","290.96229050","291.31815642","2.1719090","26.17727221688441","2.3061334","32.829267069632984","3.3776350461133067","0.9076666666666667","4.978155818540434","2.4905004859086493","1.66123595505618","0.6384514435695539","1.5151676829268292","4.214775910364145",,,
"2025-08-16","actual","EH5000","CONV","169983.0000","585","11","11","346.039722","0.000000","346.039722",,"125.908611","3.594444","216.536667","26.843889","189.692778","14.640556","290.569230769230769231","290.56923077","289.76666667","2.3221692","24.92296399917156","2.4374397","30.523633730204825","3.127491408934708","0.715655577299413","5.590432663010359","2.6027124773960213","1.1963636363636363","0.4760162601626016","1.2762674271229406","4.791250717154331",,,
"2025-08-17","actual","CAT793","AHS","263812.0000","1108","23","23","481.513889","0.000000","481.513889",,"0.000000","2.822500","478.691389","1.384722","477.306667","112.221111","238.097472924187725632","238.09747292","240.43619134","2.6848329","25.146943145853097","2.8567281","28.761149557935056","4.23519367991845","1.137458977965307","6.405946562398175","3.4543673731535005","2.5279747832939323","0.6106971153846154","0.7634831460674156","5.9595561594202895",,,
"2025-08-17","actual","CAT793","CONV","274087.0000","1159","24","24","495.716111","0.000000","495.716111",,"37.825278","6.721389","451.169444","36.884167","414.285278","32.721944","236.485763589301121657","236.48576359","239.88110440","2.6370819","24.8620655471663","2.8156500","27.83377782982344","3.9539228435197225","0.7821640903686088","6.364109759900218","3.018847926267281","1.9724242424242424","0.49763429384560653","0.7673509286412512","6.069567740063823",,,
"2025-08-17","actual","EH4000","CONV","132000.0000","581","13","13","286.855278","0.000000","286.855278",,"23.968611","7.524444","255.362222","22.133333","233.228889","33.068889","227.194492254733218589","227.19449225","231.65611015","2.4141276","25.630309612426487","2.6658860","28.34954429413195","4.272270114942529","0.799889135254989","5.6514204545454545","3.4024473358116483","2.5995098039215687","0.5400414937759337","1.1396369636963695","5.642177466433158",,,
"2025-08-17","actual","EH5000","AHS","169944.0000","584","11","11","270.851944","0.000000","270.851944",,"0.000000","28.497778","242.354167","4.548611","237.805556","40.290000","291.000000000000000000","291.00000000","290.68339041","2.6331007","25.502462408325368","2.7616340","31.119425296637925","4.848765432098765","0.8920654911838791","6.194932844932845","2.3532306763285025","2.1636507936507936","0.6024326101249178","1.5430769230769232","5.324585477415666",,,
"2025-08-17","actual","EH5000","CONV","180033.0000","619","10","10","212.628611","0.000000","212.628611",,"0.000000","0.258333","212.370278","22.111389","190.258889","17.609167","290.844911147011308562","290.84491115","288.81470113","1.9620518","23.970582552388937","2.0563474","28.52941856236018","3.051362007168459","0.6443913320586361","4.91114922813036","2.467258883248731","5.1382352941176475","0.4817643576080521","1.3442865600947305","4.324688346883469",,,
"2025-08-18","actual","CAT793","AHS","353854.0000","1486","28","28","550.645556","0.000000","550.645556",,"0.000000","0.000000","550.645556","0.000000","550.645556","76.984444","238.125168236877523553","238.12516824","240.36561238","2.3625351","23.35202445408434","2.4618246","26.06112239031704","4.257681755829904","1.1768928683631794","6.070227713178295","3.5375","1.5208167770419427","0.666786858974359","0.7482323232323231","5.667809459153655",,,
"2025-08-18","actual","CAT793","CONV","262206.0000","1110","23","23","458.146389","0.000000","458.146389",,"22.131389","30.528056","405.486944","30.806111","374.680833","34.853333","236.221621621621621622","236.22162162","238.89000000","2.4923282","23.869090465496427","2.6501840","28.74392622222725","3.27136878385032","0.7560451255853555","6.264993306559572","2.990877712031558","1.6830330330330332","0.4992883895131086","0.8330010493179433","5.531987480438185",,,
"2025-08-18","actual","EH4000","CONV","132414.0000","584","14","14","338.681944","0.000000","338.681944",,"86.346111","8.784444","243.551389","17.732778","225.818611","36.732500","226.736301369863013699","226.73630137","229.58202055","2.4467307","26.075134326556867","2.6520964","30.71092931128625","3.4176215277777775","0.7406652360515021","5.630032051282051","3.2745746691871456","3.290563725490196","0.5250170415814588","1.1400133600534403","5.181405693950178",,,
"2025-08-18","actual","EH5000","AHS","174600.0000","600","10","10","206.003611","0.000000","206.003611",,"1.299167","1.390556","203.313889","0.059722","203.254167","22.251111","291.000000000000000000","291.00000000","292.69716667","2.6380950","24.362367389663596","2.7122300","30.83328334382422","2.487893864013267","0.8123015873015873","6.4971395213076475","1.8815652173913044","2.3321229050279326","0.5181877022653721","1.5447802197802196","5.27786152987158",,,
"2025-08-18","actual","EH5000","CONV","203991.0000","701","10","10","198.424722","0.000000","198.424722",,"0.000000","0.878889","197.545833","20.358333","177.187500","5.879722","291.000000000000000000","291.00000000","289.62524964","2.1233766","24.929169690357547","2.2995221","32.18978928415395","2.238660578386606","0.47811641954969797","5.110583207642032","2.6200746268656716","4.297584541062802","0.4821505376344086","1.3117447916666667","4.286182950191571",,,
"2025-08-19","actual","CAT793","AHS","235564.0000","988","23","23","490.511944","0.000000","490.511944",,"0.000000","132.900833","357.611111","0.251111","357.360000","50.449167","238.425101214574898785","238.42510121","237.87530364","2.2035420","23.609067319684126","2.3590264","26.23716297604732","4.313397548161121","1.1902619047619047","5.600073827980805","3.55945110868775","2.835157894736842","0.6735381988903115","0.8112711213517666","5.394698509485095",,,
"2025-08-19","actual","CAT793","CONV","309818.0000","1310","28","28","595.389167","0.000000","595.389167",,"117.677778","38.914444","438.796944","40.278333","398.518611","21.267500","236.502290076335877863","236.50229008","241.45839695","2.5049274","24.891176338695942","2.6243795","30.633124669008374","3.3123784261715294","0.6503192204301075","6.038109326570865","2.780030657748049","2.1434149184149183","0.49324932493249324","0.7224381625441697","5.140277777777778",,,
"2025-08-19","actual","EH4000","CONV","140198.0000","617","13","13","251.460556","0.000000","251.460556",,"18.916667","23.368889","209.175000","20.725556","188.449444","17.020556","227.225283630470016207","227.22528363","228.87844408","2.0592220","26.734778530258446","2.1749383","29.57853955081098","3.204255319148936","0.7466467463479416","4.621445427728614","3.233740546829552","3.619750656167979","0.5839427178549665","1.0769183548189074","4.411857379767827",,,
"2025-08-19","actual","EH5000","AHS","153357.0000","527","13","13","264.209167","0.000000","264.209167",,"0.000000","78.165278","186.043889","0.000000","186.043889","20.098056","291.000000000000000000","291.00000000","295.51195446","2.7239127","26.19812429674519","2.7749905","29.38752070399175","2.630693069306931","0.7368661679135494","6.238414634146341","2.0947138047138045","2.2831804281345565","0.5961620469083155","2.0693433261955745","5.665650793650794",,,
"2025-08-19","actual","EH5000","CONV","154812.0000","532","8","8","176.001111","0.000000","176.001111",,"5.202222","18.579444","152.219444","15.026111","137.193333","5.522778","291.000000000000000000","291.00000000","293.10300752","1.8002632","23.037197096151665","1.8246974","29.640008015245648","2.4724500525762356","0.5524634334103156","4.688755821689953","2.6090788601722994","3.1814814814814816","0.44526104417670687","1.3444101508916324","3.693718434343434",,,
"2025-08-20","actual","CAT793","AHS","298996.0000","1258","21","21","385.173611","0.000000","385.173611",,"0.000000","4.226111","380.947500","0.029722","380.917778","63.616944","237.675675675675675676","237.67567568","235.97416534","1.8753059","23.812742865051085","2.0124246","26.324218092376494","3.9448476052249637","1.0703216374269007","4.725132028580305","3.3708982584784604","1.8598587570621468","0.6797890733056708","0.7400996464159434","4.586858974358974",,,
"2025-08-20","actual","CAT793","CONV","359578.0000","1516","30","30","578.971389","0.000000","578.971389",,"22.471389","15.265278","541.234722","64.813889","476.420833","24.720278","237.188654353562005277","237.18865435","241.65547493","2.9503336","25.18847065041448","3.1371169","30.59130273230884","3.7340148698884756","0.7147955974842767","7.027819134270747","3.1312737127371273","1.271264367816092","0.4809848484848485","0.7104852686308493","6.152958428972201",,,
"2025-08-20","actual","EH4000","CONV","152900.0000","672","12","12","226.084722","0.000000","226.084722",,"0.000000","12.756389","213.328333","16.401389","196.926944","29.190556","227.529761904761904762","227.52976190","232.01860119","1.9167649","28.187505886090786","2.0857039","29.29080516732706","3.527947154471545","0.7881914893617021","4.080030864197531","3.2496039000609387","1.9227385377942998","0.5994263862332695","1.105361757105943","4.27240675990676",,,
"2025-08-20","actual","EH5000","AHS","164997.0000","567","12","12","247.981389","0.000000","247.981389",,"0.000000","50.890278","197.091111","0.485000","196.606111","20.807222","291.000000000000000000","291.00000000","292.15661376","2.9567261","25.656342291204155","3.1193009","31.164153302497684","3.48475665748393","0.9203797468354431","6.914608636977058","2.1117943548387097","2.125697865353038","0.6734767025089605","1.5713276836158192","6.0055555555555555",,,
"2025-08-20","actual","EH5000","CONV","178668.0000","614","9","9","222.040000","0.000000","222.040000",,"60.089722","10.669167","151.281111","12.030556","139.250556","9.628333","290.990228013029315961","290.99022801","289.27052117","1.5731941","20.580837954754838","1.6218787","28.914564459797756","2.5669082125603864","0.6483870967741936","4.586384976525822","2.4293302540415707","2.113888888888889","0.4806951423785595","1.2984299516908213","3.3655261221486388",,,
"2025-08-21","actual","CAT793","AHS","292928.0000","1226","25","25","482.533889","0.000000","482.533889",,"19.137222","14.858889","448.537778","28.162500","420.375278","58.308611","238.929853181076672104","238.92985318","241.62862969","2.1798952","21.856943142118475","2.4941962","25.120422694860874","3.440408163265306","1.1554363376251788","5.98408071748879","3.4632659044268546","1.4748495788206981","0.6734596249521623","0.7191565515094926","5.957374755107752",,,
"2025-08-21","actual","CAT793","CONV","272534.0000","1148","25","25","471.211111","0.000000","471.211111",,"0.000000","25.028889","446.182222","79.259722","366.922500","25.852222","237.398954703832752613","237.39895470","242.33554007","2.9332151","25.62344047983571","3.1146855","31.21764653178167","3.3879494655004856","0.6631952902963865","6.868433852140077","2.9872924648786716","1.7483847283406755","0.45448421862971516","0.7236410256410256","5.986393939393939",,,
"2025-08-21","actual","EH4000","CONV","156122.0000","688","13","13","329.689444","0.000000","329.689444",,"0.000000","53.136389","276.553056","37.647500","238.905556","34.021111","226.921511627906976744","226.92151163","228.87747093","2.4030930","27.551107923527464","2.6778763","30.401311992037062","2.9437908496732024","0.6989583333333333","5.2333859095688755","3.138966408268734","1.4453010279001468","0.5670840289371174","1.1429159802306426","5.285054080629302",,,
"2025-08-21","actual","EH5000","AHS","167031.0000","574","11","11","220.890556","0.000000","220.890556",,"0.000000","11.124167","209.766389","14.634722","195.131667","23.966944","290.994773519163763066","290.99477352","292.02386760","2.7064011","26.437205709732083","2.8705378","31.410140060790273","2.4285247432306254","0.8371326164874552","6.142255266418835","2.200244648318043","1.823992673992674","0.6071049136786189","1.5927367055771726","5.483333333333333",,,
"2025-08-21","actual","EH5000","CONV","159693.0000","549","8","8","163.571111","0.000000","163.571111",,"0.000000","8.818889","154.752222","25.100556","129.651667","7.485556","290.879781420765027322","290.87978142","288.34025501","1.5327705","22.212982345679983","1.5922805","28.240578169476677","2.182345013477089","0.6632945736434108","4.140201822916667","2.084655061250806","2.950900900900901","0.4747485632183908","1.2337333333333333","3.382962962962963",,,
"2025-08-22","actual","CAT793","AHS","352967.0000","1481","27","27","502.001111","0.000000","502.001111",,"0.000000","0.000000","502.001111","0.643056","501.358056","53.646111","238.330182309250506415","238.33018231","238.58858879","2.1495630","22.432404218636684","2.2586814","24.4642133679698","3.704182754182754","1.13046875","5.749440797471432","3.191384282624369","1.4292349726775955","0.6734562211981566","0.7287001777100788","5.539556165637154",,,
"2025-08-22","actual","CAT793","CONV","269972.0000","1142","22","22","435.210556","0.000000","435.210556",,"18.852778","8.770278","407.587500","41.480556","366.106944","14.700556","236.402802101576182137","236.40280210","242.71987741","2.9028262","24.859187043799032","3.0210183","31.12149530463813","2.81672278338945","0.6486991869918699","7.00624568668047","3.025961865849506","3.2801136363636365","0.39011399371069183","0.740912356321839","5.824305555555555",,,
"2025-08-22","actual","EH4000","CONV","150136.0000","661","12","12","268.262778","0.000000","268.262778",,"3.163333","14.121389","250.978056","14.096667","236.881389","38.413889","227.134644478063540091","227.13464448","228.43358548","2.4725745","29.990594065411653","2.9278935","31.66676456976564","2.9034022394487513","0.7031084656084656","4.946699944536883","3.02275956284153","1.8713403880070547","0.5423027989821882","1.1080710955710955","5.54757053291536",,,
"2025-08-22","actual","EH5000","AHS","165870.0000","570","12","12","915.252500","0.000000","915.252500",,"0.000000","714.245833","201.006667","0.000000","201.006667","27.910556","291.000000000000000000","291.00000000","292.52175439","2.9199614","26.562722513464312","2.9458366","33.108966326689895","2.3204347826086953","0.7121996996996997","6.595622263914946","2.119135802469136","1.5535042735042734","0.5906374501992032","1.6191454664057403","5.338438967136151",,,
"2025-08-22","actual","EH5000","CONV","137925.0000","475","10","10","174.313611","0.000000","174.313611",,"0.000000","26.223611","148.090000","13.561944","134.528056","7.528611","290.368421052631578947","290.36842105","290.32947368","2.6378344","27.584968177493103","2.7958393","36.89154923661258","2.2132","0.628652668416448","5.737547456340167","2.217937219730942","1.36078431372549","0.46169519152404237","1.2625485625485626","4.547121535181237",,,
"2025-08-23","actual","CAT793","AHS","374815.0000","1573","24","24","508.093889","0.000000","508.093889",,"0.000000","5.849167","502.244722","0.000000","502.244722","47.351389","238.280356007628734901","238.28035601","238.24036872","1.8890580","20.22609682997118","1.9694400","22.369579904217417","2.946726959517657","1.0364456893868659","5.6038236617183985","3.169822812846069","1.269187102633969","0.7034235916588858","0.726376306620209","5.282459505541348",,,
"2025-08-23","actual","CAT793","CONV","309045.0000","1305","26","26","511.220000","0.000000","511.220000",,"7.807778","18.290833","485.121389","49.635556","435.485833","36.810556","236.816091954022988506","236.81609195","237.57233716","2.9381903","25.94599096328883","3.1111645","29.910830162758256","2.936652835408022","0.782479079497908","6.794553279905016","2.758164761067136","1.3674825174825176","0.44144289294665234","0.7890021624961384","6.240878938640133",,,
"2025-08-23","actual","EH4000","CONV","162006.0000","713","12","12","271.585833","0.000000","271.585833",,"0.139167","3.233056","268.213611","20.257222","247.956389","33.855556","227.217391304347826087","227.21739130","228.36690042","2.5387806","28.926263453305307","2.7215028","31.824661578267467","3.0443641618497113","0.653944020356234","5.266039156626506","3.3279098563645366","2.301025641025641","0.5382737081203861","1.119006309148265","5.130931796349663",,,
"2025-08-23","actual","EH5000","AHS","149865.0000","515","11","11","204.128611","0.000000","204.128611",,"21.030000","23.912222","159.186389","0.000000","159.186389","13.467500","291.000000000000000000","291.00000000","295.08077670","2.9673631","25.653534443858725","3.1287534","33.2275608939674","2.1534461152882205","0.74349376114082","6.940243902439025","2.1357142857142857","1.872562358276644","0.5880563124432334","1.5615503875968992","5.649683544303797",,,
"2025-08-23","actual","EH5000","CONV","142812.0000","491","7","7","127.389722","0.000000","127.389722",,"0.000000","2.260556","125.129167","11.509722","113.619444","4.247778","290.859470468431771894","290.85947047","294.29164969","1.7067617","22.038461402729688","1.8856477","31.480760704820486","2.138430698739977","0.6190726159230097","4.646681096681096","2.0777417027417027","3.0770114942528735","0.45220352564102567","1.2968218773096822","3.593904958677686",,,
"2025-08-24","actual","CAT793","AHS","214873.0000","901","26","26","536.343333","0.000000","536.343333",,"90.073056","5.027500","441.242778","80.113333","361.129444","81.329444","238.482796892341842397","238.48279689","242.75122222","2.3471170","20.554601290555084","2.4121739","19.99292881089947","2.90223311546841","1.0231732776617954","6.851362281822052","3.2286909242994564","1.8976674191121143","0.7054098360655737","0.7089430894308943","7.239081145584725",,,
"2025-08-24","actual","CAT793","CONV","231097.0000","973","25","25","438.003056","0.000000","438.003056",,"7.609167","9.884444","420.509444","96.730833","323.778611","33.427500","237.509763617677286742","237.50976362","242.84182939","2.3642788","22.68171175167586","2.5699293","25.49236512077835","3.5922972051806408","0.6789812067260139","6.254233787691037","2.7996540496540496","1.4077294685990338","0.43090040927694406","0.7780836534357661","6.048703494926719",,,
"2025-08-24","actual","EH4000","CONV","70662.0000","312","12","12","200.618611","0.000000","200.618611",,"16.753056","1.128056","182.737500","70.662222","112.075278","4.892222","226.480769230769230769","226.48076923","224.45993590","2.9709443","25.841386110752186","3.1356419","29.30531392262842","3.865315315315315","0.6994177583697234","6.8981074481074485","2.8778799019607844","2.4007936507936507","0.4940620782726046","1.2197795071335926","6.419945355191257",,,
"2025-08-24","actual","EH5000","AHS","97485.0000","335","11","11","170.400278","0.000000","170.400278",,"0.524444","0.000000","169.875833","68.713056","101.162778","10.302222","291.000000000000000000","291.00000000","291.95014925","1.8334627","20.632675031862497","2.0916928","26.203263792674644","3.6956310679611653","0.9752767527675277","5.331725616291533","2.4036977491961413","1.1344884488448845","0.6523989898989898","1.5502787068004458","4.789539539539539",,,
"2025-08-24","actual","EH5000","CONV","96588.0000","332","9","9","136.208333","0.000000","136.208333",,"0.000000","1.520556","134.687778","47.255556","87.432222","3.152222","290.927710843373493976","290.92771084","292.59879518","1.9544940","23.22171089108911","2.3621988","30.223694771151173","2.7698924731182797","0.6656654888103651","5.05","2.1467637540453075","4.540350877192982","0.46805074971164934","1.547562358276644","4.689430894308943",,,
"2025-08-25","actual","CAT793","AHS","312880.0000","1312","25","25","446.213333","0.000000","446.213333",,"5.641389","2.241111","438.330833","2.060278","436.270556","36.760556","238.475609756097560976","238.47560976","238.16951220","2.3730358","21.052048974436218","2.4081393","20.740687775472505","3.004706790123457","0.8515173764072442","6.7633391967165055","3.3784806470248414","2.052915291529153","0.6765834238146942","0.6960048795364441","6.966420765027323",,,
"2025-08-25","actual","CAT793","CONV","290838.0000","1224","23","23","576.888056","0.000000","576.888056",,"148.036944","19.896389","408.954722","29.324722","379.630000","25.848056","237.612745098039215686","237.61274510","244.73905229","2.4558358","24.35291834102206","2.6109769","27.64653358957294","2.8690263288623945","0.6886169818316648","6.050615615615615","2.680679122182681","2.39959100204499","0.4913214990138067","0.7369708372530573","5.666483050847458",,,
"2025-08-25","actual","EH4000","CONV","158494.0000","698","14","14","261.796667","0.000000","261.796667",,"0.713333","7.550833","253.532500","21.326389","232.206111","15.230278","227.068767908309455587","227.06876791","228.13868195","2.6079756","26.108335997435752","2.6236595","31.844946827403707","3.097427035330261","0.7092490842490843","5.993431983385254","3.1691934660541095","2.2395833333333335","0.5515460030165913","1.2177436725901993","4.943313953488372",,,
"2025-08-25","actual","EH5000","AHS","169944.0000","584","11","11","185.214722","0.000000","185.214722",,"0.000000","12.362500","172.852222","6.793611","166.058611","17.778611","291.000000000000000000","291.00000000","291.67157534","2.1415908","27.8379166017738","2.1878216","35.090289606010984","3.1220238095238098","0.8316384180790961","4.615842839036755","2.487515605493134","2.223076923076923","0.6794467787114846","1.6929411764705882","3.740900900900901",,,
"2025-08-25","actual","EH5000","CONV","148935.0000","512","8","8","162.372778","0.000000","162.372778",,"0.000000","10.973611","151.399167","12.429722","138.969444","7.040556","290.888671875000000000","290.88867188","293.37050781","2.1686071","24.86596867719553","2.2818370","31.5279365657575","2.4026584867075664","0.6787566742944318","5.232710926694329","2.3779931972789115","2.3121951219512193","0.4661111111111111","1.2823027718550106","4.342504930966469",,,
"2025-08-26","actual","CAT793","AHS","302571.0000","1263","26","26","495.672222","0.000000","495.672222",,"0.000000","1.588889","494.083333","0.000000","494.083333","49.385556","239.565320665083135392","239.56532067","236.99944576","2.9797033","20.873388345261805","3.0965982","23.258276249734017","2.662250712250712","0.976328502415459","8.56507793764988","3.547202591283863","1.3176029962546816","0.6493246187363834","0.7135143570536828","7.988377556661138",,,
"2025-08-26","actual","CAT793","CONV","259197.0000","1089","22","22","580.308611","0.000000","580.308611",,"0.335000","169.231111","410.742500","41.744444","368.998056","22.443611","238.013774104683195592","238.01377410","239.55629017","3.1608063","26.918071165170254","3.2793721","32.18709123121796","2.764944356120827","0.7450910530482978","7.04539254823686","2.5725024727992087","1.9211622807017543","0.4390402843601896","0.7346514047866806","6.113081936685289",,,
"2025-08-26","actual","EH4000","CONV","197442.0000","869","14","14","318.465000","0.000000","318.465000",,"6.621944","0.068333","311.774722","23.147778","288.626944","28.674722","227.205983889528193326","227.20598389","228.13118527","2.7747266","29.310535363842945","2.8631974","33.43860941341585","2.545374617737003","0.6188559322033899","5.6799916457811195","2.9956422965716647","2.7333986928104577","0.5505692167577414","1.1587559601213697","5.1375295508274235",,,
"2025-08-26","actual","EH5000","AHS","191175.0000","657","12","12","216.387778","0.000000","216.387778",,"0.000000","6.801667","209.586111","0.000000","209.586111","24.952778","290.981735159817351598","290.98173516","294.33729072","2.4214070","24.296037205097903","2.4761838","35.23535722738498","3.256710430342815","0.774416135881104","5.979757882882883","2.320805369127517","1.9338211382113821","0.6629533678756477","1.5372222222222223","4.216532474503489",,,
"2025-08-26","actual","EH5000","CONV","122934.0000","423","7","7","142.797500","0.000000","142.797500",,"0.000000","3.412500","139.385000","17.885278","121.499722","4.742778","290.624113475177304965","290.62411348","294.18345154","2.4789220","26.36049956913783","2.6527619","35.22444101093328","2.313684210526316","0.6593542260208927","5.642355889724311","2.105889724310777","1.9971698113207548","0.4996905393457117","1.2815538194444445","4.5186157517899765",,,
"2025-08-27","actual","CAT793","AHS","259658.0000","1088","25","25","503.775556","0.000000","503.775556",,"20.898611","8.857222","474.019722","2.965000","471.054722","45.495833","238.656250000000000000","238.65625000","238.08869485","3.4357255","23.374093230957047","3.5209391","26.260863037734733","3.4736426767676765","1.0282312925170067","8.819316666666667","3.701522593320236","1.0877707896575821","0.664037558685446","0.7017470300489169","8.044531731361676",,,
"2025-08-27","actual","CAT793","CONV","279552.0000","1176","24","24","514.870278","0.000000","514.870278",,"63.676111","13.159444","438.034722","48.389722","389.645000","29.018889","237.714285714285714286","237.71428571","238.88639456","3.2233451","25.66136284955448","3.3087645","31.3212013157217","2.771764032073311","0.7159772911597729","7.536649831649831","2.768747918747919","1.2251461988304093","0.4661786786786787","0.7261256544502618","6.338386194029851",,,
"2025-08-27","actual","EH4000","CONV","194230.0000","854","14","14","291.070833","0.000000","291.070833",,"0.000000","3.866389","287.204444","20.883889","266.320556","16.338056","227.435597189695550351","227.43559719","230.98618267","2.5928664","29.361937170397344","2.6655822","33.05186008923317","2.625104953820319","0.6036122542295382","5.298423707440102","3.1118721461187215","1.3853626943005182","0.6065743183817063","1.0775899436497616","4.838908659549229",,,
"2025-08-27","actual","EH5000","AHS","155955.0000","537","11","11","188.368333","0.000000","188.368333",,"0.000000","6.444722","181.923611","2.584167","179.339444","24.000278","290.418994413407821229","290.41899441","293.05083799","2.3957809","24.669394844695166","2.6434465","31.524208478558112","3.2813356164383563","0.904595015576324","5.826930693069307","3.073679060665362","1.7358630952380951","0.5717640320733105","1.3976041666666668","5.031269543464665",,,
"2025-08-27","actual","EH5000","CONV","132819.0000","457","6","6","135.976944","0.000000","135.976944",,"0.000000","0.000000","135.976944","11.821389","124.155556","7.035833","290.632385120350109409","290.63238512","292.25470460","2.1732013","25.688183033580096","2.2586667","33.58261597937677","2.385997910135841","0.6148200757575758","5.075955657492355","2.0619425547996975","0.5747524752475248","0.48551251008878127","1.2336896278701504","4.0354212454212455",,,
"2025-08-28","actual","CAT793","AHS","310403.0000","1301","26","26","685.188889","0.000000","685.188889",,"139.962500","39.201944","506.024444","0.652778","505.371667","45.085556","238.588009223674096849","238.58800922","238.32349769","3.1158748","24.303849893169954","3.2187471","28.06208594135258","3.276789215686274","0.9537894736842105","7.6922993197278915","3.277256804095931","1.9341054313099042","0.6820870535714286","0.6867684478371501","6.882055254324813",,,
"2025-08-28","actual","CAT793","CONV","256263.0000","1077","23","23","480.587222","0.000000","480.587222",,"21.891111","14.984167","443.711944","48.414444","395.297500","17.440000","237.941504178272980501","237.94150418","238.60334262","3.7622428","27.88927329772366","3.8114911","32.91499816898358","2.940057471264368","0.6779450261780104","8.093956611570247","3.016785471826205","0.85","0.42271762208067937","0.7288385472851492","6.947880258899676",,,
"2025-08-28","actual","EH4000","CONV","205836.0000","905","14","14","315.035556","0.000000","315.035556",,"0.000000","7.306111","307.729444","25.826944","281.902500","15.372500","227.443093922651933702","227.44309392","229.97867403","2.6696206","30.67120629318164","2.7410931","34.30706573509867","2.7726928374655646","0.6956870394451669","5.2223976608187135","3.191096948628814","1.2331981981981983","0.6051975945017182","1.073155985489722","4.793927503736921",,,
"2025-08-28","actual","EH5000","AHS","181683.0000","625","10","10","263.269167","0.000000","263.269167",,"85.986389","1.545833","175.736944","2.181111","173.555833","19.103889","290.692800000000000000","290.69280000","293.12768000","1.7221447","24.94035135860937","1.8661839","30.00124162248675","2.75466297322253","1.0744924688932547","4.143032329988852","2.827750275027503","1.2667592592592594","0.6465443425076453","1.4523195876288661","3.732213333333333",,,
"2025-08-28","actual","EH5000","CONV","156594.0000","539","8","8","177.194167","0.000000","177.194167",,"16.276667","1.520833","159.396667","19.406389","139.990278","4.282778","290.526901669758812616","290.52690167","292.67254174","2.2936178","25.603483157540502","2.4637472","34.777724816956535","1.88940329218107","0.6377898550724638","5.3749354005167955","2.050419084461638","0.6350806451612903","0.5046221322537112","1.2246666666666668","4.250560747663552",,,
"2025-08-29","actual","CAT793","AHS","274465.0000","1153","25","25","550.548611","0.000000","550.548611",,"0.000000","4.892222","545.656389","24.970556","520.685833","91.446944","238.044232437120555074","238.04423244","235.70095403","3.0978536","22.84717160889713","3.1857091","26.939057368152902","4.365644002211167","1.2001280409731114","8.135414710485133","3.718438077634011","2.1164670658682634","0.6718196457326893","0.6912376237623762","7.095368757259001",,,
"2025-08-29","actual","CAT793","CONV","213302.0000","896","21","21","492.166667","0.000000","492.166667",,"2.073056","97.477778","392.615833","43.898611","348.717222","26.159167","238.060267857142857143","238.06026786","238.45078125","3.6023873","27.05182253227638","3.7440887","32.41891698060254","3.2759220598469034","0.7191666666666666","7.98996953872933","3.0753221649484535","1.6908333333333334","0.4583872707659115","0.7488292011019284","6.929451780712285",,,
"2025-08-29","actual","EH4000","CONV","174472.0000","767","15","15","319.759444","0.000000","319.759444",,"20.310833","27.240000","272.208611","19.734444","252.474167","26.106389","227.473272490221642764","227.47327249","229.05554107","2.3949516","29.603195149110007","2.4896299","31.78265903562599","3.135552959501558","0.7271844660194176","4.854107648725213","3.1743319268635726","1.9210144927536232","0.5816239316239317","1.0803834808259587","4.699977866312527",,,
"2025-08-29","actual","EH5000","AHS","145500.0000","500","7","7","125.939722","0.000000","125.939722",,"0.000000","0.000000","125.939722","0.508889","125.430833","17.465000","291.000000000000000000","291.00000000","294.81480000","1.4221920","26.001159303851637","1.5310560","32.51657191159637","3.044937917860554","1.108792650918635","3.2818352059925093","2.8400073746312686","1.2807692307692307","0.6673880030372057","1.5836377473363776","2.8251243781094524",,,
"2025-08-29","actual","EH5000","CONV","199935.0000","688","12","12","222.305833","0.000000","222.305833",,"10.841667","4.454444","207.009722","22.936111","184.073611","10.947778","290.603197674418604651","290.60319767","296.78938953","2.4277180","27.201376052652446","2.5491827","38.18542512369931","2.525038940809969","0.7764957264957265","5.354989384288747","2.3987926509186352","0.7553639846743294","0.48514254385964917","1.2072950819672132","4.005480140774258",,,
"2025-08-30","actual","CAT793","AHS","215414.0000","908","26","26","502.601944","0.000000","502.601944",,"0.000000","59.609722","442.992222","52.496667","390.495556","44.428889","237.240088105726872247","237.24008811","236.78887665","3.0025356","22.96111291376661","3.1561207","26.75732076151177","4.883851132686084","1.493240284619595","7.8459670781893","3.826094890510949","1.2181333333333333","0.6429727230698105","0.7149912967798085","7.077212389380531",,,
"2025-08-30","actual","CAT793","CONV","176633.0000","743","20","20","304.871111","0.000000","304.871111",,"0.000000","2.222222","302.648889","27.021667","275.627222","26.584722","237.729475100942126514","237.72947510","226.28694482","3.3845560","29.039158332764167","3.5376889","33.87509320140441","3.6633647798742137","0.7486162361623616","6.993086978381096","2.5728981206726016","2.1952038369304554","0.4960763888888889","0.7530715811965811","6.266",,,
"2025-08-30","actual","EH4000","CONV","121392.0000","533","15","15","302.339722","0.000000","302.339722",,"73.004444","0.000000","229.335278","18.947500","210.387778","43.734722","227.752345215759849906","227.75234522","226.38048780","2.4619511","27.82012677099581","2.5486842","31.506692888167798","3.069030303030303","0.7996190476190477","5.309719370294319","3.15","3.506326530612245","0.6081920903954803","1.1846916299559471","4.853605313092979",,,
"2025-08-30","actual","EH5000","AHS","146373.0000","503","10","10","177.055000","0.000000","177.055000",,"5.023333","0.000000","172.031667","15.025000","157.006667","24.436389","291.000000000000000000","291.00000000","295.61729622","1.3879361","20.531390445166775","1.6925170","27.88857105606258","3.5795476892822022","1.262468193384224","4.0560412224591325","2.6943852167732767","1.5004415011037529","0.6343654434250765","1.643399705014749","3.6413131313131313",,,
"2025-08-30","actual","EH5000","CONV","149199.0000","513","11","11","180.654444","0.000000","180.654444",,"23.870556","13.434722","143.349167","14.446111","128.903056","5.905833","290.836257309941520468","290.83625731","289.99181287","2.2079238","25.441460816484003","2.5022137","37.84139833177424","3.157880434782609","0.9700000000000001","5.207068452380953","1.9770648967551623","1.3138297872340425","0.4747426761678543","1.2523310023310021","3.967422680412371",,,
"2025-08-31","actual","CAT793","AHS","299415.0000","1263","24","24","495.835000","0.000000","495.835000",,"0.000000","30.592222","465.242778","0.000000","465.242778","49.794167","237.066508313539192399","237.06650831","236.56391097","2.7790065","25.45572748970079","2.8844224","30.80453748318634","3.439546599496222","1.188143978164449","6.550211148648648","3.603467000835422","1.022854785478548","0.6720460199004975","0.7513876586950103","5.618177000529942",,,
"2025-08-31","actual","CAT793","CONV","237915.0000","1005","23","23","549.878889","0.000000","549.878889",,"47.900556","16.556389","485.421944","135.668333","349.753611","17.153611","236.731343283582089552","236.73134328","222.18646766","3.2521894","26.914804676258097","3.4145938","33.31045517813023","2.6787709497206706","0.6785422343324251","7.249963963963964","2.722867803837953","1.7204273504273504","0.4971896383186706","0.7352000000000001","6.150490196078431",,,
"2025-08-31","actual","EH4000","CONV","191892.0000","843","14","14","313.272222","0.000000","313.272222",,"12.976667","2.646389","297.649167","20.877778","276.771389","47.376389","227.629893238434163701","227.62989324","230.50308422","2.2606057","31.13599470758028","2.3252071","33.57403045819171","2.2770670147954744","0.7056559571619813","4.35625530110263","3.08785594639866","2.6429674796747964","0.6336925287356322","1.1873555555555555","4.155367231638418",,,
"2025-08-31","actual","EH5000","AHS","168198.0000","578","10","10","201.661389","0.000000","201.661389",,"0.000000","26.141667","175.519722","0.199167","175.320556","23.460833","291.000000000000000000","291.00000000","298.70017301","1.6285554","23.06912864237399","1.8686817","29.488286115273596","3.7197435897435898","1.0398373983739837","4.235674676524954","2.5560329067641683","1.1974654377880185","0.66000656167979","1.4913804071246821","3.8022183304144774",,,
"2025-08-31","actual","EH5000","CONV","221148.0000","760","10","10","350.969722","0.000000","350.969722",,"178.703056","22.044722","150.221944","13.403333","136.818611","7.235556","290.984210526315789474","290.98421053","293.35631579","1.6041535","22.813768147498763","1.7785567","35.096831580275385","2.0345215759849906","0.7475931677018633","4.218908922792418","1.9035862068965517","1.4648418491484183","0.49610234337637493","1.2595204513399154","3.040542328042328",,,
"2025-09-01","actual","CAT793","AHS","251219.0000","1061","25","25","479.218333","0.000000","479.218333",,"11.156944","21.263889","446.797500","2.353333","444.444167","58.625556","236.775683317624882187","236.77568332","237.13336475","2.4979180","21.259390487425183","2.7154665","24.821599639749124","4.1821446260525015","1.1389877170690386","7.049829584185413","3.6555387713997987","1.3639774859287053","0.6771278590176227","0.7396260338007911","6.563960113960113",,,
"2025-09-01","actual","CAT793","CONV","238893.0000","1005","22","22","455.719722","0.000000","455.719722",,"0.000000","6.789722","448.930000","51.420278","397.509722","24.921111","237.704477611940298507","237.70447761","223.61144279","3.9944337","29.22024692958776","4.2062750","33.99795113442858","3.265721649484536","0.7162393162393161","8.202053274139844","2.699745547073791","0.9679012345679012","0.44726821192052985","0.7433763188745603","7.4232855680655065",,,
"2025-09-01","actual","EH4000","CONV","187140.0000","822","14","14","330.138889","0.000000","330.138889",,"24.985000","17.723333","287.430556","22.830556","264.600000","39.700556","227.664233576642335766","227.66423358","231.54902676","1.8451244","27.3675445077779","1.8991878","28.25749542434165","2.754545454545455","0.6615483045425463","4.045209973753281","3.271496953872933","2.5752320675105485","0.6504047619047619","1.164758620689655","4.032603254067585",,,
"2025-09-01","actual","EH5000","AHS","208065.0000","715","12","12","228.731667","0.000000","228.731667",,"0.000000","0.851111","227.880556","0.000000","227.880556","29.226944","291.000000000000000000","291.00000000","294.57832168","1.7777231","22.952320690572478","1.9967860","27.65262683405257","4.027170868347339","1.0156641604010026","4.647172172172173","2.562320987654321","1.3085648148148148","0.6224388975559022","1.5525322997416022","4.3325779036827194",,,
"2025-09-01","actual","EH5000","CONV","163812.0000","563","8","8","152.600556","0.000000","152.600556",,"0.000000","8.443056","144.157500","12.208056","131.949444","3.456389","290.962699822380106572","290.96269982","296.59378330","1.6707294","23.388496829992842","1.8070323","33.06589139331339","2.1779792746113986","0.8636940547762192","4.286028500619579","2.158561852528946","0.8169444444444445","0.44989837398373983","1.1194603174603173","3.2789661319073087",,,
"2025-09-02","actual","CAT793","AHS","251321.0000","1061","23","23","452.972222","0.000000","452.972222",,"0.000000","0.000000","452.972222","0.000000","452.972222","67.985278","236.871819038642789821","236.87181904","237.30593779","2.5286238","20.598993529511183","2.7813023","25.074114795825313","3.823165618448637","1.0396035039188567","7.365283540802213","3.572517006802721","1.3661754385964913","0.657998469192499","0.7328633405639913","6.655394990366089",,,
"2025-09-02","actual","CAT793","CONV","250636.0000","1054","26","26","591.893611","0.000000","591.893611",,"45.291389","76.353611","470.248611","45.706111","424.542500","29.223611","237.795066413662239089","237.79506641","224.25161290","3.7705248","28.159758823636864","3.8604822","32.720811736334774","3.6483800623052955","0.7577094474153298","8.033857442348008","2.9194615912208506","1.2234567901234568","0.4925432098765432","0.7662794985250738","7.078948220064725",,,
"2025-09-02","actual","EH4000","CONV","143194.0000","629","15","15","296.844722","0.000000","296.844722",,"29.517778","6.555833","260.771111","21.791944","238.979167","46.831389","227.653418124006359300","227.65341812","231.31224165","2.5488054","28.576387550364966","2.5779486","29.119153928604657","2.7788484848484845","0.6999522445081184","5.3515625","3.3043814432989693","1.853037037037037","0.5939946018893387","1.1586260012322858","5.311861614497529",,,
"2025-09-02","actual","EH5000","AHS","220287.0000","757","12","12","258.486667","0.000000","258.486667",,"0.000000","25.156111","233.330556","0.255278","233.075278","35.670556","291.000000000000000000","291.00000000","298.86538970","1.8023528","23.042404712763737","1.9766925","28.124350095407372","2.6175873015873012","0.7641712877387553","4.69313725490196","2.318469717984281","1.4078051643192488","0.6463653754184601","1.5247496423462088","4.217041446208113",,,
"2025-09-02","actual","EH5000","CONV","168447.0000","579","9","9","178.565556","0.000000","178.565556",,"5.188889","2.151667","171.225000","20.483333","150.741667","11.555556","290.927461139896373057","290.92746114","292.86424870","1.8795290","25.193860634571944","2.0125185","31.185435457329614","2.5868755676657584","0.6791160593792173","4.476159554730983","2.3286065070595456","0.7036231884057972","0.4567404426559356","1.1993320610687024","3.8720353982300884",,,
"2025-09-03","actual","CAT793","AHS","224233.0000","949","21","21","439.850278","0.000000","439.850278",,"0.419167","29.294444","410.136667","14.803056","395.333611","49.050833","236.283456269757639621","236.28345627","242.12855638","2.4260021","21.454324110059076","2.6578258","24.07029662644811","4.369109195402299","1.0932190760059612","6.784652140672782","3.95645342312009","1.13592132505176","0.6923944239442394","0.7570543565147881","6.625159235668789",,,
"2025-09-03","actual","CAT793","CONV","228579.0000","963","25","25","580.407500","0.000000","580.407500",,"1.150000","162.917500","416.340000","45.221667","371.118333","26.015833","237.361370716510903427","237.36137072","228.48701973","3.7965497","30.87083818650023","3.8787273","35.33349727982681","3.052847222222222","0.7191654172913543","7.37890499194847","2.6620868180007964","1.5104651162790697","0.5075997652582159","0.8218274111675127","6.58648749533408",,,
"2025-09-03","actual","EH4000","CONV","145828.0000","640","15","15","306.245556","0.000000","306.245556",,"24.798611","5.246111","276.200833","25.686111","250.514722","47.206389","227.856250000000000000","227.85625000","232.03109375","2.9198354","35.1030071525264","2.8712716","33.89434768858784","2.936888111888112","0.7434916446789798","4.990744047619048","3.3014428739693757","1.895114006514658","0.6336748633879782","1.1396148989898989","5.082744107744108",,,
"2025-09-03","actual","EH5000","AHS","182166.0000","626","10","10","195.776389","0.000000","195.776389",,"0.000000","1.389167","194.387222","6.284722","188.102500","23.893611","291.000000000000000000","291.00000000","301.67795527","1.7858914","21.483812683598188","2.0096720","28.126346610647133","2.6399721448467965","0.8054761904761905","4.987638161721931","2.4351883561643834","1.5422535211267605","0.5824464831804281","1.534767025089606","4.287095002745744",,,
"2025-09-03","actual","EH5000","CONV","156720.0000","539","10","10","349.110833","0.000000","349.110833",,"183.206667","9.897778","156.006389","17.908611","138.097778","5.152222","290.760667903525046382","290.76066790","295.05769944","1.9982082","24.74422750377079","2.1318897","32.530915014379765","1.795748299319728","0.6390117994100295","4.845271164021164","2.3428477690288716","1.122875816993464","0.5041193181818182","1.298540393754243","3.932056074766355",,,
"2025-09-04","actual","CAT793","AHS","252725.0000","1067","22","22","436.796667","0.000000","436.796667",,"0.000000","60.613611","376.183056","0.646389","375.536667","50.961389","236.855670103092783505","236.85567010","240.50178069","2.3532261","22.451682265491943","2.4909827","27.401457488593113","3.3734933333333337","1.025119202427395","6.288774459320289","3.6682323232323233","1.254095701540957","0.6412359550561798","0.7282452355267889","5.454416505480335",,,
"2025-09-04","actual","CAT793","CONV","212912.0000","896","22","22","505.646944","0.000000","505.646944",,"60.013333","20.637500","424.996111","42.566111","382.430000","25.192222","237.625000000000000000","237.62500000","233.41752232","4.1779402","27.043894825487","4.2753498","32.481788856864014","3.1680213464696223","0.61671875","9.269242230736484","2.712094395280236","2.0147569444444446","0.4553198653198653","0.9162156066756879","7.897378716744914",,,
"2025-09-04","actual","EH4000","CONV","181608.0000","798","15","15","322.066389","0.000000","322.066389",,"0.000000","11.491389","310.575000","24.060278","286.514722","25.817222","227.578947368421052632","227.57894737","233.30726817","3.1683676","34.95974524210296","3.1258370","37.17177220815701","2.878188638799571","0.6852510460251046","5.437741456166419","3.478599605522682","1.7093247588424438","0.6308219178082192","1.2829173166926677","5.0455011655011655",,,
"2025-09-04","actual","EH5000","AHS","193515.0000","665","10","10","186.508056","0.000000","186.508056",,"0.000000","15.953056","170.555000","0.000000","170.555000","15.432778","291.000000000000000000","291.00000000","304.81699248","1.5931504","22.46142684614906","1.9042470","32.15176269559955","2.149641577060932","0.7368982327848872","4.255696873343932","2.2456556082148498","1.5712472406181017","0.6781353135313531","1.4078415300546447","3.5536098310291857",,,
"2025-09-04","actual","EH5000","CONV","142380.0000","490","10","10","198.090833","0.000000","198.090833",,"0.000000","6.353611","191.737222","19.429444","172.307778","9.819722","290.571428571428571429","290.57142857","297.57551020","3.1874119","25.735454364563708","3.2816386","31.704547819591305","1.7046434494195688","0.40653153153153154","7.431176900584796","3.2757675438596494","1.4607638888888888","0.49873873873873875","1.2871559633027523","6.210412371134021",,,
"2025-09-05","actual","CAT793","AHS","253877.0000","1073","22","22","442.858056","0.000000","442.858056",,"0.000000","10.962222","431.895833","0.989167","430.906667","86.297778","236.604846225535880708","236.60484623","239.44156570","2.4132629","21.163789972008725","2.5900862","24.554983513544983","3.2129078014184396","1.0513702460850112","6.841675058744545","3.1968780971258672","1.8269444444444443","0.6075682382133996","0.7669892473118279","6.328864847914707",,,
"2025-09-05","actual","CAT793","CONV","236639.0000","995","24","24","520.580000","0.000000","520.580000",,"0.000000","7.864167","512.715833","71.881667","440.834167","57.130000","237.828140703517587940","237.82814070","240.06512563","3.7249746","27.159827412226647","3.8917339","30.96867561407143","3.6417305236270754","0.6575912408759125","8.229009433962265","2.9691995359628773","1.8442257217847768","0.4581532921810699","0.7807116104868914","7.5400070997515085",,,
"2025-09-05","actual","EH4000","CONV","192318.0000","846","15","15","348.963611","0.000000","348.963611",,"33.677500","1.982778","313.303333","25.792500","287.510833","36.834167","227.326241134751773050","227.32624113","230.78557920","2.2805136","29.17116956396922","2.4035071","30.004527090129425","2.7413273001508296","0.713459595959596","4.690618101545254","3.1384228920926165","1.723208722741433","0.5949850299401197","1.1392940626460963","4.806288916562889",,,
"2025-09-05","actual","EH5000","AHS","199335.0000","685","9","9","162.435833","0.000000","162.435833",,"4.910000","0.000000","157.525833","1.276389","156.249444","10.945556","291.000000000000000000","291.00000000","304.23445255","1.6555650","24.293616847826083","1.8182335","32.289102404499204","2.446178637200737","0.6926681783824641","4.0888888888888895","2.084972222222222","2.3586280814576637","0.6708495460440986","1.4302898550724636","3.3786634460547504",,,
"2025-09-05","actual","EH5000","CONV","135171.0000","466","10","10","196.560833","0.000000","196.560833",,"4.919722","16.033333","175.607778","19.424722","156.183056","5.614167","290.066523605150214592","290.06652361","296.69935622","3.1300172","26.64687316002465","3.2404048","32.84947460427856","3.0172340425531914","0.5277131782945736","7.047769953051643","2.6409785932721714","0.762","0.49688385269121815","1.2820731707317072","5.9186422413793105",,,
"2025-09-06","actual","CAT793","AHS","166764.0000","702","21","21","367.983889","0.000000","367.983889",,"0.000000","28.069444","339.914444","0.571944","339.342500","85.842500","237.555555555555555556","237.55555556","236.67871429","3.0422374","22.987576180792864","3.5064374","25.621047929373997","3.110251572327044","0.9003718728870859","7.940560699588477","3.466336382113821","2.8827235772357724","0.6210732054015636","0.739241917502787","8.211461318051576",,,
"2025-09-06","actual","CAT793","CONV","240958.0000","1012","25","25","491.373056","0.000000","491.373056",,"7.656944","36.695556","447.020556","50.450278","396.570278","25.610000","238.100790513833992095","238.10079051","240.10503953","3.6644097","25.46496290660663","3.7755763","31.180496475888674","4.129097605893186","0.573667130273528","8.634003623188407","3.076548514142499","1.4534567901234567","0.4387026239067055","0.7804247990815155","7.265265265265265",,,
"2025-09-06","actual","EH4000","CONV","182840.0000","804","14","14","297.516389","0.000000","297.516389",,"0.316667","6.294444","290.905278","19.940556","270.964722","46.623056","227.412935323383084577","227.41293532","232.66766169","1.8450417","25.061370877352612","1.9432020","26.725058615102913","2.662840323767476","0.7460860549507516","4.417256443861948","3.1208279150411786","1.8388732394366196","0.5920229885057471","1.1464499769479022","4.362651610204935",,,
"2025-09-06","actual","EH5000","AHS","199551.0000","686","10","10","201.743889","0.000000","201.743889",,"28.804167","17.811111","155.128611","0.123889","155.004722","15.353611","290.890670553935860058","290.89067055","302.19402332","1.8000511","22.195389130183624","1.8720556","29.07622576092856","2.528571428571429","0.6654095701540956","4.8660136286201014","2.127749719416386","2.015716374269006","0.6105666666666667","1.4166666666666667","3.863064516129032",,,
"2025-09-06","actual","EH5000","CONV","136929.0000","472","10","10","182.994722","0.000000","182.994722",,"0.336389","27.799444","154.858889","18.096389","136.762500","3.480000","290.103813559322033898","290.10381356","294.96949153","3.1580500","30.000774137060926","3.1970347","35.57916343416653","1.7649470899470898","0.5181098696461824","6.315937019969279","2.1852739726027397","0.880982905982906","0.4874390243902439","1.3255924170616113","5.391416309012876",,,
"2025-09-07","actual","CAT793","AHS","214415.0000","899","20","20","400.955556","0.000000","400.955556",,"0.000000","3.006667","397.948889","2.243333","395.705556","78.674167","238.503893214682981090","238.50389321","230.48097887","2.7604154","22.585279052165564","2.9736600","26.524639746207455","3.716531986531986","0.9930190623390005","7.3333131557707825","3.2973182359952324","1.7584269662921348","0.6791467938526762","0.7039203084832905","6.726560726447219",,,
"2025-09-07","actual","CAT793","CONV","274317.0000","1155","26","26","536.371389","0.000000","536.371389",,"6.917500","28.684722","500.769167","55.990000","444.779167","22.339722","237.503896103896103896","237.50389610","241.77047619","3.7906217","26.975276127084218","3.8986681","32.49640305362209","2.885032362459547","0.6462460691823899","8.431324333011894","3.052134724857685","0.9414351851851852","0.44184733514001806","0.7560959135427221","7.198337785693084",,,
"2025-09-07","actual","EH4000","CONV","191272.0000","840","15","15","310.831111","0.000000","310.831111",,"0.239444","3.727778","306.863889","26.971111","279.892778","43.727222","227.704761904761904762","227.70476190","232.84702381","1.9395395","27.554237041554316","2.0309246","28.991862487936785","2.669520103761349","0.7143661282427802","4.223392933163049","3.3380352644836275","1.742633517495396","0.6303856382978723","1.1354055258467024","4.203092369477911",,,
"2025-09-07","actual","EH5000","AHS","195552.0000","672","9","9","162.520000","0.000000","162.520000",,"0.000000","2.041111","160.478889","0.843333","159.635556","22.738611","291.000000000000000000","291.00000000","295.83883929","1.6626940","25.747547412469704","1.7162194","29.040493025254193","2.7196937321937322","0.6452233676975945","3.874607487922705","2.2387992831541217","1.280654761904762","0.6553875236294896","1.4045880149812733","3.545847651775487",,,
"2025-09-07","actual","EH5000","CONV","143061.0000","493","10","10","173.967222","0.000000","173.967222",,"0.000000","13.491389","160.475833","14.566389","145.909444","6.923333","290.184584178498985801","290.18458418","295.36125761","3.0964589","29.852541978926688","3.1857458","36.03428976165897","1.8847701149425289","0.4742032730404823","6.223508005822416","2.1395248380129592","0.9482683982683983","0.4968654434250765","1.2485735735735735","5.304523809523809",,,
"2025-09-08","actual","CAT793","AHS","168171.0000","705","17","17","317.669167","0.000000","317.669167",,"0.386389","0.000000","317.282778","2.046944","315.235833","55.738611","238.540425531914893617","238.54042553","228.16468085","3.0498009","25.481630472142168","3.1866807","26.866080943410978","4.896465863453815","1.0956415620641562","7.18117524700988","3.495454545454545","1.58758573388203","0.6588235294117647","0.7882644628099175","7.116811804547654",,,
"2025-09-08","actual","CAT793","CONV","309597.0000","1305","30","30","577.651389","0.000000","577.651389",,"36.432222","15.565000","525.654167","61.363889","464.290278","22.717500","237.239080459770114943","237.23908046","235.42697318","3.5770992","27.429848697872977","3.7657014","31.593721119950246","2.6978208812260536","0.7607260726072608","7.824540133779264","3.033816225165563","1.7487823439878234","0.46058052434456925","0.7504719764011799","7.151486940780967",,,
"2025-09-08","actual","EH4000","CONV","187702.0000","824","14","14","289.729444","0.000000","289.729444",,"0.000000","0.173889","289.555556","28.400278","261.155278","26.947500","227.793689320388349515","227.79368932","234.09368932","1.9236553","26.922502663258054","2.0055220","26.955995128044407","2.834195402298851","0.7029635258358662","4.287094682230869","3.486828644501279","1.7843345111896347","0.605532879818594","1.0957882882882883","4.463991013071895",,,
"2025-09-08","actual","EH5000","AHS","179547.0000","617","8","8","161.653889","0.000000","161.653889",,"0.370833","1.002778","160.280278","0.671944","159.608333","16.044167","291.000000000000000000","291.00000000","293.68346840","1.5471669","23.697887352775105","1.6756526","26.82645110360325","3.296794871794872","0.7507358351729213","3.917227414330218","2.3096863468634683","1.8072048611111111","0.5993589743589743","1.4728053435114503","3.747762073027091",,,
"2025-09-08","actual","EH5000","CONV","192792.0000","664","12","12","208.826389","0.000000","208.826389",,"2.155833","9.555278","197.115278","19.205556","177.909722","5.680556","290.349397590361445783","290.34939759","292.62454819","2.6079635","28.429078109223965","2.7225091","36.15171226854981","2.179033579033579","0.4954517704517704","5.5041464728056","2.2638621794871794","1.0232026143790849","0.4995873015873016","1.3278894472361809","4.518473282442748",,,
"2025-09-09","actual","CAT793","AHS","179451.0000","753","20","20","346.792222","0.000000","346.792222",,"0.000000","11.356667","335.435556","3.450833","331.984722","52.415833","238.314741035856573705","238.31474104","240.50504648","2.9187870","24.878852033460678","3.1176952","26.77732370933577","3.9529327610872675","1.1170555555555555","7.039200191570881","3.803309692671395","1.1677027027027027","0.6725396825396825","0.7262013151239252","6.985825545171339",,,
"2025-09-09","actual","CAT793","CONV","286984.0000","1210","28","28","546.275556","0.000000","546.275556",,"0.000000","9.183333","537.092222","64.656667","472.435556","22.089444","237.176859504132231405","237.17685950","239.63826446","3.8368537","27.56672373383185","3.9595013","33.29570277894104","3.5237730061349692","0.648604992657856","8.351054852320676","2.9648692810457518","0.8951901565995526","0.45264900662251656","0.7904942965779468","7.135157337788916",,,
"2025-09-09","actual","EH4000","CONV","185864.0000","816","14","14","368.327500","0.000000","368.327500",,"84.611944","2.799444","280.916111","24.979722","255.936389","31.012222","227.774509803921568627","227.77450980","231.18958333","1.9993840","29.101649167994903","2.1344864","29.26668577153403","2.8954374057315233","0.7749494949494949","4.122207621550591","3.316514360313316","1.5381151346332405","0.6298342541436465","1.0836305441243712","4.375937371240214",,,
"2025-09-09","actual","EH5000","AHS","136698.0000","470","7","7","144.101667","0.000000","144.101667",,"0.811111","0.000000","143.290556","4.396111","138.894444","16.765556","290.846808510638297872","290.84680851","293.83957447","1.3988532","21.9090703006138","1.5632687","24.68848894779581","3.5507149240393208","0.7646052631578948","3.830887885628292","2.5413703703703705","1.0853909465020577","0.5534672970843183","1.4264887857695283","3.799184397163121",,,
"2025-09-09","actual","EH5000","CONV","185667.0000","639","13","13","225.851389","0.000000","225.851389",,"6.154722","8.581944","211.114722","26.050833","185.063889","8.160278","290.558685446009389671","290.55868545","285.54272300","2.4311778","26.383486397052053","2.5771971","33.832295603082095","2.36295862607338","0.5402597402597402","5.528862478777588","2.5222128851540617","0.5736111111111111","0.4861212121212121","1.2725900116144018","4.570538984824699",,,
"2025-09-10","actual","CAT793","AHS","202878.0000","852","17","17","339.043889","0.000000","339.043889",,"0.000000","2.930556","336.113333","8.521944","327.591389","33.770833","238.119718309859154930","238.11971831","242.15457746","2.9082926","25.02475854523448","3.0860386","27.955961544475393","4.057738095238095","1.2682853717026379","6.9729965899403235","3.8744234800838573","0.9944609297725024","0.6795402298850575","0.7383845126835781","6.6233570863024545",,,
"2025-09-10","actual","CAT793","CONV","265327.0000","1117","28","28","526.938056","0.000000","526.938056",,"0.686944","15.897500","510.353611","60.943889","449.409722","22.684444","237.535362578334825425","237.53536258","240.59650850","3.6293771","26.86393033168183","3.8866098","32.9112507440672","4.01212540341171","0.9342752787389466","8.106134259259258","3.2653034728984096","1.828169014084507","0.4551497005988024","0.815703781512605","7.085619134120496",,,
"2025-09-10","actual","EH4000","CONV","163048.0000","717","14","14","271.063889","0.000000","271.063889",,"2.241667","2.501944","266.320278","26.606111","239.714167","22.665000","227.403068340306834031","227.40306834","230.15843794","2.6827812","29.566221666236924","2.7927085","31.607036319723665","3.0766505636070858","0.679093567251462","5.4442827973455845","2.961966463414634","1.750952380952381","0.5712121212121212","1.0958735262593784","5.301430615164521",,,
"2025-09-10","actual","EH5000","AHS","177801.0000","611","9","9","173.462500","0.000000","173.462500",,"7.117222","13.028611","153.316667","0.003611","153.313056","13.823889","291.000000000000000000","291.00000000","301.83338789","1.5615908","22.141911042190785","1.6332244","29.935320539328146","1.9076456310679613","0.7317192192192192","4.231588132635253","2.245308002302821","1.4249348958333334","0.6562386980108499","1.438878896882494","3.2735064209938582",,,
"2025-09-10","actual","EH5000","CONV","200451.0000","690","11","11","226.204444","0.000000","226.204444",,"0.000000","3.897222","222.307222","23.476111","198.831111","8.832778","290.508695652173913043","290.50869565","290.25449275","2.6446145","28.011350780564335","2.6734029","33.903671192447916","2.3838823529411766","0.5048305084745762","5.664734672849047","2.379836651352731","1.2815151515151515","0.4740875912408759","1.218839427662957","4.731174187287724",,,
"2025-09-11","actual","CAT793","AHS","202055.0000","851","19","19","334.100000","0.000000","334.100000",,"7.521944","0.000000","326.578056","0.000000","326.578056","59.786944","237.432432432432432432","237.43243243","242.40399530","2.2449264","24.254776092056893","2.3447120","24.525037574063763","3.6985807860262008","1.1871816638370118","5.553363324764352","3.815870020964361","0.989919941775837","0.6933197463768116","0.7381898454746136","5.736289682539682",,,
"2025-09-11","actual","CAT793","CONV","288197.0000","1217","29","29","530.034444","0.000000","530.034444",,"0.000000","4.839722","525.194722","53.846944","471.347778","49.406111","236.809367296631059984","236.80936730","231.77321282","3.1693980","25.926786246486877","3.3258490","30.72662517464601","4.008711629917856","0.8207439198855508","7.334649122807018","2.9187946428571427","0.9103632478632478","0.4649319727891157","0.8042100283822138","6.494398225180254",,,
"2025-09-11","actual","EH4000","CONV","184538.0000","810","14","14","299.882778","0.000000","299.882778",,"0.000000","1.658611","298.224167","29.227500","268.996667","46.027222","227.824691358024691358","227.82469136","231.50851852","1.8808469","27.031971289811832","1.9491370","27.354314174055062","3.266454081632653","0.6848575712143927","4.174716404886562","3.2367137355584084","1.8613656783468104","0.6125807940904894","1.0780156537753223","4.275311720698254",,,
"2025-09-11","actual","EH5000","AHS","169044.0000","581","9","9","146.629444","0.000000","146.629444",,"0.000000","4.072500","142.556944","0.000000","142.556944","24.262222","290.953528399311531842","290.95352840","300.52702238","1.6064750","25.247946818362216","1.6583696","30.960624111221453","2.4391951006124235","0.8209123757904245","3.8176767676767676","2.3163","1.2941400304414004","0.6916666666666667","1.435150891632373","3.2138297872340424",,,
"2025-09-11","actual","EH5000","CONV","172956.0000","595","10","10","257.892778","0.000000","257.892778",,"47.405000","18.125833","192.361944","21.035278","171.326667","14.200000","290.682352941176470588","290.68235294","290.21075630","2.2398013","25.456635807226135","2.4175447","31.583132695506865","2.787361530715005","0.5171189979123173","5.279098110907983","2.367417417417417","1.0858108108108107","0.4774333333333333","1.2332075471698114","4.592726231386025",,,
"2025-09-12","actual","CAT793","AHS","254681.0000","1067","25","25","430.242500","0.000000","430.242500",,"0.000000","0.131111","430.111389","1.070000","429.041389","59.018611","238.688847235238987816","238.68884724","238.76794752","2.8372461","23.411603490417267","3.0021477","26.10431230171716","4.137973967176005","1.100261158594492","7.271384297520661","3.7610034013605445","1.0744378306878306","0.6798666666666667","0.7526695526695526","6.90034887408817",,,
"2025-09-12","actual","CAT793","CONV","226432.0000","958","23","23","434.834722","0.000000","434.834722",,"0.000000","13.440278","421.394444","47.608611","373.785833","40.906944","236.359081419624217119","236.35908142","222.57505219","2.9819664","25.596839325787265","3.1015897","30.51781844647542","4.082194767441861","0.852882037533512","6.989846743295019","2.6325541619156216","0.6888888888888889","0.4394542772861357","0.7804382790510656","6.097925457102672",,,
"2025-09-12","actual","EH4000","CONV","181310.0000","796","14","14","302.811389","0.000000","302.811389",,"0.000000","1.757222","301.054167","28.669167","272.385000","45.524722","227.776381909547738693","227.77638191","230.65113065","2.1399573","27.824761325391357","2.2225738","29.013273473789912","3.373034591194968","0.745579268292683","4.61450276243094","3.1899592944369064","1.8035035035035034","0.6282620179609086","1.083309489747258","4.596324786324787",,,
"2025-09-12","actual","EH5000","AHS","192039.0000","660","12","12","197.290833","0.000000","197.290833",,"0.000000","3.026667","194.264167","1.831111","192.433056","23.868889","290.968181818181818182","290.96818182","298.83108729","1.7355758","21.70051346094043","1.8927015","28.091153635138348","3.9033475783475784","0.8204289732770745","4.798713550600342","2.283219373219373","1.1369047619047619","0.6856971873129862","1.3310446009389671","4.042628205128206",,,
"2025-09-12","actual","EH5000","CONV","78960.0000","272","8","8","134.586389","0.000000","134.586389",,"0.561389","0.000000","134.025000","30.425278","103.599722","6.219722","290.294117647058823529","290.29411765","285.72389706","3.3334963","28.820357125105737","3.2520372","34.35474577111184","3.9692248062015505","0.6469079939668174","6.9398785425101215","3.383065595716198","1.51231884057971","0.4828877005347593","1.2918424753867792","5.67962962962963",,,
"2025-09-13","actual","CAT793","AHS","259700.0000","1088","25","25","492.540000","0.000000","492.540000",,"5.255000","6.002778","481.282222","4.012500","477.269722","69.498056","238.694852941176470588","238.69485294","237.08474265","3.0322384","23.804997747898565","3.1695793","25.807716976095126","4.71281179138322","1.0430132113821138","7.642693602693602","3.5542286091840105","1.3408467501490757","0.6901900041305246","0.7450388418079096","7.368910554008047",,,
"2025-09-13","actual","CAT793","CONV","261388.0000","1108","24","24","462.717778","0.000000","462.717778",,"1.068889","31.436944","430.211944","51.386944","378.825000","19.093611","235.909747292418772563","235.90974729","224.49873646","2.6234534","23.841881644504973","2.8470783","29.15640536760018","3.0430555555555556","0.676951600312256","6.602130081300813","2.6436576750160565","1.0564896755162243","0.4360111910471623","0.7630324543610547","5.858908045977012",,,
"2025-09-13","actual","EH4000","CONV","218006.0000","958","15","15","428.050833","0.000000","428.050833",,"110.296944","0.000000","317.753889","26.358611","291.395278","34.715556","227.563674321503131524","227.56367432","230.38152401","1.7986263","26.369120276562334","1.8456191","27.585334890387045","2.8624765478424012","0.6780312907431552","4.092574074074074","3.1799854439592434","1.711529933481153","0.6060715721753116","1.0751050019091257","4.014348436951177",,,
"2025-09-13","actual","EH5000","AHS","151296.0000","520","11","11","334.659167","0.000000","334.659167",,"131.971389","2.890833","199.796944","3.600278","196.196667","36.313333","290.953846153846153846","290.95384615","297.80942308","1.9185838","18.833997651314125","2.0862909","27.86961947835555","4.009017713365539","0.8413682277318641","6.1120867768595035","2.277561475409836","1.234077380952381","0.6923274596182085","1.3458062183658714","4.491537966537966",,,
"2025-09-13","actual","EH5000","CONV","129387.0000","445","9","9","232.395278","0.000000","232.395278",,"58.724167","1.465000","172.206111","20.514167","151.691944","8.114444","290.757303370786516854","290.75730337","289.90561798","2.9005011","23.881295878649947","3.0476764","32.299820084588276","2.8835051546391752","0.5424199623352166","7.287295751633987","3.0364257028112447","1.1972677595628416","0.5084520417853751","1.2694727891156463","5.6613499245852195",,,
"2025-09-14","actual","CAT793","AHS","255065.0000","1067","25","25","479.029444","0.000000","479.029444",,"0.000000","2.249167","476.780278","0.500000","476.280278","74.235556","239.048734770384254920","239.04873477","231.44714152","3.1572500","24.702755107310207","3.2245407","27.829090199493308","5.003077342047931","1.1478813559322034","7.66857782369146","3.6183282468633435","1.6453786523553966","0.6953227124183007","0.7372622891998565","6.952165543792107",,,
"2025-09-14","actual","CAT793","CONV","273760.0000","1156","23","23","423.191111","0.000000","423.191111",,"0.256111","1.052500","421.882500","42.229444","379.653056","17.337222","236.816608996539792388","236.81660900","231.96038062","2.8681393","25.446347417585915","3.0252602","29.86244811388105","2.512105522682446","0.6086316181953766","6.762792127921279","2.5352985984156002","1.2842222222222222","0.427561475409836","0.7951653944020356","6.078390201224847",,,
"2025-09-14","actual","EH4000","CONV","210712.0000","925","14","14","310.335000","0.000000","310.335000",,"0.000000","2.991111","307.343889","28.780833","278.563056","28.261667","227.796756756756756757","227.79675676","230.36302703","2.0967341","28.061326054468683","2.1810790","28.312933922293343","2.3526490066225163","0.6499330655957162","4.483182503770739","3.0740492170022375","1.7541056910569106","0.6081015719467956","1.0330405932864948","4.622083333333333",,,
"2025-09-14","actual","EH5000","AHS","165870.0000","570","10","10","198.815278","0.000000","198.815278",,"0.000000","7.156389","191.658889","0.000000","191.658889","27.615278","291.000000000000000000","291.00000000","295.95964912","2.0525316","20.85156042713756","2.2344912","28.056341912003333","2.899813988095238","0.903960396039604","5.906123737373737","2.2703320802005016","1.3682476943346509","0.6543859649122807","1.2783043197936814","4.77857991681521",,,
"2025-09-14","actual","EH5000","CONV","134670.0000","464","10","10","174.489722","0.000000","174.489722",,"0.000000","15.786667","158.703056","16.706389","141.996667","9.238611","290.237068965517241379","290.23706897","287.08362069","2.6011339","26.766878191202363","2.8051537","33.87205915307722","2.5460024600246003","0.5697053406998158","5.83064012490242","2.590702160493827","0.6414893617021277","0.46840866290018834","1.1872977346278317","4.9689692982456135",,,
"2025-09-15","actual","CAT793","AHS","237556.0000","994","25","25","488.121389","0.000000","488.121389",,"0.000000","13.325833","474.795556","0.000000","474.795556","73.100278","238.989939637826961771","238.98993964","236.72867203","3.4642915","26.12564099707697","3.4922143","28.562162630587572","5.070627376425856","1.1467243186582807","7.956072351421188","3.788201230546507","1.596951219512195","0.6723363286264442","0.7538746105919003","7.336029162427942",,,
"2025-09-15","actual","CAT793","CONV","292211.0000","1235","25","25","518.615556","0.000000","518.615556",,"48.200000","30.681111","439.734444","41.047222","398.687222","18.581111","236.608097165991902834","236.60809717","232.60971660","2.8362172","25.731467971827627","2.9984816","30.341666885164184","2.5891595033428842","0.6261578947368421","6.613421052631579","2.4092078635443768","1.5357314148681056","0.42135854341736695","0.7988746958637469","5.929433497536946",,,
"2025-09-15","actual","EH4000","CONV","194034.0000","853","14","14","312.967500","0.000000","312.967500",,"2.882222","0.408611","309.676667","22.655556","287.021111","56.717778","227.472450175849941383","227.47245018","229.93528722","2.2482673","31.08989630983573","2.3072827","32.01786219620857","2.4326936026936026","0.7101232811759127","4.338902795160617","2.93384900990099","1.8950600184672206","0.599931129476584","1.0607830271216099","4.323741577487118",,,
"2025-09-15","actual","EH5000","AHS","155451.0000","535","10","10","195.929722","0.000000","195.929722",,"0.000000","5.872222","190.057500","0.000000","190.057500","28.476389","290.562616822429906542","290.56261682","297.90598131","1.9053570","20.67840118633518","2.0984738","31.72312202265669","4.070776772247361","0.8717098943323727","5.528542510121457","2.4434464404524285","1.3429515418502203","0.6928265524625268","1.41151704940849","3.968979721166033",,,
"2025-09-15","actual","EH5000","CONV","156840.0000","540","10","10","174.371389","0.000000","174.371389",,"0.000000","5.345000","169.026389","17.802222","151.224167","7.610278","290.444444444444444444","290.44444444","290.14222222","2.2831648","26.223192374240156","2.4277774","32.538003713733076","2.251193887297039","0.46177130044843046","5.223997370151216","2.435501618122977","1.4757575757575758","0.46046337817638266","1.2506816632583504","4.476815642458101",,,
"2025-09-16","actual","CAT793","AHS","207878.0000","866","25","25","429.682778","0.000000","429.682778",,"0.000000","19.428333","410.254444","0.181667","410.072778","81.512222","240.043879907621247113","240.04387991","236.52390300","3.7331720","28.248554000685584","3.8113008","32.199689832220145","4.178571428571429","1.0982531500572739","7.929266750948167","3.709855072463768","1.4148774022531476","0.683929422985217","0.7269092542677449","7.101871141975309",,,
"2025-09-16","actual","CAT793","CONV","252358.0000","1066","22","22","557.999722","0.000000","557.999722",,"91.952500","37.642222","428.405000","46.148611","382.256389","25.445278","236.733583489681050657","236.73358349","234.86923077","2.8745972","25.050018273017205","3.1391610","29.849527506723597","3.4260109289617486","0.7904405652535329","6.885257731958763","2.6874914792092706","0.931989247311828","0.42892220773576706","0.7965548340548341","6.3099712368168746",,,
"2025-09-16","actual","EH4000","CONV","189470.0000","832","14","14","337.194444","0.000000","337.194444",,"25.105278","7.475278","304.613889","25.185833","279.428056","55.630000","227.728365384615384615","227.72836538","231.17211538","1.7916743","27.212501718716954","1.8853116","26.894897243391593","2.6049485352335706","0.7095707070707071","3.950407026563839","3.0138607594936713","2.7998771498771498","0.6203703703703703","1.0634803921568627","4.20595382746051",,,
"2025-09-16","actual","EH5000","AHS","153972.0000","530","9","9","184.702500","0.000000","184.702500",,"0.765278","0.120556","183.816667","3.475556","180.341111","32.295556","290.513207547169811321","290.51320755","297.93905660","1.4396238","19.405832074857607","1.4320170","28.611933559837087","4.498277153558052","0.8877122430741733","4.451106639839034","2.6777004638833666","1.5705263157894735","0.6855902777777777","1.3557053941908712","3.00297845373891",,,
"2025-09-16","actual","EH5000","CONV","156216.0000","538","11","11","193.074722","0.000000","193.074722",,"0.711111","1.948611","190.415000","21.882222","168.532778","8.811111","290.364312267657992565","290.36431227","291.79869888","2.8615205","28.487450036649566","3.0535564","35.324045001296206","2.917222222222222","0.5849547511312216","6.026907630522088","2.4687088274044795","0.6361538461538462","0.4621212121212121","1.2532436162870946","5.186647904940588",,,
"2025-09-17","actual","CAT793","AHS","221191.0000","925","24","24","479.663056","0.000000","479.663056",,"0.000000","2.611389","477.051667","21.447222","455.604444","67.929444","239.125405405405405405","239.12540541","240.53924324","3.3512503","22.307828973385522","3.4528811","25.031954847814056","4.014481409001957","1.1057039510294937","9.013652482269503","3.648236434108527","1.8522975929978118","0.6685262668526267","0.720464135021097","8.276335877862596",,,
"2025-09-17","actual","CAT793","CONV","286134.0000","1212","25","25","574.667500","0.000000","574.667500",,"112.686389","16.754722","445.226389","44.976667","400.249722","30.614167","236.084158415841584158","236.08415842","229.94892739","2.5022058","24.119841796214434","2.6720172","27.68584465320622","3.035392992424242","0.9059626436781609","6.224433363553944","2.785211687537269","1.4668518518518519","0.44486362026213244","0.8256937948238229","5.790722082283795",,,
"2025-09-17","actual","EH4000","CONV","182784.0000","803","14","14","290.489444","0.000000","290.489444",,"0.823611","5.045278","284.620556","20.386944","264.233611","53.726944","227.626400996264009963","227.62640100","229.03399751","1.6094899","26.012536475821086","1.7281602","25.429962374436688","2.555955334987593","0.7772466039707419","3.712417437252312","3.093714781100997","3.129691516709512","0.5872168284789645","1.036260949746427","4.077458333333333",,,
"2025-09-17","actual","EH5000","AHS","178275.0000","613","9","9","190.221944","0.000000","190.221944",,"0.000000","0.139444","190.082500","0.000000","190.082500","20.588333","290.823817292006525285","290.82381729","294.16965742","1.8839315","22.856117885359776","1.9679118","27.649498804995094","3.0374035989717223","0.8570498915401302","4.945541958041958","2.674497991967871","1.2562324929971989","0.665478366849482","1.4096096096096096","4.270410427066001",,,
"2025-09-17","actual","EH5000","CONV","207768.0000","714","12","12","249.465833","0.000000","249.465833",,"4.200556","5.854722","239.410556","25.958611","213.451944","12.913333","290.991596638655462185","290.99159664","290.44159664","1.8860337","23.202776421827075","2.2236788","29.937689003284344","2.9480825958702064","0.7097398669086509","4.877089704383282","2.6189716312056737","0.8934108527131782","0.5078182778658215","1.4247514390371532","4.456614135625597",,,
"2025-09-18","actual","CAT793","AHS","247526.0000","1040","27","27","500.146667","0.000000","500.146667",,"0.000000","9.994444","490.152222","0.276667","489.875556","74.573056","238.005769230769230769","238.00576923","238.62923077","3.6065345","22.96871775099094","3.6668538","25.808476926821424","3.7290240811153357","1.0885699899295065","9.421164574616457","3.6448400412796698","1.203503184713376","0.6806","0.7376356154133933","8.524766053565665",,,
"2025-09-18","actual","CAT793","CONV","262869.0000","1113","20","20","434.195000","0.000000","434.195000",,"21.021667","19.232222","393.941111","38.244722","355.696389","27.944722","236.180592991913746631","236.18059299","240.57097934","2.0675592","21.83567861097595","2.2887545","27.271426869228478","2.547175141242938","0.8434320425208808","5.681231813773036","3.006746411483254","1.4900212314225054","0.45215116279069767","0.7517886994316282","5.0355",,,
"2025-09-18","actual","EH4000","CONV","203936.0000","896","14","14","320.759444","0.000000","320.759444",,"28.584722","7.202500","284.972222","20.190000","264.782222","46.206667","227.607142857142857143","227.60714286","230.50502232","1.8845849","33.25219681197069","1.8762710","33.134416189729954","2.4429864253393663","0.6898929049531459","3.4005300353356893","2.872403733955659","2.7052742616033756","0.6249249249249249","1.0198937908496732","3.397562804649419",,,
"2025-09-18","actual","EH5000","AHS","171690.0000","590","9","9","177.948333","0.000000","177.948333",,"0.000000","34.688056","143.260278","2.627222","140.633056","18.154722","291.000000000000000000","291.00000000","293.92677966","0.9449661","20.619892555265036","1.2501494","26.382216493124552","2.5130619168787107","0.8730123997082422","2.749673202614379","2.46792618629174","1.0968905472636814","0.6645072992700729","1.390865093768905","2.8431638418079093",,,
"2025-09-18","actual","EH5000","CONV","215625.0000","741","12","12","259.855000","0.000000","259.855000",,"4.677500","10.445000","244.732500","25.898611","218.833889","14.665278","290.991902834008097166","290.99190283","290.19851552","2.2767476","26.0290620851726","2.4507486","33.71385338962844","2.458263888888889","0.5977439368302312","5.248166666666666","2.6095945308816595","1.1398305084745763","0.5060379241516967","1.3196790123456792","4.361557674841054",,,
"2025-09-19","actual","CAT793","AHS","243990.0000","1026","26","26","506.113611","0.000000","506.113611",,"6.408611","14.904722","484.800278","7.280556","477.519722","74.951944","237.807017543859649123","237.80701754","235.57446394","3.2650654","21.960457027156885","3.4846489","25.49890016813468","3.8336280288146694","1.1586332811684923","8.920758058802694","3.2728382147838215","1.6430213464696224","0.6601910828025478","0.7487407407407408","8.199527533398502",,,
"2025-09-19","actual","CAT793","CONV","262133.0000","1109","22","22","478.661111","0.000000","478.661111",,"0.227778","48.534444","429.898889","44.409722","385.489167","24.816944","236.368800721370604148","236.36880072","245.06726781","2.5693457","23.39100723448867","2.7213391","27.419068794074267","3.1074021687883073","0.815660446395902","6.590598705501618","3.1362277353689567","1.1665591397849464","0.434839593114241","0.7334164174144234","5.954992389649925",,,
"2025-09-19","actual","EH4000","CONV","209048.0000","919","14","14","412.377500","0.000000","412.377500",,"106.344167","1.610833","304.422500","16.816111","287.606389","46.816111","227.473340587595212187","227.47334059","227.66974973","1.7323150","28.238717361727613","1.6967668","26.96016390382225","3.327680652680653","0.8051163812033377","3.6807231245166276","3.0095265368461246","1.692943722943723","0.5795823195458232","1.0731284475965326","3.7761642830949764",,,
"2025-09-19","actual","EH5000","AHS","169653.0000","583","9","9","193.705833","0.000000","193.705833",,"31.878611","3.336111","158.491111","4.849722","153.641389","22.780833","291.000000000000000000","291.00000000","295.38404803","1.3266346","19.415581846261638","1.4299743","22.44017309050939","2.8182565789473686","0.8957386363636364","4.099700777977259","2.1447898164594434","1.5373230373230373","0.6657441574415744","1.5613468634686347","3.823431203223949",,,
"2025-09-19","actual","EH5000","CONV","201933.0000","694","13","13","254.126667","0.000000","254.126667",,"0.000000","7.993333","246.133333","24.453889","221.679444","17.883889","290.969740634005763689","290.96974063","292.57925072","2.2864659","24.334365522368344","2.4698394","31.266698147805506","2.7318930041152263","0.7155840455840455","5.637621982537237","2.7726717557251908","0.9226666666666666","0.499416135881104","1.305142405063291","4.739559108527132",,,
"2025-09-20","actual","CAT793","AHS","266453.0000","1121","27","27","534.575278","0.000000","534.575278",,"0.000000","2.935000","531.640278","0.434444","531.205833","66.644722","237.692239072256913470","237.69223907","238.59143622","3.6614296","22.880063427647208","3.8435514","27.491619291374512","3.1092436974789917","1.2080772811918064","9.601624431448991","3.3011560693641617","1.6660612535612536","0.6790169351507642","0.7662547202197048","8.38848674411677",,,
"2025-09-20","actual","CAT793","CONV","226372.0000","958","19","19","371.148056","0.000000","371.148056",,"0.000000","5.084722","366.063333","40.864167","325.199167","15.637222","236.296450939457202505","236.29645094","245.77818372","2.8541829","24.658314538806156","3.0770714","30.513496761021845","2.6931265206812656","0.7432675438596491","6.944958615500377","3.1075370370370368","0.7682203389830509","0.42958853444290335","0.7548456428292302","6.050577731092437",,,
"2025-09-20","actual","EH4000","CONV","201014.0000","885","13","13","287.967500","0.000000","287.967500",,"1.834722","7.815278","278.317500","18.962778","259.354722","43.909722","227.134463276836158192","227.13446328","227.78327684","1.4839062","25.319683608914207","1.5352655","25.717904748775965","2.371875","0.8301097393689986","3.516409342834521","3.15828437132785","1.592185792349727","0.5573590381426202","1.0520730706075534","3.5817820658342794",,,
"2025-09-20","actual","EH5000","AHS","212721.0000","731","9","9","193.472778","0.000000","193.472778",,"0.000000","10.341667","183.131111","0.000000","183.131111","17.702778","291.000000000000000000","291.00000000","295.48536252","0.9247155","16.96336011310951","1.2004384","25.12845274258851","2.8689620758483034","0.9369444444444445","3.2707511737089203","2.3390056022408965","1.3803418803418803","0.6796724470134875","1.4064233576642335","2.8663246694026445",,,
"2025-09-20","actual","EH5000","CONV","240309.0000","826","13","13","288.302222","0.000000","288.302222",,"0.000000","20.204444","268.097778","28.191389","239.906389","17.898889","290.930992736077481840","290.93099274","291.07663438","2.1576489","24.89857394883907","2.2428471","31.050967808676308","2.378182981445937","0.5613412228796845","5.199451754385965","2.7355109961190167","1.1047814207650275","0.5004037685060565","1.2599233198015336","4.333868974042027",,,
"2025-09-21","actual","CAT793","AHS","247380.0000","1044","28","28","570.766944","0.000000","570.766944",,"0.000000","42.544722","528.222222","0.000000","528.222222","100.192222","236.954022988505747126","236.95402299","239.80076628","3.2646444","21.790747440561937","3.3559667","22.585516082841394","3.7860457516339867","1.182586705202312","8.989075043630017","3.4196088611976463","1.493859649122807","0.6522022022022023","0.7471635150166852","8.915359793481768",,,
"2025-09-21","actual","CAT793","CONV","199426.0000","844","20","20","338.923889","0.000000","338.923889",,"19.098611","1.142222","318.683056","30.890556","287.792500","18.829444","236.286729857819905213","236.28672986","242.76469194","3.0510389","24.514374542493755","3.2289340","29.33756048040045","3.628886815920398","0.8538320209973753","7.4675506683915485","3.3047649301143585","0.5920212765957447","0.4206243854473943","0.7917562724014338","6.6036860879904875",,,
"2025-09-21","actual","EH4000","CONV","203860.0000","898","14","14","301.899167","0.000000","301.899167",,"0.771944","0.000000","301.127222","20.685833","280.441389","53.928333","227.015590200445434298","227.01559020","226.95913140","1.6847807","27.052621584877077","1.8150644","29.132598326672422","2.8113475177304963","0.7834705075445816","3.736674528301887","3.200097238428627","1.3261574074074074","0.5722560975609756","1.0768267651888341","3.7382132132132133",,,
"2025-09-21","actual","EH5000","AHS","177801.0000","611","8","8","170.237222","0.000000","170.237222",,"0.000000","21.570556","148.666667","0.000000","148.666667","22.905278","291.000000000000000000","291.00000000","299.25859247","0.8659935","18.548642164010978","0.9095486","18.931507754134877","2.2848270440251572","0.9784580498866213","2.8012621916236373","2.138038548752834","1.111147902869757","0.6622514619883041","1.3735020360674812","2.8826502732240438",,,
"2025-09-21","actual","EH5000","CONV","251037.0000","864","14","14","378.555556","0.000000","378.555556",,"87.306944","6.170278","285.078333","37.649167","247.429167","12.385278","290.552083333333333333","290.55208333","293.35671296","2.1851933","24.375907678035976","2.3490498","31.612550197285195","2.5994718309859155","0.6439164370982553","5.3787370600414075","2.8371873718737186","1.1513888888888888","0.4963461538461538","1.315958815958816","4.458450429352069",,,
"2025-09-22","actual","CAT793","AHS","337610.0000","1424","34","34","651.906111","0.000000","651.906111",,"37.320833","0.484167","614.101111","9.069722","605.031389","49.487500","237.085674157303370787","237.08567416","237.80941011","3.1579542","20.8430971088891","3.3312321","25.537194697464898","3.4900043744531932","1.2104022420046159","9.09064766191548","3.0948327137546467","1.3671163069544365","0.6482456140350876","0.8150849673202615","7.826776917663618",,,
"2025-09-22","actual","CAT793","CONV","155261.0000","659","14","14","448.021944","0.000000","448.021944",,"187.286389","2.277500","258.458056","23.528611","234.929444","12.651389","235.600910470409711684","235.60091047","236.93050076","2.9826845","25.331361586813802","3.2175798","29.23889797880902","3.0508870214752566","0.7946299934512115","7.064802631578947","3.1482954545454547","1.347843137254902","0.4077325939617991","0.7722222222222223","6.602669777086573",,,
"2025-09-22","actual","EH4000","CONV","215098.0000","947","14","14","310.749444","0.000000","310.749444",,"0.000000","0.297222","310.452222","17.123889","293.328333","39.145000","227.136219640971488912","227.13621964","229.40464625","1.9044195","27.19871658197379","1.9750446","28.497575908373577","2.9837719298245613","0.8315303430079156","4.201123595505618","3.324368968077209","1.5068840579710145","0.5765533411488862","1.0406007751937985","4.15834232290543",,,
"2025-09-22","actual","EH5000","AHS","147246.0000","506","8","8","159.646111","0.000000","159.646111",,"0.816667","7.265000","151.564444","0.000000","151.564444","16.968889","291.000000000000000000","291.00000000","296.82351779","1.7275010","20.425334099679773","1.8689552","24.798036614453075","2.410864978902954","0.8883812010443864","5.074583333333334","2.3099930843706775","1.5284653465346534","0.6501433691756272","1.434822695035461","4.52202380952381",,,
"2025-09-22","actual","EH5000","CONV","241518.0000","831","13","13","285.095833","0.000000","285.095833",,"2.456111","6.946667","275.693056","27.261667","248.431389","14.690833","290.635379061371841155","290.63537906","291.64452467","2.4021551","25.837391147107965","2.4287082","31.437520472513448","2.4356060606060606","0.5768333333333333","5.578322717622081","2.707510548523207","1.1600308641975308","0.4780503978779841","1.2775153105861767","4.635304878048781",,,
"2025-09-23","actual","CAT793","AHS","285246.0000","1200","29","29","609.375000","0.000000","609.375000",,"5.045278","20.073889","584.255833","9.637222","574.618611","93.484167","237.705000000000000000","237.70500000","239.94125000","3.6214417","23.85053152729233","3.7526954","27.70851600235309","4.156388415672913","1.2788874288217258","9.1103421217828","3.430912735121801","1.17487922705314","0.6715314136125655","0.7578869047619048","8.126083835773759",,,
"2025-09-23","actual","CAT793","CONV","202279.0000","853","16","16","329.541389","0.000000","329.541389",,"0.000000","8.208056","321.333333","30.785833","290.547500","9.460833","237.138335287221570926","237.13833529","244.79226260","3.0695211","25.22784967994673","3.1319715","30.51706824010634","2.840862573099415","0.6491280518186348","7.300315656565656","2.896691480562448","1.183846153846154","0.408919540229885","0.7279541446208113","6.1578094108343215",,,
"2025-09-23","actual","EH4000","CONV","173244.0000","763","14","14","454.658056","0.000000","454.658056",,"172.672500","8.532222","273.453333","24.383333","249.070000","30.857500","227.056356487549148100","227.05635649","228.75321101","2.0481466","25.8969379713548","2.2431746","30.78533090846079","2.818557919621749","0.7315211422295442","4.745302171860246","3.258075117370892","1.618080094228504","0.5532937097573056","1.1540068829891839","4.371902852049911",,,
"2025-09-23","actual","EH5000","AHS","134142.0000","461","9","9","162.728611","0.000000","162.728611",,"0.000000","11.991944","150.736667","0.148889","150.587778","28.212778","290.980477223427331887","290.98047722","296.00824295","1.4093617","20.701640723789254","1.4001961","20.883274148138828","4.134021164021164","0.9566957787481805","4.084782608695652","2.559469696969697","1.4627131782945737","0.6916862745098039","1.5431442080378253","4.022921185827911",,,
"2025-09-23","actual","EH5000","CONV","200112.0000","689","14","14","283.693611","0.000000","283.693611",,"1.050000","34.487778","248.155833","25.240000","222.915833","11.076667","290.438316400580551524","290.43831640","292.56473149","3.0404126","29.679302824601752","3.3439164","35.591436992105706","2.5319209039548025","0.5877495462794918","6.146531038080334","2.7307235142118866","0.8710858585858586","0.5197630586968228","1.2474878444084279","5.63717008797654",,,
"2025-09-24","actual","CAT793","AHS","214933.0000","901","28","28","501.264167","0.000000","501.264167",,"0.233056","7.441111","493.590000","9.323333","484.266667","87.848611","238.549389567147613762","238.54938957","236.12719201","3.8477658","22.631729995337917","3.9937328","25.516435139492454","4.1307880055788","1.2565396825396824","10.200985432733505","3.875356842989085","1.75","0.6626676602086439","0.6771965579710144","9.390965732087228",,,
"2025-09-24","actual","CAT793","CONV","186971.0000","785","20","20","334.980000","0.000000","334.980000",,"5.620556","9.541944","319.817500","36.405833","283.411667","17.230278","238.179617834394904459","238.17961783","244.34229299","3.3608747","25.58174751638688","3.4584811","31.78932063517004","3.00959805959806","0.7988327904451683","7.882670324645633","3.1344188150158296","1.1922885572139303","0.4520064205457464","0.751547619047619","6.527628205128205",,,
"2025-09-24","actual","EH4000","CONV","156350.0000","688","14","14","368.892778","0.000000","368.892778",,"111.513333","1.992222","255.387222","24.820278","230.566944","48.200278","227.252906976744186047","227.25290698","231.10886628","1.6547222","25.101505880007505","1.7840059","27.812693537867165","2.639294117647059","1.033587786259542","3.955273937532002","3.4889649923896497","1.4246644295302013","0.594237012987013","1.0835185185185183","3.848615160349854",,,
"2025-09-24","actual","EH5000","AHS","135315.0000","466","9","9","159.554444","0.000000","159.554444",,"0.000000","0.180278","159.374167","10.078056","149.296111","29.696944","290.375536480686695279","290.37553648","293.62489270","1.7652337","24.95289884445869","1.8652524","29.895932149654143","3.19994068801898","1.0525839793281653","4.244557823129251","2.7748314606741573","1.1225563909774436","0.6225653206650832","1.5290608160123174","3.74349070100143",,,
"2025-09-24","actual","EH5000","CONV","228570.0000","786","13","13","261.679444","0.000000","261.679444",,"7.275833","0.150833","254.252778","27.136944","227.115833","11.888889","290.801526717557251908","290.80152672","288.32951654","2.2305287","25.249989335730746","2.3586624","33.45519673557888","2.550826446280992","0.51187106918239","5.300268456375838","2.7048629531388153","0.7988603988603988","0.5066009104704097","1.2747363594681338","4.230127388535032",,,
"2025-09-25","actual","CAT793","AHS","257930.0000","1082","27","27","539.217778","0.000000","539.217778",,"22.430000","1.443333","515.344444","0.158889","515.185556","64.026944","238.382624768946395564","238.38262477","237.96072089","3.3898139","23.02987222573247","3.5102014","24.726849338239692","4.391187433439829","1.3273195876288661","8.831522468142188","3.670372200263505","1.735460251046025","0.6517797552836485","0.718140350877193","8.517546296296297",,,
"2025-09-25","actual","CAT793","CONV","230222.0000","968","21","21","392.673611","0.000000","392.673611",,"0.000000","9.589722","383.083889","51.610278","331.473611","12.102222","237.832644628099173554","237.83264463","245.29225207","3.2764501","24.45911332354247","3.5268503","30.750693868767993","3.3444546008531386","0.8065063649222065","8.037372549019608","3.1482731858750483","1.400715746421268","0.4466277561608301","0.7131010594947025","6.881503841931943",,,
"2025-09-25","actual","EH4000","CONV","180042.0000","791","13","13","287.325000","0.000000","287.325000",,"9.269167","18.895000","259.160833","20.323889","238.836944","30.385833","227.613147914032869785","227.61314791","233.32123894","1.6620291","25.810549902696245","1.7982063","27.179580428995358","2.373724082934609","0.8742873763816171","3.8636040834442964","3.413095238095238","1.1880547686496696","0.6065880721220527","1.0707929921622867","3.9696116090482287",,,
"2025-09-25","actual","EH5000","AHS","139389.0000","479","9","9","178.856111","0.000000","178.856111",,"0.000000","2.870833","175.985278","2.221944","173.763333","20.371111","291.000000000000000000","291.00000000","296.77557411","2.4076743","22.179014288480158","2.4314990","29.657418643768082","3.5313664596273293","1.0583579154375615","6.513384955752213","2.6642909356725144","1.516083916083916","0.6289639639639639","1.7664027149321266","4.9191718858733475",,,
"2025-09-25","actual","EH5000","CONV","245310.0000","843","14","14","288.161389","0.000000","288.161389",,"4.488333","1.933333","281.739722","30.096944","251.642778","11.282500","290.996441281138790036","290.99644128","292.51909846","2.4374026","24.859538873100778","2.5230526","33.16870994426292","1.971969696969697","0.5082719685812469","5.882818532818533","2.8400718208702997","0.616969696969697","0.47912257495590826","1.2855701754385964","4.564035087719299",,,
"2025-09-26","actual","CAT793","AHS","294984.0000","1242","28","28","606.223611","0.000000","606.223611",,"45.592500","11.025000","549.606111","11.165000","538.441111","67.672778","237.507246376811594203","237.50724638","233.89798712","2.6740856","22.352287245049666","2.7799204","25.286279991372318","4.234463986599665","1.1912025827280064","7.178018707482993","3.470193929173693","1.657464512971121","0.6886405109489051","0.7580973451327433","6.596273712737127",,,
"2025-09-26","actual","CAT793","CONV","236368.0000","994","21","21","415.143333","0.000000","415.143333",,"0.285000","5.842222","409.016111","37.785278","371.230833","12.774167","237.794768611670020121","237.79476861","243.95352113","3.7773189","26.085837329323308","3.8546306","32.11118406226018","2.6203960396039605","0.7248492678725237","8.688206214689266","2.8350104821802935","1.09037558685446","0.4135970090515545","0.7226373626373627","7.202407595795185",,,
"2025-09-26","actual","EH4000","CONV","169778.0000","745","12","12","268.425000","0.000000","268.425000",,"0.000000","0.127222","268.297778","19.004444","249.293333","40.910556","227.889932885906040268","227.88993289","233.08067114","1.8770323","25.444017089005236","1.9463315","26.540884090909092","2.6258487654320986","0.9563071297989031","4.42626404494382","3.5919787332408695","1.5763522012578617","0.5685479980704293","1.1112957610789982","4.4",,,
"2025-09-26","actual","EH5000","AHS","145209.0000","499","11","11","222.208056","0.000000","222.208056",,"16.779167","8.010833","197.418056","2.057778","195.360278","21.588611","291.000000000000000000","291.00000000","293.04569138","3.2946453","24.385160199797042","3.3770281","35.17708874372153","3.935838150289017","0.9958949096880132","8.106517094017095","2.5818534178999295","1.7601149425287355","0.6111396743787488","1.4539839181286551","5.760047043010753",,,
"2025-09-26","actual","EH5000","CONV","198744.0000","683","12","12","236.189722","0.000000","236.189722",,"20.511944","2.965556","212.712222","24.485556","188.226667","8.308611","290.986822840409956076","290.98682284","293.80058565","2.2030455","24.632687090642012","2.4087493","33.978549452061976","1.6514301430143015","0.5278645833333333","5.366151468315301","2.7101993865030676","1.3266666666666667","0.532010582010582","1.3145440251572327","4.253417533432392",,,
"2025-09-27","actual","CAT793","AHS","282057.0000","1185","27","27","456.721944","0.000000","456.721944",,"7.225833","5.101111","444.395000","1.171389","443.223611","53.261111","238.022784810126582278","238.02278481","235.18793249","2.9027404","24.753772509641358","3.0770910","29.39235815899582","4.418082264957265","1.1173185571490656","7.035873983739837","3.382795698924731","2.182115384615385","0.6937924151696607","0.7592768959435626","6.281410256410256",,,
"2025-09-27","actual","CAT793","CONV","219233.0000","917","21","21","351.856944","0.000000","351.856944",,"0.000000","0.000000","351.856944","45.404444","306.452500","12.017222","239.076335877862595420","239.07633588","244.06761178","4.1567397","27.29487820293197","4.2550091","32.927983585399595","2.8635076252723315","0.7379319510898459","9.137405931828244","2.9082456140350876","1.0427350427350428","0.44012437810945276","0.7183309892170652","7.753300330033003",,,
"2025-09-27","actual","EH4000","CONV","175956.0000","772","13","13","276.083611","0.000000","276.083611",,"34.956111","2.862500","238.265000","19.405833","218.859167","25.452222","227.922279792746113990","227.92227979","232.47733161","1.9151244","29.982397897783976","1.9765045","29.259498919316414","3.118625099920064","1.0567934782608694","3.8324974670719354","3.459431137724551","1.2937649880095923","0.5980502136752136","1.1091263650546022","4.053051979017644",,,
"2025-09-27","actual","EH5000","AHS","174891.0000","601","13","13","301.005833","0.000000","301.005833",,"72.123611","16.202500","212.679722","1.644722","211.035000","34.766389","291.000000000000000000","291.00000000","301.09018303","2.5207121","25.069613517004708","2.6227250","33.06465706685172","3.484740545294635","1.103617216117216","6.03291015625","2.593895348837209","1.7858609794628753","0.6851388888888889","1.566155419222904","4.759266055045871",,,
"2025-09-27","actual","EH5000","CONV","158433.0000","545","10","10","193.258056","0.000000","193.258056",,"0.000000","2.852222","190.405833","22.674444","167.731389","9.066944","290.702752293577981651","290.70275229","292.33559633","3.0790761","26.610689644668437","3.1252134","32.26874419496205","2.591666666666667","0.723705501618123","6.942494481236204","3.175671750181554","0.5471111111111111","0.5361374407582938","1.3046636085626913","5.810973084886128",,,
"2025-09-28","actual","CAT793","AHS","305636.0000","1286","27","27","509.148056","0.000000","509.148056",,"13.013611","25.399167","470.735278","0.000000","470.735278","51.580278","237.664074650077760498","237.66407465","233.25800933","2.5965309","23.51947008369242","2.8123392","27.42945718438313","4.683236714975846","1.370688275310124","6.623952556993222","3.6742616033755273","1.4524291497975708","0.6805646630236794","0.7660553410553411","6.151793339026473",,,
"2025-09-28","actual","CAT793","CONV","227018.0000","950","20","20","413.837222","0.000000","413.837222",,"0.000000","23.624167","390.213056","41.771389","348.441667","16.345833","238.966315789473684211","238.96631579","243.54546414","3.7028106","26.177226425270455","3.9059487","31.672125559743417","3.086423611111111","0.7309705284552845","8.487096088435374","2.9054860241969127","1.6110687022900763","0.442959133431807","0.7323115349682108","7.399469339622642",,,
"2025-09-28","actual","EH4000","CONV","167568.0000","736","13","13","323.916667","0.000000","323.916667",,"89.959167","0.093611","233.863889","23.518611","210.345278","16.066389","227.673913043478260870","227.67391304","230.47459239","2.0443469","28.051251597217547","2.2484180","28.56156467607978","2.518755555555556","0.7929361979166667","4.372739432851792","3.2935068349106205","1.7695723684210527","0.623327664399093","1.118643602416255","4.723308457711442",,,
"2025-09-28","actual","EH5000","AHS","224361.0000","771","12","12","239.820556","0.000000","239.820556",,"0.000000","12.234722","227.585833","0.000000","227.585833","32.454167","291.000000000000000000","291.00000000","295.44773022","1.7140098","20.971809182154992","1.7903607","28.44504628942696","3.1391604010025063","1.0210062893081762","4.903753753753754","2.498938271604938","1.4921972534332084","0.6636865342163355","1.473861852433281","3.7764621968616265",,,
"2025-09-28","actual","EH5000","CONV","152370.0000","524","10","10","178.673333","0.000000","178.673333",,"0.000000","0.380833","178.292500","22.583333","155.709167","6.388889","290.782442748091603053","290.78244275","298.24961832","2.6648853","24.15490145741325","2.7934081","31.087581394079614","2.6866941015089165","0.5767188859878155","6.619489559164733","3.335","0.8061032863849765","0.5213740458015267","1.381031746031746","5.3913646055437106",,,
"2025-09-29","actual","CAT793","AHS","322473.0000","1359","24","24","434.007222","0.000000","434.007222",,"0.000000","3.312222","430.695000","0.000000","430.695000","30.602222","237.286975717439293598","237.28697572","233.13796909","2.4362146","23.474743238246752","2.5908778","30.20654088885052","4.110749113475177","1.1780701754385965","6.226814688300597","3.5139662447257383","1.3637910798122066","0.6661330822347772","0.7259700176366842","5.146324717285945",,,
"2025-09-29","actual","CAT793","CONV","232913.0000","977","24","24","362.856944","0.000000","362.856944",,"0.000000","0.839444","362.017500","36.097500","325.920000","14.379167","238.396110542476970317","238.39611054","243.71975435","3.9759621","26.81144586685308","4.2184081","32.92870779636764","2.9032369146005506","0.7243705941591138","8.897607655502393","3.1394820086990904","1.725046554934823","0.48549511854951183","0.7299242424242425","7.686438458660681",,,
"2025-09-29","actual","EH4000","CONV","188172.0000","826","14","14","276.241667","0.000000","276.241667",,"0.000000","0.291944","275.949722","22.131667","253.818056","21.804167","227.811138014527845036","227.81113801","232.11610169","2.5569279","28.878950329908633","2.6573671","27.661263463928584","2.49512893982808","0.8364485981308412","5.3123701605288005","3.296982358402971","1.7640822784810126","0.6048548548548549","1.0648800783162016","5.764090501792115",,,
"2025-09-29","actual","EH5000","AHS","214734.0000","738","12","12","215.798889","0.000000","215.798889",,"4.481944","9.576389","201.740556","5.282222","196.458333","24.489167","290.967479674796747967","290.96747967","298.44674797","1.7716205","22.87816088650254","1.8736805","31.26048415424882","2.569195156695157","0.864965343415249","4.646231422505308","2.632811684924361","1.500316856780735","0.6610928061504668","1.4509229098805645","3.596260040160643",,,
"2025-09-29","actual","EH5000","CONV","166416.0000","572","8","8","161.731111","0.000000","161.731111",,"0.000000","0.475833","161.255278","18.117222","143.138056","8.072222","290.937062937062937063","290.93706294","292.01660839","1.8877273","22.95932731255902","2.1665474","30.041225966147596","2.2890287769784172","0.6901515151515151","4.933229813664596","2.769563735514656","0.942798353909465","0.5048565121412804","1.334280701754386","4.3271484375",,,
"2025-09-30","actual","CAT793","AHS","340192.0000","1432","29","29","623.110833","0.000000","623.110833",,"77.675556","15.081944","530.353333","1.611111","528.742222","50.826389","237.564245810055865922","237.56424581","234.83135475","2.5061297","23.055943806397536","2.7067711","27.945360063209645","4.491543816543816","1.1187686196623636","6.52186625985253","3.619965148120488","1.9799728997289974","0.6619417211328976","0.7325184016824395","5.81156462585034",,,
"2025-09-30","actual","CAT793","CONV","189120.0000","792","20","20","390.168333","0.000000","390.168333",,"12.599722","18.213611","359.355000","39.548611","319.806389","17.392778","238.787878787878787879","238.78787879","229.17739899","3.7628281","26.91125482236536","3.8215084","30.94552948749005","3.289564896755162","0.7144915254237287","8.38941504178273","3.0575736961451248","2.7665151515151516","0.45760743321718933","0.7420796890184646","7.40948717948718",,,
"2025-09-30","actual","EH4000","CONV","207522.0000","911","14","14","322.358611","0.000000","322.358611",,"0.000000","1.061389","321.297222","28.976667","292.320556","18.901667","227.795828759604829857","227.79582876","233.30933041","2.2710918","27.863233259073997","2.4366486","28.536065741664824","3.0803687635574835","0.7773827534039335","4.890513126491647","3.129245283018868","2.4614746945898776","0.6110054921841994","1.1127280265339967","5.123303167420815",,,
"2025-09-30","actual","EH5000","AHS","200490.0000","690","13","13","254.400000","0.000000","254.400000",,"0.000000","11.366111","243.033889","0.879167","242.154722","22.109722","290.565217391304347826","290.56521739","299.24115942","2.2308391","21.10174476418524","2.3451829","29.350589072149276","3.5055003313452615","0.8585399449035813","6.3430937818552495","2.4665659617321247","1.5631147540983608","0.6463841807909605","1.4211342964151954","4.794144800777454",,,
"2025-09-30","actual","EH5000","CONV","151320.0000","520","8","8","154.075833","0.000000","154.075833",,"0.858889","7.397500","145.819444","15.492222","130.327222","8.001944","291.000000000000000000","291.00000000","291.83788462","1.8528481","23.481832227699996","2.0443404","32.00079823242409","2.039035087719298","0.5951797385620915","4.734336099585063","2.647448979591837","1.6166666666666667","0.5056399132321041","1.2881457891012031","3.8330426356589147",,,
"2025-10-01","actual","CAT793","AHS","296358.0000","1248","27","27","516.312778","0.000000","516.312778",,"2.621111","20.229722","493.461944","17.416389","476.045556","48.684722","237.466346153846153846","237.46634615","239.36217949","2.3518153","22.381116438877925","2.6100164","25.39982065276825","5.046634393729829","1.0537820512820513","6.304820333041192","3.60913143514524","1.2263285024154589","0.6537536092396535","0.7089966453186948","6.165436604487699",,,
"2025-10-01","actual","CAT793","CONV","192597.0000","807","21","21","373.204722","0.000000","373.204722",,"8.385000","17.327778","347.491944","42.756944","304.735000","18.639722","238.657992565055762082","238.65799257","222.64770756","3.2541297","24.92601961020566","3.4427255","27.606483207160853","4.075164113785558","0.8292124542124543","7.833091085271318","3.4097380952380956","1.4414600550964187","0.4617391304347826","0.7537461773700306","7.48242825607064",,,
"2025-10-01","actual","EH4000","CONV","203024.0000","892","14","14","328.541667","0.000000","328.541667",,"31.038611","6.913611","290.589444","18.991667","271.597778","19.079167","227.605381165919282511","227.60538117","232.07130045","2.0237712","26.826747317002386","2.1484498","27.82419471299319","2.655880376344086","0.8456901254773596","4.526313628899836","3.0557645631067962","1.8470588235294119","0.6654636920384952","1.145838614279679","4.632909930715936",,,
"2025-10-01","actual","EH5000","AHS","196023.0000","674","12","12","237.260556","0.000000","237.260556",,"0.000000","6.354722","230.905833","0.023611","230.882222","22.512778","290.835311572700296736","290.83531157","302.29124629","2.1660015","20.723835409885705","2.3387927","28.822385968029508","3.640671885192433","0.8020786092214663","6.271044303797468","2.291145833333333","1.5921957671957674","0.6555267702936097","1.384484649122807","4.868700396825397",,,
"2025-10-01","actual","EH5000","CONV","175758.0000","604","10","10","203.418333","0.000000","203.418333",,"0.000000","26.742500","176.675833","16.620556","160.055278","5.636111","290.990066225165562914","290.99006623","284.54387417","1.9039325","23.88076401611639","2.1455828","31.430607528902616","2.727390527256479","0.6547567954220315","4.783596953719977","2.7963995354239257","1.0067099567099567","0.5000963391136801","1.3566606389391198","4.095847268673356",,,
"2025-10-02","actual","CAT793","AHS","384402.0000","1608","35","35","620.709722","0.000000","620.709722",,"16.365278","4.192500","600.151944","0.673333","599.478611","54.969444","239.055970149253731343","239.05597015","239.98345771","2.7801315","22.845973192379653","3.0039378","27.31817557098515","3.989708664396519","0.9167878787878788","7.301413189771198","3.3162682602921647","1.0805643459915613","0.6584646161540385","0.6775586854460094","6.597668557025835",,,
"2025-10-02","actual","CAT793","CONV","164249.0000","695","14","14","276.136111","0.000000","276.136111",,"0.000000","7.624167","268.511944","22.564444","245.947500","17.556111","236.329496402877697842","236.32949640","218.15856115","2.5476014","24.804524139475067","2.7575849","28.249171547640902","3.043720930232558","0.8368203309692671","6.162427593470247","3.132632398753894","1.3986486486486487","0.4525110375275938","0.7905464480874317","5.856989247311828",,,
"2025-10-02","actual","EH4000","CONV","176584.0000","775","13","13","289.641389","0.000000","289.641389",,"5.390000","6.763056","277.488333","27.684722","249.803611","41.369722","227.850322580645161290","227.85032258","231.49651613","1.7635744","25.477843864854094","1.8763872","27.15408215090958","2.3737314597970336","0.761900871459695","4.15319540229885","3.1302886783942268","1.856908462867012","0.6158321411540296","1.135246293639407","4.146088657105606",,,
"2025-10-02","actual","EH5000","AHS","175473.0000","603","10","10","348.106944","0.000000","348.106944",,"148.223056","0.696944","199.186944","0.000000","199.186944","22.411389","291.000000000000000000","291.00000000","301.62911814","2.0223648","20.175144334417254","2.0539418","28.430628515767687","3.1889383815887156","0.7460227272727272","6.014424778761063","2.169371727748691","1.6883703703703705","0.68546918767507","1.3552102376599635","4.334638888888889",,,
"2025-10-02","actual","EH5000","CONV","208728.0000","718","13","13","287.177778","0.000000","287.177778",,"35.448056","8.295278","243.434444","27.997778","215.436667","9.915000","290.707520891364902507","290.70752089","288.02883008","2.1412434","25.66314355328042","2.3553543","31.207944347686738","3.0854116706634693","0.7423574368018813","5.006191222570533","2.8627769191138586","1.0905882352941176","0.48934959349593493","1.2353965702036442","4.528374455732946",,,
"2025-10-03","actual","CAT793","AHS","357240.0000","1500","31","31","710.421389","0.000000","710.421389",,"72.914167","3.000000","634.507222","6.772222","627.735000","74.240833","238.160000000000000000","238.16000000","236.62913333","2.9151053","22.644661268892335","3.0902586","27.274907658239997","3.996892655367232","0.9563165905631659","7.723953823953824","3.2089285714285714","2.0069422776911074","0.6744346900771482","0.697433962264151","6.798025435073628",,,
"2025-10-03","actual","CAT793","CONV","180676.0000","760","18","18","332.515833","0.000000","332.515833",,"0.000000","1.863611","330.652222","33.213611","297.438611","21.833333","237.731578947368421053","237.73157895","228.38078947","3.3846552","25.72627108833747","3.5001343","30.60691296189464","3.0054185351270553","0.9423749246534057","7.893849493487699","2.7523128278493085","1.1097859327217126","0.44855403348554035","0.8627391742195367","6.861458333333333",,,
"2025-10-03","actual","EH4000","CONV","194142.0000","853","15","15","315.963611","0.000000","315.963611",,"0.544722","6.751389","308.667500","26.124167","282.543333","44.695000","227.599062133645955451","227.59906213","231.69929660","1.9881478","27.268683766826626","2.0036382","27.387455355812712","2.4709103353867214","0.8798771121351766","4.374573742540495","3.056696053736356","2.7282094594594595","0.5921180096873624","1.1449780701754384","4.389538583929992",,,
"2025-10-03","actual","EH5000","AHS","134685.0000","463","9","9","171.526111","0.000000","171.526111",,"0.000000","9.030278","162.495833","0.000000","162.495833","18.615833","290.896328293736501080","290.89632829","301.05032397","2.4091253","20.72701721697854","2.4535983","27.963735864171614","3.0058700209643603","0.8590702947845804","6.973869731800766","2.1000757575757576","0.943100358422939","0.6685374149659864","1.3689903846153846","5.264528985507246",,,
"2025-10-03","actual","EH5000","CONV","173550.0000","597","11","11","422.398889","0.000000","422.398889",,"109.783889","117.517222","195.097778","19.773611","175.324167","10.817500","290.703517587939698492","290.70351759","285.92043551","1.9626734","24.1786408432233","2.0963916","29.44607799978767","2.39619391025641","0.5902065527065528","4.870431086824529","2.7136744464392577","0.8164319248826291","0.4874415497661991","1.239190031152648","4.271655328798186",,,
"2025-10-04","actual","CAT793","AHS","317974.0000","1342","29","29","585.196944","0.000000","585.196944",,"0.000000","5.571111","579.625833","23.009444","556.616389","79.331944","236.940387481371087928","236.94038748","232.68308495","2.3970498","21.662029804106048","2.5729067","23.82168761299016","4.524153498871332","1.109375","6.639404954227248","3.3136738494280396","1.1979423868312757","0.6622430741733691","0.7116440294284098","6.480414171656687",,,
"2025-10-04","actual","CAT793","CONV","203624.0000","854","20","20","455.556944","0.000000","455.556944",,"57.629722","14.664722","383.262500","35.264444","347.998056","14.603056","238.435597189695550351","238.43559719","239.97658080","4.0024552","26.649503764621404","4.0115030","32.76466120085829","3.444909344490935","0.7904371584699453","9.011323967645806","3.214249684741488","1.5471326164874553","0.4499490316004077","0.728414195867026","7.346029874213837",,,
"2025-10-04","actual","EH4000","CONV","188916.0000","831","14","14","370.090833","0.000000","370.090833",,"58.482778","7.014167","304.593889","24.391389","280.202500","33.858889","227.335740072202166065","227.33574007","230.21612515","2.1743499","26.53026192048491","2.3235409","28.4797058210061","2.8017525773195877","0.8314546430488459","4.917440860215054","3.2657950680272108","1.7618781094527365","0.5834788937409026","1.1740215924426451","4.895150774246129",,,
"2025-10-04","actual","EH5000","AHS","148410.0000","510","10","10","193.891389","0.000000","193.891389",,"0.000000","8.314167","185.577222","0.064444","185.512778","22.272500","291.000000000000000000","291.00000000","304.14470588","2.2443060","22.76459381088825","2.2743827","28.250142998633418","3.9578593996840445","0.8903812056737589","5.915254237288136","2.445198329853862","1.1151376146788992","0.6517407407407407","1.4527656477438138","4.830522875816993",,,
"2025-10-04","actual","EH5000","CONV","161685.0000","556","11","11","181.458611","0.000000","181.458611",,"0.460833","0.000000","180.997778","15.208056","165.789722","7.317222","290.800359712230215827","290.80035971","292.82733813","2.1847631","24.83720587731812","2.3828696","31.921306106336072","2.6452743902439027","0.7996360989810771","5.277799227799227","2.924179292929293","1.2022727272727274","0.4799931129476584","1.2648442677269716","4.478894927536232",,,
"2025-10-05","actual","CAT793","AHS","335084.0000","1412","29","29","555.154167","0.000000","555.154167",,"0.000000","8.915833","546.238333","1.331111","544.907222","69.264444","237.311614730878186969","237.31161473","233.71331445","2.7009626","22.92988295672773","2.8796531","26.805499209797127","3.575675675675676","1.1009293113954906","7.06753524672709","3.40376746506986","1.2528645833333334","0.6567111111111111","0.6972027062190996","6.445661938534278",,,
"2025-10-05","actual","CAT793","CONV","197612.0000","830","20","20","374.458889","0.000000","374.458889",,"7.597222","11.288611","355.573056","35.361944","320.211111","12.926111","238.086746987951807229","238.08674699","240.42650602","3.9083764","27.902374945348544","3.9764296","33.6909655098328","2.8785989222478827","0.6563396442914515","8.404395126196693","3.2487894509295288","1.4685185185185186","0.4716039279869067","0.7213025780189959","7.08159509202454",,,
"2025-10-05","actual","EH4000","CONV","158226.0000","695","13","13","271.572778","0.000000","271.572778",,"0.000000","0.000000","271.572778","20.034167","251.538611","22.049722","227.663309352517985612","227.66330935","232.37208633","2.7571568","28.78771571238671","2.8060924","29.013093920579813","3.579540918163673","0.9627688172043011","5.746527777777778","3.6935015290519875","1.5987820512820512","0.6220572057205721","1.0964856230031947","5.803088235294117",,,
"2025-10-05","actual","EH5000","AHS","191169.0000","657","12","12","223.843056","0.000000","223.843056",,"0.000000","6.369167","217.473889","0.001667","217.472222","33.213056","290.972602739726027397","290.97260274","302.19284627","2.1902024","21.488463134689212","2.2590989","27.699258536560006","2.5307315233785825","0.8542929292929293","6.115474297827238","2.194601677148847","1.2796653796653799","0.6639404159640248","1.3676002196595278","4.893486005089058",,,
"2025-10-05","actual","EH5000","CONV","142281.0000","490","9","9","163.384722","0.000000","163.384722",,"0.000000","0.000000","163.384722","18.923611","144.461111","5.222222","290.369387755102040816","290.36938776","292.36061224","3.1351578","29.270342600788116","3.3088221","37.458604284474056","2.455275229357798","0.5300314465408805","6.426623376623377","2.722970085470086","0.6361788617886179","0.4650375939849624","1.2968377976190477","5.299965916837082",,,
"2025-10-06","actual","CAT793","AHS","361275.0000","1527","26","26","578.918333","0.000000","578.918333",,"0.000000","1.260833","577.657500","5.781389","571.876111","76.281389","236.591355599214145383","236.59135560","235.20543549","2.1918761","22.320579966158384","2.3206781","22.68034095484946","3.5820902394106815","1.1073635057471265","5.891986955508968","3.3883333333333336","1.9110798122065729","0.6832441386340469","0.7308624031007752","6.139267759562841",,,
"2025-10-06","actual","CAT793","CONV","206932.0000","868","20","20","414.004167","0.000000","414.004167",,"0.000000","2.557222","411.446944","47.623611","363.823333","18.722500","238.400921658986175115","238.40092166","243.99608295","4.0447627","27.7398070461952","4.0803421","31.388029518632848","3.254338394793926","0.8300585729499467","8.748646362098139","3.348611111111111","0.8406462585034014","0.471656050955414","0.722103861517976","7.799805523142746",,,
"2025-10-06","actual","EH4000","CONV","152348.0000","669","14","14","323.977222","0.000000","323.977222",,"46.860278","7.884167","269.232778","22.502500","246.730278","21.177500","227.724962630792227205","227.72496263","232.35440957","3.0377807","32.068875421605924","3.0662984","31.678646579855236","3.832020997375328","0.8730848861283643","5.6836056644880175","3.5645866666666666","1.2936834094368341","0.6022383545069571","1.1125143184421533","5.807631444614599",,,
"2025-10-06","actual","EH5000","AHS","225801.0000","776","12","12","324.097778","0.000000","324.097778",,"4.466111","71.193611","248.438056","0.000000","248.438056","21.007222","290.980670103092783505","290.98067010","299.17345361","2.1439961","21.863687369877542","2.2108235","26.63207484533676","3.3334309895833334","0.888425925925926","5.883717774762551","2.2106935123042506","2.463888888888889","0.6485549132947976","1.544656308851224","4.980813953488371",,,
"2025-10-06","actual","EH5000","CONV","132567.0000","457","9","9","182.266111","0.000000","182.266111",,"0.000000","3.162222","179.103889","21.234167","157.869722","6.543611","290.080962800875273523","290.08096280","291.74376368","3.3692298","28.705392585613822","3.3470837","33.823848834845236","2.5846038863976086","0.5836495031616983","7.04236276849642","2.890762578616352","0.4798449612403101","0.4957948717948718","1.3081481481481483","5.937379361544172",,,
"2025-10-07","actual","CAT793","AHS","303097.0000","1279","28","28","545.038611","0.000000","545.038611",,"24.384722","0.000000","520.653889","0.274444","520.379444","118.267500","236.979671618451915559","236.97967162","237.72462862","2.2395409","21.72423624193128","2.4620781","24.12479801433506","3.5784992784992786","1.1146803900325029","6.185370684776458","3.275884154831523","1.571243169398907","0.6293951478896643","0.7101950354609929","6.123354314188303",,,
"2025-10-07","actual","CAT793","CONV","196664.0000","824","20","20","383.793333","0.000000","383.793333",,"0.000000","7.169444","376.623889","33.450833","343.173056","46.590556","238.669902912621359223","238.66990291","242.17378641","3.4782139","25.87651824482801","3.6607085","31.10982537006603","3.8502795248078265","0.7272868217054264","8.06495031616983","3.4565824468085107","1.0610632183908046","0.48910139647844564","0.7413932477413219","7.0602296022960225",,,
"2025-10-07","actual","EH4000","CONV","144956.0000","637","13","13","353.178889","0.000000","353.178889",,"72.770000","0.370000","280.038889","55.337222","224.701667","37.988611","227.560439560439560440","227.56043956","229.86546311","2.4270927","29.78710395006133","2.6540286","31.88987972595885","3.0145333333333335","0.7161213360599864","4.888879504504504","3.3792494481236206","1.030324074074074","0.5870093457943926","1.1055260047281326","4.993487506645402",,,
"2025-10-07","actual","EH5000","AHS","159468.0000","548","12","12","237.335556","0.000000","237.335556",,"0.000000","11.105833","226.229722","4.754722","221.475000","55.349444","291.000000000000000000","291.00000000","297.65948905","1.9779704","20.685423610027282","2.3536026","28.52676042765081","3.1244415807560135","0.8841411564625851","5.737287581699347","2.3544834307992204","1.9004255319148937","0.6899708242159008","1.4579739904175222","4.950304692260817",,,
"2025-10-07","actual","EH5000","CONV","147072.0000","506","9","9","170.029444","0.000000","170.029444",,"0.000000","3.326389","166.703056","15.774444","150.928611","19.745000","290.656126482213438735","290.65612648","289.68517787","1.9945375","24.62951500502942","2.2531149","31.545524884370042","2.1402127659574472","0.4913677130044843","4.858895921237693","2.779331941544885","0.7454545454545455","0.4391666666666667","1.2908496732026145","4.285453943008616",,,
"2025-10-08","actual","CAT793","AHS","372351.0000","1563","37","37","862.018333","0.000000","862.018333",,"0.000000","241.382500","620.635833","4.179722","616.456111","91.569722","238.228406909788867562","238.22840691","240.35745361","2.6249054","22.376161350308955","2.7784219","25.266893737661142","4.107690809968847","1.1860638615338706","7.038487144168963","3.603867028493894","1.6404964539007092","0.6651973494670124","0.7116523400191022","6.597776352362626",,,
"2025-10-08","actual","CAT793","CONV","84793.0000","355","11","11","146.689444","0.000000","146.689444",,"0.000000","6.151667","140.537778","12.338611","128.199167","7.205000","238.853521126760563380","238.85352113","244.88901408","4.0945070","28.91037396340903","4.2142301","33.52042119788593","3.0303385416666666","0.4503831417624521","8.49765625","2.809053497942387","1.3837962962962962","0.4397849462365591","0.8136021505376344","7.543276515151516",,,
"2025-10-08","actual","EH4000","CONV","153992.0000","676","12","12","244.779444","0.000000","244.779444",,"0.000000","12.638889","232.140556","12.127778","220.012778","13.215278","227.798816568047337278","227.79881657","229.71952663","2.8166850","30.0680208758728","3.0163847","32.07647388661838","2.6001607717041804","0.5948717948717949","5.6206260032102735","3.3579239302694135","1.1733333333333333","0.5392979452054795","1.0483004385964911","5.642237442922375",,,
"2025-10-08","actual","EH5000","AHS","184488.0000","634","11","11","277.280556","0.000000","277.280556",,"43.714444","1.330000","232.236111","1.407500","230.828611","44.309722","290.990536277602523659","290.99053628","300.12996845","2.0990662","21.083631228440826","2.1412524","25.87600807277956","3.0837511606313837","1.018091844813935","5.973542727787209","2.083193041526375","1.7631182795698923","0.7209055876685935","1.4552523474178403","4.965029522275899",,,
"2025-10-08","actual","EH5000","CONV","148242.0000","510","8","8","158.949722","0.000000","158.949722",,"0.000000","3.120833","155.828889","13.898889","141.930000","7.056667","290.670588235294117647","290.67058824","287.39000000","2.2906181","25.786296620999885","2.4146864","31.21945811244073","2.2411867364746945","0.40173107890499193","5.329849726775957","2.648611111111111","1.0826530612244898","0.4770877944325482","1.2836856941508106","4.640733464309103",,,
"2025-10-09","actual","CAT793","AHS","410142.0000","1722","39","39","813.730278","0.000000","813.730278",,"39.456389","14.577222","759.696667","4.362778","755.333889","83.931667","238.177700348432055749","238.17770035","240.34314750","2.9014919","22.209068628794864","3.0276066","25.52269580951547","4.871439141694413","1.3454943502824859","7.838667929292929","3.7176282051282055","1.8120406398616515","0.677055942253158","0.7282891832229581","7.117445482866044",,,
"2025-10-09","actual","CAT793","CONV","98208.0000","414","8","8","175.411667","0.000000","175.411667",,"0.000000","3.482500","171.929167","12.673611","159.255556","7.993056","237.217391304347826087","237.21739130","243.80265700","4.0433913","28.393124863459036","4.0561667","35.871392313624675","3.203100775193798","0.6555211558307533","8.544444444444444","2.869974226804124","1.1714912280701753","0.4467878787878788","0.7973756906077348","6.784515077424613",,,
"2025-10-09","actual","EH4000","CONV","173048.0000","761","13","13","259.234722","0.000000","259.234722",,"0.000000","0.580556","258.654167","8.861389","249.792778","23.299722","227.395532194480946124","227.39553219","227.66346912","2.4656965","27.709937724168125","2.6434443","29.290036388492886","2.315089514066496","0.7093333333333334","5.338943431510051","2.9723379629629627","1.0717717717717719","0.5760857763300761","1.0900048520135857","5.415037929495761",,,
"2025-10-09","actual","EH5000","AHS","108825.0000","375","9","9","188.115833","0.000000","188.115833",,"0.000000","16.807500","171.308333","0.006389","171.301944","25.050556","290.200000000000000000","290.20000000","297.51680000","2.9806997","18.947967778305138","3.1546239","25.77896264593163","3.2898245614035084","0.8671296296296297","9.4385838150289","2.2289145052833814","1.5112535612535611","0.6742105263157895","1.7534552845528455","7.342321589882565",,,
"2025-10-09","actual","EH5000","CONV","165438.0000","569","11","11","467.153333","0.000000","467.153333",,"0.000000","274.496667","192.656667","17.013611","175.643056","13.836944","290.752196836555360281","290.75219684","285.47539543","2.1813445","25.29623690461553","2.6000914","31.947099608110825","3.3437047101449275","0.6116666666666667","5.173918575063613","2.7121613106490234","0.85625","0.475","1.3331686429512515","4.883244047619048",,,
"2025-10-10","actual","CAT793","AHS","451360.0000","1900","38","38","824.460278","0.000000","824.460278",,"19.220833","24.205278","781.034167","0.000000","781.034167","94.438889","237.557894736842105263","237.55789474","240.39836842","2.6830023","22.07289724216687","2.8477460","25.698035376590962","4.038682170542636","1.166758026624902","7.293113189168127","3.4060797851937092","1.9844068413391558","0.6943844249381049","0.7312245313773431","6.64894251626898",,,
"2025-10-10","actual","CAT793","CONV","75536.0000","320","6","6","131.434722","0.000000","131.434722",,"0.000000","0.000000","131.434722","11.097500","120.337222","6.768056","236.050000000000000000","236.05000000","241.08281250","3.1510347","25.255140861756196","3.5248229","31.394985122816784","4.562222222222222","0.5481560283687943","7.486083052749719","2.9966555183946486","0.6603448275862068","0.3889415481832543","0.7587412587412588","6.73640625",,,
"2025-10-10","actual","EH4000","CONV","211932.0000","932","15","15","285.710833","0.000000","285.710833",,"2.950000","0.924444","281.836389","13.737500","268.098889","16.441667","227.394849785407725322","227.39484979","229.19002146","1.9752492","28.18557954885043","2.0915753","28.9944382691413","3.4754115226337445","0.6484231274638633","4.20480805777271","2.9848314606741573","1.1734585741811177","0.5923779193205945","1.111449785072294","4.328227256382596",,,
"2025-10-10","actual","EH5000","AHS","134871.0000","464","9","9","153.406667","0.000000","153.406667",,"0.000000","2.111111","151.295556","0.487778","150.807778","11.418056","290.670258620689655172","290.67025862","296.77758621","2.2486035","20.878132224319746","2.3648234","27.46400940498447","2.8582497212931997","0.9432153392330384","6.462082362082362","2.2008064516129036","1.3348557692307694","0.7094429939077459","1.557051282051282","5.16637618010167",,,
"2025-10-10","actual","EH5000","CONV","165132.0000","568","9","9","196.880556","0.000000","196.880556",,"0.000000","2.493611","194.386944","16.198333","178.188611","8.854167","290.725352112676056338","290.72535211","286.00492958","2.3425246","25.82636721618389","2.7297739","32.25003840828038","3.198725212464589","0.6673838797814208","5.442169811320754","2.7697507788161997","0.5660493827160493","0.4860892388451444","1.2900584795321637","5.078643067846608",,,
"2025-10-11","actual","CAT793","AHS","413035.0000","1741","39","39","761.269722","0.000000","761.269722",,"0.000000","25.461111","735.808611","0.000000","735.808611","130.994167","237.240091901206203331","237.24009190","239.42825962","2.6696534","22.02898538292869","2.9154837","26.015735745507275","3.9237384140061793","1.1917338709677419","7.271292854192482","3.244454638124363","1.3450236966824645","0.6708588957055215","0.7379569892473119","6.723969820081254",,,
"2025-10-11","actual","CAT793","CONV","86055.0000","363","7","7","140.498889","0.000000","140.498889",,"0.000000","2.165833","138.333056","13.339722","124.993333","14.181667","237.066115702479338843","237.06611570","242.14352617","2.7654923","23.346184987011757","2.8759112","28.575229255141505","2.86443661971831","0.6988532110091743","7.1073512906846235","3.145190156599553","0.6243589743589744","0.4365079365079365","0.9091753774680603","6.038610240334378",,,
"2025-10-11","actual","EH4000","CONV","184130.0000","810","15","15","307.269444","0.000000","307.269444",,"0.000000","5.635833","301.633611","14.197500","287.436111","46.390278","227.320987654320987654","227.32098765","227.89518519","2.5116103","28.60930362917055","2.6682636","28.236051860217234","2.9246829710144926","0.7282597666159311","5.26739902352419","2.901971090670171","1.5075068870523416","0.5333097595473834","1.116529304029304","5.6699079882894186",,,
"2025-10-11","actual","EH5000","AHS","112950.0000","389","9","9","163.555556","0.000000","163.555556",,"0.000000","3.943056","159.612500","0.098333","159.514167","15.249167","290.359897172236503856","290.35989717","293.91131105","3.3953155","24.054601386837042","3.4763865","30.648305292368683","3.326307922272048","0.9320921985815603","8.469021237303785","2.1663479052823313","3.1355555555555554","0.5847777777777777","1.540399610136452","6.805700609225413",,,
"2025-10-11","actual","EH5000","CONV","134850.0000","464","8","8","145.685833","0.000000","145.685833",,"0.000000","4.188056","141.497778","9.252500","132.245278","11.922222","290.625000000000000000","290.62500000","283.95883621","2.1253944","23.597285551272165","2.2293674","29.55354260932488","1.883181818181818","0.5357397504456327","5.404166666666667","2.677149321266968","0.8728571428571429","0.49166666666666664","1.2806338028169013","4.5260917030567684",,,
"2025-10-12","actual","CAT793","AHS","394391.0000","1661","38","38","723.204444","0.000000","723.204444",,"0.000000","11.486944","711.717500","0.063611","711.653889","94.070278","237.441902468392534618","237.44190247","238.93281156","2.5930823","21.932447260317296","2.8591654","26.358666090334395","4.613567023693606","1.2244099021301094","7.093824786324786","3.5028270042194096","1.4024503591043513","0.6765128968253968","0.7396782841823056","6.50829307568438",,,
"2025-10-12","actual","CAT793","CONV","104668.0000","442","9","9","192.989722","0.000000","192.989722",,"0.000000","6.832222","186.157500","16.468611","169.688889","7.624444","236.805429864253393665","236.80542986","243.01583710","3.3057234","25.44229753793749","3.4751390","28.454805413350797","2.6720142602495542","0.6499533146591969","7.795813397129186","3.1924170616113745","1.303370786516854","0.5129685916919959","0.8196053736356003","7.327702191987907",,,
"2025-10-12","actual","EH4000","CONV","195022.0000","858","15","15","352.320000","0.000000","352.320000",,"39.566667","1.210000","311.543333","23.676389","287.866944","19.927500","227.298368298368298368","227.29836830","228.90606061","2.9621395","29.952319483348017","3.0311525","29.894457032719068","2.240693257359924","0.6642818863879957","5.933709744876621","2.9906625258799173","1.6904118404118404","0.5516644174538912","1.110094501718213","6.08370808678501",,,
"2025-10-12","actual","EH5000","AHS","145236.0000","500","13","13","275.073611","0.000000","275.073611",,"61.375000","9.347778","204.350833","0.000000","204.350833","25.979167","290.472000000000000000","290.47200000","292.24900000","2.5519053","19.286267528331898","2.9907710","29.246326343114383","4.54264705882353","0.9276556776556776","7.939033189033188","2.242326909350464","2.6590206185567014","0.6643707482993197","1.777790346907994","6.135685483870968",,,
"2025-10-12","actual","EH5000","CONV","100560.0000","346","6","6","119.381667","0.000000","119.381667",,"0.000000","2.240000","117.141667","12.258611","104.883056","4.735278","290.635838150289017341","290.63583815","285.25953757","2.5413402","26.580435251443866","2.6262059","32.0704838533961","3.1212606837606836","0.6188359788359789","5.736565656565657","2.720582329317269","0.8682098765432099","0.490836197021764","1.2610587002096436","4.913313896987366",,,
"2025-10-13","actual","CAT793","AHS","443971.0000","1873","39","39","819.170833","0.000000","819.170833",,"70.233056","0.618056","748.319722","0.000000","748.319722","77.080000","237.037373198077949813","237.03737320","240.89209402","2.3843642","21.484270339918545","2.5550045","26.137481856764655","4.5660957950431635","1.346235380116959","6.658911368015414","3.516003411028994","1.5184036393713813","0.6618351063829787","0.7503121852970795","5.865150699677073",,,
"2025-10-13","actual","CAT793","CONV","113486.0000","476","9","9","202.103056","0.000000","202.103056",,"0.000000","4.028333","198.074722","15.137500","182.937222","11.741111","238.415966386554621849","238.41596639","242.78697479","3.3340233","25.923417421328885","3.4577924","29.165605327375363","2.5272079772079774","0.5510101010101011","7.716629129129129","3.0728982300884957","1.4264492753623188","0.5237945492662474","0.8026252983293556","7.113431786216596",,,
"2025-10-13","actual","EH4000","CONV","202306.0000","890","14","14","321.732222","0.000000","321.732222",,"0.019167","7.597500","314.115556","25.487222","288.628333","14.219722","227.310112359550561798","227.31011236","228.39292135","2.4335669","28.78851214869252","2.5819042","27.241843591092874","2.6990313961255845","0.7256763285024154","5.071954161640531","3.0403853794199445","2.00389527458493","0.555845284658844","1.1274240532667499","5.686628787878788",,,
"2025-10-13","actual","EH5000","AHS","134967.0000","464","9","9","169.759167","0.000000","169.759167",,"0.000000","27.330278","142.428889","0.764167","141.664722","14.316667","290.877155172413793103","290.87715517","290.68857759","1.6103065","20.5055701511427","1.9927162","29.131519805641314","3.928363453815261","0.8469885773624092","4.711811926605504","2.4360045146726863","1.4659090909090908","0.6584142394822006","1.5003940110323088","4.104247660187185",,,
"2025-10-13","actual","EH5000","CONV","166575.0000","573","9","9","195.412500","0.000000","195.412500",,"0.000000","4.722222","190.690278","19.720833","170.969444","13.397778","290.706806282722513089","290.70680628","284.64520070","2.4684333","27.130130253187204","2.5877216","31.851165696661052","2.5472853535353535","0.5936827956989247","5.459096459096459","2.5544464609800364","1.6629629629629628","0.4652638610554442","1.272848948374761","4.8746503496503495",,,
"2025-10-14","actual","CAT793","AHS","393273.0000","1653","38","38","832.818611","0.000000","832.818611",,"81.950833","15.862500","735.005278","23.140833","711.864444","111.325278","237.914700544464609800","237.91470054","239.39473684","2.7840937","22.491437217868388","3.0921845","27.251550304388896","4.391729678638941","1.2960922397127865","7.427076374972166","3.3712041309602285","1.48876560332871","0.670056715648363","0.8998476324425692","6.808092307692307",,,
"2025-10-14","actual","CAT793","CONV","95636.0000","404","10","10","436.548056","0.000000","436.548056",,"0.000000","2.753056","433.795000","306.435000","127.360000","8.290278","236.722772277227722772","236.72277228","242.52084367","3.0790227","25.822250537830445","3.1727468","29.53949504618712","3.289930555555556","0.6328141225337487","7.154347826086957","2.9319518716577537","0.837431693989071","0.4694264069264069","0.6901536983669548","6.4444164567590265",,,
"2025-10-14","actual","EH4000","CONV","175204.0000","771","15","15","304.108889","0.000000","304.108889",,"0.000000","0.000000","304.108889","49.657500","254.451389","36.802778","227.242542153047989624","227.24254215","227.05201038","2.2020427","27.303784632295823","2.3336458","29.78461298915635","3.058582089552239","0.6848484848484849","4.838983451536643","3.034447539461467","1.5226252158894646","0.5254451038575668","1.1504411764705884","4.70104305370617",,,
"2025-10-14","actual","EH5000","AHS","110388.0000","380","10","10","163.221667","0.000000","163.221667",,"7.882222","12.470833","142.868611","0.050833","142.817778","21.850000","290.494736842105263158","290.49473684","297.32131579","2.7909307","25.246935411621504","2.8624365","32.49421724698775","3.9011251758087204","0.9187664041994751","6.6327195467422095","2.275868544600939","1.4636752136752136","0.6487713675213675","1.444785575048733","5.285438596491228",,,
"2025-10-14","actual","EH5000","CONV","102603.0000","353","7","7","154.591667","0.000000","154.591667",,"0.000000","0.612500","153.979167","44.945556","109.033611","9.041111","290.660056657223796034","290.66005666","285.89461756","2.5910725","26.4084221873775","2.6619452","33.04710958332924","1.9550955414012738","0.4401277584204414","5.886923076923077","2.4365055387714","0.5791666666666667","0.4922077922077922","1.2561093247588424","4.833000949667617",,,
"2025-10-15","actual","CAT793","AHS","363120.0000","1524","33","33","666.793056","0.000000","666.793056",,"26.143056","56.374167","584.275833","0.231389","584.044444","53.726389","238.267716535433070866","238.26771654","240.14816273","2.7658597","23.898263925099577","2.9173198","27.45559214276228","4.170009157509158","1.1640522875816994","6.944085249042145","3.550412249705536","1.5195201037613488","0.6864269141531323","0.7188014981273408","6.375356506238859",,,
"2025-10-15","actual","CAT793","CONV","134673.0000","567","15","15","284.539167","0.000000","284.539167",,"76.125556","1.953611","206.460000","18.797500","187.662500","11.155556","237.518518518518518519","237.51851852","241.48606702","3.4310841","24.938718468079713","3.6929770","32.52533786190359","3.207688172043011","0.7685185185185186","8.25483660130719","2.8711588541666666","1.3023980815347722","0.5036710719530103","0.7941115702479339","6.812492492492493",,,
"2025-10-15","actual","EH4000","CONV","173596.0000","764","14","14","305.131944","0.000000","305.131944",,"0.000000","0.206667","304.925278","23.120833","281.804444","43.144444","227.219895287958115183","227.21989529","226.49803665","2.6100528","27.03345870150338","2.7062889","30.046101683563013","2.8528985507246376","0.6680602006688964","5.792938659058488","2.8371415138692995","1.7589984350547732","0.51910140562249","1.2164920159680639","5.404272930648769",,,
"2025-10-15","actual","EH5000","AHS","170754.0000","587","10","10","224.330556","0.000000","224.330556",,"0.000000","28.798611","195.531944","0.000000","195.531944","30.994167","290.892674616695059625","290.89267462","300.16030664","1.7818569","24.442253670143504","2.0544066","34.47159826416175","4.633822422874342","0.8333333333333334","4.3740407673860915","2.3369217081850535","2.2621933621933623","0.7022030651340996","1.3627102803738318","3.5758248009101252",,,
"2025-10-15","actual","EH5000","CONV","146286.0000","503","9","9","172.840000","0.000000","172.840000",,"0.000000","9.911111","162.928889","14.071389","148.857500","6.033056","290.827037773359840954","290.82703777","291.42465209","2.0834649","22.964696035368902","2.3142349","31.274670431020187","2.703300330033003","0.5858796296296297","5.443481324876673","2.9707028531663187","0.4394366197183099","0.5162271062271062","1.2096949891067539","4.4398259705488625",,,
"2025-10-16","actual","CAT793","AHS","365552.0000","1532","36","36","733.877778","0.000000","733.877778",,"0.000000","47.768333","686.109444","0.000000","686.109444","79.999444","238.610966057441253264","238.61096606","240.77434726","2.8540505","21.203648554463754","3.0128260","25.58861063828802","4.566318991742721","1.5148899371069182","8.076111503175722","3.7856065877986547","2.303831417624521","0.6544715447154471","0.7004346746150024","7.064453891432309",,,
"2025-10-16","actual","CAT793","CONV","98657.0000","413","10","10","214.672500","0.000000","214.672500",,"0.000000","0.000000","214.672500","17.693611","196.978889","13.286111","238.878934624697336562","238.87893462","239.68062954","4.7147679","28.785889524205622","4.8635373","32.73966524918916","4.860136815920398","0.8885172798216276","9.827247956403271","3.3768369175627244","1.1312260536398466","0.48470394736842104","0.7502890173410405","8.9131100082713",,,
"2025-10-16","actual","EH4000","CONV","146698.0000","645","13","13","296.119722","0.000000","296.119722",,"0.000000","2.065833","294.053889","16.525833","277.528056","56.534167","227.438759689922480620","227.43875969","227.70124031","2.7553838","26.414877105335695","2.7784859","26.656198374806646","3.327972709551657","0.7218175853018373","6.258708959376738","2.914246424642464","2.3239333333333336","0.5689634864546526","1.1516129032258065","6.254048370136698",,,
"2025-10-16","actual","EH5000","AHS","142140.0000","489","10","10","162.126111","0.000000","162.126111",,"0.000000","2.896667","159.229444","5.618611","153.610833","18.688333","290.674846625766871166","290.67484663","293.73210634","2.3040885","25.3381887497592","2.7599690","31.780538374842376","4.066519607843137","0.8701476793248945","5.456006006006006","2.7812638580931264","1.7143137254901961","0.6581124497991967","1.447800925925926","5.210677618069814",,,
"2025-10-16","actual","EH5000","CONV","130194.0000","448","9","9","167.045000","0.000000","167.045000",,"0.000000","14.542500","152.502500","11.227222","141.275278","8.510000","290.611607142857142857","290.61160714","285.87142857","2.8130743","27.057575636996447","3.2053378","32.03501577755255","3.0993849938499385","0.6309116809116808","6.237974172719935","3.0686345381526103","0.7662222222222222","0.5345549738219896","1.3121713316369805","6.003439153439154",,,
"2025-10-17","actual","CAT793","AHS","381642.0000","1602","39","39","770.656389","0.000000","770.656389",,"16.494444","19.324722","734.837222","1.115278","733.721944","124.666389","238.228464419475655431","238.22846442","238.06710362","2.9981843","22.448721067343918","3.1571131","26.513845161522156","4.202489177489178","1.2716237686685732","8.013421230561189","3.507943925233645","2.1","0.6750943905070118","0.7042112776588152","7.144447923189314",,,
"2025-10-17","actual","CAT793","CONV","99546.0000","420","9","9","175.040833","0.000000","175.040833",,"0.000000","8.545278","166.495556","11.742222","154.753333","8.595278","237.014285714285714286","237.01428571","243.09452381","3.2620000","25.52944361430957","3.5279274","32.26894369179827","3.803968253968254","0.6337676438653637","7.666442048517521","2.9934303350970017","0.8466666666666666","0.45085227272727274","0.7957049486461252","6.559732664995822",,,
"2025-10-17","actual","EH4000","CONV","147542.0000","649","14","14","286.437778","0.000000","286.437778",,"0.000000","5.912778","280.525000","9.751667","270.773333","39.892500","227.337442218798151002","227.33744222","228.59275809","2.5030317","24.83821777009997","2.6954322","26.039273457426415","4.385981308411215","0.8278730158730159","6.046404109589042","3.3323479729729732","1.5241185897435898","0.5731431966726085","1.069171138938581","6.210846560846561",,,
"2025-10-17","actual","EH5000","AHS","186168.0000","640","12","12","239.536944","0.000000","239.536944",,"32.791111","17.005278","189.740556","3.545000","186.195556","18.183889","290.887500000000000000","290.88750000","293.75953125","1.5954230","23.63379951413247","1.7904148","28.88690826266543","2.871272443403591","0.899890590809628","4.05035931453842","2.571299342105263","2.564102564102564","0.7014269406392694","1.4315608919382505","3.718808777429467",,,
"2025-10-17","actual","EH5000","CONV","121089.0000","417","8","8","176.830278","0.000000","176.830278",,"0.000000","8.067778","168.762500","16.137778","152.624722","5.634722","290.381294964028776978","290.38129496","290.09136691","3.4297150","27.425335415973773","3.5542736","32.814330532238614","3.6100152905198777","0.44970238095238096","7.503386809269162","3.1806366047745356","0.840530303030303","0.5004945598417408","1.2148510242085662","6.498880597014926",,,
"2025-10-18","actual","CAT793","AHS","390842.0000","1640","42","42","856.424722","0.000000","856.424722",,"68.452778","62.587222","725.384722","0.000000","725.384722","85.315556","238.318292682926829268","238.31829268","234.74359756","3.1446365","21.544949713217452","3.2813974","25.07321872033981","3.614143007360673","1.106253938248267","8.757420765027323","3.508010752688172","1.901113967437875","0.6567873303167421","0.7058150183150184","7.852356181150551",,,
"2025-10-18","actual","CAT793","CONV","78544.0000","334","7","7","143.666111","0.000000","143.666111",,"0.000000","37.170278","106.495833","7.288889","99.206944","4.120000","235.161676646706586826","235.16167665","241.40059880","2.3300514","21.89331174389729","2.5369576","28.452406391687354","2.3616666666666664","0.5865205843293493","6.385652642934196","2.7170394036208734","0.8376543209876544","0.436866902237927","0.832388888888889","5.349897435897436",,,
"2025-10-18","actual","EH4000","CONV","170586.0000","752","14","14","310.138333","0.000000","310.138333",,"0.000000","18.022222","292.116111","16.998611","275.117500","31.701389","226.843085106382978723","226.84308511","227.41382979","2.5774441","26.53151777647643","2.6320098","27.256610314566842","2.771359940872136","0.6946360153256705","5.828790018832392","3.1292132216014896","1.8556547619047619","0.5348935116394256","1.142600786627335","5.793845462713388",,,
"2025-10-18","actual","EH5000","AHS","241887.0000","832","17","17","306.099167","0.000000","306.099167",,"5.633611","48.766667","251.698889","1.527778","250.171111","33.356111","290.729567307692307692","290.72956731","290.65192308","2.0206775","20.98013581810662","2.3039333","27.45367550255646","2.7767645003494064","0.9026072607260727","5.778830559112249","2.597652284263959","1.8450555555555554","0.6693755739210284","1.4441512752858399","5.035245571658615",,,
"2025-10-18","actual","EH5000","CONV","59364.0000","204","3","3","70.400000","0.000000","70.400000",,"0.000000","0.000000","70.400000","5.664444","64.735556","2.078889","291.000000000000000000","291.00000000","279.93725490","2.5047143","23.34506260758136","2.6387143","31.588841372735317","2.6691823899371068","0.7219858156028369","6.437457912457913","2.9067001675041877","0.6196078431372549","0.4974561403508772","1.2962280701754385","5.011986863711002",,,
"2025-10-19","actual","CAT793","AHS","313670.0000","1316","37","37","691.950278","0.000000","691.950278",,"0.000000","28.225278","663.725000","1.496111","662.228889","111.263056","238.351063829787234043","238.35106383","239.18563830","3.3652620","22.43693123194983","3.5100513","24.653089762696332","4.5138427464008855","1.1298561151079136","8.999257425742574","3.767588075880759","2.003137860082304","0.6663647342995169","0.7155690352397458","8.542664632595981",,,
"2025-10-19","actual","CAT793","CONV","116022.0000","492","9","9","192.145556","0.000000","192.145556",,"0.000000","24.410556","167.735000","12.170833","155.564167","6.449722","235.817073170731707317","235.81707317","242.26321138","3.0472138","26.547448790851075","3.1944796","31.808547901495697","2.1890410958904107","0.7115319865319865","6.887020648967551","2.668927789934355","1.621","0.44068273092369475","0.7544318181818181","6.025700280112045",,,
"2025-10-19","actual","EH4000","CONV","173612.0000","766","14","14","288.140000","0.000000","288.140000",,"0.000000","5.983056","282.156944","12.703056","269.453889","31.921667","226.647519582245430809","226.64751958","226.02663185","2.9917961","30.067061568758763","2.9728414","32.19189344113189","2.443229166666667","0.5454301075268817","5.970246397024639","3.223130193905817","1.8683035714285716","0.5219083969465649","1.1194685990338165","5.540850970017636",,,
"2025-10-19","actual","EH5000","AHS","246537.0000","848","17","17","379.116111","0.000000","379.116111",,"90.558333","19.133056","269.424722","2.518611","266.906111","34.235833","290.727594339622641509","290.72759434","286.67158019","2.1500743","22.70530683005709","2.6138785","27.41558654847508","3.1278323510150625","0.9532547699214365","5.6816875","2.5617100371747212","1.9154970760233918","0.6578551912568306","1.4120274914089348","5.720567375886525",,,
"2025-10-19","actual","EH5000","CONV","27615.0000","95","2","2","37.045556","0.000000","37.045556",,"0.000000","8.350556","28.695000","1.411944","27.283056","2.275833","290.684210526315789474","290.68421053","289.21052632","2.9034574","26.100410235017627","3.4628085","33.879260251315024","2.418137254901961","0.5322649572649573","6.674509803921569","3.2635658914728682","0.8805555555555556","0.47355555555555556","1.395436507936508","6.132616487455197",,,
"2025-10-20","actual","CAT793","AHS","343865.0000","1445","33","33","647.291667","0.000000","647.291667",,"0.000000","22.867222","624.424444","0.541389","623.883056","71.678333","237.968858131487889273","237.96885813","238.90207612","3.0792179","23.625525602658307","3.1949458","24.96615451581523","3.7423044217687074","1.13397723869422","7.820061957868649","3.535703812316716","1.6444722569879013","0.6943997856377278","0.7120884773662551","7.678264903734632",,,
"2025-10-20","actual","CAT793","CONV","154585.0000","655","15","15","433.744444","0.000000","433.744444",,"198.125278","21.251667","214.367500","16.063611","198.303889","14.138889","236.007633587786259542","236.00763359","233.77755725","2.7745759","23.63904095354897","3.0741393","30.12832275646406","3.017522658610272","0.7589512358049432","7.04235651214128","2.6117405582922824","0.9722689075630252","0.4776069921639542","0.8497709049255441","6.122091810119979",,,
"2025-10-20","actual","EH4000","CONV","189482.0000","835","15","15","390.956389","0.000000","390.956389",,"86.753889","4.581944","299.620556","11.134167","288.486389","19.214722","226.924550898203592814","226.92455090","227.87796407","3.2970367","31.39527092372076","3.3331397","32.168352304523935","2.730464778503994","0.7263530601922104","6.301019108280255","3.0909319899244334","0.7837482710926694","0.6178538175046555","1.0649561403508772","6.216929611650485",,,
"2025-10-20","actual","EH5000","AHS","223299.0000","769","17","17","340.216667","0.000000","340.216667",,"7.370278","29.023333","303.823056","0.000000","303.823056","32.343056","290.375812743823146944","290.37581274","290.77230169","3.0155979","24.630526984152958","3.4668703","30.18033679103039","3.600468540829987","1.029443447037702","7.346000924641701","2.897661623108666","2.0683391003460208","0.6936119873817035","1.4031219980787704","6.892309368191721",,,
"2025-10-20","actual","EH5000","CONV","39225.0000","135","3","3","42.451667","0.000000","42.451667",,"0.000000","0.741944","41.709722","1.882500","39.827222","2.177778","290.555555555555555556","290.55555556","291.03777778","2.5216336","26.216679588071997","2.5740382","28.829902223677745","1.8059027777777779","0.5182539682539683","5.771059431524548","2.6246770025839794","0.385","0.5295454545454545","1.1973118279569894","5.35701754385965",,,
"2025-10-21","actual","CAT793","AHS","344593.0000","1447","33","33","858.536944","0.000000","858.536944",,"177.935833","81.562778","599.038333","0.045833","598.992500","64.197500","238.143054595715272979","238.14305460","236.82923290","3.0584439","24.200047807851355","3.2104145","26.389224710945594","2.6684632393587617","1.0160834868017188","7.582903780068729","3.4571048172355363","2.224862346463363","0.6885029617662897","0.7351552476263792","7.2993758668515945",,,
"2025-10-21","actual","CAT793","CONV","173235.0000","735","13","13","271.826389","0.000000","271.826389",,"0.276389","14.633056","256.916944","22.696944","234.220000","13.001389","235.693877551020408163","235.69387755","231.08312925","2.6588174","22.7951781161356","2.8252213","29.51329646392379","2.1465955284552845","0.8256756756756757","6.998367952522256","2.431050564555719","0.4347222222222222","0.43333333333333335","0.8335885655946912","5.743624003750586",,,
"2025-10-21","actual","EH4000","CONV","185836.0000","818","14","14","307.246944","0.000000","307.246944",,"0.208889","12.703056","294.335000","12.381667","281.953333","12.830833","227.183374083129584352","227.18337408","229.74682152","3.2036907","31.235291334229057","3.2311870","32.474891188427","2.8774024024024025","0.7353868194842407","6.153982683982685","3.289244558258643","1.0667300380228137","0.6046268656716418","1.0474462365591397","5.96988051091883",,,
"2025-10-21","actual","EH5000","AHS","191148.0000","659","16","16","389.221944","0.000000","389.221944",,"89.565000","11.383611","288.273333","0.128333","288.145000","33.553611","290.057663125948406677","290.05766313","298.47951442","3.8794621","27.210621190630057","4.3205714","36.02346304348136","3.2837708830548924","0.8963208241353937","8.554296661193213","2.7846548004314995","1.5983333333333334","0.6460606060606061","1.5274543378995433","7.19626216077829",,,
"2025-10-21","actual","EH5000","CONV","91953.0000","316","4","4","77.157222","0.000000","77.157222",,"0.000000","0.000000","77.157222","5.678611","71.478611","3.061111","290.990506329113924051","290.99050633","293.75158228","1.6792658","21.11696666076825","1.7624335","27.995405328671925","2.1839955849889625","0.6055948174322733","4.771326754385965","2.2840958605664485","1.1092105263157894","0.5048423423423424","1.2244444444444444","3.777263045793397",,,
"2025-10-22","actual","CAT793","AHS","289688.0000","1220","36","36","648.656667","0.000000","648.656667",,"63.258333","22.641667","562.756667","6.918889","555.837778","66.363611","237.449180327868852459","237.44918033","235.62278689","3.0922725","21.976036402400503","3.3718525","22.65767937138728","3.808825283243888","1.2422077922077923","8.442666666666666","3.7125760340632605","2.1366807610993654","0.6707789855072464","0.7660766961651917","8.929032258064517",,,
"2025-10-22","actual","CAT793","CONV","164643.0000","699","11","11","241.910278","0.000000","241.910278",,"0.458611","2.981944","238.469722","20.416667","218.053056","7.639167","235.540772532188841202","235.54077253","235.01301860","2.3354835","20.913104857956363","2.6151558","27.664697053115976","2.4766153846153847","0.6221706864564008","6.7005359056806","2.6941693290734823","1.4370748299319729","0.44761478831246276","0.7112409571508069","5.671825998988366",,,
"2025-10-22","actual","EH4000","CONV","159190.0000","702","13","13","263.945556","0.000000","263.945556",,"8.539444","7.624444","247.781667","16.542500","231.239167","15.056111","226.766381766381766382","226.76638177","228.27450142","2.3384459","26.85744845661894","2.4832839","28.877849485932938","2.9149916247906194","0.7755325273459988","5.224128205128205","3.3213242698892245","1.1512418300653595","0.578248136315229","1.1328067403896789","5.159561278016214",,,
"2025-10-22","actual","EH5000","AHS","143724.0000","495","17","17","272.591111","0.000000","272.591111",,"1.900833","21.585278","249.105000","1.993056","247.111944","42.037778","290.351515151515151515","290.35151515","293.33393939","3.1579550","22.513279199160642","4.1892215","27.90766006882934","4.796820175438596","1.0773420479302833","8.41624617737003","2.836772486772487","3.1835585585585586","0.6581111111111111","1.5771452145214522","9.00660569105691",,,
"2025-10-22","actual","EH5000","CONV","76533.0000","263","3","3","69.209167","0.000000","69.209167",,"0.910278","0.860000","67.438889","6.217500","61.221389","2.710833","291.000000000000000000","291.00000000","300.45513308","1.5860494","20.596230509976568","1.5863118","26.309698676353324","1.4843939393939394","0.4388888888888889","4.620406824146982","2.0322222222222224","0.5901041666666667","0.4657103825136612","1.2375683060109288","3.6176282051282054",,,
"2025-10-23","actual","CAT793","AHS","381448.0000","1606","38","38","784.637778","0.000000","784.637778",,"43.802500","6.519167","734.316111","0.000000","734.316111","95.886389","237.514321295143212951","237.51432130","237.43082192","3.0884273","22.597209550702495","3.2557987","25.499368197347785","4.016686046511627","1.1986150456405413","8.200377023730317","3.5705508009655476","2.1514483065953653","0.6792725460886896","0.7625349162011174","7.660892634207241",,,
"2025-10-23","actual","CAT793","CONV","166203.0000","705","12","12","249.024444","0.000000","249.024444",,"0.000000","8.191944","240.832500","15.577222","225.255278","6.410556","235.748936170212765957","235.74893617","237.42780142","2.5419277","20.79956308988887","2.6752718","27.4008426053241","2.288615664845173","0.6302290536467752","7.332637774210808","2.6033970276008493","1.1297435897435897","0.4158622908622908","0.7187086092715231","5.858079268292683",,,
"2025-10-23","actual","EH4000","CONV","165460.0000","730","13","13","286.876111","0.000000","286.876111",,"0.000000","0.000000","286.876111","16.071944","270.804167","44.125278","226.657534246575342466","226.65753425","227.87493151","2.5529164","26.46306606339718","2.6003851","28.758789000808665","2.6832437275985663","0.6831632653061225","5.788255360623782","3.1635658914728686","1.8372007366482503","0.5395289298515105","1.1977896341463417","5.425232126276694",,,
"2025-10-23","actual","EH5000","AHS","247443.0000","852","18","18","399.267500","0.000000","399.267500",,"7.623889","14.605278","377.038333","0.265278","376.773056","51.295556","290.426056338028169014","290.42605634","295.68779343","2.7584267","22.481128817828083","3.0916275","25.015278832313427","3.8475633528265107","1.0258884803921569","7.361979166666667","2.7878562577447337","2.933808016877637","0.6328774062816616","1.4889107611548555","7.415374069721896",,,
"2025-10-23","actual","EH5000","CONV","56454.0000","194","4","4","58.184167","0.000000","58.184167",,"0.000000","12.991944","45.192222","2.285556","42.906667","1.495278","291.000000000000000000","291.00000000","292.82422680","1.6410515","20.976420803259607","1.9097938","35.43000993912208","1.5923076923076922","0.4420634920634921","4.693989071038251","2.1216757741347907","0.8122222222222223","0.4575757575757576","1.1737962962962962","3.2341968911917096",,,
"2025-10-24","actual","CAT793","AHS","295175.0000","1241","35","35","541.687222","0.000000","541.687222",,"6.867222","9.628611","525.191389","3.505000","521.686389","90.344167","237.852538275584206285","237.85253828","240.56228848","2.6008827","21.680743565879453","2.7580795","24.83308791854789","4.0477607709750565","1.0244355909694556","7.197767988252569","3.4263074712643675","2.107925407925408","0.6574435318275155","0.7516556291390728","6.66388209725618",,,
"2025-10-24","actual","CAT793","CONV","177015.0000","747","13","13","274.421667","0.000000","274.421667",,"0.000000","3.126944","271.294722","19.067500","252.227222","12.928611","236.967871485943775100","236.96787149","242.41472557","2.9685837","24.10993594173005","3.1373164","27.400269503538627","2.231818181818182","0.577209595959596","7.387619047619048","2.3459101654846335","1.6013257575757576","0.4318493150684931","0.748992133726647","6.869968340117594",,,
"2025-10-24","actual","EH4000","CONV","142582.0000","626","13","13","274.976944","0.000000","274.976944",,"0.618333","8.230556","266.128056","11.689444","254.438611","36.660556","227.766773162939297125","227.76677316","228.74808307","3.8043894","33.35716753577252","3.8887170","35.292605949423745","2.4816410256410255","0.7705098934550989","6.84300799086758","3.007794784580499","2.106878306878307","0.5880514705882353","1.1454054054054055","6.611102062975027",,,
"2025-10-24","actual","EH5000","AHS","187797.0000","646","18","18","328.493889","0.000000","328.493889",,"67.131667","15.660278","245.701944","5.722500","239.979444","29.980000","290.707430340557275542","290.70743034","290.79473684","2.2891354","22.61964371393117","2.4082280","25.981589799527203","3.803007246376812","0.9459039548022599","6.072072829131653","2.614186176142698","2.601851851851852","0.6434523809523809","1.5069863824748373","5.5613871635610765",,,
"2025-10-24","actual","EH5000","CONV","48591.0000","167","2","2","40.743056","0.000000","40.743056",,"0.113611","0.000000","40.629444","2.410556","38.218889","1.756667","290.964071856287425150","290.96407186","291.37664671","1.6260659","20.580254980854065","1.6376766","28.745518630039246","1.56318407960199","0.49023809523809525","4.740658174097664","2.1033542976939206","0.5430555555555556","0.37186147186147184","1.154112554112554","3.4182926829268294",,,
"2025-10-25","actual","CAT793","AHS","258990.0000","1086","30","30","502.588056","0.000000","502.588056",,"39.545556","16.917500","446.125000","2.121667","444.003333","57.698333","238.480662983425414365","238.48066298","238.55092081","2.3692560","21.668318407259317","2.5704455","25.57865188634376","4.961558219178083","1.096742021276596","6.560516479782535","3.4223161033797216","1.774347014925373","0.6812475168851808","0.7200072228241242","6.029509713228492",,,
"2025-10-25","actual","CAT793","CONV","188487.0000","795","17","17","320.384722","0.000000","320.384722",,"0.000000","11.821944","308.562778","49.456944","259.105833","8.590833","237.090566037735849057","237.09056604","240.79094340","2.9946524","24.386397614151587","3.1206477","28.26695643946455","2.9284552845528458","0.7889176741508347","7.368006822612086","2.8483816425120776","0.7683333333333333","0.4939244663382594","0.7227505112474438","6.623948439620081",,,
"2025-10-25","actual","EH4000","CONV","166456.0000","731","13","13","281.303333","0.000000","281.303333",,"0.000000","5.489722","275.813611","13.843611","261.970000","18.276111","227.709986320109439124","227.70998632","231.64199726","3.1338290","30.727911919072515","3.2960511","33.739642447982945","2.9996840442338075","0.765500306936771","6.119183773216031","3.040400385914134","1.6570121951219512","0.6114325068870523","1.1048943843379702","5.861445221445222",,,
"2025-10-25","actual","EH5000","AHS","149274.0000","513","11","11","185.200278","0.000000","185.200278",,"8.035278","0.506389","176.658611","0.999167","175.659444","18.315833","290.982456140350877193","290.98245614","292.37095517","1.5854158","19.729396033575764","1.6753426","22.352102365808904","4.629704301075269","1.05498687664042","4.821483021483021","2.420721649484536","2.2722504230118443","0.6926132145508537","1.5440979955456569","4.497141000649773",,,
"2025-10-25","actual","EH5000","CONV","121008.0000","416","9","9","100.604444","0.000000","100.604444",,"0.703611","6.825000","93.075833","6.581389","86.494444","5.807500","290.884615384615384615","290.88461538","291.30000000","1.9789614","22.300952208426686","2.2805121","32.958377237128715","2.9025641025641025","0.7484848484848484","5.3243324720068905","2.1628106255355615","1.949616858237548","0.5534839924670434","1.4445199275362317","4.15162206001622",,,
"2025-10-26","actual","CAT793","AHS","378410.0000","1592","32","32","643.659722","0.000000","643.659722",,"0.000000","48.016944","595.642778","0.733333","594.909444","74.796111","237.694723618090452261","237.69472362","238.34271357","2.1255320","21.624662868824537","2.2973902","24.71336532558586","4.352064732142858","1.1899628252788106","5.897521768251841","3.277942794279428","1.7731757877280265","0.6682533825338253","0.7271639042357274","5.577686817800168",,,
"2025-10-26","actual","CAT793","CONV","148320.0000","624","14","14","257.947222","0.000000","257.947222",,"0.000000","1.281389","256.665833","28.653889","228.011944","11.436667","237.692307692307692308","237.69230769","238.57371795","3.8375595","26.813698877707683","3.9009661","31.67209365546188","4.286111111111111","0.8884325804243668","8.587161773172136","2.8061282932416955","1.0902887139107613","0.5218220338983051","0.7370938628158845","7.390037695207324",,,
"2025-10-26","actual","EH4000","CONV","150074.0000","659","14","14","358.856944","0.000000","358.856944",,"84.033889","2.367222","272.455833","18.550556","253.905278","31.774444","227.729893778452200303","227.72989378","232.03338392","3.1605732","31.38228042715334","3.2039438","31.795633255903127","3.087985546522132","0.7272333333333333","6.042721861471861","3.2447999999999997","1.7239043824701197","0.5933153477218226","1.114893018018018","6.046007212776919",,,
"2025-10-26","actual","EH5000","AHS","214173.0000","736","14","14","253.516389","0.000000","253.516389",,"1.755833","9.368056","242.392500","0.000000","242.392500","32.639167","290.995923913043478261","290.99592391","294.93600543","1.5813410","21.66856611529803","1.6774511","25.405291723487895","4.263852407754847","0.9671052631578948","4.378714285714286","2.6505860290670418","2.084560723514212","0.7020500532481363","1.5012254901960784","3.961657559198543",,,
"2025-10-26","actual","EH5000","CONV","115785.0000","399","9","9","164.055556","0.000000","164.055556",,"0.000000","19.232222","144.823333","17.221389","127.601944","8.515278","290.187969924812030075","290.18796992","291.50225564","3.3797343","29.897658280449672","3.4719472","35.11132183898587","3.147687400318979","0.5956445993031358","6.78260672116258","2.5005871725383924","1.4761627906976744","0.5134730538922155","1.3220505617977527","5.93303872053872",,,
"2025-10-27","actual","CAT793","AHS","416893.0000","1753","39","39","731.365000","0.000000","731.365000",,"26.885278","6.477500","698.002222","1.222778","696.779444","101.221111","237.816885339418140331","237.81688534","235.99138128","2.1197862","20.257219991922458","2.3381191","24.441012490004997","4.498228346456694","1.0645774867477393","6.278609406952965","3.354862792574657","1.9381334981458591","0.6696947496947497","0.7227157360406091","5.7398254698887605",,,
"2025-10-27","actual","CAT793","CONV","113958.0000","480","10","10","226.590833","0.000000","226.590833",,"0.000000","4.814722","221.776111","23.094444","198.681667","8.654722","237.412500000000000000","237.41250000","237.45229167","3.9626513","27.601051252689036","4.0383214","30.218791295567506","2.960933806146572","0.8152230971128609","8.6141312453393","2.619137168141593","1.0558997050147494","0.5102346278317152","0.8035271317829458","8.018165969316597",,,
"2025-10-27","actual","EH4000","CONV","193096.0000","849","14","14","301.496389","0.000000","301.496389",,"0.000000","5.312778","296.183611","16.791111","279.392500","20.187500","227.439340400471142521","227.43934040","231.93038869","2.2699776","27.31233360578754","2.4953625","29.36319606742896","3.067928802588997","0.7451538461538462","4.986708860759493","3.2698372966207763","1.5486307837582625","0.598202396804261","1.0990272373540857","5.098959583833533",,,
"2025-10-27","actual","EH5000","AHS","174831.0000","601","11","11","218.753333","0.000000","218.753333",,"4.909167","10.687222","203.156944","0.000000","203.156944","25.910278","290.900166389351081531","290.90016639","294.40116473","1.7163666","22.528934387339515","1.8271751","30.562156335889668","4.941961191961193","1.0795880149812733","4.5710992907801415","2.5063604240282684","2.0718068535825545","0.6821033210332104","1.509661835748792","3.587132556849695",,,
"2025-10-27","actual","EH5000","CONV","138789.0000","478","12","12","347.584167","0.000000","347.584167",,"166.069722","22.910833","158.603611","15.942778","142.660833","6.214444","290.353556485355648536","290.35355649","289.75062762","3.1982353","28.689305440581638","3.4533561","32.651561286933685","3.4990012484394506","0.5725732600732601","6.688698630136986","2.696292134831461","1.7197802197802197","0.5548679867986799","1.441745283018868","6.345833333333333",,,
"2025-10-28","actual","CAT793","AHS","447481.0000","1879","41","41","904.508333","0.000000","904.508333",,"94.450000","27.568889","782.489444","0.153333","782.336111","151.457778","238.148483235763704098","238.14848324","230.85071847","2.2946845","20.374928815798736","2.4430946","26.273653501922446","3.900683682771194","1.1406019978969506","6.757376737102608","3.3678222472754604","1.5158710730314158","0.6697835497835497","0.7071484992101106","5.579188900747066",,,
"2025-10-28","actual","CAT793","CONV","107604.0000","456","10","10","214.615000","0.000000","214.615000",,"0.000000","12.640278","201.974722","24.477222","177.497500","8.463889","235.973684210526315789","235.97368421","238.75986842","3.5881206","27.44959195212654","3.7108018","30.443124288495497","3.4662650602409637","0.836694290976059","7.843003144654088","2.773433874709977","0.529874213836478","0.47037671232876715","0.8515188834154351","7.313576158940397",,,
"2025-10-28","actual","EH4000","CONV","200524.0000","882","14","14","296.873889","0.000000","296.873889",,"0.283333","1.168333","295.422222","18.542778","276.879444","14.403889","227.351473922902494331","227.35147392","230.23854875","1.9531190","25.56281402659366","2.0468741","25.68375618478777","3.3176540993417114","0.881027397260274","4.584281678773205","3.424449779911965","0.8978735632183908","0.5925900592795258","1.0620703933747413","4.781716705157814",,,
"2025-10-28","actual","EH5000","AHS","158523.0000","545","11","11","201.241944","0.000000","201.241944",,"0.221944","4.060833","196.959167","0.256667","196.702500","37.194167","290.867889908256880734","290.86788991","298.06183486","1.8097694","21.770802688505178","1.9128376","28.61551880272698","4.2676328502415455","1.0409703504043126","4.987696850393701","2.3282252783235102","1.8167557932263814","0.6809281842818429","1.4720977596741345","4.010769708255742",,,
"2025-10-28","actual","EH5000","CONV","171300.0000","589","10","10","206.978889","0.000000","206.978889",,"0.000000","10.390278","196.588611","20.282500","176.306111","12.206111","290.831918505942275042","290.83191851","283.21884550","2.3509643","24.654177395674207","2.5242750","31.39562169625714","2.465928819444444","0.5805149617258177","5.721458710066305","2.556152927120669","0.9212962962962963","0.49098307291666665","1.3525641025641026","4.824128073184677",,,
"2025-10-29","actual","CAT793","AHS","404560.0000","1702","35","35","699.483889","0.000000","699.483889",,"12.953889","52.356667","634.173333","12.854444","621.318889","62.815000","237.696827262044653349","237.69682726","237.42162162","2.2140769","21.291790182347288","2.3986624","26.787187841709372","4.5164597441685475","1.1905111723293542","6.2392411752272245","3.426284050738199","1.9123505976095616","0.6754319281271596","0.694922302473189","5.372708208508088",,,
"2025-10-29","actual","CAT793","CONV","129154.0000","544","13","13","261.774167","0.000000","261.774167",,"0.763889","11.402778","249.607500","28.043889","221.563611","9.893611","237.415441176470588235","237.41544118","240.44375000","4.1164574","27.437887269548668","4.2501088","31.792806383704868","2.9780442804428042","0.6945490196078431","9.001693227091634","3.101545036160421","0.9542635658914729","0.4939467312348668","0.8809078309078309","8.02088764742396",,,
"2025-10-29","actual","EH4000","CONV","161546.0000","709","14","14","349.796944","0.000000","349.796944",,"76.101667","6.483889","267.211389","22.527500","244.683889","12.657222","227.850493653032440056","227.85049365","234.46205924","2.7182749","28.030601323901358","2.8145400","27.71050454763045","2.7256857855361596","0.7672753623188406","5.818515704154001","3.3385213032581453","0.8300546448087432","0.6012304250559285","1.0631551362683438","6.094165471066475",,,
"2025-10-29","actual","EH5000","AHS","194088.0000","667","11","11","182.902778","0.000000","182.902778",,"0.000000","2.881944","180.020833","0.749722","179.271111","22.942500","290.986506746626686657","290.98650675","299.38635682","1.4020623","20.621237428341683","1.5473207","26.190768397524756","3.462962962962963","0.8574519230769231","4.079470899470899","2.1813880126182967","1.751608187134503","0.6802588996763753","1.4578718783930509","3.544731509625127",,,
"2025-10-29","actual","EH5000","CONV","163008.0000","561","10","10","190.363889","0.000000","190.363889",,"0.342778","11.857778","178.163333","19.678333","158.485000","5.712500","290.566844919786096257","290.56684492","290.28734403","2.8453459","27.392211057002108","2.8361514","31.340904104410043","2.4239470517448853","0.6190021231422506","6.232456140350878","2.7149532710280373","1.545238095238095","0.5253486750348675","1.2995088408644402","5.429616306954437",,,
"2025-10-30","actual","CAT793","AHS","367115.0000","1541","35","35","610.892778","0.000000","610.892778",,"3.843889","25.786111","581.262778","0.428889","580.833889","75.227778","238.231667748215444517","238.23166775","240.20908501","2.2527940","20.91823199877375","2.5162236","25.310722835985334","4.821748971193416","1.1787808641975308","6.461714355588163","3.585526632923596","1.5130670611439843","0.65067497403946","0.7039802880970432","5.964800649049606",,,
"2025-10-30","actual","CAT793","CONV","136720.0000","574","13","13","272.938889","0.000000","272.938889",,"0.000000","0.000000","272.938889","30.173333","242.765556","12.418611","238.188153310104529617","238.18815331","242.84773519","4.3492557","27.270544486733783","4.3253522","31.572714069192756","3.2841476655808903","0.7192834138486313","9.569128409846972","3.044247205785667","1.1900406504065042","0.4860606060606061","0.7723263888888888","8.219791666666667",,,
"2025-10-30","actual","EH4000","CONV","149528.0000","656","14","14","381.755556","0.000000","381.755556",,"0.000000","142.080556","239.675000","20.310833","219.364167","14.114167","227.939024390243902439","227.93902439","235.36554878","2.8696763","30.15011097370384","2.8584395","30.864518318197238","2.831576797385621","0.8605297157622739","5.710777587192681","3.2937819420783643","1.090459363957597","0.6384732360097324","1.0446217494089833","5.556748633879781",,,
"2025-10-30","actual","EH5000","AHS","212391.0000","730","11","11","228.499167","0.000000","228.499167",,"0.604444","21.110556","206.784167","0.000000","206.784167","23.326667","290.946575342465753425","290.94657534","298.75465753","1.5115144","21.09225498804394","1.5546818","25.414482887610625","3.1434640522875816","0.8474609375","4.299723479135244","2.3811377245508982","1.7930508474576272","0.7014771460423634","1.527157622739018","3.6703838678328475",,,
"2025-10-30","actual","EH5000","CONV","107658.0000","371","10","10","145.605833","0.000000","145.605833",,"0.000000","3.644444","141.961389","18.859167","123.102222","5.023889","290.183288409703504043","290.18328841","291.19757412","3.8968571","31.210176959110104","4.0456311","37.405169515599525","2.612059620596206","0.4600456621004566","7.491512345679013","2.541002044989775","0.7880952380952381","0.4877164502164502","1.2806878306878307","6.489420289855072",,,
"2025-10-31","actual","CAT793","AHS","296833.0000","1243","34","34","590.960556","0.000000","590.960556",,"19.282778","3.739167","567.938611","0.564722","567.373889","137.551667","238.803700724054706356","238.80370072","242.99718423","2.7423829","21.36788708127895","2.9281935","25.100867598682854","3.829337712096333","1.0059044551798175","7.700479386385426","3.3135211267605635","2.022222222222222","0.6345049130763416","0.6997317236753857","6.999423797176606",,,
"2025-10-31","actual","CAT793","CONV","116872.0000","490","14","14","293.655833","0.000000","293.655833",,"0.000000","13.897778","279.758056","33.130833","246.627222","27.627500","238.514285714285714286","238.51428571","245.28081633","4.6964470","28.84218611919209","4.7434134","33.06039522055723","4.476130952380952","0.8979223125564588","9.769953596287703","2.948432721712538","0.8771666666666668","0.518068068068068","0.7849706129303107","8.608632840028188",,,
"2025-10-31","actual","EH4000","CONV","131730.0000","578","12","12","249.967222","0.000000","249.967222",,"1.708333","0.531944","247.726944","21.159167","226.567778","26.829722","227.906574394463667820","227.90657439","234.48114187","2.6672344","27.34390166315578","2.7479212","27.677184223904156","3.353323970037453","0.8378687315634218","5.852641878669276","3.522071197411003","0.9498039215686274","0.642427536231884","1.1071862348178139","5.95708257986739",,,
"2025-10-31","actual","EH5000","AHS","224391.0000","772","14","14","269.110833","0.000000","269.110833",,"0.000000","1.088889","268.021944","12.068889","255.953056","24.744444","290.661917098445595855","290.66191710","298.11411917","1.9036974","20.250096748715997","1.9916947","26.099199884387932","3.1485723771580343","0.8775985663082437","5.640557939914163","2.4495744680851064","2.0275151515151517","0.6963675213675214","1.4486111111111113","4.578748870822041",,,
"2025-10-31","actual","EH5000","CONV","103161.0000","355","7","7","144.361111","0.000000","144.361111",,"0.000000","7.287222","137.073889","19.294444","117.779444","7.926111","290.594366197183098592","290.59436620","288.18028169","2.8208085","27.96495231621685","2.9350310","32.59383665103958","2.8021021021021024","0.6656830601092896","6.052165156092648","2.3869760479041915","3.003846153846154","0.46065400843881854","1.225212314225053","5.402919020715631",,,
"2025-11-01","actual","CAT793","AHS","347110.0000","1456","38","38","821.701944","0.000000","821.701944",,"202.220833","24.586111","594.895000","3.579722","591.315278","76.329444","238.399725274725274725","238.39972527","241.60666209","2.8845773","21.74208403575681","3.1385097","25.259941849881287","3.695226269315673","1.0533173461231016","7.960351809668438","3.4667291822955737","2.309627690517743","0.6349439775910365","0.7059677419354838","7.454909560723514",,,
"2025-11-01","actual","CAT793","CONV","111986.0000","470","12","12","217.565556","0.000000","217.565556",,"0.000000","2.594722","214.970833","24.067500","190.903333","7.200000","238.268085106382978723","238.26808511","241.78914894","4.1151037","27.629143716655655","4.3150473","32.5162496376831","3.207275132275132","0.7886858137510878","8.936441336441336","3.149233716475096","1.0337552742616034","0.4728888888888889","0.7678660049627791","7.96226012793177",,,
"2025-11-01","actual","EH4000","CONV","125896.0000","553","13","13","357.023056","0.000000","357.023056",,"116.560556","7.333056","233.129444","19.895000","213.234444","16.270278","227.660036166365280289","227.66003617","231.93471971","3.4322731","30.65067577440895","3.3986109","32.06530329556415","3.3019097222222222","0.8840790454884414","6.718820410868124","3.593215916503588","1.1713213213213214","0.6031182795698925","1.0889950460014155","6.359417596034697",,,
"2025-11-01","actual","EH5000","AHS","180390.0000","620","12","12","301.528056","0.000000","301.528056",,"79.161944","1.300833","221.065278","3.492500","217.572778","32.753611","290.951612903225806452","290.95161290","290.31161290","1.9028696","19.84547780535843","2.0597474","23.962069484152455","3.1416993464052285","0.9486559139784947","5.753057553956834","2.6001184132622854","2.220704467353952","0.6345238095238095","1.6186493184634447","5.157519640852974",,,
"2025-11-01","actual","EH5000","CONV","105378.0000","363","8","8","157.174722","0.000000","157.174722",,"0.000000","17.086111","140.088611","16.744722","123.343889","5.097222","290.297520661157024793","290.29752066","290.15426997","3.5423912","28.807589466083982","3.6335746","33.868843973571416","2.80034542314335","0.7311995386389849","7.3780373831775705","2.5946483180428137","1.6233333333333335","0.5380225988700565","1.2687965921192759","6.43702147525677",,,
"2025-11-02","actual","CAT793","AHS","348741.0000","1467","37","37","656.035278","0.000000","656.035278",,"0.000000","7.173889","648.861389","1.346389","647.515000","122.722778","237.723926380368098160","237.72392638","239.59447853","2.3611068","19.969411494311","2.5128495","22.223741316914822","3.7093167701863354","1.1325729551993424","7.0941704035874436","3.3946818963399656","3.292786885245902","0.6532411674347158","0.7258320126782885","6.784229885057472",,,
"2025-11-02","actual","CAT793","CONV","126140.0000","530","12","12","247.933056","0.000000","247.933056",,"0.000000","8.287778","239.645278","24.789167","214.856111","10.222778","238.000000000000000000","238.00000000","241.96188679","3.6175337","25.458022673089296","3.8608375","30.793555308430598","3.789149888143177","0.8294188861985473","8.525879043600563","3.1042101600556715","0.7947154471544715","0.5057422969187675","0.7704241071428571","7.522686084142395",,,
"2025-11-02","actual","EH4000","CONV","156564.0000","689","14","14","291.069444","0.000000","291.069444",,"0.000000","4.051667","287.017778","29.121667","257.896111","20.290278","227.233671988388969521","227.23367199","230.56908563","2.7271095","27.214153409172727","2.8839707","28.80748143630177","4.00872427983539","0.9994891443167305","6.012554112554112","3.514419475655431","0.5864583333333333","0.5464135021097046","1.1198533558939652","6.006711915535445",,,
"2025-11-02","actual","EH5000","AHS","189018.0000","650","12","12","249.472500","0.000000","249.472500",,"0.000000","6.170556","243.301944","0.182500","243.119444","28.348889","290.796923076923076923","290.79692308","290.36707692","2.2843754","21.081955014012056","2.7134068","26.319118086379408","3.088516532618409","0.8854213273676361","6.5014143094841925","2.788146314631463","2.3082788671023966","0.5702858880778588","1.6125938763720393","6.185785080855504",,,
"2025-11-02","actual","EH5000","CONV","124077.0000","427","8","8","156.812222","0.000000","156.812222",,"0.000000","0.580000","156.232222","18.359167","137.873056","3.933056","290.578454332552693208","290.57845433","287.11241218","2.8761756","25.926767860335087","3.0722272","32.98771726055481","2.442222222222222","0.6381081081081081","6.6560759493670885","2.2328726968174206","1.60859375","0.5606237816764132","1.2017195767195767","5.587947494033413",,,
"2025-11-03","actual","CAT793","AHS","435748.0000","1834","39","39","764.063889","0.000000","764.063889",,"35.467500","6.293056","722.303333","1.163056","721.140278","94.974167","237.594329334787350055","237.59432933","236.60452563","2.4826037","18.680514409443003","2.6447428","23.072352512610248","3.1206801107156976","1.0066147859922179","7.973882235528943","3.1101988580429216","2.489019300991132","0.6427158707187651","0.7338815095930845","6.877693460745737",,,
"2025-11-03","actual","CAT793","CONV","86270.0000","362","9","9","191.578889","0.000000","191.578889",,"0.813611","12.334167","178.431111","24.321111","154.110000","6.323611","238.314917127071823204","238.31491713","244.27983425","4.7849139","28.75604513975689","4.7957216","33.62524172812927","2.4175347222222223","0.7768115942028986","9.983808016877637","2.6967708333333333","0.6313725490196078","0.40429042904290424","0.7727222222222223","8.557359924026592",,,
"2025-11-03","actual","EH4000","CONV","169952.0000","747","14","14","309.485000","0.000000","309.485000",,"0.619722","1.581944","307.283333","34.071944","273.211389","18.968056","227.512717536813922356","227.51271754","233.27697456","2.7833383","27.553620082988232","2.9785318","29.100712754808015","3.540099388379205","0.9160535117056856","6.060920398009951","3.4734703866862455","1.0091485507246376","0.5603611604499704","1.1045641025641024","6.141152263374485",,,
"2025-11-03","actual","EH5000","AHS","169782.0000","585","13","13","354.444444","0.000000","354.444444",,"0.000000","121.180278","233.264167","3.045833","230.218333","20.398889","290.225641025641025641","290.22564103","291.63401709","2.7949597","19.622139757208004","3.0241283","25.79015913530111","3.645363079615048","0.9527415143603134","8.546345305608066","2.800248292985723","2.333030303030303","0.6777777777777777","1.4245858184227964","7.0355400696864105",,,
"2025-11-03","actual","EH5000","CONV","78747.0000","271","6","6","103.446667","0.000000","103.446667",,"0.295278","7.252222","95.899167","10.401944","85.497222","4.908333","290.579335793357933579","290.57933579","295.55793358","2.8887232","27.496557777680255","3.1132841","33.576231756236474","2.409382716049383","0.5884304207119742","6.303457814661134","2.3957823129251703","0.6189814814814815","0.5154589371980677","1.3127492877492877","5.563371356147021",,,
"2025-11-04","actual","CAT793","AHS","402014.0000","1694","37","37","773.827778","0.000000","773.827778",,"76.157778","15.748056","681.921944","1.071944","680.850000","90.781944","237.316410861865407320","237.31641086","240.39616293","2.4351331","18.750728933234985","2.7173577","24.73009356601368","3.4324550128534708","0.9981943250214961","7.792122990004346","3.2959007551240562","2.245820820820821","0.6260408684546616","0.7005064145847401","6.5928364389233955",,,
"2025-11-04","actual","CAT793","CONV","130488.0000","552","11","11","225.244167","0.000000","225.244167",,"0.057500","6.551389","218.635278","21.822778","196.812500","6.988611","236.391304347826086957","236.39130435","244.76431159","3.4703636","25.50592240920504","3.5069064","28.78180849413743","2.359807692307692","0.6426970354302242","8.16366538952746","2.7806564690885915","0.854320987654321","0.5012093726379441","0.8001646903820816","7.310672782874618",,,
"2025-11-04","actual","EH4000","CONV","170490.0000","749","13","13","291.101389","0.000000","291.101389",,"0.234167","1.224167","289.643056","19.640278","270.002778","11.309722","227.623497997329773031","227.62349800","232.84779706","3.1790723","29.1450215640673","3.2767160","30.72997882551027","3.2456163194444443","0.757752566180443","6.544662785055798","3.2285714285714286","1.5674404761904763","0.5957978421351504","1.0914050822122572","6.397757743874249",,,
"2025-11-04","actual","EH5000","AHS","170970.0000","588","14","14","221.838056","0.000000","221.838056",,"2.790833","12.028056","207.019167","0.004444","207.014722","22.103333","290.765306122448979592","290.76530612","291.69778912","2.0511718","17.896189697249227","2.3898416","22.394197937226913","3.6804347826086956","0.8382375478927203","6.876900059844404","2.6587358378056054","1.6275109170305675","0.6951101928374656","1.4764303482587064","6.403019943019943",,,
"2025-11-04","actual","EH5000","CONV","102075.0000","351","5","5","109.638333","0.000000","109.638333",,"0.120000","0.940833","108.577500","11.993889","96.583611","3.127222","290.811965811965811966","290.81196581","289.12478632","2.3760883","25.533857050382654","2.3880000","32.0707345311093","1.707559198542805","0.5419522326064382","5.583382789317508","2.451124144672532","1.5209219858156027","0.4776907001044932","1.156433637284701","4.467624521072796",,,
"2025-11-05","actual","CAT793","AHS","460548.0000","1938","41","41","785.510278","0.000000","785.510278",,"24.436944","3.458611","757.614722","0.000000","757.614722","85.825278","237.640866873065015480","237.64086687","241.45051600","2.5047595","19.409742706244252","2.7531033","23.6350117465987","3.3367731913004883","1.043870523415978","7.742790426152948","3.4572056574923544","1.8718528995756718","0.6457317073170732","0.7205300713557594","6.989046579330422",,,
"2025-11-05","actual","CAT793","CONV","106373.0000","449","8","8","178.933333","0.000000","178.933333",,"0.000000","3.485833","175.447500","13.832222","161.615278","6.460278","236.910913140311804009","236.91091314","243.64721604","3.1611704","25.287730416760823","3.2604910","30.922477487110257","2.9896475770925113","0.7847593582887701","7.500484261501211","2.7406425702811243","1.3952380952380952","0.4845381526104418","0.8523031825795645","6.3264484574868325",,,
"2025-11-05","actual","EH4000","CONV","190584.0000","838","13","13","294.580000","0.000000","294.580000",,"8.436667","3.632778","282.510556","19.072222","263.438333","10.053333","227.427207637231503580","227.42720764","231.88818616","2.4453153","27.617958542093955","2.5773015","30.138009493062395","2.730132708821233","0.7308225729316117","5.31244616709733","3.1424861643252444","1.4731578947368422","0.5817136150234742","1.079005770084332","5.1309987819732035",,,
"2025-11-05","actual","EH5000","AHS","160887.0000","553","12","12","219.707778","0.000000","219.707778",,"4.103889","14.963889","200.640000","0.636944","200.003056","31.354722","290.934900542495479204","290.93490054","295.23815552","1.6402387","17.260217155163005","1.9762595","22.471086284504484","3.128848114169215","0.8720417633410673","5.701800916830387","2.2220930232558143","1.9025862068965518","0.6808195592286501","1.5329260013577732","5.276806314511233",,,
"2025-11-05","actual","EH5000","CONV","110736.0000","381","6","6","124.294722","0.000000","124.294722",,"0.000000","0.268611","124.026111","11.928056","112.098056","4.083333","290.645669291338582677","290.64566929","280.46377953","2.8389711","27.17068933215178","3.0713008","32.95441776470496","1.6203993055555554","0.4678007889546351","6.269191919191919","2.4584468664850134","1.5571428571428572","0.4656565656565656","1.2830459770114941","5.591907261592301",,,
"2025-11-06","actual","CAT793","AHS","456464.0000","1922","40","40","808.891389","0.000000","808.891389",,"42.737778","5.075833","761.077778","0.000000","761.077778","64.232778","237.494276795005202914","237.49427680","241.43234375","2.4852765","19.529591281475287","2.6451425","22.366470514625373","3.802270779777207","1.1395306859205776","7.635417856462974","3.455955730632152","2.388668430335097","0.6630123617436564","0.7193699065792089","7.095824524312897",,,
"2025-11-06","actual","CAT793","CONV","106143.0000","447","8","8","175.876944","0.000000","175.876944",,"0.000000","0.000000","175.876944","18.360556","157.516389","5.020833","237.456375838926174497","237.45637584","241.76331096","3.0357223","23.94022725255787","3.0920430","29.420568674383937","2.851474926253687","0.7630681818181818","7.608254344391785","2.6391627543035994","1.0490867579908676","0.4971282051282051","0.8501256281407036","6.305880149812734",,,
"2025-11-06","actual","EH4000","CONV","204678.0000","900","13","13","271.139722","0.000000","271.139722",,"0.000000","1.734167","269.405556","13.505000","255.900556","14.756111","227.420000000000000000","227.42000000","231.15922222","1.9760526","25.870219791367745","2.0559922","27.242651693597637","2.1602836879432625","0.6458663148636763","4.582997630331753","2.9037994516255385","1.8020238095238095","0.6074213836477987","1.0875355257815673","4.528176382660687",,,
"2025-11-06","actual","EH5000","AHS","167370.0000","576","13","13","222.371944","0.000000","222.371944",,"0.000000","8.237778","214.134167","2.687500","211.446667","22.650278","290.572916666666666667","290.57291667","298.49565972","2.0284710","20.190075621693673","2.3591266","23.87695512740784","3.596428571428571","1.0897083333333333","6.02812303829253","2.672170686456401","2.0464497041420118","0.6795081967213115","1.4432938856015778","5.928209658421673",,,
"2025-11-06","actual","EH5000","CONV","122652.0000","422","7","7","134.313889","0.000000","134.313889",,"0.000000","1.732778","132.581111","12.671389","119.909722","4.791667","290.644549763033175355","290.64454976","281.85829384","2.7499738","27.015641595534813","2.8153071","33.13823734669152","1.5825757575757575","0.5157240788346187","6.107514693534844","2.4949293433083954","0.4823717948717949","0.5105236656596174","1.3567274305555554","5.097387173396674",,,
"2025-11-07","actual","CAT793","AHS","472268.0000","1988","40","40","866.348889","0.000000","866.348889",,"24.231667","5.355000","836.762222","7.432222","829.330000","67.636389","237.559356136820925553","237.55935614","239.70447686","2.7352191","19.151728825567947","2.9244800","24.176543445335724","3.797123623011016","1.0985323383084578","8.569103473358792","3.5861930294906164","1.96824087956022","0.6370105655686762","0.7439828080229226","7.257811704834606",,,
"2025-11-07","actual","CAT793","CONV","89839.0000","379","8","8","156.476667","0.000000","156.476667",,"0.000000","0.505278","155.971389","15.947778","140.023611","8.672222","237.042216358839050132","237.04221636","243.87361478","2.9733210","23.691678846995238","3.2288820","29.093893738049715","3.4853832442067736","0.6844748858447488","7.530038759689922","2.741858237547893","1.2674242424242423","0.4568507157464213","0.8658208955223881","6.658885941644562",,,
"2025-11-07","actual","EH4000","CONV","195330.0000","859","13","13","295.504167","0.000000","295.504167",,"0.000000","9.248056","286.256111","17.898889","268.357222","15.873333","227.392316647264260768","227.39231665","231.52211874","2.1573284","28.501536468266774","2.2004844","27.67105709719975","3.1204325130499626","0.8168769716088329","4.541499162479061","2.977412008281574","2.3124890061565524","0.6072286572286572","1.0951235370611185","4.771377672209026",,,
"2025-11-07","actual","EH5000","AHS","133254.0000","458","11","11","273.126389","0.000000","273.126389",,"73.055000","15.475556","184.595833","12.992500","171.603333","31.068889","290.947598253275109170","290.94759825","296.24759825","1.7023501","19.871033019263777","2.1161007","24.254590140620856","3.3164233576642337","0.8905747126436782","5.140196078431373","2.343837209302326","2.498148148148148","0.7064449917898193","1.5754686226568866","5.234722222222222",,,
"2025-11-07","actual","EH5000","CONV","143700.0000","494","9","9","145.486389","0.000000","145.486389",,"0.000000","3.035000","142.451389","12.689167","129.762222","4.850833","290.890688259109311741","290.89068826","279.34655870","2.3496349","25.06016692117778","2.9515416","36.2591187698479","1.795136186770428","0.565016501650165","5.625584795321638","2.2705156136528686","0.7211382113821138","0.47770061728395063","1.283747178329571","4.884081632653062",,,
"2025-11-08","actual","CAT793","AHS","420103.0000","1765","40","40","824.828611","0.000000","824.828611",,"61.894722","2.973333","759.960556","0.000000","759.960556","66.000000","238.018696883852691218","238.01869688","241.87240793","2.8553437","19.016731871531224","3.0361984","24.268851744295105","3.992807233867653","1.1913657990484188","9.008941344778256","3.5240493527508088","1.8044270833333333","0.6460924469859424","0.7424300661968822","7.506408045977011",,,
"2025-11-08","actual","CAT793","CONV","104934.0000","444","8","8","158.858056","0.000000","158.858056",,"0.000000","2.317500","156.540556","15.594444","140.946111","4.649167","236.337837837837837838","236.33783784","242.36756757","3.0238815","25.186619727723876","3.2478077","31.987465520146408","2.6578313253012045","0.612779397473275","7.203542673107891","2.5958033573141486","0.5930952380952381","0.45598065083553213","0.9280246913580247","6.092025699168556",,,
"2025-11-08","actual","EH4000","CONV","215520.0000","948","15","15","298.083333","0.000000","298.083333",,"0.000000","3.555556","294.527778","16.910000","277.617778","11.062778","227.341772151898734177","227.34177215","230.30495781","2.2199692","26.91307121291935","2.3592157","29.57917102916527","2.4945086705202315","0.831536555142503","4.949199255121043","2.9399374540103014","1.2242569002123143","0.5628070175438596","1.0679869881362418","4.785561497326203",,,
"2025-11-08","actual","EH5000","AHS","195813.0000","673","17","17","297.760278","0.000000","297.760278",,"0.000000","14.302778","283.457500","0.319167","283.138333","38.662500","290.955423476968796434","290.95542348","290.98454681","1.9699566","15.476101961725808","2.1313801","19.856033895125172","3.877494199535963","0.9831279945242984","7.637413884472708","2.958633281168493","3.123268921095008","0.6365999999999999","1.6311810154525388","6.440500992063492",,,
"2025-11-08","actual","EH5000","CONV","66930.0000","230","3","3","57.604167","0.000000","57.604167",,"0.000000","0.000000","57.604167","5.590833","52.013333","2.217500","291.000000000000000000","291.00000000","275.95086957","1.9450087","23.72343828317051","2.0432783","31.67991971387911","0.8253086419753086","0.4755178907721281","4.919207772795217","1.839360119047619","0.45666666666666667","0.394391785150079","1.2282575757575758","3.869855072463768",,,
"2025-11-09","actual","CAT793","AHS","332594.0000","1394","38","38","673.883611","0.000000","673.883611",,"28.855833","1.149167","643.878611","0.000000","643.878611","64.933889","238.589670014347202296","238.58967001","243.49146341","3.0405854","20.433160994453093","3.2657942","24.542661782266222","4.47799304520616","1.165291902071563","8.928384798099762","3.609032091097309","2.978233151183971","0.6518656716417911","0.7269620253164557","7.983960897900072",,,
"2025-11-09","actual","CAT793","CONV","110396.0000","464","10","10","280.208056","0.000000","280.208056",,"89.150556","2.114444","188.943056","21.864167","167.078889","8.335000","237.922413793103448276","237.92241379","239.67219828","2.8311512","23.245724002476543","2.9514236","27.313335354077253","2.852488687782805","0.6820121951219512","7.30754060324826","2.915668202764977","0.832051282051282","0.4345777777777778","0.8550689375506894","6.483478260869565",,,
"2025-11-09","actual","EH4000","CONV","200418.0000","883","16","16","383.590556","0.000000","383.590556",,"71.136944","2.528056","309.925556","30.482222","279.443333","23.587500","226.973952434881087203","226.97395243","229.84292186","2.2876489","27.11852434480443","2.4674611","29.252305621904373","2.6733815426997243","0.7807889822595705","5.061445536445536","2.794437677628908","1.2734487734487734","0.5300766283524905","1.1028234302570585","5.061059730250482",,,
"2025-11-09","actual","EH5000","AHS","203115.0000","698","17","17","411.316667","0.000000","411.316667",,"95.770556","7.112222","308.433889","11.557500","296.876389","31.572778","290.995702005730659026","290.99570201","296.39971347","2.1392410","15.99492120532677","2.4276839","21.78441395621801","3.9606858054226475","1.2433264887063655","8.024700988039521","2.736517719568567","3.766981132075472","0.6756542699724517","1.5533884297520661","6.68647934678194",,,
"2025-11-09","actual","EH5000","CONV","59946.0000","206","3","3","63.240833","0.000000","63.240833",,"0.000000","2.119444","61.121389","6.696667","54.424722","6.600833","291.000000000000000000","291.00000000","272.39854369","1.9875922","23.6743539951721","1.9959806","29.59503511542403","0.8678787878787878","0.4263888888888889","5.037329931972789","1.893062605752961","0.3357142857142857","0.453683241252302","1.1572807017543858","4.046585365853658",,,
"2025-11-10","actual","CAT793","AHS","380601.0000","1593","39","39","738.433056","0.000000","738.433056",,"37.241111","5.052500","696.139444","0.491389","695.648056","64.294444","238.920903954802259887","238.92090395","243.55210295","3.1177473","20.419388506953915","3.3409490","27.606256495721915","4.42301894918174","1.0793815987933635","9.161138098542677","3.691374269005848","2.863699690402477","0.6642938334754191","0.701189591078067","7.26128658664982",,,
"2025-11-10","actual","CAT793","CONV","112691.0000","473","11","11","183.880278","0.000000","183.880278",,"0.000000","1.122500","182.757778","16.902500","165.855278","6.774167","238.247357293868921776","238.24735729","241.31881607","3.3317686","24.52384182406636","3.5445117","28.649570191336203","3.055829228243021","0.7864519427402864","8.151500789889417","2.8180751173708924","1.3910919540229887","0.44362139917695476","0.9017632241813602","7.423172514619883",,,
"2025-11-10","actual","EH4000","CONV","207546.0000","913","14","14","299.567222","0.000000","299.567222",,"0.444167","3.127222","295.995833","19.372778","276.623056","17.724444","227.323110624315443593","227.32311062","231.31631982","2.2969628","27.148904067566622","2.4005666","29.843273500003846","2.6454022988505748","0.7234629861982433","5.076365795724466","3.027373974208675","1.4622605363984675","0.5577117572692794","1.051897689768977","4.826347082868822",,,
"2025-11-10","actual","EH5000","AHS","283995.0000","976","17","17","339.773056","0.000000","339.773056",,"0.000000","1.284167","338.488889","0.000000","338.488889","33.296944","290.978483606557377049","290.97848361","294.97446154","2.0358292","19.797045038307086","2.3081194","24.69242697144252","3.6209834190966266","1.0705764075067024","6.170100222717149","2.6204437110377707","2.3701822916666666","0.6630086313193588","1.5031865585168018","5.60848733744011",,,
"2025-11-10","actual","EH5000","CONV","73623.0000","253","3","3","59.532500","0.000000","59.532500",,"0.000000","0.000000","59.532500","5.998889","53.533611","2.435278","291.000000000000000000","291.00000000","274.82490119","1.9027075","24.02375651013377","1.9992648","33.06043385520171","1.4100877192982457","0.5375222816399287","4.752064896755162","1.9241556534508075","1.6316666666666668","0.3842546063651591","1.1071321321321321","3.6283821478382148",,,
"2025-11-11","actual","CAT793","AHS","336254.0000","1412","34","34","708.040556","0.000000","708.040556",,"49.394444","0.000000","658.646111","2.471667","656.174444","85.290000","238.140226628895184136","238.14022663","241.54447592","3.1238191","18.861130066731384","3.3436389","26.201809397811157","4.448993618065783","1.0852734663710273","9.937323232323232","3.3171154325604584","2.2830291970802916","0.6482806691449814","0.76208967173739","7.6566595441595435",,,
"2025-11-11","actual","CAT793","CONV","113932.0000","478","13","13","221.956389","0.000000","221.956389",,"0.000000","0.000000","221.956389","17.657778","204.298611","13.480556","238.351464435146443515","238.35146444","240.63765690","4.2736402","26.805753924246673","4.2820574","31.576252662474882","4.021742112482853","0.7866666666666667","9.565797430083144","3.3062032884902837","1.5649425287356322","0.45378188214599824","0.837785657998424","8.136603375527425",,,
"2025-11-11","actual","EH4000","CONV","184908.0000","814","14","14","292.461389","0.000000","292.461389",,"0.413333","12.673333","279.374722","14.499722","264.875000","15.298889","227.159705159705159705","227.15970516","230.25786241","2.5108091","27.91654929596668","2.6753477","29.7953211384162","2.9457000710732055","0.8784342688330872","5.396388515029161","2.957177777777778","1.186845466155811","0.5722380952380952","1.1070406278855032","5.387451984635083",,,
"2025-11-11","actual","EH5000","AHS","241509.0000","830","18","18","433.894444","0.000000","433.894444",,"108.553611","8.671944","316.668889","3.693056","312.975833","49.828611","290.974698795180722892","290.97469880","295.07373494","1.9449223","20.01261224426977","2.2287732","25.491949884516973","3.55748162992652","1.0923907319641917","5.831089743589744","2.482236286919831","2.9767628205128203","0.6543437204910293","1.487742504409171","5.245828295042322",,,
"2025-11-11","actual","EH5000","CONV","103884.0000","357","4","4","92.087500","0.000000","92.087500",,"0.000000","0.350556","91.736944","8.816389","82.920556","4.792222","290.991596638655462185","290.99159664","283.74033613","1.8301204","23.749770485080848","1.9291994","31.105912457419695","1.2845454545454547","0.6395833333333333","4.623506743737958","1.6900862068965519","0.6175438596491228","0.4476950354609929","1.1932539682539685","3.7212206572769952",,,
"2025-11-12","actual","CAT793","AHS","322203.0000","1353","34","34","708.078333","0.000000","708.078333",,"62.731667","9.287222","636.059444","21.596667","614.462778","60.800000","238.139689578713968958","238.13968958","241.31372110","3.2265128","19.686137927956878","3.4899049","25.103725628664648","3.943007662835249","0.9776816608996539","9.833862218605912","3.5904685408299866","2.252906287069988","0.6633466800133466","0.7686729721983376","8.341164060560933",,,
"2025-11-12","actual","CAT793","CONV","134217.0000","567","14","14","294.412222","0.000000","294.412222",,"0.000000","18.164444","276.247778","60.438889","215.808889","14.458333","236.714285714285714286","236.71428571","239.55438283","3.4452663","26.492856559034266","3.5357239","31.817624357891017","2.607253599114064","0.7167826759474091","7.802706270627064","2.8915364583333334","1.3389473684210527","0.5074742268041237","0.8794525294525294","6.667481884057971",,,
"2025-11-12","actual","EH4000","CONV","151456.0000","666","15","15","485.821111","166.506111","319.315000",,"0.000000","24.043333","295.271667","51.517778","243.753889","28.183889","227.411411411411411411","227.41141141","232.25526718","2.9627895","29.610673084238183","3.0377395","32.96924223936722","3.3516098484848484","0.7905607476635514","6.003489670575098","3.3613586358635863","1.385632183908046","0.5806441525953722","1.210173913043478","5.528315412186379",,,
"2025-11-12","actual","EH5000","AHS","248313.0000","854","17","17","383.710833","0.000000","383.710833",,"40.489444","5.473889","337.747500","8.326944","329.420556","30.729167","290.764637002341920375","290.76463700","296.79630072","2.3033195","20.996996666972645","2.4589792","25.35205433447374","3.784019204389575","1.0428415300546447","6.581854166666667","2.765615986814998","3.314779874213836","0.670702234382125","1.5239921976592978","5.819597499023057",,,
"2025-11-12","actual","EH5000","CONV","86952.0000","299","4","4","92.498889","0.000000","92.498889",,"0.000000","0.000000","92.498889","19.755833","72.743056","2.628056","290.809364548494983278","290.80936455","285.96700337","2.0722007","24.900895555816742","2.2117893","33.823123080751735","1.4649462365591397","0.5031746031746032","4.993075117370892","1.9864219114219113","0.6414634146341462","0.5379353233830846","1.2725454545454546","3.9235690235690237",,,
"2025-11-13","actual","CAT793","AHS","342438.0000","1440","32","32","664.897500","0.000000","664.897500",,"38.544167","39.877222","586.476111","0.000000","586.476111","54.157222","237.804166666666666667","237.80416667","240.53625000","2.9124863","20.23959687138151","3.0998562","25.560353771614317","3.637403100775194","1.0261099365750528","8.634024635495223","3.320106015779093","2.408968495934959","0.6541414141414141","0.7233597883597883","7.276557032890134",,,
"2025-11-13","actual","CAT793","CONV","172643.0000","731","15","15","302.661667","0.000000","302.661667",,"0.000000","8.376389","294.285278","30.758889","263.526389","13.848333","236.173734610123119015","236.17373461","240.64090287","3.3024123","26.74804030038675","3.4014577","31.266150590083218","2.7281919451585264","0.7059738134206219","7.407822620827105","2.7487444608567206","0.9308943089430894","0.4827086882453152","0.8821169772256728","6.527425287356322",,,
"2025-11-13","actual","EH4000","CONV","181180.0000","795","15","15","340.566944","0.000000","340.566944",,"59.742778","7.876667","272.947500","17.705556","255.241944","20.449167","227.899371069182389937","227.89937107","232.76000000","2.2535044","27.201339925690988","2.3124477","28.007621412345085","2.762380952380952","0.7263392857142857","4.9707207207207205","2.9947777777777778","1.8419786096256685","0.6198077824660103","1.0796373779637378","4.953896653960187",,,
"2025-11-13","actual","EH5000","AHS","201216.0000","693","16","16","257.559444","0.000000","257.559444",,"0.000000","9.968889","247.590556","0.005278","247.585278","19.128611","290.354978354978354978","290.35497835","292.10505051","2.5140938","20.670558075719892","2.6520982","26.901744488220398","3.3379025239338556","1.0674873737373738","7.297607904316172","2.955069124423963","3.2331424936386766","0.6722312703583062","1.4276058631921822","5.915077071290944",,,
"2025-11-13","actual","EH5000","CONV","95919.0000","330","5","5","113.660556","0.000000","113.660556",,"0.000000","0.556944","113.103611","9.836944","103.266667","4.412500","290.663636363636363636","290.66363636","286.00909091","2.8236848","26.942469063004843","2.9937758","35.56783489574478","2.4433497536945814","0.5905317769130999","6.288253968253969","2.560135841170324","0.5722222222222223","0.5411646586345381","1.3696467991169976","5.050252525252525",,,
"2025-11-14","actual","CAT793","AHS","318187.0000","1333","32","32","576.335556","0.000000","576.335556",,"0.000000","5.349722","570.985833","0.390833","570.595000","77.443889","238.699924981245311328","238.69992498","242.29924981","3.2244283","21.020195838351906","3.3474183","27.227793321163613","3.4882637628554147","1.0297010972379872","9.203800929723817","3.3457254584681766","2.4842978395061732","0.6102921646746348","0.6778554778554778","7.376473577235772",,,
"2025-11-14","actual","CAT793","CONV","136455.0000","573","15","15","352.987500","0.000000","352.987500",,"52.272222","38.831667","261.883611","24.131667","237.751944","24.926389","238.141361256544502618","238.14136126","241.89755672","3.9762162","28.43552432695998","3.9320772","32.169360188503966","2.6995442708333335","0.6569318181818181","8.38996212121212","2.654415422885572","0.8005602240896359","0.4879828326180258","0.8729292929292929","7.333830409356725",,,
"2025-11-14","actual","EH4000","CONV","190110.0000","836","16","16","329.368611","0.000000","329.368611",,"0.000000","13.873611","315.495000","26.495556","288.999444","29.207222","227.404306220095693780","227.40430622","231.51016746","2.8950634","28.406589665758144","2.9417290","30.808360315375495","2.4070605187319885","0.5989944695827049","6.114912280701755","2.8497729336966398","1.7236969696969697","0.5717501264542235","1.1517632850241546","5.729085812850367",,,
"2025-11-14","actual","EH5000","AHS","222789.0000","766","16","16","317.432500","0.000000","317.432500",,"32.675000","15.364722","269.392778","0.002778","269.390000","43.118333","290.847258485639686684","290.84725849","290.53668407","2.0626345","22.048421401572426","2.2403608","30.769748745718026","3.3377450980392154","1.1053895723491505","5.613012729844413","2.4653379953379955","3.255981182795699","0.648968253968254","1.574079457364341","4.3686300174520065",,,
"2025-11-14","actual","EH5000","CONV","105255.0000","362","6","6","103.673333","0.000000","103.673333",,"0.000000","1.108611","102.564722","10.019444","92.545278","6.322222","290.759668508287292818","290.75966851","287.37845304","2.3347238","26.832208086010652","2.5763343","36.95355442849178","1.5360730593607306","0.687037037037037","5.220719351570415","2.028062248995984","0.7825925925925926","0.5212568306010928","1.2656645569620253","4.183090379008746",,,
"2025-11-15","actual","CAT793","AHS","343400.0000","1442","35","35","698.274167","0.000000","698.274167",,"3.260000","14.269722","680.744444","1.745833","678.998611","94.052778","238.141470180305131761","238.14147018","240.08578363","2.8644568","18.89403980064896","3.0077203","24.31907659650767","4.47819248826291","1.0810394265232974","9.096382235528942","3.5660137965016014","2.2783024691358023","0.6325986747335062","0.76383547008547","7.420644335892067",,,
"2025-11-15","actual","CAT793","CONV","130112.0000","548","13","13","261.055000","0.000000","261.055000",,"0.000000","4.980556","256.074444","28.932778","227.141667","19.355556","237.430656934306569343","237.43065693","241.04963504","3.7306446","27.82477530974508","3.9332602","30.976844140948515","3.037693156732892","0.7964315701091519","8.044581618655693","2.9197556008146637","1.1668949771689499","0.5143518518518518","0.8550472040668119","7.61845238095238",,,
"2025-11-15","actual","EH4000","CONV","167160.0000","736","16","16","342.411944","0.000000","342.411944",,"34.111667","2.578056","305.722222","27.002500","278.719722","40.487500","227.119565217391304348","227.11956522","229.66548913","2.8662163","26.721676893638957","3.0006708","29.781797193181905","2.68062015503876","0.6340379901960784","6.435710553814002","2.755787037037037","1.195625","0.5354810996563574","1.2311315496098105","6.0453117329406",,,
"2025-11-15","actual","EH5000","AHS","224877.0000","773","17","17","426.942222","0.000000","426.942222",,"138.880278","21.848889","266.213056","0.000000","266.213056","28.043056","290.914618369987063389","290.91461837","294.46196636","1.8986219","17.505839162023623","2.0529674","24.065558481226223","3.325212895377129","0.9633224578575312","6.5073895027624316","2.3169402644778843","2.4353556485355647","0.6227069351230425","1.5352913085004773","5.118436960276338",,,
"2025-11-15","actual","EH5000","CONV","111660.0000","384","6","6","149.020000","0.000000","149.020000",,"36.648611","0.000000","112.371389","11.323056","101.048333","5.034167","290.781250000000000000","290.78125000","271.48854167","2.2740000","26.074361422134988","2.3674531","34.0357119117834","1.5633487654320988","0.4876417233560091","5.2327264239028946","1.9813019390581716","0.8727722772277228","0.5821462488129154","1.2322380952380954","4.173474801061008",,,
"2025-11-16","actual","CAT793","AHS","347416.0000","1456","34","34","784.590833","0.000000","784.590833",,"76.234444","20.992778","687.363611","4.564444","682.799167","81.431389","238.609890109890109890","238.60989011","241.14972527","3.0418359","18.338136036555873","3.1563425","24.864380782073226","3.539445262641139","1.003586920253587","9.952492098225141","3.534416365824308","1.9030017152658663","0.6663898117386489","0.7276061776061776","7.616539967749366",,,
"2025-11-16","actual","CAT793","CONV","153050.0000","650","12","12","261.236944","0.000000","261.236944",,"0.000000","18.820278","242.416667","23.316944","219.099722","12.795000","235.461538461538461538","235.46153846","238.63676923","2.5298246","23.092361195017418","2.6432681","27.75936973046543","2.6443569553805775","0.7962205700123915","6.573146622734762","2.7035016286644953","0.7896604938271604","0.453757225433526","0.8853174603174604","5.7132452047693105",,,
"2025-11-16","actual","EH4000","CONV","172254.0000","758","17","17","320.444444","0.000000","320.444444",,"2.003056","14.878611","303.562778","26.400278","277.162500","37.938611","227.248021108179419525","227.24802111","230.02823219","2.6294749","25.630688526365656","2.7980834","29.342697622630727","2.4127946127946127","0.6445261437908497","6.155452821242295","2.850796999531177","1.7765339966832505","0.5468766404199475","1.2742446755819714","5.721525885558583",,,
"2025-11-16","actual","EH5000","AHS","183093.0000","630","15","15","283.438889","0.000000","283.438889",,"4.131111","50.943056","228.364722","1.509167","226.855556","31.717222","290.623809523809523810","290.62380952","299.77643312","2.1211590","19.163065198737147","2.2848376","25.220002177912313","2.54225","1.0093440122044242","6.641397849462366","2.218375350140056","1.840819209039548","0.6700925925925926","1.4445715962441315","5.435774946921444",,,
"2025-11-16","actual","EH5000","CONV","109116.0000","375","6","6","125.815000","0.000000","125.815000",,"0.000000","12.920278","112.894722","12.866389","100.028333","4.553889","290.976000000000000000","290.97600000","277.19013333","1.8763547","21.665811057899685","1.9123493","30.054192976637964","2.13281045751634","0.7134920634920635","5.1962643678160925","2.106809523809524","1.5415637860082303","0.5621435594886922","1.2804411764705883","3.8178019981834694",,,
"2025-11-17","actual","CAT793","AHS","341460.0000","1428","35","35","839.974167","0.000000","839.974167",,"43.211389","149.290556","647.472222","0.000000","647.472222","83.586111","239.117647058823529412","239.11764706","240.40896359","3.0650604","20.453689424483983","3.3138714","27.131507041447335","4.999173553719008","1.0696940104166666","8.991220125786164","3.642075892857143","2.6299613045881705","0.6462301587301588","0.7326886919151222","7.328464419475655",,,
"2025-11-17","actual","CAT793","CONV","127101.0000","537","10","10","212.841667","0.000000","212.841667",,"0.000000","1.378889","211.462778","21.080833","190.381944","10.068889","236.687150837988826816","236.68715084","241.49683426","2.5927598","22.471173404017318","2.7535009","27.552560234067233","3.055371485943775","0.6318445896877269","6.922895622895623","2.9901844532279314","0.851388888888889","0.49874686716791977","0.833719298245614","5.996177944862155",,,
"2025-11-17","actual","EH4000","CONV","205604.0000","905","16","16","323.032500","0.000000","323.032500",,"0.000000","11.440833","311.591667","26.941667","284.650000","31.776389","227.186740331491712707","227.18674033","230.26055249","2.0512412","25.640621240972397","2.3030731","27.694860071835794","2.4071987480438186","0.6626656848306333","4.799980111376292","2.849764705882353","1.7847381864623244","0.5481454005934717","1.146111111111111","4.989531835205993",,,
"2025-11-17","actual","EH5000","AHS","197043.0000","679","17","17","326.291667","0.000000","326.291667",,"62.199444","13.513333","250.578889","0.273333","250.305556","20.366667","290.195876288659793814","290.19587629","294.29705449","2.7832027","21.85219744845082","3.0811356","27.41346730108897","3.596123101518785","1.0145655270655272","7.641893333333333","2.764876250658241","1.8758823529411763","0.582275586049171","1.3236827509706046","6.743697685869029",,,
"2025-11-17","actual","EH5000","CONV","92430.0000","318","5","5","99.943611","0.000000","99.943611",,"0.000000","1.646667","98.296944","8.733333","89.563611","4.534167","290.660377358490566038","290.66037736","278.56194969","2.0129214","22.62188198980083","2.2394906","31.93183448999537","2.0894389438943892","0.6365740740740741","5.338869863013699","2.177815315315315","0.5675675675675677","0.5118867924528302","1.2463028169014085","4.208008658008658",,,
"2025-11-18","actual","CAT793","AHS","321244.0000","1342","36","36","651.329167","0.000000","651.329167",,"24.978333","15.564722","610.786111","13.613611","597.172500","59.898889","239.377049180327868852","239.37704918","242.16353468","3.3553215","21.493224069871143","3.4284179","25.951846097629126","3.914392803598201","1.1192807017543858","9.366639892904953","3.716719618745036","2.237436868686869","0.634994068801898","0.708546643913538","7.9264139139139145",,,
"2025-11-18","actual","CAT793","CONV","98807.0000","419","9","9","184.066111","0.000000","184.066111",,"0.000000","8.808611","175.257500","19.016389","156.241111","8.896667","235.816229116945107399","235.81622912","239.67565632","2.9611814","24.179385199314186","3.0508162","28.52947362947023","3.348047419804742","0.7964773922187172","7.348031496062992","2.7768998272884287","1.7938356164383562","0.4625722543352601","0.8272192028985508","6.416135620915032",,,
"2025-11-18","actual","EH4000","CONV","189374.0000","835","15","15","310.816667","0.000000","310.816667",,"0.775556","13.151111","296.890000","20.281111","276.608889","14.258056","226.795209580838323353","226.79520958","229.40910180","2.3590012","24.939611476987672","2.4889976","28.933841763221782","3.2226495726495727","0.74189672801636","5.675311827956989","2.784122919334187","3.2607587064676617","0.6018252543387193","1.227047366091191","5.161425061425062",,,
"2025-11-18","actual","EH5000","AHS","222267.0000","764","16","16","327.176389","0.000000","327.176389",,"0.000000","50.360556","276.815833","7.375556","269.440278","32.641389","290.925392670157068063","290.92539267","289.97657068","1.8239732","17.044913131862373","2.0954763","20.77444818110524","3.5380893300248135","1.0023117076808352","6.420589600742804","2.4958505272810636","2.467354740061162","0.5402674591381872","1.4448401162790698","6.052077865266841",,,
"2025-11-18","actual","EH5000","CONV","102411.0000","352","5","5","110.148611","0.000000","110.148611",,"0.000000","5.664444","104.484167","6.492500","97.991667","5.611389","290.940340909090909091","290.94034091","286.14261364","1.9832336","23.335119287393777","2.0797841","32.229398848151995","2.8110441767068273","0.7000580720092915","5.099353233830845","2.065182987141444","1.6308943089430896","0.5675411522633744","1.1966153846153846","3.8718390804597704",,,
"2025-11-19","actual","CAT793","AHS","348181.0000","1453","38","38","753.638056","0.000000","753.638056",,"40.230833","11.331944","702.075278","1.039444","701.035833","66.845833","239.629043358568479009","239.62904336","241.37708190","3.6537282","21.88391853991481","3.7851972","25.152577383654272","4.281944444444445","1.1832971800433838","10.017570281124499","3.4893849206349206","2.7795238095238095","0.6270273935448875","0.7246371074162048","9.029366197183098",,,
"2025-11-19","actual","CAT793","CONV","94988.0000","404","8","8","165.580000","0.000000","165.580000",,"0.000000","1.329444","164.250556","12.727778","151.522778","4.405556","235.118811881188118812","235.11881188","240.36757426","3.4507345","24.39422059542807","3.5199104","30.682770623986055","3.0109170305676853","0.5763929618768329","8.487423043095866","2.458833768494343","0.6701923076923076","0.4349719101123596","0.7971766848816029","6.883166666666667",,,
"2025-11-19","actual","EH4000","CONV","183196.0000","810","16","16","327.771389","0.000000","327.771389",,"9.333333","6.290556","312.147500","32.105278","280.042222","15.280833","226.167901234567901235","226.16790123","227.41594561","2.9170915","26.190968671978798","3.0492522","31.791493565989946","2.9329449838187704","0.5885667138142385","6.68266577659101","2.7046296296296295","1.2346801346801348","0.47607692307692306","1.1826493388052897","5.75484544695071",,,
"2025-11-19","actual","EH5000","AHS","231024.0000","794","16","16","307.785278","0.000000","307.785278",,"0.000000","28.508333","279.276944","0.768889","278.508056","30.988056","290.962216624685138539","290.96221662","283.88085642","1.7384622","15.117452628306426","1.9174840","21.65727396355245","3.558268983268983","1.061904761904762","6.899821984868714","2.422619047619048","2.1717307692307695","0.5303588290840415","1.5207582061950995","5.312258606213266",,,
"2025-11-19","actual","EH5000","CONV","44523.0000","153","2","2","46.338611","0.000000","46.338611",,"0.000000","2.088056","44.250556","4.415000","39.835556","2.068611","291.000000000000000000","291.00000000","283.78366013","1.8108039","23.68029781648089","1.8108170","29.90430247170665","3.005907172995781","0.8140350877192983","4.588127853881279","2.3239726027397256","0.4659722222222222","0.48834498834498835","1.1252347417840376","3.6332236842105265",,,
"2025-11-20","actual","CAT793","AHS","352875.0000","1491","37","37","734.016111","0.000000","734.016111",,"18.374167","25.872778","689.769167","0.000000","689.769167","61.066389","236.670020120724346076","236.67002012","241.44869215","3.3808571","21.362613861141796","3.5618209","24.7291301327843","4.293481276005548","1.3636953955135773","9.49562760992385","3.3778384279475984","1.920940170940171","0.6105030891438658","0.7834766744852749","8.642004504504506",,,
"2025-11-20","actual","CAT793","CONV","87289.0000","367","8","8","179.898333","0.000000","179.898333",,"16.433889","6.843889","156.620556","16.780278","139.840278","16.472222","237.844686648501362398","237.84468665","240.63596730","3.2789891","23.075167144994317","3.3411185","28.175830699273313","3.483421052631579","0.6780566280566281","8.526020408163266","2.742140468227425","0.7690476190476191","0.41202064896755164","0.7478571428571429","7.114860681114551",,,
"2025-11-20","actual","EH4000","CONV","175548.0000","775","15","15","318.641389","0.000000","318.641389",,"0.000000","8.963611","309.677778","32.552222","277.125556","29.048333","226.513548387096774194","226.51354839","224.91445161","2.9237558","27.316036906380408","3.0839442","32.988635655384904","3.1771689497716897","0.576984126984127","6.422064393939394","2.406062734082397","0.6015931372549019","0.4929866666666667","1.170004909180167","5.60910290237467",,,
"2025-11-20","actual","EH5000","AHS","213882.0000","735","17","17","301.457778","0.000000","301.457778",,"0.727222","5.385278","295.345278","0.000000","295.345278","37.203889","290.995918367346938776","290.99591837","279.60993197","1.8462809","16.191731187397682","2.0090031","20.130080614683603","3.774301494476933","1.072595281306715","6.841569484936832","2.1974915581283168","2.091795865633075","0.6561559139784946","1.4736493374108053","5.988062755798089",,,
"2025-11-20","actual","EH5000","CONV","56163.0000","193","3","3","63.806111","0.000000","63.806111",,"0.000000","0.000000","63.806111","7.128056","56.678056","6.633056","291.000000000000000000","291.00000000","286.16062176","1.8643109","22.96412004486095","1.8639741","30.159033223417634","3.3115107913669064","0.7842857142857143","4.871018518518519","1.9410326086956522","0.6121794871794872","0.46064030131826744","1.2070075757575758","3.7082901554404146",,,
"2025-11-21","actual","CAT793","AHS","354447.0000","1497","39","39","757.887222","0.000000","757.887222",,"6.601667","46.479722","704.805833","0.767500","704.038333","45.715000","236.771543086172344689","236.77154309","240.07727273","3.7200168","20.772960655288617","3.9252316","26.38090383492062","4.670241286863271","1.0467281272595808","10.744785575048732","3.209884974838246","1.282310838445808","0.6437829457364341","0.7710955710955711","8.927438478747204",,,
"2025-11-21","actual","CAT793","CONV","77885.0000","329","7","7","159.061944","0.000000","159.061944",,"30.898056","4.251111","123.912778","10.605556","113.307222","4.554444","236.732522796352583587","236.73252280","240.00303951","2.8428267","22.818848907764412","3.1621311","33.058419473611885","3.247145061728395","0.6005376344086021","7.474943310657596","2.551510067114094","0.585483870967742","0.3962962962962963","0.6671411625148279","5.739169295478444",,,
"2025-11-21","actual","EH4000","CONV","201740.0000","891","16","16","344.088611","0.000000","344.088611",,"0.000000","21.222222","322.866389","28.596111","294.270278","14.420000","226.419753086419753086","226.41975309","228.34758698","2.8371538","25.91959629060025","2.8948898","33.15632938350439","3.241217026378897","0.5938411261940674","6.567587939698493","2.6633665421336654","0.9793333333333333","0.4823247604639435","1.168106457242583","5.23861932938856",,,
"2025-11-21","actual","EH5000","AHS","254040.0000","873","18","18","350.655000","0.000000","350.655000",,"22.725833","15.796389","312.132778","0.406111","311.726667","33.962500","290.996563573883161512","290.99656357","283.74833906","1.7143104","17.980278078906846","1.8925264","21.236720319059675","4.0894189602446485","0.9705479452054795","5.720635884973674","2.320276774969916","2.687729468599034","0.6779537456008045","1.6028059071729959","5.346945399007255",,,
"2025-11-21","actual","EH5000","CONV","42777.0000","147","2","2","46.153889","0.000000","46.153889",,"0.000000","1.203889","44.950000","5.747222","39.202778","1.496389","291.000000000000000000","291.00000000","281.98775510","1.8677415","22.295183769392743","1.9459728","30.782380045498464","3.3797777777777775","0.6530054644808743","5.026399026763991","2.3405797101449277","0.575","0.4068548387096774","1.1099483204134368","3.7930260047281323",,,
"2025-11-22","actual","CAT793","AHS","395991.0000","1677","39","39","880.286667","0.000000","880.286667",,"65.724722","3.323889","811.238056","0.000000","811.238056","65.189722","236.130590339892665474","236.13059034","237.55483871","3.4995135","19.323589518753007","3.6477206","25.851544458504907","4.607440476190476","1.122419261822376","10.866035515618314","3.3193862433862433","1.4605295950155763","0.6534417549167928","0.8024529569892473","8.466157074340527",,,
"2025-11-22","actual","CAT793","CONV","79704.0000","336","8","8","142.663056","0.000000","142.663056",,"0.000000","9.368056","133.295000","14.314444","118.980556","5.038889","237.214285714285714286","237.21428571","238.06755952","2.9558185","23.14036348062784","3.0082143","29.00670850474704","3.5610441767068273","0.629045643153527","7.664058956916099","2.895566778900112","2.182857142857143","0.4063197026022305","0.6528169014084507","6.222452229299363",,,
"2025-11-22","actual","EH4000","CONV","190006.0000","839","17","17","338.313611","0.000000","338.313611",,"0.000000","12.674167","325.639444","37.802222","287.837222","12.542222","226.467222884386174017","226.46722288","228.37973778","2.9284241","26.50833795620833","3.0479470","31.32580946570852","3.722763347763348","0.6713796735123749","6.628308658591297","2.8381172839506172","0.9644329896907216","0.479684265010352","1.1701437181270284","5.837896070975919",,,
"2025-11-22","actual","EH5000","AHS","226920.0000","780","18","18","395.871667","0.000000","395.871667",,"1.810833","104.481111","289.579722","3.022778","286.556944","47.191667","290.923076923076923077","290.92307692","291.12602564","1.7628179","19.825959936048946","2.0330436","23.36795188157023","3.988617886178862","0.9904584882280049","5.334877823881973","2.487517146776406","2.583546325878594","0.6894867549668874","1.56733048838312","5.220081615120275",,,
"2025-11-22","actual","EH5000","CONV","14526.0000","50","1","1","20.812222","0.000000","20.812222",,"0.000000","3.687222","17.125000","1.891389","15.233611","0.515278","290.520000000000000000","290.52000000","281.93200000","3.2615200","29.7284482034154","3.1855000","39.42992710768808","2.605769230769231","0.37916666666666665","6.582624113475177","2.5180851063829786","2.683333333333333","0.3408333333333333","1.1789855072463769","4.847333333333333",,,
"2025-11-23","actual","CAT793","AHS","371975.0000","1571","41","41","772.408056","0.000000","772.408056",,"0.000000","4.705833","767.702222","3.650833","764.051389","94.246667","236.775938892425206875","236.77593889","239.42870783","3.2806048","20.423406844752087","3.4629032","25.101448235722607","5.1331242873432155","1.2994781783681215","9.63777931352223","3.3512425900592793","1.4056179775280897","0.6555269186712486","0.7728165938864628","8.277378661535172",,,
"2025-11-23","actual","CAT793","CONV","93116.0000","392","8","8","165.747500","0.000000","165.747500",,"12.350278","1.324722","152.072500","14.563056","137.509444","5.210278","237.540816326530612245","237.54081633","240.26479592","2.7321846","21.47656879476509","2.8845297","27.737137540244273","2.9515447154471546","0.6210144927536232","7.633019853709509","3.222916666666667","2.162121212121212","0.41907894736842105","0.6919389978213508","6.239713155291791",,,
"2025-11-23","actual","EH4000","CONV","197576.0000","872","16","16","342.239722","0.000000","342.239722",,"15.427778","9.738056","317.073889","30.376944","286.696944","11.452778","226.577981651376146789","226.57798165","227.44885321","2.6721263","25.946099318966333","2.7747080","30.241461860073784","3.1722222222222225","0.6954500494559841","6.179255541614387","2.8465716646014045","0.9861702127659574","0.5052248677248677","1.195087945087945","5.505106888361045",,,
"2025-11-23","actual","EH5000","AHS","228981.0000","787","19","19","426.374167","0.000000","426.374167",,"130.294444","24.404167","271.675556","2.576667","269.098889","24.594722","290.954256670902160102","290.95425667","288.75794155","1.7936609","19.319336085353047","2.0217779","23.74958068855576","4.021882494004796","1.0619427811044577","5.5705668934240355","2.601275167785235","2.198280423280423","0.651051051051051","1.6360410830999068","5.107739609838847",,,
"2025-11-23","actual","EH5000","CONV","29322.0000","101","3","3","50.422778","0.000000","50.422778",,"0.000000","16.896389","33.526389","3.870833","29.655556","1.986389","290.316831683168316832","290.31683168","287.40099010","3.1725000","27.331233667996145","3.2671340","35.93958324639649","3.6323529411764706","0.5375555555555555","6.96455938697318","3.215740740740741","0.4981481481481482","0.49214285714285716","1.245977011494253","5.454377104377104",,,
"2025-11-24","actual","CAT793","AHS","419636.0000","1772","42","42","847.713056","0.000000","847.713056",,"14.086389","5.872500","827.754167","1.905556","825.848611","69.767500","236.814898419864559819","236.81489842","239.62595937","3.1930944","20.218324899212636","3.3144864","25.308026312982488","5.199626380766731","1.2120822977078156","9.475842581175502","3.2776628119293973","1.7303863785199738","0.6749226006191951","0.8389573869781527","7.857949155757921",,,
"2025-11-24","actual","CAT793","CONV","85065.0000","357","6","6","133.308056","0.000000","133.308056",,"0.000000","1.187222","132.120833","14.807778","117.313056","5.528333","238.277310924369747899","238.27731092","240.91988796","2.2192857","21.040063122338914","2.4075154","27.811254765772297","3.3646825396825397","0.6000778816199378","6.32874251497006","3.2784866468842733","0.6597222222222222","0.3875262054507338","0.74609375","5.1939736346516",,,
"2025-11-24","actual","EH4000","CONV","217938.0000","963","16","16","341.739444","0.000000","341.739444",,"0.000000","0.000000","341.739444","33.431944","308.307500","12.260833","226.311526479750778816","226.31152648","227.60477674","2.4661479","25.35693533929901","2.6287605","29.814103017681596","2.89951895868704","0.6208710651142735","5.835439970171513","2.766335905916942","0.9466666666666667","0.4846185230518156","1.173928157589803","5.29030271031327",,,
"2025-11-24","actual","EH5000","AHS","181461.0000","624","14","14","308.826944","0.000000","308.826944",,"49.820278","12.171944","246.834722","0.120833","246.713889","25.202222","290.802884615384615385","290.80288462","290.04398074","2.1367564","19.57542010435891","2.2507765","26.53987610544667","4.2711701308699","1.1942827442827444","6.549304347826086","2.619838523644752","3.0626666666666664","0.6744924688932546","1.5581977094635322","5.088440860215054",,,
"2025-11-24","actual","EH5000","CONV","65184.0000","224","4","4","94.054167","0.000000","94.054167",,"0.000000","25.065556","68.988611","5.959722","63.028889","2.252500","291.000000000000000000","291.00000000","288.59419643","1.9910268","22.578960874264727","2.2160714","31.508799875616557","2.1028455284552847","0.4775985663082437","5.290837282780411","3.1006201550387598","0.4824074074074074","0.4596747967479675","1.1841503267973856","4.2199095022624435",,,
"2025-11-25","actual","CAT793","AHS","350454.0000","1476","42","42","1021.891389","0.000000","1021.891389",,"65.650000","216.254167","739.987222","3.315833","736.671389","87.390556","237.434959349593495935","237.43495935","238.81456640","3.1126463","19.00545429978314","3.3773099","24.694812770654426","5.111178637200736","1.12676867390589","9.826588465298142","3.4011714975845413","2.885247432306256","0.6530420991926182","0.8098223615464996","8.205714936247723",,,
"2025-11-25","actual","CAT793","CONV","60224.0000","254","7","7","137.676667","0.000000","137.676667",,"27.719444","3.133333","106.823889","9.841111","96.982778","6.076111","237.102362204724409449","237.10236220","236.31023622","2.7297559","26.27239456181795","2.9095238","25.812609321220066","4.451679586563307","0.9816091954022989","6.2341235632183905","4.620781032078103","0.49","0.4156108597285068","0.8465925925925926","6.7630291005291",,,
"2025-11-25","actual","EH4000","CONV","197858.0000","874","17","17","353.469722","0.000000","353.469722",,"14.629167","4.586667","334.253889","33.523611","300.730278","18.288056","226.382151029748283753","226.38215103","226.08375286","2.6287233","26.858890576526008","2.7280257","29.259605630396752","3.402792792792793","0.8374488403819919","5.8722975750102755","2.872560975609756","0.9176616915422886","0.5051492537313433","1.2127388535031849","5.5941130604288505",,,
"2025-11-25","actual","EH5000","AHS","158886.0000","547","13","13","236.085000","0.000000","236.085000",,"0.871111","10.101667","225.112222","1.578333","223.533889","25.891667","290.468007312614259598","290.46800731","291.67531993","2.3636227","20.68104452155666","2.4341557","26.64273032209026","4.81191037735849","1.2647875816993464","6.857359735973597","2.196633986928105","2.620833333333333","0.6701012292118583","1.530952380952381","5.481770833333333",,,
"2025-11-25","actual","EH5000","CONV","114942.0000","395","8","8","282.891944","0.000000","282.891944",,"169.743333","2.545833","110.602778","9.810000","100.792778","4.986667","290.992405063291139241","290.99240506","286.12987342","2.1790864","22.03305034426674","2.4170978","29.21572405011645","3.623621553884712","0.6957364341085271","5.934048257372654","2.951984126984127","1.2653846153846153","0.5146766169154229","1.320718232044199","4.963966244725738",,,
"2025-11-26","actual","CAT793","AHS","402619.0000","1699","41","41","856.768889","0.000000","856.768889",,"74.473611","18.975278","763.320000","1.924444","761.395556","65.068333","236.974102413184226015","236.97410241","242.63837552","3.2072617","19.434505694542878","3.4278410","25.87858873018135","3.833066666666667","1.0359874429223743","9.901754385964912","3.2752667520273153","1.4355482933914308","0.650336574420344","0.8344827586206897","7.947514531970335",,,
"2025-11-26","actual","CAT793","CONV","60785.0000","257","6","6","127.580000","0.000000","127.580000",,"0.000000","25.677222","101.902778","13.007778","88.895000","6.032222","236.517509727626459144","236.51750973","239.95291829","1.6663424","20.406535606143247","1.8031518","20.262771821902152","4.875961538461539","1.000686274509804","4.89943741209564","4.955347222222222","0.7940860215053764","0.41255813953488374","0.7582966226138033","5.339304461942257",,,
"2025-11-26","actual","EH4000","CONV","166586.0000","735","17","17","331.917778","0.000000","331.917778",,"0.000000","2.653333","329.264444","40.865556","288.398889","18.429722","226.647619047619047619","226.64761905","227.05564626","2.9062912","26.2624113913413","3.1636944","29.348154886887958","4.013482384823848","0.8592326139088728","6.6398119122257055","3.2482740855229264","0.8187702265372168","0.4874768089053803","1.2509229098805645","6.467924976258309",,,
"2025-11-26","actual","EH5000","AHS","201252.0000","693","13","13","268.665278","0.000000","268.665278",,"0.000000","23.568611","245.096667","0.010833","245.085833","23.187222","290.406926406926406926","290.40692641","293.19682540","2.5301991","23.54517282718572","2.4949149","28.746544936474926","3.52406976744186","1.054218106995885","6.44768875192604","2.194918699186992","1.9764805414551607","0.6692095080154782","1.5577457264957266","5.207404727448142",,,
"2025-11-26","actual","EH5000","CONV","106746.0000","367","7","7","129.908333","0.000000","129.908333",,"0.046667","8.742222","121.119444","13.998333","107.121111","5.954167","290.861035422343324251","290.86103542","290.41416894","2.1358338","22.071142124325647","2.3028665","29.36206740929777","2.5763398692810457","0.5792044310171198","5.806225490196079","2.5235179786200197","1.4243827160493827","0.47753623188405797","1.2190621814475024","4.705799086757991",,,
"2025-11-27","actual","CAT793","AHS","348603.0000","1473","39","39","714.196944","0.000000","714.196944",,"24.558333","55.013611","634.625000","0.321667","634.303333","65.795833","236.661914460285132383","236.66191446","240.02539036","2.7118891","17.699423618686996","2.8766310","24.355091939893786","4.066895761741123","1.1430704316780267","9.193143771541113","3.1846807477543093","1.3257505773672056","0.6637246500999715","0.8272715370515843","7.086725865209472",,,
"2025-11-27","actual","CAT793","CONV","68527.0000","289","6","6","115.107500","0.000000","115.107500",,"2.094722","4.215000","108.797778","11.880833","96.916944","7.970833","237.117647058823529412","237.11764706","243.15086505","2.3762353","24.030629033891245","2.5811349","28.82998111935325","3.3675","0.8536190476190477","5.933016476552598","3.8890334572490706","1.1416666666666666","0.37","0.7565359477124183","5.371772300469484",,,
"2025-11-27","actual","EH4000","CONV","178268.0000","786","16","16","351.120000","0.000000","351.120000",,"0.000000","37.617500","313.502500","30.205000","283.297500","12.292778","226.804071246819338422","226.80407125","225.19898219","3.3206381","28.50676846793261","3.3675525","31.893431846052255","2.793198090692124","0.6693566278424847","6.989157196969697","2.8964135021097044","1.255820105820106","0.5051339285714286","1.2104783037475346","6.335258964143426",,,
"2025-11-27","actual","EH5000","AHS","177774.0000","612","13","13","266.125833","0.000000","266.125833",,"0.000000","34.289722","231.836111","0.121667","231.714444","27.379444","290.480392156862745098","290.48039216","296.38398693","2.6062500","22.073928136619397","2.6404656","25.25646798555154","3.594995759117897","0.9012454212454213","7.084149184149184","2.1907023603914793","1.982044673539519","0.6538613861386139","1.4015653775322283","6.272766884531591",,,
"2025-11-27","actual","EH5000","CONV","114567.0000","394","7","7","134.075278","0.000000","134.075278",,"0.000000","11.729722","122.345556","13.753333","108.592222","4.188333","290.779187817258883249","290.77918782","285.80126904","2.2992995","24.447289595067865","2.5611675","32.75457728239925","2.1330016583747926","0.5220020325203252","5.643078324225866","2.7044802867383515","1.5227777777777776","0.5183285849952516","1.1410292728989613","4.691559554413025",,,
"2025-11-28","actual","CAT793","AHS","315215.0000","1331","40","40","718.988889","0.000000","718.988889",,"5.641389","97.051944","616.295556","0.076944","616.218611","73.341944","236.825694966190833959","236.82569497","241.72937641","2.9464536","18.244278994412927","3.1136986","22.52273118245396","3.8539563437926327","0.9643803418803418","9.690008361204013","2.96996699669967","2.230377668308703","0.6385378510378511","0.8264976275207592","8.294816223067174",,,
"2025-11-28","actual","CAT793","CONV","64231.0000","271","6","6","118.220556","0.000000","118.220556",,"0.000000","4.419722","113.800833","13.615833","100.185000","3.876944","237.014760147601476015","237.01476015","241.78634686","3.2124871","25.750169285244247","3.2076816","29.181407767251027","3.263400900900901","0.7020715630885123","7.485357624831309","3.3857421875","5.1561111111111115","0.42196581196581195","0.7506302521008403","6.5953259532595325",,,
"2025-11-28","actual","EH4000","CONV","190928.0000","842","16","16","350.988056","0.000000","350.988056",,"0.000000","10.685556","340.302500","36.081111","304.221389","27.583611","226.755344418052256532","226.75534442","227.25380048","2.8970297","26.105042138035472","3.0051782","29.922397698138376","2.9523658192090396","0.6445474985947162","6.658552055993001","2.9501075268817205","0.9979616306954437","0.5095857418111753","1.2254314259763852","6.025943970767357",,,
"2025-11-28","actual","EH5000","AHS","154851.0000","533","13","13","252.780833","0.000000","252.780833",,"0.870833","49.104167","202.805833","0.000000","202.805833","15.765000","290.527204502814258912","290.52720450","292.99437148","2.5246090","20.534176383329303","2.7651290","23.575732123136756","3.1560126582278483","0.8302943969610637","7.376801346801346","2.395257181028724","2.2155011655011654","0.5453102453102453","1.430290162774239","7.037225360954175",,,
"2025-11-28","actual","EH5000","CONV","69129.0000","238","6","6","131.764444","0.000000","131.764444",,"0.000000","27.136389","104.628056","12.400278","92.227778","5.745278","290.457983193277310924","290.45798319","280.24873950","3.3173908","27.301680996644297","3.2734025","30.84640378097209","3.333450704225352","0.635050505050505","7.29051987767584","3.5331060606060607","0.6716666666666666","0.5197969543147208","1.2225961538461538","6.3671652421652425",,,
"2025-11-29","actual","CAT793","AHS","417544.0000","1756","44","44","827.624722","0.000000","827.624722",,"0.407500","28.807778","798.409444","12.992222","785.417222","98.770000","237.781321184510250569","237.78132118","239.04390661","2.9055585","19.82492429806186","3.0904522","23.52753714174286","3.6227994227994227","0.9930150309460654","8.793653250773993","3.18114837398374","1.88200408997955","0.6607394366197182","0.7436585898275486","7.881281023291333",,,
"2025-11-29","actual","CAT793","CONV","51789.0000","219","5","5","93.805556","0.000000","93.805556",,"3.100833","5.463056","85.241667","10.542222","74.699444","3.370833","236.479452054794520548","236.47945205","239.42191781","2.9995342","24.781562998278787","3.0440507","29.272034827859123","2.5927966101694917","0.5796190476190476","7.262336601307189","2.5864886731391583","0.6433333333333333","0.4211879432624113","0.7153780068728522","6.239506172839507",,,
"2025-11-29","actual","EH4000","CONV","196146.0000","863","18","18","363.949444","0.000000","363.949444",,"0.000000","9.615278","354.334167","29.148333","325.185833","45.721389","227.283893395133256083","227.28389340","228.26257242","2.8028749","27.569645142809406","2.8060035","29.577498621647685","2.6542988019732205","0.7061493411420205","6.099915074309979","3.2412688442211053","1.5182769726247989","0.5259530141843972","1.2178428761651132","5.692172017439557",,,
"2025-11-29","actual","EH5000","AHS","178314.0000","614","14","14","278.679722","0.000000","278.679722",,"27.359167","13.065833","238.254722","0.084444","238.170278","20.486111","290.413680781758957655","290.41368078","297.18159609","2.6834307","20.769618797667455","2.8971497","25.528733198310615","2.468034447821682","0.8621100164203612","7.751988304093568","2.39945118428654","2.2270661157024794","0.6626742712294043","1.4809350333940499","6.809150326797385",,,
"2025-11-29","actual","EH5000","CONV","88377.0000","304","5","5","113.332778","0.000000","113.332778",,"0.000000","5.057778","108.275000","10.501389","97.773611","3.951667","290.713815789473684211","290.71381579","288.46315789","3.0342500","28.492831880587037","3.1806283","35.512138035354205","2.7650887573964495","0.5969871794871795","6.389501779359431","2.945804195804196","0.5462121212121213","0.4598915989159892","1.2113138686131388","5.373872387238723",,,
"2025-11-30","actual","CAT793","AHS","355636.0000","1492","40","40","720.785000","0.000000","720.785000",,"17.575278","6.211389","696.998333","11.636667","685.361667","71.452778","238.361930294906166220","238.36193029","239.45127688","3.1641488","20.91464425822851","3.3642440","23.114639634364686","3.5517712334613742","0.9874724061810155","9.07732044858029","3.316274928774929","1.7529195011337868","0.6617729306487696","0.737002487562189","8.732761712620489",,,
"2025-11-30","actual","CAT793","CONV","65267.0000","275","6","6","116.589167","0.000000","116.589167",,"0.000000","10.012500","106.576667","8.975000","97.601667","5.968611","237.334545454545454545","237.33454545","241.94400000","3.3039455","25.354578984884483","3.3494579","31.741643151446354","2.520959595959596","0.587842190016103","7.818577075098815","2.7104166666666667","0.5405797101449274","0.5025073746312684","0.7896","6.331350681536555",,,
"2025-11-30","actual","EH4000","CONV","214742.0000","946","18","18","470.636667","0.000000","470.636667",,"68.172778","19.818333","382.645556","35.222778","347.422778","42.487222","227.000000000000000000","227.00000000","225.45581395","2.8856952","26.612534492716623","2.9753802","29.599067349194556","2.3075757575757576","0.628587494376968","6.50602114005285","2.8833708286464192","1.186235119047619","0.5299541093032958","1.2572066822066823","6.031366120218579",,,
"2025-11-30","actual","EH5000","AHS","180432.0000","621","16","16","287.434444","0.000000","287.434444",,"0.000000","34.603333","252.831111","16.454167","236.376944","19.778611","290.550724637681159420","290.55072464","297.96972625","2.5076607","21.179154922407594","2.6869323","21.995271588070917","2.635215053763441","0.8169020715630885","7.104138127853882","2.2009637188208613","2.4015503875968993","0.6528228228228229","1.5108348134991119","7.329572510822511",,,
"2025-11-30","actual","EH5000","CONV","94569.0000","325","5","5","95.873611","0.000000","95.873611",,"0.000000","4.418889","91.454722","8.830000","82.624722","4.190000","290.981538461538461538","290.98153846","288.95138462","2.0245692","25.10520171411593","2.1631477","30.820322324658143","1.6176308539944904","0.509170305676856","4.838604898828541","2.1911392405063292","2.719444444444444","0.4567318132464712","1.291256830601093","4.211145510835913",,,
"2025-12-01","actual","CAT793","AHS","408477.0000","1707","41","41","860.557500","0.000000","860.557500",,"79.395278","12.587500","768.574722","0.753333","767.821389","116.480556","239.295254833040421793","239.29525483","241.10035149","2.8751314","19.598774208515568","3.0451838","22.041345471794404","3.8190620272314675","1.1377016922471468","8.801973131821999","3.3170518425983757","1.8142891107941037","0.6537142181215992","0.7463720316622691","8.289468001570475",,,
"2025-12-01","actual","CAT793","CONV","56029.0000","235","6","6","100.119167","0.000000","100.119167",,"0.000000","2.045833","98.073333","8.418056","89.655278","3.791111","238.421276595744680851","238.42127660","241.85404255","3.6536880","25.72797610909592","4.1313190","33.22724808881778","2.5418575063613233","0.6873370577281191","8.52073552425665","2.785202492211838","0.5863636363636363","0.4715686274509804","0.7805288461538461","7.460116448326056",,,
"2025-12-01","actual","EH4000","CONV","219266.0000","964","16","16","361.558889","0.000000","361.558889",,"2.262222","5.873056","353.423611","25.457222","327.966389","33.624167","227.454356846473029046","227.45435685","228.54242739","2.6113613","27.889200920601787","2.7820136","29.94441139337478","2.620687134502924","0.6464801864801865","5.618005279034691","3.076041666666667","1.4914529914529915","0.5523241954707986","1.18926487747958","5.574356223175966",,,
"2025-12-01","actual","EH5000","AHS","209748.0000","722","16","16","313.773889","0.000000","313.773889",,"28.194722","8.818611","276.760556","0.799444","275.961111","34.389167","290.509695290858725762","290.50969529","297.50373961","2.4388790","20.874267715814355","2.7002275","26.67867258256335","2.7683574879227053","0.8618572292800969","7.010197530864198","2.2506381934216986","2.731957928802589","0.5925404277516954","1.505761316872428","6.072777777777778",,,
"2025-12-01","actual","EH5000","CONV","94284.0000","324","4","4","94.069722","0.000000","94.069722",,"0.000000","4.895833","89.173889","7.408611","81.765278","3.372778","291.000000000000000000","291.00000000","293.69166667","1.9768056","24.592929532586062","1.9773981","29.746423181499647","1.8030864197530865","0.5926940639269406","4.822863247863248","2.1548148148148147","0.5123931623931625","0.4729028697571744","1.371177117711771","3.988509316770186",,,
"2025-12-02","actual","CAT793","AHS","440424.0000","1854","43","43","821.129444","0.000000","821.129444",,"0.000000","22.909722","798.219722","0.000000","798.219722","112.451667","237.553398058252427184","237.55339806","239.41947141","2.6315288","22.074925453862527","2.9072878","23.847822670628492","4.3466913058782115","1.1773681055155876","7.152537313432836","3.5586506541691074","2.3509573542210616","0.6509758261255267","0.7233978360382856","7.314599341383095",,,
"2025-12-02","actual","CAT793","CONV","58603.0000","247","5","5","101.334444","0.000000","101.334444",,"0.400833","4.057222","96.876389","4.870278","92.006111","4.153333","237.259109311740890688","237.25910931","240.57408907","3.3931781","24.976914432042484","3.4128943","30.79303127819549","3.1674041297935105","0.654298245614035","8.151154401154402","2.798005698005698","0.4274774774774775","0.47721417069243155","0.7815233785822021","6.65",,,
"2025-12-02","actual","EH4000","CONV","225688.0000","992","17","17","385.342778","0.000000","385.342778",,"29.968611","10.035833","345.338333","23.030278","322.308056","28.460556","227.508064516129032258","227.50806452","230.45735887","2.3577772","28.353022476083495","2.6531803","30.937606736549554","2.592639429312581","0.6156399235912129","4.9894727138643065","2.9656713716974306","2.143225270157939","0.5859628770301625","1.1342835423793234","5.145544041450777",,,
"2025-12-02","actual","EH5000","AHS","172200.0000","592","10","10","200.958056","0.000000","200.958056",,"0.399167","0.902222","199.656667","0.993889","198.662778","20.247778","290.878378378378378378","290.87837838","292.85337838","1.8798632","19.93156396033888","1.9491740","22.59807209477206","3.7731631863882447","0.8808080808080808","5.658953418027829","2.114336917562724","2.205233494363929","0.6519120458891013","1.4439168218497827","5.175239706711788",,,
"2025-12-02","actual","EH5000","CONV","145017.0000","499","9","9","158.826389","0.000000","158.826389",,"0.000000","13.620556","145.205833","10.277778","134.928056","7.860000","290.615230460921843687","290.61523046","287.30781563","2.4617114","26.097420793027887","2.6167635","33.01431106826179","2.0533485540334855","0.479906103286385","5.659665955934613","2.506794055201699","0.6956989247311828","0.4853391684901532","1.2359030837004403","4.755689424364123",,,
"2025-12-03","actual","CAT793","AHS","444183.0000","1869","42","42","873.173056","0.000000","873.173056",,"47.848056","21.873333","803.451667","5.411389","798.040278","102.816944","237.658105939004815409","237.65810594","239.66003210","2.4581961","18.517937593086067","2.6004487","20.90436552971414","3.720473684210526","1.1534734384121423","7.964805219727499","3.58770272848693","2.0925835370823145","0.6751689902830587","0.7244297719087635","7.463843941028407",,,
"2025-12-03","actual","CAT793","CONV","47503.0000","199","5","5","100.698889","0.000000","100.698889",,"0.000000","11.004167","89.694722","6.546111","83.148611","4.096389","238.708542713567839196","238.70854271","241.41708543","4.5657789","28.58574615652174","4.7423283","33.281168892952955","2.6878333333333333","0.5780516431924883","9.583333333333334","2.541899441340782","0.7504504504504504","0.4707843137254902","0.9118627450980392","8.549570446735396",,,
"2025-12-03","actual","EH4000","CONV","208472.0000","916","17","17","362.380556","0.000000","362.380556",,"1.390833","26.348611","334.641111","20.744722","313.896389","33.858611","227.589519650655021834","227.58951965","229.73144105","2.7635197","30.06625588703408","2.9241224","30.706441328510444","2.598059598059598","0.5674474959612278","5.51485966935794","2.9110347460862926","1.6094843462246777","0.5745336577453366","1.154615074566707","5.713698377581121",,,
"2025-12-03","actual","EH5000","AHS","143106.0000","492","12","12","221.573611","0.000000","221.573611",,"0.000000","31.431667","190.141944","0.000000","190.141944","26.347778","290.865853658536585366","290.86585366","294.87906504","1.8770488","18.170180109307466","2.0070407","20.156502038692086","3.875215889464594","0.7671830985915492","6.198228488792481","2.448311781609195","2.2485663082437273","0.6685725871857259","1.4821428571428572","5.974372029871011",,,
"2025-12-03","actual","EH5000","CONV","122307.0000","421","9","9","182.704722","0.000000","182.704722",,"0.000000","45.519444","137.185278","18.173333","119.011944","6.296389","290.515439429928741093","290.51543943","286.73087886","2.9022922","29.828186328830196","3.1546865","34.757741221249525","2.7739910313901346","0.5493312757201646","5.838019451812555","2.3907894736842104","1.278358208955224","0.5347566574839302","1.3434703196347033","5.4457275803722505",,,
"2025-12-04","actual","CAT793","AHS","404682.0000","1704","44","44","820.810000","0.000000","820.810000",,"40.908889","12.211111","767.690000","5.576667","762.113333","104.836667","237.489436619718309859","237.48943662","241.25938967","2.8045777","19.881650612542426","2.9002916","22.925074815212042","3.6331887649731516","1.0962335216572505","8.463817480719793","3.380701200252685","1.5988348530901721","0.6693594306049823","0.724497175141243","7.590705696826335",,,
"2025-12-04","actual","CAT793","CONV","49529.0000","209","5","5","99.933333","0.000000","99.933333",,"0.000000","9.518056","90.415278","7.485556","82.929722","3.136667","236.980861244019138756","236.98086124","244.13157895","4.1577464","28.098348072534275","4.3723493","31.857355010021806","2.714130434782609","0.6155349794238684","8.878272251308902","2.4269097222222222","0.6474358974358975","0.45280797101449277","0.8129120879120879","8.23486312399356",,,
"2025-12-04","actual","EH4000","CONV","217498.0000","957","17","17","372.028889","0.000000","372.028889",,"14.000000","17.314167","340.714722","25.060278","315.654444","24.102500","227.270637408568443051","227.27063741","229.23908046","2.5760251","28.9253647238688","2.7321161","31.35584022702034","2.8129536571747624","0.7238199513381995","5.343459191456903","3.1631796025496812","1.1982060185185186","0.5574556213017752","1.0770585906571655","5.2279564130046445",,,
"2025-12-04","actual","EH5000","AHS","190809.0000","656","13","13","269.832778","0.000000","269.832778",,"2.553056","23.977778","243.301944","0.195833","243.106111","18.841667","290.867378048780487805","290.86737805","295.96341463","2.0655732","19.510971805699782","2.2017210","20.940860430784127","3.3350122850122847","0.8369047619047619","6.352035830618893","2.5270799785292537","2.3253488372093023","0.6516816816816817","1.526029328821207","6.308396946564885",,,
"2025-12-04","actual","EH5000","CONV","91503.0000","315","6","6","126.935833","0.000000","126.935833",,"0.000000","8.944167","117.991667","14.950000","103.041667","6.918889","290.485714285714285714","290.48571429","286.39873016","2.8957834","28.930413094195632","3.0629459","33.56555418566775","2.6483640081799593","0.7385644768856447","6.005686936936937","2.410908084163898","2.280392156862745","0.4880281690140845","1.2828605200945626","5.475159235668789",,,
"2025-12-05","actual","CAT793","AHS","407086.0000","1714","40","40","770.501667","0.000000","770.501667",,"20.537778","2.129444","747.834444","0.455556","747.378889","71.250556","237.506417736289381564","237.50641774","242.61995333","2.9201707","19.820144355921453","3.1089106","24.992003482704373","3.7475124378109452","1.1472246065808298","8.840008369951873","3.3334776334776337","2.3291842475386777","0.6738468854018069","0.7252374641042633","7.463772807533843",,,
"2025-12-05","actual","CAT793","CONV","52392.0000","222","6","6","134.307778","0.000000","134.307778",,"0.000000","50.106111","84.201667","7.792778","76.408889","3.420000","236.000000000000000000","236.00000000","235.68198198","3.3876111","25.14738467617126","3.5280278","30.70274066247656","2.8905864197530864","0.7248756218905472","8.082616487455196","2.666577540106952","0.6314814814814814","0.4162192393736018","0.8491620111731844","6.894552845528455",,,
"2025-12-05","actual","EH4000","CONV","167426.0000","738","18","18","364.016389","0.000000","364.016389",,"0.000000","38.415278","325.601111","23.475556","302.125556","44.460278","226.864498644986449864","226.86449864","229.40555556","3.3032645","28.55874727971751","3.4087172","31.02648068423544","3.0849706129303107","0.6425646551724138","6.939935707220574","3.0432843137254904","1.8151360544217687","0.566640826873385","1.1480908152734777","6.591886269070735",,,
"2025-12-05","actual","EH5000","AHS","196050.0000","674","14","14","223.801944","0.000000","223.801944",,"0.509722","10.728056","212.564167","0.000000","212.564167","17.562778","290.875370919881305638","290.87537092","293.94747774","1.9928851","21.71254258324953","2.0829283","23.719733305215588","3.1146938775510202","0.8381782945736433","5.507098283931358","2.3477296181630547","1.9257037037037037","0.6500857632933105","1.423671497584541","5.2688492063492065",,,
"2025-12-05","actual","EH5000","CONV","90738.0000","312","5","5","115.858056","0.000000","115.858056",,"0.000000","24.260833","91.597222","9.634167","81.963056","3.805556","290.826923076923076923","290.82692308","290.36217949","2.2749327","26.358673854117125","2.3308622","31.94277025498933","2.422168284789644","0.4927696078431373","5.178407789232532","2.1863378684807255","1.2033333333333334","0.499031007751938","1.2347417840375587","4.3781967213114745",,,
"2025-12-06","actual","CAT793","AHS","400770.0000","1686","42","42","948.335556","0.000000","948.335556",,"95.532500","28.134444","824.668611","0.000000","824.668611","69.392222","237.704626334519572954","237.70462633","240.23967972","3.5604178","20.483167991656437","3.7224743","25.103214236231075","3.8605052708106142","0.9980560578661845","10.429298245614035","3.434708538587849","1.4585944919278253","0.6796054140857994","0.7363860325621251","8.897205588822354",,,
"2025-12-06","actual","CAT793","CONV","53886.0000","228","6","6","135.587778","0.000000","135.587778",,"20.134444","4.491667","110.961667","10.543333","100.418333","6.724167","236.342105263157894737","236.34210526","236.73991228","3.5208246","24.37583669844308","3.7170833","27.661036138751243","3.090547263681592","0.8708061002178649","8.66634768740032","3.21515873015873","2.222549019607843","0.4942307692307692","0.8570607553366174","8.062785388127853",,,
"2025-12-06","actual","EH4000","CONV","189962.0000","838","18","18","399.803333","0.000000","399.803333",,"8.469722","19.824444","371.509167","26.306111","345.203056","38.454167","226.684964200477326969","226.68496420","228.60071599","3.5225532","30.20505834980101","3.4974594","30.214118447192305","3.0123922413793105","0.7241590214067278","6.997278056951425","3.096758678377248","1.6208333333333333","0.5542863657090744","1.15356529209622","6.945347896440129",,,
"2025-12-06","actual","EH5000","AHS","242562.0000","834","14","14","294.123889","0.000000","294.123889",,"1.060000","0.125278","292.938611","0.000000","292.938611","19.354722","290.841726618705035971","290.84172662","292.79640288","2.0206907","20.933250985818944","2.1956742","24.275452823579094","3.482263242375602","0.8548892490545651","5.791811414392059","2.7784893267651887","1.9843669250645994","0.6697916666666667","1.410382513661202","5.426899879372739",,,
"2025-12-06","actual","EH5000","CONV","111966.0000","385","6","6","131.095556","0.000000","131.095556",,"0.000000","8.044167","123.051389","11.808889","111.242500","8.740000","290.820779220779220779","290.82077922","290.68961039","2.3605584","25.019726283240182","2.4671169","31.162439942835682","1.8976744186046512","0.5132201646090535","5.660873440285204","2.2322281167108757","0.6356060606060605","0.4761666666666667","1.2902550091074683","4.75017406440383",,,
"2025-12-07","actual","CAT793","AHS","359697.0000","1515","42","42","908.306667","0.000000","908.306667",,"45.146944","67.009722","796.150000","1.238611","794.911389","70.646944","237.423762376237623762","237.42376238","234.60178218","3.7860027","21.03049910654114","4.0375294","24.748870861478114","4.076485943775101","1.1227564102564103","10.801463191586647","3.420961494645705","1.9103059581320452","0.6627513227513228","0.7347632442569151","9.788396624472574",,,
"2025-12-07","actual","CAT793","CONV","77704.0000","328","9","9","170.355833","0.000000","170.355833",,"10.478889","21.076944","138.800000","14.074722","124.725278","6.096944","236.902439024390243902","236.90243902","240.68628049","3.9620945","23.667463929996","4.1689049","29.157074959019877","2.6626760563380283","0.7313531353135314","10.044408251900109","2.8035483870967743","1.5726775956284154","0.49047619047619045","0.8833333333333333","8.578854166666668",,,
"2025-12-07","actual","EH4000","CONV","185296.0000","817","18","18","400.740278","0.000000","400.740278",,"20.073056","13.973056","366.694167","23.188611","343.505556","46.186667","226.800489596083231334","226.80048960","229.05116279","3.4344333","28.621551607532385","3.5245971","29.823474194041875","2.307996632996633","0.6336550836550837","7.199679487179487","3.0342663273960984","1.6814077025232403","0.5723769730733519","1.1698784722222222","7.0909185369908565",,,
"2025-12-07","actual","EH5000","AHS","208617.0000","718","15","15","462.445000","0.000000","462.445000",,"158.101389","25.694444","278.649167","0.000000","278.649167","29.494167","290.552924791086350975","290.55292479","297.50626741","2.4398036","21.64625344631811","2.6922064","25.458515421787524","3.3043589743589745","0.9977564102564103","6.762750716332378","2.8792619047619046","1.261290322580645","0.6638254693049214","1.4205184108527134","6.344925512104283",,,
"2025-12-07","actual","EH5000","CONV","38403.0000","132","5","5","110.961667","0.000000","110.961667",,"18.168889","46.028333","46.764444","3.960556","42.803889","3.502222","290.931818181818181818","290.93181818","289.16969697","2.3964167","23.45149652492928","2.4671212","29.67907691638172","1.4604166666666667","0.3712871287128713","6.131165311653117","2.773252688172043","0.47878787878787876","0.44238683127572015","1.1973829201101929","4.9875968992248065",,,
"2025-12-08","actual","CAT793","AHS","369296.0000","1550","42","42","915.622500","0.000000","915.622500",,"116.104722","38.349722","761.168056","1.113333","760.054722","55.671944","238.255483870967741935","238.25548387","233.84754839","3.8943931","20.551661130922266","4.0791206","25.731340102457793","3.7525624178712222","1.0544947209653093","11.369571759259259","3.47152491998171","1.1769079685746353","0.6626754748142031","0.7218128224023581","9.511639697950377",,,
"2025-12-08","actual","CAT793","CONV","58163.0000","245","7","7","130.496667","0.000000","130.496667",,"0.000000","9.356667","121.140000","10.710833","110.429167","4.935556","237.400000000000000000","237.40000000","242.29020408","4.6302979","27.405534851505966","5.0416000","32.82891765924391","3.305072463768116","0.4827619047619047","10.137290715372906","3.008371040723982","1.1786821705426358","0.47047377326565143","0.8032539682539682","9.214315352697096",,,
"2025-12-08","actual","EH4000","CONV","194168.0000","855","17","17","370.792500","0.000000","370.792500",,"0.064167","6.305833","364.422500","34.816944","329.605556","43.238333","227.097076023391812865","227.09707602","230.01157895","2.6494012","26.79401038055911","2.8845847","27.825630241158027","2.9775917065390747","0.6487410071942445","5.932821169440888","2.9870722433460073","2.065051903114187","0.5654935812306331","1.2653165117308545","6.219987849331713",,,
"2025-12-08","actual","EH5000","AHS","159879.0000","551","14","14","283.818333","0.000000","283.818333",,"9.991389","22.448333","251.378611","0.786667","250.591944","23.695833","290.161524500907441016","290.16152450","292.33557169","3.0624973","21.01460101841683","3.6961291","26.634486936041203","3.599913867355728","0.8768398268398269","8.743912760416666","3.1844916344916347","1.9880952380952381","0.6658441558441558","1.4798553719008263","8.326338199513382",,,
"2025-12-08","actual","EH5000","CONV","74427.0000","256","5","5","89.108611","0.000000","89.108611",,"0.000000","9.412500","79.696111","9.346389","70.349722","2.525556","290.730468750000000000","290.73046875","291.42539063","2.7217412","25.825349390451407","3.0964492","30.181034428718554","1.9220760233918128","0.4804857621440536","6.323417721518988","2.3774305555555557","0.9111111111111111","0.49170542635658915","1.2961925287356322","6.155751633986928",,,
"2025-12-09","actual","CAT793","AHS","372791.0000","1565","42","42","900.852778","0.000000","900.852778",,"89.485833","7.286111","804.080833","2.490833","801.590000","97.000556","238.205111821086261981","238.20511182","234.07469649","3.7391188","20.87744681280468","4.0058146","25.990128710899157","4.115193704600484","0.9984244670991659","10.745908252650992","3.2646360939995436","1.704948805460751","0.6562316284538506","0.731224091684955","9.247698565617641",,,
"2025-12-09","actual","CAT793","CONV","39966.0000","168","6","6","109.115000","0.000000","109.115000",,"0.000000","13.828611","95.286389","8.345833","86.940556","4.551667","237.892857142857142857","237.89285714","239.38511905","5.7917917","28.980171463345915","5.7246024","31.751985244751353","3.1452991452991457","0.6082666666666667","11.991216216216218","3.1351230425055925","0.49603174603174605","0.47464285714285714","0.7530732860520094","10.817469879518073",,,
"2025-12-09","actual","EH4000","CONV","198544.0000","873","17","17","382.243056","0.000000","382.243056",,"4.488056","26.861111","350.893889","27.919167","322.974722","44.942778","227.427262313860252005","227.42726231","229.61076747","3.0102841","29.480415929439218","3.1341933","31.04805876636544","2.341983122362869","0.6227979274611398","6.126679027606098","2.964853300733496","1.0143285371702637","0.5805484693877552","1.2207155098543272","6.056790842064416",,,
"2025-12-09","actual","EH5000","AHS","198267.0000","682","13","13","278.935556","0.000000","278.935556",,"0.000000","13.345833","265.589722","0.000000","265.589722","29.436944","290.714076246334310850","290.71407625","294.20425220","2.4450754","21.055640890117115","2.6066098","25.264391917287444","3.5715323166303556","0.7756830601092896","6.967468944099379","2.796850998463902","2.0787981859410434","0.6616970926301555","1.3843766720171216","6.1903958944281525",,,
"2025-12-09","actual","EH5000","CONV","86325.0000","297","5","5","169.535000","0.000000","169.535000",,"0.000000","80.689722","88.845278","9.121944","79.723333","5.546667","290.656565656565656566","290.65656566","288.58821549","2.5957441","26.972058945057626","2.9513007","35.41800150821001","2.525295508274232","0.4474149659863945","5.774295774647887","2.316666666666667","1.6291666666666667","0.48617283950617285","1.3461956521739131","4.999662162162163",,,
"2025-12-10","actual","CAT793","AHS","333289.0000","1393","38","38","753.755000","0.000000","753.755000",,"2.206667","9.767500","741.780833","5.105556","736.675278","87.358056","239.259870782483847810","239.25987078","235.70114860","3.5209087","19.289559878253907","3.7399969","23.77452108105901","5.673025048169557","1.15635103926097","10.951754385964911","3.55603827256271","2.649404761904762","0.6421435059037238","0.7632890365448506","9.438668111753373",,,
"2025-12-10","actual","CAT793","CONV","63611.0000","269","8","8","148.518333","0.000000","148.518333",,"0.000000","12.603889","135.914444","11.595833","124.318611","6.023889","236.472118959107806691","236.47211896","238.45204461","4.7439071","26.22467241022543","4.8240186","31.554201352415944","3.767724867724868","0.6151433691756272","10.853688524590163","3.3504742547425477","1.1923809523809523","0.4642959770114942","0.7584415584415585","9.172823383084578",,,
"2025-12-10","actual","EH4000","CONV","202232.0000","889","18","18","418.933889","0.000000","418.933889",,"67.835556","35.804722","315.293611","15.141111","300.152500","30.829167","227.482564679415073116","227.48256468","230.27289089","2.6844938","28.697956952458583","2.8611016","31.894983683742435","2.490710382513661","0.6083833833833834","5.612581699346405","2.835548780487805","1.5444282945736434","0.6017872523686477","1.1472222222222221","5.382228682170543",,,
"2025-12-10","actual","EH5000","AHS","197157.0000","678","12","12","260.318611","0.000000","260.318611",,"0.000000","5.318056","255.000556","8.521944","246.478611","26.623056","290.792035398230088496","290.79203540","289.27064897","2.6015164","25.612336232353798","2.9972581","31.66465791401377","3.302536997885835","0.8585158150851581","6.094367283950617","2.5367383512544803","2.3668604651162792","0.5642372881355933","1.3964266666666667","5.679375614552606",,,
"2025-12-10","actual","EH5000","CONV","78465.0000","270","5","5","103.466667","0.000000","103.466667",,"0.000000","19.740556","83.726111","6.414167","77.311944","3.532222","290.611111111111111111","290.61111111","290.87222222","3.0531027","29.27645935756925","3.2300190","35.287433513292335","2.469858156028369","0.5283333333333333","6.257114624505929","2.8333333333333335","0.8123655913978495","0.5014905149051491","1.2671390013495276","5.492072409488141",,,
"2025-12-11","actual","CAT793","AHS","360699.0000","1509","39","39","816.688333","0.000000","816.688333",,"57.702222","14.445000","744.541111","3.502222","741.038889","73.284444","239.031809145129224652","239.03180915","233.76832339","2.9890000","17.372263853260733","3.1576401","19.56131808554428","3.6475400773908238","1.1107549857549859","10.32335229966809","3.2397751229796206","1.7605354058721934","0.6360331462175889","0.682444944944945","9.685359911406424",,,
"2025-12-11","actual","CAT793","CONV","77076.0000","324","9","9","172.173056","0.000000","172.173056",,"0.000000","17.603889","154.569167","8.790278","145.778889","9.616389","237.888888888888888889","237.88888889","239.42808642","3.9174232","24.596314379071007","3.9917586","30.44118247606943","3.6947278911564623","0.8036873156342182","9.556122448979592","3.3544481981981984","1.4281746031746032","0.5220657276995305","0.7901408450704225","7.8678125",,,
"2025-12-11","actual","EH4000","CONV","212830.0000","936","17","17","358.748611","0.000000","358.748611",,"0.000000","22.391944","336.356667","18.671944","317.684722","23.703889","227.382478632478632479","227.38247863","229.88376068","2.4418731","27.303375233051607","2.6408382","29.446429097106225","3.1874773139745916","0.77946735395189","5.366090629800308","2.9419795221843","1.9410169491525422","0.5712719298245614","1.0987301587301588","5.380967976710335",,,
"2025-12-11","actual","EH5000","AHS","209472.0000","720","14","14","266.330000","0.000000","266.330000",,"0.000000","13.101111","253.228889","1.388889","251.840000","21.149722","290.933333333333333333","290.93333333","291.48611111","2.1025311","21.547703081182856","2.4133839","25.35218155267227","3.418709677419355","0.9474405850091407","5.854538904899135","2.7129867046533716","1.321906841339156","0.6874273639725303","1.3780211480362539","5.711659712563746",,,
"2025-12-11","actual","EH5000","CONV","59070.0000","203","4","4","71.523611","0.000000","71.523611",,"0.000000","7.301944","64.221667","4.588611","59.633056","2.959444","290.985221674876847291","290.98522167","295.49211823","2.2447980","26.723598684256565","2.2965616","32.67182477406993","3.3125757575757575","0.5836190476190476","5.0400352733686065","2.683333333333333","0.4842592592592593","0.4848731884057971","1.2557065217391306","4.217508417508418",,,
"2025-12-12","actual","CAT793","AHS","314449.0000","1315","39","39","755.728611","0.000000","755.728611",,"0.000000","6.941667","748.786944","93.399444","655.387500","81.476389","239.124714828897338403","239.12471483","233.02608365","3.0067194","17.935421359925286","3.1568554","21.733180188988047","4.157573529411765","1.194687277896233","10.058484848484849","3.3503685503685503","2.7108892921960073","0.6604885057471265","0.7079710144927537","8.71530638189677",,,
"2025-12-12","actual","CAT793","CONV","55312.0000","232","6","6","107.424722","0.000000","107.424722",,"0.000000","6.445278","100.979444","5.939167","95.040278","4.325000","238.413793103448275862","238.41379310","238.91551724","3.8331293","25.539829731632427","4.1672069","31.9348261413353","3.35610119047619","0.6013131313131314","9.00506230529595","2.750694444444444","1.0166666666666666","0.45422885572139304","0.7749589490968802","7.829459064327485",,,
"2025-12-12","actual","EH4000","CONV","175450.0000","771","17","17","366.997500","0.000000","366.997500",,"0.000000","22.294444","344.703056","22.833611","321.869444","40.783056","227.561608300907911803","227.56160830","229.00038911","3.2690891","27.621545344099083","3.4162310","29.757535251343253","3.4511261261261263","0.8068505338078291","7.101172058134083","3.1010431154381086","1.4072186836518048","0.5277102330293819","1.1399064500246183","6.88813298106561",,,
"2025-12-12","actual","EH5000","AHS","177711.0000","611","13","13","288.138611","0.000000","288.138611",,"0.000000","24.856667","263.281944","65.016111","198.265833","13.587500","290.852700490998363339","290.85270049","295.21816694","1.9298797","20.614537760908064","2.1807229","26.104162059068425","3.0285145888594163","0.8527777777777777","5.617044793484584","2.6148339060710195","2.256155303030303","0.6697445972495089","1.510439229843562","5.012356792144026",,,
"2025-12-12","actual","EH5000","CONV","81753.0000","281","6","6","92.928333","0.000000","92.928333",,"0.000000","9.030556","83.897778","12.117778","71.780000","3.972500","290.935943060498220641","290.93594306","289.22277580","2.3109502","25.893721145564772","2.4628541","32.23974750329977","2.0741308793456033","0.5674305555555555","5.3548507462686565","2.3214814814814817","0.46515151515151515","0.4593589743589744","1.3111959287531805","4.583511269276395",,,
"2025-12-13","actual","CAT793","AHS","298364.0000","1250","36","36","694.258333","0.000000","694.258333",,"37.776111","15.831389","640.650833","12.845556","627.805278","78.352778","238.691200000000000000","238.69120000","237.57240000","2.5529282","15.937290532469788","2.6054373","14.90854045714198","3.7093023255813953","1.0621951219512196","9.611150131694469","3.51736231884058","2.70239633817986","0.6735549132947977","0.6739993889398106","10.485683588503894",,,
"2025-12-13","actual","CAT793","CONV","75182.0000","314","8","8","156.050833","0.000000","156.050833",,"0.000000","10.875000","145.175833","11.570000","133.605833","8.302222","239.433121019108280255","239.43312102","240.01528662","3.8764931","23.837340649667443","4.0342972","28.42041141347025","3.1924944812362033","0.8726788432267885","9.757363013698631","2.8831073446327684","0.9731638418079096","0.4597680097680098","0.7106447688564477","8.517041800643087",,,
"2025-12-13","actual","EH4000","CONV","184648.0000","812","18","18","345.383611","0.000000","345.383611",,"0.000000","17.801667","327.581944","19.374444","308.207500","40.080833","227.399014778325123153","227.39901478","227.94864532","2.9091248","28.75212678386109","3.0714206","31.005771075051136","3.1302502234137624","0.8390429581294182","6.070767888307156","3.059935064935065","1.7180128205128207","0.5380365296803653","1.1510245901639344","5.943578553615961",,,
"2025-12-13","actual","EH5000","AHS","132498.0000","456","12","12","224.615833","0.000000","224.615833",,"0.000000","26.277500","198.338333","0.000000","198.338333","23.188333","290.565789473684210526","290.56578947","291.63004386","2.4861776","16.230521173081595","2.5790724","19.12560310752751","2.8002750275027504","0.8042857142857144","9.190749601275916","2.353270291568164","2.6515503875968993","0.6986190476190476","1.3911138411138413","8.09095238095238",,,
"2025-12-13","actual","EH5000","CONV","116841.0000","402","8","8","126.253611","0.000000","126.253611",,"0.000000","1.119167","125.134444","13.216389","111.918056","4.436667","290.649253731343283582","290.64925373","289.67562189","2.8859552","28.57208634132315","3.0669577","35.7469514318021","2.7040184453227933","0.6003391472868217","6.060366398570152","2.478659611992945","1.1005555555555555","0.4893315018315018","1.2510445049954586","5.147780569514238",,,
"2025-12-14","actual","CAT793","AHS","374567.0000","1571","43","43","960.685833","0.000000","960.685833",,"203.976389","15.206944","741.502500","6.711944","734.790556","68.883889","238.425843411839592616","238.42584341","237.65337580","3.4881490","20.70684531987569","3.6528373","24.314036951151692","3.6217314487632506","1.0709556425309852","10.107234432234433","3.2424965893587996","2.55766073871409","0.6700585262037776","0.7256864161849711","9.014144316730524",,,
"2025-12-14","actual","CAT793","CONV","47051.0000","197","5","5","105.498333","0.000000","105.498333",,"0.000000","16.075000","89.423333","7.526944","81.896389","8.076667","238.837563451776649746","238.83756345","237.30659898","3.5256173","24.216516561273437","3.6938579","31.366738185557033","4.225347222222222","0.8249417249417249","8.735238095238095","2.553672316384181","1.2407407407407407","0.462202380952381","0.8431372549019608","7.065811965811966",,,
"2025-12-14","actual","EH4000","CONV","243856.0000","1074","17","17","392.181111","0.000000","392.181111",,"0.000000","28.006944","364.174167","23.705000","340.469167","38.512778","227.054003724394785847","227.05400372","227.80037244","2.3888268","28.130899487622788","2.5850431","31.217881927208055","2.8049001248439454","0.8129176854115729","5.095095095095095","2.688050314465409","1.4169642857142857","0.5359278350515464","1.169315445476436","4.968389154704945",,,
"2025-12-14","actual","EH5000","AHS","169563.0000","584","16","16","254.343611","0.000000","254.343611",,"20.549722","4.609444","229.184444","5.443611","223.740833","26.216944","290.347602739726027397","290.34760274","291.92842466","2.7875842","20.91911630426052","2.9174509","27.472553373842697","3.2344322344322345","0.7404761904761905","7.995321100917431","2.3682481751824818","2.443","0.6067021276595744","1.5071428571428571","6.371706758304697",,,
"2025-12-14","actual","EH5000","CONV","48237.0000","166","3","3","51.816389","0.000000","51.816389",,"0.000000","3.295556","48.520833","4.592500","43.928333","0.901667","290.584337349397590361","290.58433735","292.52228916","2.8755663","29.038754895745857","3.0259639","35.16153595727616","1.706060606060606","0.49333333333333335","5.941507430997877","2.639808917197452","3.0961538461538463","0.4470198675496689","1.3370860927152317","5.163535353535353",,,
"2025-12-15","actual","CAT793","AHS","281454.0000","1176","40","40","850.845556","0.000000","850.845556",,"177.661944","9.281667","663.901944","60.953333","602.948611","119.023056","239.331632653061224490","239.33163265","235.61785714","3.2212604","19.97669828326194","3.4227262","23.289297139506864","4.056666666666667","1.0197969543147207","9.675053467766576","3.332819116757411","2.587470238095238","0.6568250758341759","0.6833492214807753","8.81793773207655",,,
"2025-12-15","actual","CAT793","CONV","111898.0000","472","7","7","141.923056","0.000000","141.923056",,"0.000000","5.306389","136.616667","8.714722","127.901944","8.310556","237.072033898305084746","237.07203390","240.68093220","2.9723643","29.400190863704683","3.0349188","34.94979840586797","1.9082037996545769","0.6002610966057441","6.066010211524435","2.3972161966738974","1.8732558139534883","0.40053763440860213","0.7595238095238095","5.210191082802548",,,
"2025-12-15","actual","EH4000","CONV","211338.0000","930","18","18","441.985278","0.000000","441.985278",,"32.231389","57.368889","352.385000","29.770000","322.615000","52.626111","227.245161290322580645","227.24516129","227.31139785","2.2899784","26.204821874031836","2.4471334","29.491540601159763","2.524274593064402","0.7672787193973635","5.243260368663595","2.846196483180428","1.2920833333333335","0.5216765285996056","1.1532549019607843","4.978648148148149",,,
"2025-12-15","actual","EH5000","AHS","90405.0000","312","12","12","220.456111","0.000000","220.456111",,"0.000000","13.086389","207.369722","47.619444","159.750278","20.009444","289.759615384615384615","289.75961538","292.70320513","4.2495710","23.911786272031925","4.7764935","29.7577582229864","3.7842105263157895","0.8685435435435436","10.663120567375888","2.9660859465737515","2.4757201646090534","0.611482939632546","1.417094017094017","9.630752688172043",,,
"2025-12-15","actual","EH5000","CONV","73029.0000","251","5","5","85.508611","0.000000","85.508611",,"0.000000","15.816667","69.691944","8.148611","61.543333","5.665278","290.952191235059760956","290.95219124","290.67011952","2.0195060","25.228495185217312","2.1212231","32.77708727228849","1.857960199004975","0.5528061224489795","4.8029166666666665","2.2213692946058092","1.5634615384615385","0.4416315049226442","1.2727848101265822","3.8829986613119143",,,
"2025-12-16","actual","CAT793","AHS","212541.0000","885","37","37","662.540278","0.000000","662.540278",,"0.000000","2.361944","660.178333","197.802500","462.375833","71.949722","240.159322033898305085","240.15932203","235.48135593","2.7636948","16.9118377294363","2.7907071","17.25231568662866","3.89895178197065","1.0219264892268696","9.805066170388752","3.2235582822085886","3.2778234086242297","0.6896694214876032","0.6558654271801683","9.705504411200614",,,
"2025-12-16","actual","CAT793","CONV","107050.0000","448","9","9","231.584444","0.000000","231.584444",,"55.728056","0.036389","175.820000","44.871667","130.948333","26.689444","238.950892857142857143","238.95089286","240.84553571","2.8956180","43.2871652716831","3.0026966","42.081311904475115","2.0196517412935324","0.6674036281179138","4.013593380614657","2.930444964871194","1.254567901234568","0.4984126984126984","0.8582725060827251","4.281278026905829",,,
"2025-12-16","actual","EH4000","CONV","97134.0000","427","16","16","286.835000","0.000000","286.835000",,"0.000000","24.763056","262.071944","102.951389","159.120556","7.430000","227.480093676814988290","227.48009368","230.19437939","3.5813841","26.28874656089259","3.6485542","32.39336542424517","2.455507868383405","0.6068232662192393","8.173955555555557","2.745964912280702","1.6242690058479532","0.46977715877437326","1.123961218836565","6.7579656862745106",,,
"2025-12-16","actual","EH5000","AHS","38331.0000","132","11","11","172.401944","0.000000","172.401944",,"4.464167","7.025000","160.912778","88.636389","72.276389","8.680000","290.386363636363636364","290.38636364","291.62348485","3.4410076","18.318621804849432","3.4901136","19.1345815896488","3.68","0.9040350877192983","11.27052341597796","2.974104683195592","1.221969696969697","0.7025073746312684","1.3980825958702066","10.943893129770993",,,
"2025-12-16","actual","EH5000","CONV","46248.0000","159","6","6","116.026389","0.000000","116.026389",,"0.000000","9.182778","106.843611","64.930278","41.913333","2.762500","290.867924528301886792","290.86792453","290.63522013","2.1660943","24.95139586381529","2.9558679","39.80019341720503","1.357936507936508","0.47457912457912454","5.208752997601919","2.245443645083933","0.3988095238095238","0.43049095607235144","1.3220959595959596","4.456060606060606",,,
"2025-12-17","actual","CAT793","AHS","340696.0000","1420","40","40","838.496944","0.000000","838.496944",,"88.394722","20.757222","729.345000","0.000000","729.345000","110.724722","239.926760563380281690","239.92676056","232.73288732","3.3999965","19.686600246677024","3.5174836","24.32036309045941","4.263509316770186","1.1353165064102564","10.362367673638007","3.135607215447154","2.8807002801120447","0.6640421115065244","0.6736157253599113","8.67787274453941",,,
"2025-12-17","actual","CAT793","CONV","103088.0000","434","7","7","154.550556","0.000000","154.550556",,"0.000000","12.285833","142.264722","9.303333","132.961389","14.190278","237.529953917050691244","237.52995392","245.72235023","2.2343704","22.439060704902676","2.3060557","28.504326704889287","2.079608938547486","0.6024858757062147","5.974502487562189","2.7212757201646087","0.7008333333333333","0.391733690795353","0.739405684754522","4.854117181314331",,,
"2025-12-17","actual","EH4000","CONV","211152.0000","928","16","16","312.185833","0.000000","312.185833",,"0.000000","6.136944","306.048889","22.406944","283.641944","27.573889","227.534482758620689655","227.53448276","231.22284483","1.9934563","25.28056595541757","2.2119762","29.278064944237915","2.776830937713895","0.839690170940171","4.731198589894243","2.9509452160493828","1.2880555555555555","0.5539107289107289","1.1342254663422546","4.533037694013304",,,
"2025-12-17","actual","EH5000","AHS","147675.0000","509","15","15","269.306389","0.000000","269.306389",,"0.000000","8.463056","260.843333","0.000000","260.843333","38.717500","290.127701375245579568","290.12770138","293.22730845","3.7672758","22.111221483126872","4.1613874","26.296268571130046","4.5038575667655785","0.9309039548022598","10.222707423580784","3.090211062590975","2.619664268585132","0.6504962779156327","1.4419635787806808","9.495006613756614",,,
"2025-12-17","actual","EH5000","CONV","114945.0000","395","5","5","116.522222","0.000000","116.522222",,"0.000000","13.501667","103.020556","8.559722","94.460833","6.075833","291.000000000000000000","291.00000000","291.96632911","1.7667165","24.102029352657198","1.7893013","33.39548264180965","1.5236812570145903","0.48227848101265824","4.398093971631206","2.058923884514436","0.21309523809523812","0.4062728937728938","1.2093351548269582","3.214748508098892",,,
"2025-12-18","actual","CAT793","AHS","385002.0000","1608","40","40","765.834444","0.000000","765.834444",,"0.762222","33.263611","731.808611","8.083889","723.724722","105.211111","239.429104477611940299","239.42910448","236.33206725","3.0381974","19.522716625809693","3.1927424","24.424291775313954","3.658063063063063","1.0762430126507796","9.33742201426025","3.1604372665348275","2.049617737003058","0.668557098765432","0.6831456720619282","7.84319749216301",,,
"2025-12-18","actual","CAT793","CONV","68256.0000","288","6","6","111.594167","0.000000","111.594167",,"0.000000","0.000000","111.594167","8.473611","103.120556","12.240556","237.000000000000000000","237.00000000","213.98159722","2.4512083","23.110846330627687","2.6770451","27.76946114048521","2.9676666666666667","0.9248062015503876","6.363786764705882","2.72530193236715","1.1136054421768706","0.42181933842239183","0.679861111111111","5.784149184149184",,,
"2025-12-18","actual","EH4000","CONV","175802.0000","773","15","15","348.100833","0.000000","348.100833",,"0.000000","58.867222","289.233611","23.417778","265.815833","26.248611","227.428201811125485123","227.42820181","230.43324709","2.4068873","27.386957635197316","2.6527730","29.372440216316893","3.048347398030942","0.8879420289855073","5.2730661040787625","3.0874301675977653","1.5778287461773701","0.5655281007751938","1.1027092404450896","5.418902169101372",,,
"2025-12-18","actual","EH5000","AHS","177627.0000","612","17","17","318.028611","0.000000","318.028611",,"0.000000","49.254167","268.774444","0.365833","268.408611","43.818056","290.240196078431372549","290.24019608","296.49215686","3.0197222","21.22507614346734","3.3334335","27.465003680650135","3.0789496527777778","0.8397497982243746","8.536286549707603","2.6575836216839677","2.3071912013536378","0.640057915057915","1.578558225508318","7.282213114754098",,,
"2025-12-18","actual","EH5000","CONV","89889.0000","309","5","5","96.936389","0.000000","96.936389",,"0.000000","4.966111","91.970278","5.633611","86.336667","12.893333","290.902912621359223301","290.90291262","292.47864078","1.7581169","23.824540608025096","1.7964903","30.314664893947235","2.826052631578947","0.47109375","4.427662037037037","2.281944444444444","1.2383561643835617","0.5226571767497035","1.1043890865954924","3.5556856187290973",,,
"2025-12-19","actual","CAT793","AHS","424755.0000","1779","41","41","808.365278","0.000000","808.365278",,"0.000000","15.745000","792.620278","9.845556","782.774722","70.356944","238.760539629005059022","238.76053963","238.73445756","3.1386442","20.665879399243188","3.2383543","24.67557890022421","4.303435468895079","1.0580748175182482","9.11253996802558","3.219429642786659","2.5799627791563275","0.6870345446388515","0.6883669609079445","7.874233013363448",,,
"2025-12-19","actual","CAT793","CONV","113751.0000","483","8","8","169.788611","0.000000","169.788611",,"0.000000","7.431389","162.357222","14.355556","148.001667","10.655556","235.509316770186335404","235.50931677","227.64037267","2.2092243","22.94946629260762","2.4700211","29.06247088410753","2.84641975308642","0.7034839924670434","5.775884123401053","2.6760999254287845","0.9858695652173913","0.4064516129032258","0.6341704718417047","5.09940350877193",,,
"2025-12-19","actual","EH4000","CONV","184352.0000","811","14","14","290.314444","0.000000","290.314444",,"0.052500","25.504167","264.757778","22.739444","242.018333","17.665000","227.314426633785450062","227.31442663","230.66609125","1.8383930","25.615149236627264","2.1580778","28.630800420030162","2.7583333333333333","0.8688492063492064","4.306185335132704","3.135615212527964","1.6116438356164382","0.5485446009389672","1.1263640531866117","4.522565422565423",,,
"2025-12-19","actual","EH5000","AHS","197451.0000","679","16","16","288.723333","0.000000","288.723333",,"0.000000","39.565000","249.158333","5.361667","243.796667","24.893611","290.796759941089837997","290.79675994","294.18468336","2.4327715","23.48161667729282","2.5474392","26.472422276075235","2.8690070921985815","0.8354205607476636","6.216194225721784","2.422630208333333","2.143741209563994","0.6427013422818793","1.6081980519480519","5.773795476892823",,,
"2025-12-19","actual","EH5000","CONV","129204.0000","444","5","5","113.511389","0.000000","113.511389",,"0.000000","1.400833","112.110556","8.636667","103.473889","5.614444","291.000000000000000000","291.00000000","285.28536036","1.6511149","23.55560542608368","1.6503806","30.03323942941557","1.9239549839228296","0.4638961038961039","4.205661124307205","1.9883766745468874","1.2813253012048194","0.5180402930402931","1.0869076305220884","3.2971080669710804",,,
"2025-12-20","actual","CAT793","AHS","369731.0000","1547","39","39","731.835000","0.000000","731.835000",,"1.299444","5.442500","725.093056","0.331944","724.761111","97.587222","238.998707175177763413","238.99870718","240.25597931","3.2938328","20.001978483914545","3.4398517","26.85196166516262","4.346939619520265","1.0905382815112004","9.880520977408944","3.4003543667123917","2.074619978284473","0.6516855565242662","0.6589272593681117","7.686257882148293",,,
"2025-12-20","actual","CAT793","CONV","113785.0000","481","9","9","151.301111","0.000000","151.301111",,"0.000000","12.548889","138.752222","12.640833","126.111389","10.812222","236.559251559251559252","236.55925156","240.03742204","2.4602723","21.56313489877222","2.6126368","30.338966790134293","2.347392923649907","0.5849702380952381","6.845773524720894","2.2716312056737586","0.7253968253968254","0.4150952380952381","0.6552545155993432","5.166893424036281",,,
"2025-12-20","actual","EH4000","CONV","189194.0000","832","13","13","281.268333","0.000000","281.268333",,"0.000000","14.448333","266.820000","19.877500","246.942500","19.812778","227.396634615384615385","227.39663462","228.39747596","2.0238329","26.621601171879036","2.2132883","28.472323445765973","2.685185185185185","0.7811111111111111","4.561332476435305","3.0928208386277003","0.9750718390804598","0.5628222836095765","1.1323853615520283","4.664083640836409",,,
"2025-12-20","actual","EH5000","AHS","247911.0000","853","17","17","453.505833","0.000000","453.505833",,"88.609167","52.592222","312.304444","0.000000","312.304444","32.060556","290.634232121922626026","290.63423212","294.23786635","2.3688290","23.135087619771962","2.6869396","27.63459090263457","3.824896755162242","0.9226798462383307","6.1434710054234465","2.42","2.07317620650954","0.665511982570806","1.5051331615120276","5.833861502347418",,,
"2025-12-20","actual","EH5000","CONV","95727.0000","329","5","5","93.485833","0.000000","93.485833",,"0.000000","13.987500","79.498333","5.853611","73.644722","3.174722","290.963525835866261398","290.96352584","289.14802432","1.7222128","21.928050601479434","1.8973647","31.83412517765774","1.4993975903614458","0.44583333333333336","4.712355415352261","1.9247395833333334","0.8200000000000001","0.49472222222222223","1.2414223669923996","3.5760958205912337",,,
"2025-12-21","actual","CAT793","AHS","268512.0000","1122","36","36","1101.057500","0.000000","1101.057500",,"15.888889","336.182500","748.986111","223.697778","525.288333","76.998333","239.315508021390374332","239.31550802","241.83342246","2.8316038","18.56036992326051","3.0230339","24.552159657279454","4.5939017169923035","1.1364611872146118","9.153709150326797","3.454121863799283","1.5756186317321688","0.6451575262543757","0.6494725738396625","7.387620336943441",,,
"2025-12-21","actual","CAT793","CONV","150218.0000","632","15","15","313.480556","0.000000","313.480556",,"0.000000","30.713611","282.766944","100.450556","182.316389","13.366667","237.686708860759493671","237.68670886","232.94731013","2.7598389","21.553764974080625","3.1237312","27.9550489507115","4.18949938949939","0.7215260017050298","7.682663989290495","2.606818181818182","1.1317073170731708","0.48583707025411066","0.7653292181069958","6.704473039215686",,,
"2025-12-21","actual","EH4000","CONV","139346.0000","613","15","15","334.528611","0.000000","334.528611",,"55.536389","25.655000","253.337222","28.750000","224.587222","30.385278","227.318107667210440457","227.31810767","224.38433931","2.7064910","28.00164359703338","2.9275353","31.166339444285995","2.8906542056074764","0.7296850998463902","5.799283154121864","2.8529062870699877","1.3465686274509805","0.5472703917790622","1.1075187969924811","5.635956006768189",,,
"2025-12-21","actual","EH5000","AHS","184812.0000","636","16","16","461.806944","0.000000","461.806944",,"0.000000","26.147500","435.659444","209.314167","226.345278","22.978333","290.584905660377358491","290.58490566","290.36823899","2.2573016","21.12593166863748","2.5718045","28.651462948242227","3.2520494972931164","0.9494279176201373","6.410988074957411","2.2462619449128725","2.117230273752013","0.6525851581508515","1.406855791962175","5.385703001579779",,,
"2025-12-21","actual","EH5000","CONV","102138.0000","351","5","5","120.720000","0.000000","120.720000",,"13.450833","6.720278","100.548889","12.651944","87.896944","3.342500","290.991452991452991453","290.99145299","291.60911681","1.7747771","22.86766354559315","1.7788171","29.42771581026833","1.786484593837535","0.590347923681257","4.656646525679759","1.9967757936507937","1.6017543859649124","0.43719958202716824","1.2014871794871795","3.6268199233716474",,,
"2025-12-22","actual","CAT793","AHS","218833.0000","913","37","37","487.120556","0.000000","487.120556",,"0.000000","20.122778","466.997778","27.777778","439.220000","57.062500","239.685651697699890471","239.68565170","238.33975904","2.6912926","16.67582333907057","2.7084307","20.35955699535854","5.48133971291866","0.9569309600862999","9.683333333333334","3.2207942097026603","3.0415503875968994","0.6543535620052771","0.6408124999999999","7.981796560556165",,,
"2025-12-22","actual","CAT793","CONV","104242.0000","436","14","14","229.315278","0.000000","229.315278",,"0.000000","26.658611","202.656667","21.276667","181.380000","14.315278","239.087155963302752294","239.08715596","235.49954128","4.0809931","26.728029987408572","4.3815128","32.739341996667356","4.029952830188679","0.692090395480226","9.161153519932146","2.685756056808688","1.1124074074074073","0.49166666666666664","0.7163111111111111","8.02981220657277",,,
"2025-12-22","actual","EH4000","CONV","163180.0000","718","14","14","286.039167","0.000000","286.039167",,"0.078889","23.896389","262.063889","19.248056","242.815833","25.445278","227.270194986072423398","227.27019499","227.13370474","2.6245874","28.26837888574432","2.8782031","31.196678689864296","2.788253968253968","0.7003092145949289","5.57072072072072","2.723071216617211","0.8457685664939552","0.5543219461697723","1.0607736240913812","5.5355952380952385",,,
"2025-12-22","actual","EH5000","AHS","97377.0000","335","15","15","132.221389","0.000000","132.221389",,"0.000000","6.561944","125.659444","0.046667","125.612778","17.905833","290.677611940298507463","290.67761194","288.58000000","2.8896095","23.12055788399166","2.8998349","25.024030610421118","3.4352430555555555","0.9456028368794326","7.498805646036916","2.3001623376623375","1.4128787878787878","0.662410071942446","1.4891328828828827","6.952920443101712",,,
"2025-12-22","actual","EH5000","CONV","53784.0000","185","5","5","187.460000","0.000000","187.460000",,"126.579722","1.978333","58.901944","6.575000","52.326944","3.348333","290.724324324324324324","290.72432432","290.20594595","2.5141730","25.6645258979206","2.5582811","32.345685662569224","2.0414893617021277","0.5635761589403974","5.877777777777778","2.309047619047619","2.4555555555555557","0.4729044834307992","1.213214990138067","4.74551282051282",,,
"2025-12-23","actual","CAT793","AHS","375957.0000","1575","38","38","840.446111","0.000000","840.446111",,"91.093333","10.861667","738.491111","2.908333","735.582778","93.653333","238.702857142857142857","238.70285714","236.54761905","3.2024281","19.54911362963156","3.4084129","24.39628171381108","3.5298980496453902","0.9913943355119825","9.828869463869465","3.102199074074074","2.1144829317269074","0.6386439804073215","0.7095679012345679","8.382620614035087",,,
"2025-12-23","actual","CAT793","CONV","104132.0000","440","12","12","213.473056","0.000000","213.473056",,"0.609167","29.905278","182.958611","24.268889","158.689722","16.173889","236.663636363636363636","236.66363636","242.35204545","3.3526362","29.456097967705105","3.3925172","32.17750851811342","2.9452488687782803","0.7779569892473118","6.829084158415841","2.7868959868959866","0.6094086021505376","0.48007448789571694","0.7665387894288149","6.325879204892967",,,
"2025-12-23","actual","EH4000","CONV","159642.0000","702","15","15","304.389444","0.000000","304.389444",,"0.000000","39.795278","264.594167","23.143333","241.450833","34.735833","227.410256410256410256","227.41025641","232.02777778","2.3328400","28.25647212169702","2.4901032","28.949923483041857","2.7954755309325945","0.8155115511551155","4.9535695538057745","3.0626168224299066","1.4774774774774775","0.5415005537098561","1.0869028448738594","5.160849288168876",,,
"2025-12-23","actual","EH5000","AHS","178365.0000","614","16","16","288.674167","0.000000","288.674167",,"0.886944","22.466944","265.320278","1.812222","263.508056","31.530278","290.496742671009771987","290.49674267","290.91824104","2.6907663","21.9381137569378","3.1416874","27.152860964301798","3.692813852813853","0.9809069212410502","7.359154929577465","2.5238801628853986","2.3228915662650604","0.6886348575215374","1.5323565323565325","6.942224034801523",,,
"2025-12-23","actual","EH5000","CONV","30711.0000","106","4","4","77.476667","0.000000","77.476667",,"9.764722","7.386667","60.325278","6.621944","53.703333","2.498611","289.726415094339622642","289.72641509","291.68773585","5.8669038","34.00419187764138","6.3289619","37.98153492128894","3.9336158192090394","0.6316939890710382","10.352083333333333","3.963095238095238","2.8333333333333335","0.525968992248062","1.1579545454545455","9.997955974842768",,,
"2025-12-24","actual","CAT793","AHS","246281.0000","1031","34","34","683.815278","0.000000","683.815278",,"0.000000","2.802500","681.012778","159.909722","521.103056","55.329722","238.875848690591658584","238.87584869","239.06304559","3.9063888","20.95183455467541","4.1586573","23.957835760592044","3.1666666666666665","1.001552431165788","11.186768747546132","3.258130081300813","1.5942896935933146","0.6686009896536212","0.7412537060567556","10.414940668824164",,,
"2025-12-24","actual","CAT793","CONV","129013.0000","547","14","14","263.143333","0.000000","263.143333",,"0.000000","13.354167","249.789167","74.344167","175.445000","10.513611","235.855575868372943327","235.85557587","240.56910420","2.4575668","20.90765785074627","2.7103302","27.64694440086496","2.5643369175627244","0.7327669902912621","7.052631578947368","2.790113560454242","2.3240384615384615","0.45078064012490243","0.793256464011181","5.882017543859649",,,
"2025-12-24","actual","EH4000","CONV","148768.0000","656","17","17","298.158611","0.000000","298.158611",,"0.000000","7.328333","290.830278","54.671389","236.158889","32.298889","226.780487804878048780","226.78048780","231.79573171","2.1724838","24.945339851628155","2.6682581","28.68979005214786","3.0653660886319845","0.7187545787545788","5.225385934819897","2.933021010789324","1.6738255033557048","0.5395674300254453","1.1619175627240144","5.580225080385852",,,
"2025-12-24","actual","EH5000","AHS","114864.0000","395","14","14","244.523611","0.000000","244.523611",,"0.000000","13.924444","230.599167","82.465000","148.134167","16.897778","290.794936708860759494","290.79493671","292.95544304","2.1785293","20.625203567409876","2.6863173","23.87852640643995","3.162635379061372","0.8728898426323319","6.33747723132969","2.9893980233602875","2.8278985507246377","0.6166666666666667","1.442095238095238","6.749957482993197",,,
"2025-12-24","actual","EH5000","CONV","54054.0000","186","3","3","69.236667","0.000000","69.236667",,"0.000000","0.000000","69.236667","8.766944","60.469722","2.845278","290.612903225806451613","290.61290323","290.54731183","2.7304839","28.814857353173107","2.7337581","33.18747462502749","3.806060606060606","0.5911691542288557","5.685575048732943","3.5208097928436914","0.8756410256410256","0.4486111111111111","1.2361764705882352","4.942391304347826",,,
"2025-12-25","actual","CAT793","AHS","279398.0000","1166","37","37","656.269722","0.000000","656.269722",,"6.925556","41.911389","607.432778","31.018889","576.413889","64.274444","239.620926243567753002","239.62092624","243.03344768","2.8258773","18.542613240974017","3.0090608","18.685159828388574","3.719950738916256","1.182789598108747","9.143945127719963","3.381771321462043","3.233035181872391","0.6636861939020213","0.6767134737545971","9.662408545507756",,,
"2025-12-25","actual","CAT793","CONV","135074.0000","572","13","13","195.322500","0.000000","195.322500",,"0.000000","4.829167","190.493333","17.303333","173.190000","8.003333","236.143356643356643357","236.14335664","244.07744755","2.5171451","23.05000485768827","2.6554073","26.310884880163677","2.362978723404255","0.6594007490636705","6.552220137585992","2.6920841063698204","0.8160337552742616","0.47470547470547475","0.7609284332688588","6.0554572271386435",,,
"2025-12-25","actual","EH4000","CONV","193600.0000","854","15","15","319.604444","0.000000","319.604444",,"0.000000","9.424444","310.180000","23.679167","286.500833","33.912222","226.697892271662763466","226.69789227","230.91381733","2.1608759","24.24650333816506","2.3537260","26.588031398153408","2.463888888888889","0.7238974358974359","5.347268106734434","3.004413619167717","1.700574712643678","0.5407046824293","1.2304704837993787","5.3115463076295395",,,
"2025-12-25","actual","EH5000","AHS","134313.0000","462","14","14","180.303333","0.000000","180.303333",,"0.108056","1.600278","178.595000","1.468889","177.126111","17.240000","290.720779220779220779","290.72077922","290.86774892","2.1431351","18.57472903196594","2.3898606","22.957567542984428","2.851048565121413","0.9683391003460208","6.922744648318043","3.0517762660619803","1.8465555555555555","0.6724766751484309","1.6972353870458137","6.245942028985508",,,
"2025-12-25","actual","EH5000","CONV","105912.0000","364","5","5","93.600556","0.000000","93.600556",,"0.000000","0.154444","93.446111","8.271389","85.174722","1.941667","290.967032967032967033","290.96703297","292.09395604","1.8538104","22.82129280443871","1.8579148","28.93902880005706","1.3630522088353414","0.40240196078431373","4.873896713615023","1.9598230912476722","1.2888888888888888","0.4792964244521338","1.181609195402299","3.8520604395604394",,,
"2025-12-26","actual","CAT793","AHS","379651.0000","1585","36","36","733.228889","0.000000","733.228889",,"0.000000","14.588889","718.640000","0.010833","718.629167","79.738611","239.527444794952681388","239.52744479","239.74807571","2.8439233","18.87852314868061","2.8824812","22.18761238443588","3.729399585921325","0.9878885811018775","9.038598870056497","3.205592841163311","2.4426694329183953","0.6736069651741293","0.6882339015151515","7.794839255499154",,,
"2025-12-26","actual","CAT793","CONV","167074.0000","706","13","13","250.603333","0.000000","250.603333",,"0.000000","41.242222","209.361111","29.183056","180.178056","10.090278","236.648725212464589235","236.64872521","242.82747875","2.2796491","23.71006702532338","2.3729169","27.623806047524226","2.0278","0.6212389380530973","5.768813131313132","2.5539726877715703","0.6812925170068027","0.4648849294729027","0.7620352250489237","5.154069419509275",,,
"2025-12-26","actual","EH4000","CONV","143750.0000","633","16","16","334.447500","0.000000","334.447500",,"6.392778","47.009444","281.045278","23.313056","257.732222","46.139167","227.093206951026856240","227.09320695","229.31658768","3.0166777","29.522936561529104","3.1508764","30.98454595319167","2.6327496757457847","0.7239442946990117","6.130848861283644","3.558213058419244","1.2057251908396946","0.522663723325975","1.307452276064611","6.101512163050625",,,
"2025-12-26","actual","EH5000","AHS","217878.0000","750","14","14","292.135278","0.000000","292.135278",,"0.210833","5.680833","286.243611","0.006389","286.237222","33.901944","290.504000000000000000","290.50400000","293.78826667","2.2501974","20.64624637130357","2.4035355","24.894681275677932","3.55010101010101","0.9111989459815547","6.539292497625832","2.8987089201877936","2.0415865384615386","0.6333639143730887","1.4552373959862948","5.792889187976671",,,
"2025-12-26","actual","EH5000","CONV","118128.0000","406","6","6","136.045556","0.000000","136.045556",,"0.000000","23.341111","112.704444","13.942222","98.762222","4.874167","290.955665024630541872","290.95566502","290.69753695","2.0093079","25.441339545732216","2.1291084","30.9076743109151","1.5023277467411547","0.44278100775193796","4.738684210526316","2.093499127399651","0.35666666666666663","0.47936746987951806","1.1711590296495955","4.133164556962026",,,
"2025-12-27","actual","CAT793","AHS","420063.0000","1755","43","43","797.924444","0.000000","797.924444",,"0.000000","33.477222","764.447222","0.732222","763.715000","93.472778","239.352136752136752137","239.35213675","236.82296296","2.6811293","19.087100093052374","2.7867792","20.888460935421072","3.5401109503135553","0.909040959040959","8.428087934560327","3.16747868453106","2.4308817204301074","0.6763022743947176","0.6713102245476346","8.004742547425474",,,
"2025-12-27","actual","CAT793","CONV","52602.0000","222","6","6","116.794444","0.000000","116.794444",,"0.000000","10.237778","106.556667","11.375833","95.180833","11.823056","236.945945945945945946","236.94594595","223.33288288","3.0692636","23.27080555921122","3.6381743","29.50267300385414","3.2066666666666666","0.989451476793249","7.913598673300166","2.408374384236453","2.8199074074074075","0.48123809523809524","0.859020618556701","7.399006116207952",,,
"2025-12-27","actual","EH4000","CONV","235942.0000","1043","16","16","362.427500","0.000000","362.427500",,"5.283056","32.384444","324.760000","33.502222","291.257778","33.581389","226.214765100671140940","226.21476510","227.33336529","1.8053346","25.12092065264238","2.0127312","29.21769114228354","2.1120894479385046","0.674363949978439","4.311946902654867","2.6317833698030637","0.8086466165413533","0.4865184294871795","1.2169306184012068","4.133244869072895",,,
"2025-12-27","actual","EH5000","AHS","180621.0000","622","14","14","297.645556","0.000000","297.645556",,"58.828056","12.507222","226.310278","0.350556","225.959722","25.810833","290.387459807073954984","290.38745981","292.31543408","2.2533205","20.361138275828157","2.4801190","27.023193572999595","3.1895140664961636","0.8522569444444444","6.6400624645088016","3.0204954954954957","2.150546448087432","0.6520376175548589","1.5041444641799881","5.506645230439442",,,
"2025-12-27","actual","EH5000","CONV","107379.0000","369","5","5","104.066111","0.000000","104.066111",,"0.000000","0.223889","103.842222","10.616944","93.225278","5.987500","291.000000000000000000","291.00000000","296.17289973","1.8889756","22.950591610719698","2.0377886","29.96861047345226","2.1017146776406035","0.5911039657020364","4.938370998116762","2.1031746031746033","0.5847222222222223","0.4709554831704669","1.2584057971014493","4.0798460144927535",,,
"2025-12-28","actual","CAT793","AHS","430967.0000","1805","40","40","901.631389","0.000000","901.631389",,"49.860278","11.988611","839.782500","4.675833","835.106667","151.248056","238.762880886426592798","238.76288089","236.73252078","2.2623578","17.34405461455478","2.4141908","18.81478851741303","3.367659657320872","1.057079945799458","7.8263976340393056","3.3605498477929983","2.299523217247098","0.6656817684394835","0.6718367346938776","7.698808193668529",,,
"2025-12-28","actual","CAT793","CONV","90615.0000","381","8","8","170.000000","0.000000","170.000000",,"20.072500","7.126389","142.801111","9.390278","133.410833","19.483333","237.834645669291338583","237.83464567","231.64251969","2.1738587","21.22959170878479","2.5113753","27.15950313770002","3.3727911646586346","1.0037959667852907","6.1438544739429695","3.0101173020527856","1.2518817204301074","0.4590960451977401","0.9634328358208956","5.548058712121213",,,
"2025-12-28","actual","EH4000","CONV","239590.0000","1058","17","17","359.402778","0.000000","359.402778",,"7.698333","36.482500","315.221944","32.582500","282.639444","37.847500","226.455576559546313800","226.45557656","228.01701323","1.4519224","21.747932721929786","1.5244172","25.557322193597216","1.8118560606060607","0.5842127842127842","4.005683901723506","2.6065827862873814","1.4655836341756918","0.5519047619047619","1.239799331103679","3.578819068255688",,,
"2025-12-28","actual","EH5000","AHS","177336.0000","610","15","15","297.823889","0.000000","297.823889",,"27.580556","23.122500","247.120833","0.114722","247.006111","32.503889","290.714754098360655738","290.71475410","299.97491803","2.4170139","18.421667207987447","2.4879317","23.34258606837093","3.386111111111111","0.8266431924882629","7.872296918767507","2.6764705882352944","1.8320028011204483","0.6267657992565056","1.6235849056603773","6.3950027457440966",,,
"2025-12-28","actual","EH5000","CONV","91362.0000","314","5","5","124.881944","0.000000","124.881944",,"49.988056","3.594167","71.299722","4.787500","66.512222","3.759167","290.961783439490445860","290.96178344","299.70127389","1.8137674","22.037638771569068","1.9396806","27.47368373429084","1.9324603174603174","0.5887943262411348","4.938189845474613","2.0273377337733773","2.4152173913043478","0.5016374269005848","1.2782051282051283","4.236084142394822",,,
"2025-12-29","actual","CAT793","AHS","382193.0000","1601","40","40","1084.680278","0.000000","1084.680278",,"90.358333","7.208611","987.113333","229.843333","757.270000","107.683056","238.721424109931292942","238.72142411","234.02623360","2.4860423","17.271815304348276","2.6108684","20.06370645809273","3.9351044504995456","1.1319576217583809","8.636181858802502","3.388649425287356","2.492297784647089","0.6587115284298384","0.6924923869758726","7.807735042735043",,,
"2025-12-29","actual","CAT793","CONV","106229.0000","449","8","8","211.734722","0.000000","211.734722",,"0.000000","39.940556","171.794167","31.594167","140.200000","11.006111","236.590200445434298441","236.59020045","221.68596882","2.0642361","20.856142495340695","2.2921518","25.08224688820836","2.765023474178404","0.9158991228070176","5.938498263888889","2.6227390180878554","1.8243859649122807","0.4727777777777778","0.8160017730496454","5.4831255195344974",,,
"2025-12-29","actual","EH4000","CONV","247576.0000","1092","16","16","384.903333","0.000000","384.903333",,"10.108056","13.921111","360.874167","60.669444","300.204722","36.933056","226.717948717948717949","226.71794872","227.62957875","1.4399954","22.240366722876765","1.6003728","24.33118162783564","2.0715925925925927","0.7771533161068045","3.8848156182212583","2.773763440860215","1.7716510903426792","0.5502685078634446","1.2662610619469026","3.946473684210526",,,
"2025-12-29","actual","EH5000","AHS","167997.0000","579","13","13","385.429444","0.000000","385.429444",,"22.257222","7.144167","356.028056","125.715278","230.312778","24.062500","290.150259067357512953","290.15025907","293.24231434","2.5352847","20.68357106128477","2.8211426","24.592924714000723","3.184702549575071","0.8322033898305085","7.3544883303411135","2.7547619047619047","1.3739999999999999","0.6649666666666667","1.496045197740113","6.8828151986183075",,,
"2025-12-29","actual","EH5000","CONV","78861.0000","271","6","6","192.380833","0.000000","192.380833",,"48.501111","43.425000","100.454722","20.486389","79.968333","5.871111","291.000000000000000000","291.00000000","291.21291513","1.6882333","19.86097277529606","2.0298118","24.999430355678804","2.1272536687631027","0.7","5.100152905198777","2.392813455657492","1.4375","0.5291469194312797","1.2912772585669783","4.871659324522761",,,
"2025-12-30","actual","CAT793","AHS","355466.0000","1490","39","39","626.573333","0.000000","626.573333",,"0.227222","11.280833","615.065278","10.581944","604.483333","60.443333","238.567785234899328859","238.56778523","236.97993289","2.3508919","18.629384173023247","2.4519883","21.50792891903658","4.104358593363051","1.0576633986928106","7.571560749939128","3.5287702735415154","2.457688828584351","0.6929517753047165","0.6744890234670703","6.840235457063712",,,
"2025-12-30","actual","CAT793","CONV","122051.0000","515","10","10","168.802500","0.000000","168.802500",,"0.000000","15.305556","153.496944","13.824722","139.672222","6.961111","236.992233009708737864","236.99223301","236.76446602","2.0804651","19.91109862443515","2.3027555","25.087089950988453","2.415363511659808","0.7183044315992293","6.269262603461248","2.555406413124534","1.6599537037037038","0.5325609756097561","0.7993023255813954","5.5074275362318845",,,
"2025-12-30","actual","EH4000","CONV","252914.0000","1115","16","16","327.257778","0.000000","327.257778",,"28.303056","16.272778","282.681944","13.310278","269.371667","22.842778","226.828699551569506726","226.82869955","229.65121076","1.2346930","21.898643378759587","1.4932621","24.71828449844589","2.0958241758241756","0.5693382352941178","3.3829301075268816","2.7308103975535167","2.6961971830985916","0.5787973366625052","1.137788198515045","3.624674115456238",,,
"2025-12-30","actual","EH5000","AHS","136290.0000","470","18","18","205.985278","0.000000","205.985278",,"0.515833","3.047500","202.421944","4.993056","197.428889","25.356944","289.978723404255319149","289.97872340","288.95170213","2.9172170","22.78534321477307","3.1543333","29.453543920990498","3.834116331096197","0.9190900098911968","7.68182503770739","3.2535580524344567","2.709080459770115","0.6158980582524272","1.517590454195535","6.425712250712251",,,
"2025-12-30","actual","EH5000","CONV","26772.0000","92","3","3","49.567778","0.000000","49.567778",,"0.589722","19.433889","29.544167","6.303056","23.241111","1.401667","291.000000000000000000","291.00000000","290.49347826","1.2055435","15.767326430517711","1.8359565","23.4339653182917","2.8579999999999997","0.43201754385964913","4.5875","2.7129166666666666","0.4805555555555555","0.49583333333333335","1.2458333333333333","4.700757575757576",,,
"2025-12-31","actual","CAT793","AHS","483219.0000","2031","43","43","874.930833","0.000000","874.930833",,"24.247222","14.558889","836.124722","3.315556","832.809167","87.748889","237.921713441654357459","237.92171344","236.48345643","2.4691810","19.40624709503548","2.6519009","23.854553072067333","4.314531941808982","1.0761295180722892","7.63418394471026","3.3303967837790593","2.5180801687763714","0.6545436389055322","0.7143500643500643","6.670175438596491",,,
"2025-12-31","actual","CAT793","CONV","66857.0000","281","6","6","191.711667","0.000000","191.711667",,"64.453889","22.577222","104.680556","14.032222","90.648333","11.411389","237.925266903914590747","237.92526690","243.60782918","2.2911993","26.1370729310315","2.5223129","28.057306657190974","4.264090909090909","0.8181159420289855","5.259653916211293","3.136648745519713","1.3527777777777779","0.4704481792717087","1.2277462121212122","5.393916666666667",,,
"2025-12-31","actual","EH4000","CONV","239256.0000","1055","17","17","364.113889","0.000000","364.113889",,"47.144444","30.277500","286.691944","22.179722","264.512222","22.968056","226.782938388625592417","226.78293839","230.67232227","1.2138370","23.528246022983755","1.3837590","25.77875453726503","2.6337239583333334","0.6749775985663082","3.0954377104377104","2.748288467929545","1.854372427983539","0.5555494505494506","1.1290642076502733","3.220696324951644",,,
"2025-12-31","actual","EH5000","AHS","247749.0000","854","17","17","367.411944","0.000000","367.411944",,"32.023611","2.270278","333.118056","0.654722","332.463333","31.635556","290.104215456674473068","290.10421546","291.09461358","2.7317723","23.19597125674678","2.8356866","27.837226899121585","3.5375880758807585","0.8511926058437687","7.066155419222905","2.753341433778858","2.3999231950844853","0.5429461504227859","1.45447983014862","6.112002341920375",,,
"2025-12-31","actual","EH5000","CONV","57327.0000","197","4","4","80.081667","0.000000","80.081667",,"0.000000","4.991389","75.090278","11.455833","63.634444","6.312500","291.000000000000000000","291.00000000","293.82030457","1.8216751","21.708906950475278","2.4762538","30.697251045787972","2.3148809523809524","0.4898717948717949","5.034823091247672","2.5086996336996337","1.1655555555555557","0.5325503355704698","1.3772380952380952","4.840017361111111",,,
"2026-01-01","actual","CAT793","AHS","519157.0000","2179","47","47","930.291389","0.000000","930.291389",,"18.525278","37.835833","873.930278","0.000000","873.930278","105.648333","238.254703992657182194","238.25470399","236.12680128","2.4404817","19.369277823801294","2.5796382","23.732678949153286","4.292430734075978","1.112466323781533","7.5598534613441135","3.2974416666666664","2.5946718289085546","0.6719482917820868","0.73039628265825","6.521737066919791",,,
"2026-01-01","actual","CAT793","CONV","36496.0000","154","3","3","62.219722","0.000000","62.219722",,"0.000000","3.246667","58.973056","3.931944","55.041111","3.228889","236.987012987012987013","236.98701299","212.83961039","2.7236144","25.009216130136988","2.7173701","29.06062342369105","3.528623188405797","0.9612994350282486","6.534265734265734","3.4234953703703703","0.5931372549019608","0.38756038647342994","1.0866666666666667","5.610416666666667",,,
"2026-01-01","actual","EH4000","CONV","258726.0000","1140","17","17","351.378889","0.000000","351.378889",,"0.000000","2.435278","348.943611","32.867500","316.076111","16.667778","226.952631578947368421","226.95263158","229.06140351","1.5899939","25.720725006041686","1.7803544","25.643765263431423","3.037784522003035","0.7553945249597424","3.70905695611578","2.806077348066298","1.9031446540880501","0.5756069553805774","1.16081509673327","4.165584223013049",,,
"2026-01-01","actual","EH5000","AHS","216852.0000","747","17","17","323.798889","0.000000","323.798889",,"0.000000","26.301111","297.497778","0.075556","297.422222","32.054444","290.297188755020080321","290.29718876","291.61512718","2.7403922","20.932409268204843","2.9677962","27.399650306885793","3.305886524822695","0.8819411296738265","7.854974068835455","2.4729723394280354","2.373643410852713","0.6128579146407347","1.4579881656804734","6.498906738063365",,,
"2026-01-01","actual","EH5000","CONV","79152.0000","272","5","5","96.605278","0.000000","96.605278",,"0.000000","8.318333","88.286944","14.517500","73.769444","3.986944","291.000000000000000000","291.00000000","285.00551471","1.6588930","22.893135888934935","2.1257537","29.003706708282245","2.365034965034965","0.6033333333333334","4.347747747747747","2.623692077727952","0.37884615384615383","0.4686971235194585","1.3294520547945206","4.397549019607843",,,
"2026-01-02","actual","CAT793","AHS","475552.0000","2002","46","46","964.624444","0.000000","964.624444",,"52.887500","14.082222","897.654722","7.375000","890.279722","120.817222","237.538461538461538462","237.53846154","232.43001998","2.6620175","20.857864869086686","2.7589618","24.528927059679006","5.187156941113775","1.1247906197654942","7.65759347864611","3.247264597580221","2.3668653158522046","0.6685239206534422","0.7100744878957169","6.748673009514272",,,
"2026-01-02","actual","CAT793","CONV","37049.0000","155","5","5","65.838889","0.000000","65.838889",,"0.000000","4.870556","60.968333","4.486111","56.482222","7.856667","239.025806451612903226","239.02580645","238.90064516","2.6335163","20.78422759694288","2.9514314","28.857413831104566","3.587820512820513","0.7456228956228956","7.602446483180429","3.567727272727273","1.024561403508772","0.46619496855345915","1.0658730158730159","6.1365819209039545",,,
"2026-01-02","actual","EH4000","CONV","269254.0000","1188","17","17","343.846944","0.000000","343.846944",,"2.298889","5.196389","336.351667","30.662778","305.688889","26.096111","226.644781144781144781","226.64478114","228.25311448","1.1082302","22.563714098235412","1.3413640","20.59378999025872","3.1910344827586203","0.6703393470790378","2.946935584740463","2.5690254500310363","2.2603469640644365","0.500749063670412","1.1861668258516396","3.9080635491606714",,,
"2026-01-02","actual","EH5000","AHS","232326.0000","800","18","18","513.376944","0.000000","513.376944",,"121.286389","69.291667","322.798889","6.282778","316.516111","35.386389","290.407500000000000000","290.40750000","291.24137500","2.6363250","21.076499306388","2.9068000","28.774856152941904","3.718521689497717","0.8258840579710145","7.50501768346596","2.4144927536231884","1.7066780821917809","0.647270341207349","1.5997007366482505","6.0611250000000005",,,
"2026-01-02","actual","EH5000","CONV","81759.0000","281","5","5","230.269444","0.000000","230.269444",,"108.505833","26.368889","95.394722","12.065833","83.328889","8.219167","290.957295373665480427","290.95729537","282.00640569","1.9544301","23.474334128822072","2.1206655","24.359216556157854","2.4816939890710383","0.681969696969697","4.995490196078432","2.249935149156939","0.8077777777777778","0.46037483266398926","1.2748995983935743","5.223482032218091",,,
"2026-01-03","actual","CAT793","AHS","464881.0000","1951","48","48","872.712222","0.000000","872.712222",,"20.898889","31.435278","820.378056","0.000000","820.378056","98.163611","238.278318810866222450","238.27831881","236.60830343","2.8214570","20.5748305897287","2.9927153","26.026895886284922","4.750695023630803","1.0671485050654808","8.22788888888889","3.200449706314244","1.5764335664335662","0.6721540778997201","0.7110883956386294","6.899129223267154",,,
"2026-01-03","actual","CAT793","CONV","31126.0000","130","2","2","34.881944","0.000000","34.881944",,"0.000000","0.000000","34.881944","2.399722","32.482222","2.198333","239.430769230769230769","239.43076923","246.30923077","1.2200769","14.533501268882176","1.3053615","17.02645434782609","2.927027027027027","0.6072649572649573","5.03695652173913","3.111231884057971","0.5314814814814814","0.6434782608695653","1.0044444444444445","4.6",,,
"2026-01-03","actual","EH4000","CONV","281860.0000","1242","18","18","386.062778","0.000000","386.062778",,"0.000000","19.850278","366.212500","30.327222","335.885278","25.510278","226.940418679549114332","226.94041868","229.66634461","1.6535948","26.52272199380018","1.9757666","28.20388395168654","2.417216981132076","0.703296449976948","3.740780754825699","2.8599629945915175","1.4911267605633802","0.5843028624192059","1.1602711464780429","4.203179824561404",,,
"2026-01-03","actual","EH5000","AHS","223116.0000","768","16","16","399.523889","0.000000","399.523889",,"0.000000","104.652222","294.871667","1.366111","293.505556","29.805833","290.515625000000000000","290.51562500","291.06197917","2.5061643","22.448577028014867","2.8982676","29.632581174586228","3.923939393939394","0.9026666666666666","6.698413793103449","2.504559963520292","1.7261808367071525","0.6184907546226887","1.5380163304514889","5.868407310704961",,,
"2026-01-03","actual","EH5000","CONV","80025.0000","275","4","4","84.799444","0.000000","84.799444",,"0.000000","3.330000","81.469444","8.982500","72.486944","3.712778","291.000000000000000000","291.00000000","284.96581818","2.0733971","24.18257097143997","2.0724743","29.116358540969365","2.0438428874734607","0.5621794871794872","5.144358974358974","2.1609414758269723","0.45583333333333337","0.4684967320261438","1.2254901960784315","4.2707420924574215",,,
"2026-01-04","actual","CAT793","AHS","480958.0000","2020","46","46","942.459167","0.000000","942.459167",,"17.010000","23.311944","902.137222","0.551944","901.585278","113.483889","238.098019801980198020","238.09801980","235.18851485","2.8340724","19.97118649173259","2.9670603","26.954931126417755","4.763440059568131","1.1172907998150718","8.514483807478976","3.2305880269217147","1.9328596037898365","0.6759854457246816","0.7365844544095665","6.604491666666666",,,
"2026-01-04","actual","CAT793","CONV","40786.0000","172","4","4","65.212222","0.000000","65.212222",,"0.011667","2.258056","62.942500","7.364722","55.577778","5.074167","237.127906976744186047","237.12790698","245.48837209","3.1610000","23.043516326439452","3.4548596","31.06888129496403","2.9669540229885056","0.4618421052631579","8.230514705882353","3.0101449275362318","1.3805555555555555","0.5660984848484849","0.8678030303030303","6.672",,,
"2026-01-04","actual","EH4000","CONV","272228.0000","1200","17","17","351.421667","0.000000","351.421667",,"0.000000","14.281389","337.140278","25.845278","311.295000","35.331389","226.856666666666666667","226.85666667","227.51816667","1.3886839","26.069413310686144","1.6236772","25.732455496817057","2.4596378146101903","0.765886524822695","3.1961223295288264","2.834984071821604","1.7305041152263376","0.513089802130898","1.1536687631027254","3.7859050028105674",,,
"2026-01-04","actual","EH5000","AHS","234033.0000","805","16","16","316.854167","0.000000","316.854167",,"4.546389","23.938333","288.369444","0.051667","288.317778","32.634722","290.724223602484472050","290.72422360","292.25403727","1.9758862","19.568754028034526","2.2009628","29.547575587546035","3.775013041210224","0.9245186522262334","6.058289241622575","2.5465577342047934","2.3722044728434506","0.6524745269286754","1.4651741293532339","4.46932668329177",,,
"2026-01-04","actual","EH5000","CONV","66639.0000","229","3","3","69.988611","0.000000","69.988611",,"0.000000","0.000000","69.988611","7.145000","62.843611","4.983333","291.000000000000000000","291.00000000","282.35982533","2.1461572","23.36756258454771","2.1420349","30.08900426928385","1.3651666666666666","0.4493127147766323","5.510606060606061","1.9837817638266069","3.4691666666666667","0.4912457912457912","1.2462191358024692","4.271397379912664",,,
"2026-01-05","actual","CAT793","AHS","463420.0000","1942","46","46","903.480556","0.000000","903.480556",,"48.378056","31.072222","824.030278","1.270556","822.759722","83.698333","238.630278063851699279","238.63027806","237.75615662","2.9360590","20.82657818917428","3.0620480","28.36689591304732","4.5342290748898675","0.9955474452554746","8.458592592592593","3.3834249084249084","2.2370214752567694","0.6687970809792844","0.7226948302469136","6.476664932362123",,,
"2026-01-05","actual","CAT793","CONV","45539.0000","191","4","4","61.442778","0.002500","61.440278",,"0.000000","5.377500","56.062778","3.549167","52.513611","4.513333","238.424083769633507853","238.42408377","237.70366492","2.7750942","24.062564116487845","3.0189263","30.268894571550668","3.0080996884735205","0.7670603674540682","6.91969696969697","3.5958100558659214","1.8078616352201258","0.5241561181434599","0.8456140350877193","5.984215167548501",,,
"2026-01-05","actual","EH4000","CONV","270454.0000","1193","16","16","375.762778","0.000000","375.762778",,"15.213889","19.910556","340.638333","22.590278","318.048056","40.435278","226.700754400670578374","226.70075440","229.76932104","1.4880000","25.913791510547657","1.7861719","29.13140278397697","2.0831339031339033","0.7964588634435963","3.4452696728558796","2.693992417614465","1.689071856287425","0.5240757999378689","1.171407004830918","3.678858680260549",,,
"2026-01-05","actual","EH5000","AHS","224289.0000","772","15","15","309.999167","0.000000","309.999167",,"1.007778","31.989167","277.002222","3.101111","273.901111","25.415278","290.529792746113989637","290.52979275","294.74650259","2.2839442","20.688311652584492","2.5682513","29.927301516194973","3.1361949685534594","0.939973701512163","6.623868312757201","2.4690054495912808","2.0844724220623503","0.6530067392431312","1.599312470365102","5.148980034722222",,,
"2026-01-05","actual","EH5000","CONV","55578.0000","191","4","4","83.525556","0.000000","83.525556",,"0.000000","25.484722","58.040833","7.562500","50.478333","2.706667","290.984293193717277487","290.98429319","280.70157068","2.3568242","24.696123623591397","2.6402623","36.126089138558896","2.152083333333333","0.4765258215962441","5.725977653631285","2.169981583793738","2.411111111111111","0.45922431865828095","1.2819128787878789","4.385078534031413",,,
"2026-01-06","actual","CAT793","AHS","425121.0000","1779","44","44","841.612500","0.000000","841.612500",,"22.764722","39.785000","779.062778","10.730556","768.332222","83.758056","238.966273187183811130","238.96627319","239.24862282","2.7812836","19.167925588397434","2.9610805","23.227538244551965","4.123333333333333","1.1260316066725198","8.706055083029566","3.4461907618476304","1.9599195710455766","0.6642568761039616","0.7239435101336783","7.648887631975867",,,
"2026-01-06","actual","CAT793","CONV","64597.0000","271","6","6","106.795000","0.000000","106.795000",,"0.000000","11.091667","95.703333","9.475556","86.227778","7.631389","238.365313653136531365","238.36531365","225.08782288","2.7313978","22.843389241982788","2.6443020","26.953944753865407","3.5165374677002585","1.0540630182421227","7.174236111111111","3.308469945355191","1.1707207207207206","0.4896031746031746","0.7238297872340425","5.886267166042447",,,
"2026-01-06","actual","EH4000","CONV","220850.0000","974","17","17","322.806667","0.000000","322.806667",,"0.467222","9.903333","312.436111","27.385000","285.051111","28.680833","226.745379876796714579","226.74537988","229.60328542","1.8984064","25.678619825830534","2.1029140","29.43053800992931","2.239907955292571","0.7584267040149393","4.435767372723894","2.6595819459859413","1.7438787878787878","0.5431838768115942","1.169351100811124","4.287208067940552",,,
"2026-01-06","actual","EH5000","AHS","192624.0000","664","17","17","297.774444","0.000000","297.774444",,"0.547500","20.570278","276.656667","2.076111","274.580556","36.638333","290.096385542168674699","290.09638554","282.66807229","2.6673991","21.123587593299945","3.0215303","27.007105938367168","4.306050724637681","0.8904088050314466","7.5765513454146065","3.0158238172920067","1.733244680851064","0.6545248868778281","1.5119988545246277","6.712745098039216",,,
"2026-01-06","actual","EH5000","CONV","44814.0000","154","3","3","48.576944","0.000000","48.576944",,"0.000000","0.020556","48.556389","4.637500","43.918889","2.168056","291.000000000000000000","291.00000000","278.93571429","2.0880714","24.114210393700787","2.4169870","33.2451146926016","2.5416666666666665","0.6832098765432099","5.195454545454546","2.7867579908675797","0.2777777777777778","0.4877952755905512","1.2611510791366907","4.362121212121212",,,
"2026-01-07","actual","CAT793","AHS","329003.0000","1385","43","43","862.777500","0.000000","862.777500",,"0.493056","180.528333","681.756111","54.169444","627.586667","94.831389","237.547292418772563177","237.54729242","230.88577617","2.8366920","18.483582293318626","3.0636652","23.33560082953049","4.340164561806352","1.1601909722222221","9.208253968253967","3.464943435937911","1.4043083900226756","0.6495697896749523","0.7575155104342921","7.877230731825918",,,
"2026-01-07","actual","CAT793","CONV","70484.0000","296","7","7","143.869444","0.000000","143.869444",,"33.819167","1.965556","108.084722","9.229722","98.855000","8.263056","238.121621621621621622","238.12162162","216.88952703","2.8721288","23.504674734649342","2.9723548","27.642742400282142","3.1450617283950617","0.9782163742690059","7.331636363636363","3.066004813477738","1.0957264957264956","0.47801418439716314","0.8275252525252524","6.45164960182025",,,
"2026-01-07","actual","EH4000","CONV","192036.0000","847","16","16","337.154444","0.000000","337.154444",,"0.000000","45.672222","291.482222","25.841389","265.640833","21.185833","226.724911452184179457","226.72491145","227.73565525","2.5829276","28.226015627264882","2.9481671","30.4903735336365","1.9854269293924467","0.6068064182194617","5.49052540913006","2.403491859468723","1.3920698924731183","0.5533520862634786","1.1216065865598575","5.80150406504065",,,
"2026-01-07","actual","EH5000","AHS","183165.0000","630","18","18","330.197222","0.000000","330.197222",,"0.000000","55.302778","274.894444","30.605000","244.289444","31.004444","290.738095238095238095","290.73809524","285.55174603","2.1408091","19.738357124148493","2.5104344","24.480440872137837","3.972814498933902","0.8352530541012216","6.507560137457045","2.6802101078932425","1.6636636636636635","0.6539078156312625","1.465792646172393","6.152914679385267",,,
"2026-01-07","actual","EH5000","CONV","60213.0000","207","4","4","87.639722","0.000000","87.639722",,"24.949167","0.000000","62.690556","6.608889","56.081667","2.191667","290.884057971014492754","290.88405797","278.54057971","2.6407101","25.84244505562873","2.6747295","35.802066053562775","1.6346534653465346","0.46984585741811175","6.131099656357389","2.052721088435374","0.4201754385964912","0.4742582897033159","1.2041884816753925","4.482528180354267",,,
"2026-01-08","actual","CAT793","AHS","418655.0000","1763","36","36","770.479167","0.000000","770.479167",,"0.000000","34.602778","735.876389","1.446944","734.429444","108.143333","237.467385138967668746","237.46738514","232.57095859","2.6071901","20.099753645341877","2.8268831","27.305113485573283","3.5790116896918174","1.06639846743295","7.782752403846154","3.365134328358209","1.5515151515151515","0.6685969868173258","0.7194096787651231","6.211766381766382",,,
"2026-01-08","actual","CAT793","CONV","111577.0000","469","11","11","238.390833","0.000000","238.390833",,"0.000000","42.366111","196.024722","21.228333","174.796389","9.117500","237.904051172707889126","237.90405117","238.87825160","3.1260022","23.654599880164287","3.2948872","27.94849161829281","3.0530241935483873","0.7379834254143647","7.92911877394636","3.0565068493150687","1.0154471544715447","0.4580888888888889","0.7818910256410256","7.073484848484849",,,
"2026-01-08","actual","EH4000","CONV","183962.0000","811","14","14","300.862222","0.000000","300.862222",,"0.000000","12.454167","288.408056","20.263611","268.144444","31.156667","226.833538840937114673","226.83353884","227.95006165","2.4676267","28.23040776480432","2.7229531","30.042890947759457","2.5558634538152614","0.6606276371308016","5.244614361702128","2.5538088947600177","1.7814880952380954","0.5723025048169557","1.1305404178019982","5.438131313131313",,,
"2026-01-08","actual","EH5000","AHS","211896.0000","729","14","14","301.298333","0.000000","301.298333",,"37.382500","23.698333","240.217500","0.673056","239.544444","20.750278","290.666666666666666667","290.66666667","289.27146776","1.9606844","20.536292557703515","2.2961245","28.58482831456826","3.0542002688172043","0.8774163568773233","5.72844702467344","2.7340963280877446","1.1138312586445367","0.6591706539074961","1.4079861111111112","4.819601100412655",,,
"2026-01-08","actual","EH5000","CONV","122628.0000","422","8","8","158.552500","0.000000","158.552500",,"0.000000","7.788611","150.763889","13.581667","137.182222","5.088056","290.587677725118483412","290.58767773","290.32298578","3.0762476","25.78589860542043","3.5085452","34.20328879146325","2.0672764227642277","0.5795238095238096","7.157976490344248","2.2779021558872308","0.6994949494949495","0.5136740331491713","1.2886701662292213","6.154750593824228",,,
"2026-01-09","actual","CAT793","AHS","425596.0000","1798","37","37","760.516944","0.000000","760.516944",,"11.698889","43.239167","705.578889","1.456944","704.121944","89.700556","236.705228031145717464","236.70522803","233.97825362","2.4591674","19.21692384649891","2.6392257","24.28928926013061","3.7757137345679013","1.0413934426229507","7.678130234505862","3.3287456085968175","2.8339333333333334","0.658345445736434","0.7315737051792829","6.5194802657288005",,,
"2026-01-09","actual","CAT793","CONV","146309.0000","617","11","11","200.322500","0.000000","200.322500",,"0.000000","13.017222","187.305278","13.378611","173.926667","11.342222","237.129659643435980551","237.12965964","235.39141005","2.2644911","23.021183156257674","2.4274034","27.06769604897249","2.599766081871345","0.7509298998569385","5.901932367149758","2.876232917409388","0.9304093567251462","0.4263503086419753","0.7677966101694916","5.3807388606880995",,,
"2026-01-09","actual","EH4000","CONV","161432.0000","712","17","17","406.775833","0.000000","406.775833",,"83.288611","42.811389","280.675833","21.645833","259.030000","47.304722","226.730337078651685393","226.73033708","230.05955056","3.0703994","29.49179874114884","3.1709859","31.32628284223741","2.244851380042463","0.6752361673414305","6.246616749861342","2.374631751227496","2.33106884057971","0.5594495412844036","1.1581710914454277","6.073467284904689",,,
"2026-01-09","actual","EH5000","AHS","285417.0000","983","17","17","322.979167","0.000000","322.979167",,"4.421389","10.672222","307.885556","1.836944","306.048611","28.386389","290.353001017293997965","290.35300102","287.82912424","2.0234090","20.516623389129634","2.3175568","28.301519020659743","2.431057563587684","0.7748829588014982","5.917374301675977","2.822081497797357","1.6281893004115227","0.6122182680901542","1.3938443670150988","4.913284262180161",,,
"2026-01-09","actual","EH5000","CONV","47607.0000","164","4","4","77.323056","0.000000","77.323056",,"0.000000","11.310000","66.013056","6.289167","59.723889","3.435556","290.286585365853658537","290.28658537","291.98902439","3.8158841","28.18412922498989","3.8817012","32.736606957696985","2.4442307692307694","0.47402777777777777","8.123474178403756","2.339583333333333","1.834782608695652","0.4982843137254902","1.2638271604938274","7.114423076923077",,,
"2026-01-10","actual","CAT793","AHS","468482.0000","1976","44","44","826.996389","0.000000","826.996389",,"0.000000","47.676944","779.319444","0.618611","778.700833","73.186667","237.086032388663967611","237.08603239","235.26700405","2.5027119","19.866611113247018","2.6575162","24.40107503323733","3.539844033369605","1.0352332852332853","7.558547008547008","3.5161205073995774","2.172055674518201","0.6865808464989273","0.7170499158721256","6.534587995930824",,,
"2026-01-10","actual","CAT793","CONV","105553.0000","445","8","8","156.285000","0.000000","156.285000",,"0.000000","0.000000","156.285000","13.127222","143.157778","5.965833","237.197752808988764045","237.19775281","239.22134831","3.0329077","25.415060552095774","3.1167523","26.66056944883072","2.5224279835390946","0.6544235924932976","7.160103420843277","2.240696753760887","1.4787280701754386","0.45303030303030306","0.7052955665024631","7.014296463506396",,,
"2026-01-10","actual","EH4000","CONV","151986.0000","670","16","16","407.367778","0.000000","407.367778",,"83.194167","19.626111","304.547500","25.138889","279.408611","43.769444","226.844776119402985075","226.84477612","226.88059701","3.6320776","29.790093810377233","3.7407821","30.894128060973124","2.142088197146563","0.5761424731182796","7.315339702760085","2.4875263713080167","3.3312280701754386","0.5231361675908811","1.204646633277685","7.265035140562249",,,
"2026-01-10","actual","EH5000","AHS","273372.0000","941","17","17","312.125000","0.000000","312.125000",,"5.021667","14.966944","292.136389","0.000000","292.136389","32.184167","290.512221041445270988","290.51222104","293.64031915","1.8646337","20.620180863724855","1.9737998","26.188418324659118","2.508618233618234","0.7745670995670996","5.425656677765446","2.6187775330396477","1.817106710671067","0.6141656897225478","1.4018264840182648","4.522151224707135",,,
"2026-01-10","actual","EH5000","CONV","43011.0000","148","4","4","80.836944","0.000000","80.836944",,"0.000000","26.430556","54.406389","3.314444","51.091944","4.048611","290.614864864864864865","290.61486486","286.21418919","3.2661351","26.124486565751823","3.3428176","32.27305737365683","1.906388888888889","0.46023622047244095","7.501318944844125","2.1678657074340526","0.4564102564102564","0.47828282828282825","1.2768170426065164","6.214752252252253",,,
"2026-01-11","actual","CAT793","AHS","425144.0000","1790","40","40","780.797222","0.000000","780.797222",,"5.756389","15.147500","759.893333","1.948333","757.945000","88.421389","237.510614525139664804","237.51061453","233.41262570","2.4146318","18.693853000781896","2.5110892","22.740672529719998","3.847296253379683","1.1349457994579946","7.750029274004684","3.3625872093023257","3.0335244648318045","0.6707911392405064","0.717399714925677","6.625369227893064",,,
"2026-01-11","actual","CAT793","CONV","129100.0000","544","10","10","208.285000","0.000000","208.285000",,"0.000000","5.604722","202.680278","21.756667","180.923611","15.037500","237.316176470588235294","237.31617647","239.69411765","2.7363141","23.285243780642176","2.8965529","27.73922617908246","2.2311914323962516","0.7264236902050114","7.050767754318618","2.32163798597833","1.0142361111111111","0.47689922480620156","0.7019723865877712","6.265249537892791",,,
"2026-01-11","actual","EH4000","CONV","199586.0000","880","16","16","350.823889","0.000000","350.823889",,"0.262222","10.123889","340.437778","26.934167","313.503611","38.931944","226.802272727272727273","226.80227273","228.53613636","2.8917009","28.441096173017453","2.9599430","30.585327453168357","2.24250936329588","0.694595238095238","6.100399680255795","2.454813046937152","1.9379041248606466","0.5771428571428571","1.1429738562091503","5.8065940366972475",,,
"2026-01-11","actual","EH5000","AHS","247314.0000","851","16","16","310.054167","0.000000","310.054167",,"0.000000","8.930000","301.124167","3.632778","297.491389","34.958333","290.615746180963572268","290.61574618","288.69988249","2.0973712","20.834124234632718","2.3915749","26.4739044920426","2.997044485070079","0.8119487179487179","6.04019975031211","3.0161922442244222","1.3807239057239056","0.6152409046214355","1.4195991561181434","5.420224056603773",,,
"2026-01-11","actual","EH5000","CONV","61971.0000","213","4","4","107.236667","0.000000","107.236667",,"32.466667","3.404444","71.365556","5.506389","65.859167","2.536944","290.943661971830985915","290.94366197","288.89953052","2.4902535","23.539435925699653","2.5015446","30.102708650729525","2.4223684210526315","0.6900925925925926","6.347442244224423","1.8901960784313725","1.366025641025641","0.4622895622895623","1.281218274111675","4.986018957345972",,,
"2026-01-12","actual","CAT793","AHS","458421.0000","1929","43","43","827.869444","0.000000","827.869444",,"41.598611","3.893333","782.377500","9.691389","772.686111","118.337222","237.646967340590979782","237.64696734","228.81114567","2.5081840","20.020592666908","2.6698232","23.255616471612697","3.5996995572422517","1.153737043098745","7.516812439261418","3.204801610120759","1.5092747559274755","0.6525911286780851","0.7596592054849769","6.888202348690154",,,
"2026-01-12","actual","CAT793","CONV","61904.0000","260","6","6","119.210556","0.000000","119.210556",,"0.000000","18.121389","101.089167","12.617778","88.471389","7.095833","238.092307692307692308","238.09230769","225.26923077","2.8050310","25.18261126325543","2.9924825","28.35138211302211","2.39234693877551","0.8179702048417131","6.683256880733945","2.845927601809955","0.9645833333333333","0.46595441595441595","0.6874603174603174","6.33298755186722",,,
"2026-01-12","actual","EH4000","CONV","192856.0000","849","17","17","430.345833","0.000000","430.345833",,"94.993056","15.334444","320.018333","47.165000","272.853333","39.241944","227.156654888103651355","227.15665489","229.13710247","2.5576155","29.29955605446118","2.7894618","29.006663918248698","2.3813755020080323","0.6260816575258988","5.23751724137931","2.7603996366939145","2.066435185185185","0.5477740678909293","1.1528612303290415","5.769974391805378",,,
"2026-01-12","actual","EH5000","AHS","212952.0000","733","14","14","261.923889","0.000000","261.923889",,"0.000000","14.972222","246.951667","0.369167","246.582500","32.122500","290.521145975443383356","290.52114598","285.84706685","2.2895557","23.30294279919075","2.5059757","26.79168639980173","2.947826086956522","0.9132864792503347","5.895107033639144","2.7843166918809885","1.147275641025641","0.6105464480874316","1.3825995807127882","5.612134292565947",,,
"2026-01-12","actual","EH5000","CONV","74433.0000","256","5","5","109.463889","0.000000","109.463889",,"0.000000","6.251944","103.211944","28.663333","74.548611","6.376111","290.753906250000000000","290.75390625","292.95664063","2.8815234","26.49396094485834","2.8521098","32.902866107416","1.927039627039627","0.6190476190476191","6.52569105691057","1.981159420289855","2.0364583333333335","0.45202020202020204","1.268","5.200962962962963",,,
"2026-01-13","actual","CAT793","AHS","411227.0000","1727","39","39","780.155278","0.000000","780.155278",,"37.639722","15.220000","727.295556","12.634167","714.661389","112.758611","238.116386797915460336","238.11638680","225.55147655","2.4176657","19.09545447050621","2.5257542","24.979865843837565","3.5722157547535898","1.1181918109370705","7.5965692371475955","3.1540642915642914","1.901023965141612","0.6659059945504087","0.7197510822510823","6.066695992179863",,,
"2026-01-13","actual","CAT793","CONV","87004.0000","364","10","10","180.090833","0.000000","180.090833",,"0.000000","25.442778","154.648056","12.212500","142.435556","11.157500","239.021978021978021978","239.02197802","233.17527473","3.8400226","26.93924369398159","4.1557571","30.62315397223923","3.094444444444444","0.809435261707989","8.552628968253968","3.1498021760633037","1.267094017094017","0.4636225266362253","0.7505693581780538","8.142382271468144",,,
"2026-01-13","actual","EH4000","CONV","199380.0000","877","16","16","346.156111","0.000000","346.156111",,"0.000000","21.404722","324.751389","28.609444","296.141944","31.039167","227.343215507411630559","227.34321551","230.52143672","2.7152987","29.41672061308334","2.9299065","32.17236508115618","2.814190687361419","0.5514138118542686","5.53827614379085","2.5622934300685207","2.0904022988505746","0.5986987818383168","1.1417512690355331","5.464142581888246",,,
"2026-01-13","actual","EH5000","AHS","248133.0000","853","14","14","279.725556","0.000000","279.725556",,"0.000000","1.779167","277.946389","1.224444","276.721944","27.024444","290.894490035169988277","290.89449004","288.14865182","1.9587497","20.840728021454765","2.0778237","29.491841518022312","3.5783387622149836","0.7851851851851852","5.639197530864197","2.560360908353609","1.2596269554753308","0.6548976608187135","1.4951894423158791","4.227251184834123",,,
"2026-01-13","actual","EH5000","CONV","83514.0000","287","5","5","90.961389","0.000000","90.961389",,"0.000000","0.000000","90.961389","7.721667","83.239722","3.950000","290.989547038327526132","290.98954704","292.88362369","2.4537352","24.70931887581247","2.5295540","32.11221146182679","2.476298701298701","0.6667943805874841","5.958242424242425","2.256558363417569","0.3466666666666667","0.44868913857677906","1.2629837702871411","4.726340326340326",,,
"2026-01-14","actual","CAT793","AHS","385566.0000","1620","40","40","738.721111","0.000000","738.721111",,"30.911111","23.611944","684.198056","4.703889","679.494167","128.087222","238.003703703703703704","238.00370370","232.13339506","2.3712698","19.981757978536354","2.6239478","25.17417221125411","4.402935606060606","1.1725959904858987","7.120303836770902","3.165295150318192","1.81698670605613","0.6498927038626608","0.7034527153558052","6.253904465212876",,,
"2026-01-14","actual","CAT793","CONV","67718.0000","284","8","8","152.358889","0.000000","152.358889",,"0.000000","19.029722","133.329167","18.149167","115.180000","5.060278","238.443661971830985915","238.44366197","236.21901408","3.7723556","27.706937333185724","3.9140282","29.350859355967383","3.58013698630137","0.8890710382513661","8.169121447028424","3.1930232558139537","0.732882882882883","0.45269607843137255","0.7823886639676113","8.001186239620404",,,
"2026-01-14","actual","EH4000","CONV","179596.0000","789","17","17","346.040000","0.000000","346.040000",,"0.000000","37.986389","308.053611","29.164722","278.888889","30.672222","227.624841571609632446","227.62484157","231.51115336","2.9881343","30.75751985881332","3.1206239","32.74160145639772","2.6357198748043817","0.6489748677248677","5.829080459770115","2.856102003642987","1.9210220673635308","0.5866509926854755","1.1154795821462489","5.7186400686400685",,,
"2026-01-14","actual","EH5000","AHS","185046.0000","636","13","13","234.572500","0.000000","234.572500",,"0.000000","4.987222","229.585278","0.167222","229.418056","45.785833","290.952830188679245283","290.95283019","288.38034591","1.7836735","19.17504882310119","2.0395578","27.64477264711986","3.7384747215081404","0.8360027378507872","5.581232725262576","2.53999451754386","1.5349002849002849","0.607377049180328","1.6118019573978124","4.426640419947506",,,
"2026-01-14","actual","EH5000","CONV","69807.0000","240","5","5","87.250278","0.000000","87.250278",,"0.000000","3.189167","84.061111","9.747778","74.313333","5.910833","290.862500000000000000","290.86250000","297.35875000","2.6690292","26.111659193507116","2.6849250","33.664209263188695","2.0699324324324326","0.5493299832495813","6.1329596412556056","2.1264573991031392","4.077083333333333","0.4135367762128325","1.1964669738863287","4.785364145658264",,,
"2026-01-15","actual","CAT793","AHS","517197.0000","2175","44","44","900.779167","0.000000","900.779167",,"4.353889","24.573611","871.851667","15.590833","856.260833","114.993611","237.791724137931034483","237.79172414","235.70528736","2.4446690","20.28088940218399","2.6116516","25.655566340064677","4.018029176988715","1.1144563518642554","7.232431334308468","3.133325266214908","1.9965211217607384","0.6605787894829717","0.7495459132189707","6.107801087801088",,,
"2026-01-15","actual","CAT793","CONV","47931.0000","201","5","5","87.707778","0.000000","87.707778",,"0.000000","1.634167","86.073611","8.307778","77.765833","3.646944","238.462686567164179104","238.46268657","230.13184080","3.3591667","22.74158818159603","3.5897245","30.962926737066287","2.7614035087719295","1.0018779342723005","8.86261770244821","3.231741573033708","2.0482142857142858","0.47691358024691355","0.75","6.956172839506173",,,
"2026-01-15","actual","EH4000","CONV","208316.0000","917","17","17","400.360000","0.000000","400.360000",,"13.849167","59.477778","327.033056","29.690556","297.342500","24.590000","227.171210468920392585","227.17121047","230.70948746","2.5446290","28.192659753360804","2.8082051","32.18508994961024","2.55127147766323","0.5829475308641976","5.415513872606486","2.6919860627177696","1.5019468186134854","0.5642090045435771","1.076714513556619","5.235104399701715",,,
"2026-01-15","actual","EH5000","AHS","229836.0000","790","13","13","264.247500","0.000000","264.247500",,"0.000000","12.255833","251.991667","5.876389","246.115278","27.295278","290.931645569620253165","290.93164557","291.20443038","2.0421481","21.50475689936484","2.2911069","27.2884646188472","2.69366028708134","0.7057861635220125","5.697757318224741","2.4019538606403015","1.8875672043010752","0.636180210060807","1.439922480620155","5.037528344671202",,,
"2026-01-15","actual","EH5000","CONV","58782.0000","202","5","5","105.125000","0.000000","105.125000",,"34.526667","3.434722","67.163611","5.532500","61.631111","6.237222","291.000000000000000000","291.00000000","287.87821782","2.3476139","23.412126785983638","2.8419158","35.447404424525544","3.161060606060606","0.5411821705426356","6.016404886561955","2.1350694444444445","1.0988505747126436","0.48879629629629634","1.2770390070921986","4.810364842454394",,,
"2026-01-16","actual","CAT793","AHS","495275.0000","2081","43","43","957.044167","0.000000","957.044167",,"76.918056","50.307500","829.818611","0.000000","829.818611","81.189722","237.998558385391638635","237.99855839","233.54502643","2.8022839","20.840026344428406","2.9413747","27.45411097197949","4.432924613987284","1.0980927449513838","8.067985674353599","3.048795285144739","2.0181325301204818","0.657380537821629","0.7400419861263234","6.4282716049382715",,,
"2026-01-16","actual","CAT793","CONV","56795.0000","239","5","5","101.564722","0.000000","101.564722",,"0.000000","10.120833","91.443889","6.509722","84.934167","3.669444","237.635983263598326360","237.63598326","238.57154812","3.1120252","21.73261175405577","3.2008602","26.062404271410422","3.6546296296296297","0.7055147058823529","8.591765873015873","2.9655818540433927","1.0137254901960784","0.5216312056737589","0.638241308793456","7.368913857677902",,,
"2026-01-16","actual","EH4000","CONV","164460.0000","723","17","17","383.698889","0.000000","383.698889",,"87.991944","36.550000","259.156944","14.527500","244.629444","14.629722","227.468879668049792531","227.46887967","231.27773167","3.1198415","28.994814165148288","3.3488718","31.859592749006126","2.135748106060606","0.5871951219512196","6.455998956703183","3.0266099948480165","1.2759776536312848","0.5434050772626932","1.0089247311827958","6.306807170542636",,,
"2026-01-16","actual","EH5000","AHS","181272.0000","623","11","11","214.350556","0.000000","214.350556",,"0.000000","24.493056","189.857500","0.144722","189.712778","12.956667","290.966292134831460674","290.96629213","291.37383628","1.9180016","19.658683014758836","2.1615443","27.098827639353843","2.78812351543943","0.5892091648189209","5.853906689151208","2.2595039018952066","1.2211588541666667","0.6576470588235295","1.3976603119584055","4.785913978494623",,,
"2026-01-16","actual","EH5000","CONV","91005.0000","313","7","7","128.380833","0.000000","128.380833",,"0.000000","22.183889","106.196944","9.481389","96.715556","5.879722","290.750798722044728435","290.75079872","285.37412141","2.7985495","23.772095928529584","2.8754633","30.627688486216343","2.9379411764705883","0.6134491634491634","7.063448275862069","2.238373424971363","2.397979797979798","0.487094395280236","1.269642857142857","5.633066239316239",,,
"2026-01-17","actual","CAT793","AHS","423089.0000","1775","41","41","850.535000","0.000000","850.535000",,"37.155000","24.492222","788.887778","23.510278","765.377500","84.371111","238.360000000000000000","238.36000000","239.10620767","2.7211037","19.42140573337822","2.9605868","25.416185244673645","4.904097017371353","1.096968426934898","8.406508995350718","3.2193609775641026","2.432205128205128","0.6272768670309653","0.7192827004219409","6.989058597502402",,,
"2026-01-17","actual","CAT793","CONV","58591.0000","247","5","5","94.362222","0.000000","94.362222",,"0.000000","0.000000","94.362222","11.085556","83.276667","2.996944","237.210526315789473684","237.21052632","243.04574899","3.1358947","24.507396759487676","3.1672561","28.058503726528645","4.3671383647798745","0.686036036036036","7.677424242424242","2.8883861236802413","0.7229166666666667","0.4617533718689788","0.673753894080997","6.772826086956522",,,
"2026-01-17","actual","EH4000","CONV","173868.0000","765","16","16","330.424167","0.000000","330.424167",,"1.420000","26.364722","302.639444","26.749167","275.890278","17.595556","227.278431372549019608","227.27843137","231.46666667","3.1965196","27.60492754262927","3.2931662","29.519298906827945","3.380333333333333","0.6756118881118881","6.947715247715248","2.8723261390887287","0.8067647058823529","0.532016806722689","1.0950123456790124","6.693586206896552",,,
"2026-01-17","actual","EH5000","AHS","162375.0000","558","11","11","207.786667","0.000000","207.786667",,"0.000000","16.854444","190.932222","14.500000","176.432222","13.285833","290.994623655913978495","290.99462366","295.87383513","2.0419892","22.025082595600413","2.3061057","30.536271910352326","3.303802588996764","0.7372503840245775","5.5627192982456135","2.248944754810677","2.032306477093207","0.6428618857901726","1.4594498381877021","4.53121266427718",,,
"2026-01-17","actual","EH5000","CONV","103428.0000","356","8","8","165.167500","0.000000","165.167500",,"0.000000","16.318333","148.849167","17.063611","131.785556","9.525556","290.528089887640449438","290.52808989","287.78595506","3.1606770","25.222129242607807","3.3652135","30.018134479233222","3.482456140350877","0.54625","7.5188188188188185","2.1375","2.1744444444444446","0.4460662525879917","1.236863966770509","6.726361031518625",,,
"2026-01-18","actual","CAT793","AHS","445250.0000","1874","43","43","793.565556","0.000000","793.565556",,"11.993611","15.136944","766.435000","0.626389","765.808611","114.811111","237.593383137673425827","237.59338314","238.96043780","2.4561400","21.027971929959772","2.7270131","28.457422241483226","4.7986981677917075","1.0532735669654985","7.008207947530864","3.1611940298507464","2.1143555555555555","0.6486504279131007","0.7702102102102102","5.7496699669967",,,
"2026-01-18","actual","CAT793","CONV","72105.0000","303","6","6","100.407778","0.000000","100.407778",,"0.000000","0.000000","100.407778","13.160833","87.246944","5.145556","237.970297029702970297","237.97029703","242.35511551","2.7078977","18.809581602061215","2.6134801","19.602281041488528","2.6457317073170734","0.6311274509803921","8.637824351297406","2.7524801587301586","0.6923076923076923","0.43473895582329314","0.659493670886076","7.999518304431599",,,
"2026-01-18","actual","EH4000","CONV","206422.0000","908","16","16","352.605556","0.000000","352.605556",,"0.000000","19.395000","333.210556","24.446667","308.763889","23.117500","227.337004405286343612","227.33700441","231.53204846","2.9969659","28.332896159225594","3.0799857","30.80065011574909","2.5628841607565014","0.7181735159817352","6.34661394971614","2.856099033816425","1.1185534591194968","0.5693736730360934","1.0869447903694478","5.999845500193124",,,
"2026-01-18","actual","EH5000","AHS","143988.0000","495","12","12","368.028889","0.000000","368.028889",,"183.197222","19.273056","165.558611","2.259722","163.298889","21.094167","290.884848484848484848","290.88484848","291.35959596","2.1752790","24.522274766466513","2.3694796","34.88444024454726","3.3857502517623366","0.7511784511784512","5.322374911909796","2.3968070175438596","1.4868840579710145","0.6810831426392067","1.5486231884057973","4.075420875420876",,,
"2026-01-18","actual","EH5000","CONV","109320.0000","376","6","6","137.031944","0.000000","137.031944",,"0.000000","11.821389","125.210556","12.127500","113.083056","4.659444","290.744680851063829787","290.74468085","293.09095745","2.3096117","24.553353176662736","2.3394229","29.128324029863236","2.722601918465228","0.6698569856985698","5.643901303538175","2.2221606648199446","1.0370689655172414","0.47273631840796015","1.1757142857142857","4.818862007168459",,,
"2026-01-19","actual","CAT793","AHS","478021.0000","2011","45","45","905.835556","0.000000","905.835556",,"60.478333","59.784722","785.572500","2.606389","782.966111","83.469444","237.703132769766285430","237.70313277","237.32383085","2.4583582","19.873003415592525","2.6766389","26.51570772514898","4.182927511894766","1.1752338749384539","7.422204329933799","3.248918439716312","1.964543524416136","0.6487299726455648","0.7360143725815367","6.056724401426388",,,
"2026-01-19","actual","CAT793","CONV","18932.0000","80","5","5","46.631667","0.000000","46.631667",,"4.849722","12.995278","28.786667","2.821389","25.965278","1.518611","236.650000000000000000","236.65000000","235.48750000","3.6789872","23.15857227338385","4.7031429","36.69384902018934","4.332407407407407","1.1514367816091955","9.531642512077294","2.587857142857143","0.9185185185185186","0.5494444444444445","0.7893034825870646","7.690350877192983",,,
"2026-01-19","actual","EH4000","CONV","202592.0000","892","17","17","363.522222","0.000000","363.522222",,"22.998333","7.379722","333.144167","28.905556","304.238611","34.884722","227.121076233183856502","227.12107623","231.99439462","2.2080326","26.109013502835946","2.3504798","27.132669783395734","4.032285327924273","0.806015625","5.074184667513765","3.039140461215933","2.01729088639201","0.5636880400181901","1.1336580086580088","5.197748291113792",,,
"2026-01-19","actual","EH5000","AHS","164304.0000","565","12","12","222.770000","0.000000","222.770000",,"0.000000","12.878611","209.891389","0.791667","209.099722","22.563056","290.803539823008849558","290.80353982","294.57911504","1.9310922","18.28672991773149","2.2606377","26.754892948423215","4.090882103477523","0.9235890652557319","6.336044362292052","2.5173406862745096","1.926824034334764","0.6743951612903225","1.6278944020356234","5.069661921708185",,,
"2026-01-19","actual","EH5000","CONV","94143.0000","324","7","7","141.149167","0.000000","141.149167",,"0.000000","5.396944","135.752222","15.244444","120.507778","5.498056","290.564814814814814815","290.56481481","294.98240741","2.9460712","27.665069429752066","3.2688106","34.775989480584045","5.347435897435898","0.8254289215686275","6.3894389438943895","3.165689467969598","0.8235555555555556","0.5620541205412054","1.2072810011376565","5.639771547248183",,,
"2026-01-20","actual","CAT793","AHS","440612.0000","1862","45","45","942.859444","0.000000","942.859444",,"64.626944","17.145833","861.086667","3.884444","857.202222","145.278611","236.633727175080558539","236.63372718","234.40633727","2.9010815","20.912403824698433","3.0736670","26.643985522421207","4.320039322444042","1.1846919558783966","8.323523754568187","3.3506758043023037","1.7865046296296296","0.633505487411233","0.7197043337383556","6.921637900035958",,,
"2026-01-20","actual","CAT793","CONV","32718.0000","138","3","3","53.811944","0.000000","53.811944",,"0.000000","1.917500","51.894444","7.320278","44.574167","8.262222","237.086956521739130435","237.08695652","239.19275362","2.2932029","19.328382758111715","2.5041812","22.642351676503832","4.621957671957672","0.693719806763285","7.118659420289855","2.8352836879432624","1.8294871794871796","0.4666666666666667","0.753558052434457","6.635833333333333",,,
"2026-01-20","actual","EH4000","CONV","215890.0000","953","18","18","461.951667","0.000000","461.951667",,"80.274167","25.558889","356.118611","20.329167","335.789444","44.861389","226.537250786988457503","226.53725079","229.23746065","2.7477420","29.627619537581655","2.7461544","29.854986208662588","2.397949619214997","0.7579529737206087","5.564555052790348","3.04068299925761","1.606754772393539","0.54221260815822","1.1450968992248063","5.518986438258387",,,
"2026-01-20","actual","EH5000","AHS","205419.0000","706","13","13","319.169722","0.000000","319.169722",,"68.782500","9.296667","241.090556","0.005278","241.085278","18.564722","290.961756373937677054","290.96175637","295.81062323","1.9617691","16.79049299848999","2.1712153","25.48033962541676","2.8326149425287355","0.8015277777777778","7.010285285285286","2.35367610531545","1.3833962264150943","0.6574007220216607","1.4712519319938175","5.112683736367947",,,
"2026-01-20","actual","EH5000","CONV","75561.0000","260","6","6","83.481667","0.000000","83.481667",,"0.000000","5.969722","77.511944","8.935278","68.576667","8.671389","290.619230769230769231","290.61923077","290.17653846","2.8494500","25.387442131314604","3.0934556","30.968965962180196","3.1055555555555556","0.962739965095986","6.734313725490196","3.5793749999999998","1.35","0.5510416666666667","1.2930014430014432","5.993333333333334",,,
"2026-01-21","actual","CAT793","AHS","447300.0000","1890","46","46","965.815556","0.000000","965.815556",,"26.181944","64.925278","874.708333","16.069167","858.639167","100.265833","236.666666666666666667","236.66666667","240.27801907","2.9237495","20.772103822375765","3.1352274","25.174900100305543","4.284069830878341","1.0879773343187977","8.445219198790628","3.551091825307951","1.6866035182679295","0.6677538526493562","0.707179186228482","7.47226973098165",,,
"2026-01-21","actual","CAT793","CONV","33550.0000","142","3","3","64.634722","0.000000","64.634722",,"0.000000","25.030278","39.604444","3.461667","36.142778","2.927778","236.267605633802816901","236.26760563","239.12253521","2.4936127","23.539228348033372","2.5810141","28.394159772991852","3.3011261261261264","0.6050347222222222","6.356060606060606","3.455962059620596","0.2294871794871795","0.4035714285714286","0.7977011494252874","5.453968253968254",,,
"2026-01-21","actual","EH4000","CONV","164610.0000","726","17","17","438.495833","0.000000","438.495833",,"69.645833","25.545556","343.304444","22.768333","320.536111","37.043056","226.735537190082644628","226.73553719","232.56432507","4.0739091","30.99753271858257","4.0998343","31.65428164855668","2.975887445887446","0.7826693227091633","7.885612968591691","3.2853222557905335","2.213408521303258","0.607257174392936","1.1051220806794055","7.771146435452794",,,
"2026-01-21","actual","EH5000","AHS","218628.0000","752","14","14","304.737778","0.000000","304.737778",,"0.000000","9.125833","295.611944","2.588889","293.023056","45.037778","290.728723404255319149","290.72872340","294.48577128","2.2047314","18.71213356039278","2.4650905","26.29269078894421","3.076168791742562","0.9139705882352941","7.069417475728155","2.4011921137093077","1.7517655367231637","0.5992902208201892","1.4624169040835708","5.625343985796715",,,
"2026-01-21","actual","EH5000","CONV","56694.0000","195","4","4","80.849167","0.000000","80.849167",,"0.000000","7.777222","73.071944","6.887222","66.184722","7.803333","290.738461538461538462","290.73846154","288.95128205","2.5399896","25.253619510725443","2.7490619","31.24584512679273","2.9678694158075603","0.785952380952381","6.034753787878787","3.5164814814814815","1.580952380952381","0.4475583864118896","1.3110136452241716","5.278900709219858",,,
"2026-01-22","actual","CAT793","AHS","428777.0000","1811","44","44","782.854444","0.000000","782.854444",,"18.959722","14.276111","749.618611","0.883889","748.734722","73.730833","236.762562120375483158","236.76256212","237.85234677","2.7925703","19.914950128903996","3.0444338","24.79157972052079","3.360332392599561","1.0667929292929292","8.413489208633093","3.4109455701231624","1.5743150684931506","0.6702839756592293","0.7551507537688443","7.368067305884565",,,
"2026-01-22","actual","CAT793","CONV","33555.0000","141","4","4","56.108056","0.000000","56.108056",,"0.000000","5.788056","50.320000","2.402222","47.917778","4.910000","237.978723404255319149","237.97872340","240.02411348","2.9857234","22.815226568699483","3.3416786","27.23369279718571","4.826556776556776","0.8931818181818182","7.851923076923077","3.382188295165394","0.7261904761904762","0.48333333333333334","0.7762872628726287","7.3622302158273385",,,
"2026-01-22","actual","EH4000","CONV","124368.0000","548","15","15","302.638889","0.000000","302.638889",,"0.000000","20.452500","282.186389","16.888333","265.298056","37.509722","226.948905109489051095","226.94890511","231.52901460","3.7649945","29.151797891129803","3.9268055","29.149863581468065","4.798107255520505","0.8236499068901304","7.749081920903955","3.4080532212885157","2.2924151696606785","0.5680029695619896","1.102962962962963","8.082656350741457",,,
"2026-01-22","actual","EH5000","AHS","229341.0000","789","15","15","297.773056","0.000000","297.773056",,"1.811944","16.489444","279.471667","0.000000","279.471667","31.147222","290.673003802281368821","290.67300380","295.93456163","2.2197373","20.4653754521107","2.3766170","29.504390946806545","2.9687140115163144","0.8737071651090342","6.507783759533424","2.3557409879839786","1.5008583690987123","0.6381426202321724","1.5529986052998603","4.833077905491698",,,
"2026-01-22","actual","EH5000","CONV","52902.0000","182","4","4","67.125000","0.000000","67.125000",,"0.000000","1.736944","65.388056","5.317778","60.070278","8.358056","290.670329670329670330","290.67032967","294.93296703","2.7561264","25.59481902016583","2.8616813","26.191659355932206","4.606122448979591","0.98625","6.460978835978836","3.8743489583333335","0.7568627450980393","0.46946778711484594","1.1756944444444446","6.555555555555555",,,
"2026-01-23","actual","CAT793","AHS","340913.0000","1439","39","39","865.485833","0.000000","865.485833",,"145.586667","20.627500","699.271667","33.786944","665.484722","99.172222","236.909659485753995830","236.90965949","241.77268937","2.8518936","19.807661483008587","2.9904385","24.796866225918635","4.282388419782872","1.0833333333333333","8.638759105752323","3.561966765873016","2.2752331002331005","0.661890504704876","0.7462490023942538","7.235846189808322",,,
"2026-01-23","actual","CAT793","CONV","103962.0000","438","10","10","168.906667","0.000000","168.906667",,"0.000000","8.069444","160.837222","19.957500","140.879722","14.498056","237.356164383561643836","237.35616438","241.33744292","2.6859765","21.3984271990996","2.9200261","25.718749311647446","3.744776119402985","0.6529078014184397","7.531328751431844","3.096814562002275","1.2785714285714285","0.43511659807956105","0.7855871886120996","6.812211740041929",,,
"2026-01-23","actual","EH4000","CONV","144132.0000","636","16","16","309.021389","0.000000","309.021389",,"0.000000","38.408611","270.612778","16.268333","254.344444","26.570000","226.622641509433962264","226.62264151","230.25880503","3.5784567","29.243815325461142","3.6887638","31.919457911799757","2.5844262295081966","0.7661751563896336","7.341976401179941","2.9213403880070548","2.2811526479750777","0.5775121275121275","1.0833333333333333","6.933884297520661",,,
"2026-01-23","actual","EH5000","AHS","177282.0000","610","14","14","270.435000","0.000000","270.435000",,"26.985000","3.604167","239.845833","5.403611","234.442222","26.320278","290.626229508196721311","290.62622951","295.08000000","2.7354148","21.02392167259289","2.9100246","28.664345040480917","3.2266417290108063","0.8652032520325204","7.806578171091445","2.6291154071470415","1.7626984126984127","0.6267665952890792","1.4948296836982968","6.091242474001095",,,
"2026-01-23","actual","EH5000","CONV","76533.0000","263","5","5","102.554722","0.000000","102.554722",,"0.000000","24.182778","78.371944","10.228333","68.143611","8.150833","291.000000000000000000","291.00000000","284.68060837","1.9019658","21.902905230215826","2.1303080","30.564949254825308","2.1389624724061806","0.5151515151515151","5.210174029451138","2.106283068783069","0.6290697674418605","0.4966666666666667","1.231611570247934","4.181864623243934",,,
"2026-01-24","actual","CAT793","AHS","339859.0000","1429","40","40","717.671667","0.000000","717.671667",,"53.955833","0.845833","662.870000","18.898056","643.971944","86.913611","237.829951014695591323","237.82995101","240.81910427","2.6784974","18.388485623893256","2.8582414","22.191259233972378","4.157510040160642","1.0855910425844348","8.739699792960662","3.5692405708460755","1.4008264462809916","0.6234937935210414","0.7527891156462585","7.728019495958155",,,
"2026-01-24","actual","CAT793","CONV","107242.0000","454","10","10","169.158611","0.000000","169.158611",,"0.000000","7.841944","161.316667","20.717500","140.599167","16.482222","236.215859030837004405","236.21585903","234.72070485","2.1972115","24.016818645452798","2.4359265","25.60362747041441","3.2356666666666665","0.917989417989418","5.4891820580474935","2.8980086580086577","2.4222222222222225","0.41531986531986537","0.75625","5.708393866020985",,,
"2026-01-24","actual","EH4000","CONV","151060.0000","665","16","16","317.647500","0.000000","317.647500",,"4.651389","2.902500","310.093611","51.255000","258.838611","43.871944","227.157894736842105263","227.15789474","229.64781955","2.2502861","24.919240231094733","2.4830332","27.486874014193617","3.3839831804281344","0.8869482496194825","5.41818950930626","2.954631170271769","2.2155940594059405","0.5446018893387314","1.114194299011053","5.420114048729912",,,
"2026-01-24","actual","EH5000","AHS","139581.0000","480","13","13","252.079722","0.000000","252.079722",,"75.593611","6.149444","170.336667","0.000000","170.336667","18.820278","290.793750000000000000","290.79375000","295.76895833","2.1660605","19.88272574306671","2.2585574","25.3204130585976","3.1947289156626506","0.9800986842105264","6.53650971599402","2.457555555555556","2.387536231884058","0.5225225225225225","1.3911627906976745","5.351944444444444",,,
"2026-01-24","actual","EH5000","CONV","71877.0000","247","5","5","98.847222","0.000000","98.847222",,"0.000000","24.110556","74.736667","5.490833","69.245833","10.100000","291.000000000000000000","291.00000000","285.99635628","1.8236802","22.37446074762356","1.8677247","29.58510877671128","2.7644761904761905","0.49221556886227547","4.890433482810165","1.8417410714285716","0.5762626262626263","0.5144851657940663","1.2719418960244648","3.787834036568214",,,
"2026-01-25","actual","CAT793","AHS","355153.0000","1495","40","40","788.179167","0.000000","788.179167",,"43.724167","22.235556","722.219444","15.979722","706.239722","102.009167","237.560535117056856187","237.56053512","238.33257525","2.6664643","18.96435641161461","2.8702028","23.383182291938784","3.921149425287356","1.02744140625","8.436239782016349","3.840031681375877","1.8070992366412213","0.6558534058534059","0.7175663206459054","7.364787472035794",,,
"2026-01-25","actual","CAT793","CONV","117875.0000","497","8","8","530.347500","0.000000","530.347500",,"236.336944","118.481111","175.529444","18.588333","156.941111","16.043333","237.173038229376257545","237.17303823","235.64366197","2.5122641","23.577154405716232","2.5483649","26.733320525082178","2.1794706723891273","0.6005917159763314","6.393301049233253","2.7372668288726683","1.1302083333333333","0.47452452452452454","0.7780228758169935","5.71952495974235",,,
"2026-01-25","actual","EH4000","CONV","185378.0000","815","17","17","409.860000","0.000000","409.860000",,"44.267222","35.095278","330.497500","27.144444","303.353056","31.645278","227.457668711656441718","227.45766871","232.41374233","2.9735877","29.10373143548727","3.0103407","30.590605088658197","2.0952433628318583","0.8032749675745785","6.130322580645161","2.78034793814433","2.230186823992134","0.5987620357634112","1.0700172935581496","5.904441624365481",,,
"2026-01-25","actual","EH5000","AHS","181293.0000","623","13","13","225.437222","0.000000","225.437222",,"0.000000","4.158056","221.279167","1.220278","220.058889","18.339444","291.000000000000000000","291.00000000","294.55361156","2.1708138","18.894674832820293","2.3221734","22.95104045833131","3.3855125100887813","0.93536866359447","6.893414634146342","2.4400542005420056","1.4579778830963663","0.6117505995203837","1.4383223684210527","6.070766345123259",,,
"2026-01-25","actual","EH5000","CONV","65766.0000","226","4","4","381.832500","0.000000","381.832500",,"145.360556","168.761111","67.710833","8.046389","59.664444","2.602778","291.000000000000000000","291.00000000","281.39424779","1.8233053","22.716760671312755","1.8995177","30.262651330049266","2.1002380952380952","0.5955373406193077","4.815753424657534","1.7926940639269406","0.47115384615384615","0.4932216905901116","1.2483870967741937","3.7660633484162895",,,
"2026-01-26","actual","CAT793","AHS","251162.0000","1058","34","34","726.142500","0.000000","726.142500",,"5.264167","25.243056","695.635278","82.724444","612.910833","135.395556","237.393194706994328922","237.39319471","237.07400756","3.1273956","19.253142547985842","3.3797466","22.96483939449988","4.4219202898550725","1.0841234567901235","9.746135496183205","3.601164274322169","1.5909035409035408","0.6019836855765666","0.7152804333970681","8.830229226361032",,,
"2026-01-26","actual","CAT793","CONV","133397.0000","563","13","13","328.473056","0.000000","328.473056",,"33.341389","62.412500","232.719167","52.399444","180.319722","18.407222","236.939609236234458259","236.93960924","228.02238011","2.2465249","20.57403369692876","2.3595062","24.15894311335234","3.229125138427464","0.8461769759450172","6.5515346181299075","2.797751605995717","0.9964539007092199","0.4205858085808581","0.7701641684511064","5.859957173447538",,,
"2026-01-26","actual","EH4000","CONV","106616.0000","469","17","17","436.455278","0.000000","436.455278",,"42.497500","28.293333","365.664444","109.993056","255.671389","43.991667","227.326226012793176972","227.32622601","230.20383795","4.0987697","28.614180113489454","4.3436338","32.57042245502202","3.6929705215419504","0.8737957610789981","8.59455630126771","2.773750932140194","1.7721064814814815","0.5639967637540454","1.145805243445693","8.001677852348994",,,
"2026-01-26","actual","EH5000","AHS","111150.0000","382","11","11","274.293889","0.000000","274.293889",,"0.544444","62.739167","211.010278","40.378056","170.632222","20.786111","290.968586387434554974","290.96858639","287.70052356","2.6676693","20.41217872505216","2.7995605","24.052751726507687","4.167314487632509","0.9985696517412935","7.841404886561955","2.5470331588132638","0.912183908045977","0.6647934678194044","1.416797900262467","6.983551483420594",,,
"2026-01-26","actual","EH5000","CONV","86136.0000","296","5","5","135.954444","0.000000","135.954444",,"0.000000","21.931944","114.022500","16.153611","97.868889","25.389444","291.000000000000000000","291.00000000","280.10709459","1.5046216","21.26053389955707","1.5009459","25.089167592944897","2.7457102672292546","0.5448434622467773","4.246238425925926","1.7332175925925926","1.3113095238095238","0.4598830409356725","1.2406432748538012","3.5894675925925923",,,
"2026-01-27","actual","CAT793","AHS","386584.0000","1630","36","36","808.852778","0.000000","808.852778",,"34.661389","64.987778","709.203611","0.960556","708.243056","60.750556","237.168098159509202454","237.16809816","239.79208589","2.6333514","19.508705750385772","2.8073373","24.802047912118486","4.353668018931711","1.0061491374513076","8.099003902238653","3.5728280961182994","1.800461680517082","0.6618400181282574","0.6787225302936949","6.7913842678168",,,
"2026-01-27","actual","CAT793","CONV","129823.0000","547","13","13","314.475278","0.000000","314.475278",,"46.211389","39.037778","229.226111","28.032500","201.193611","13.382500","237.336380255941499086","237.33638026","234.70255941","2.4577491","22.307262323910372","2.7203383","23.88043680256039","4.0203647416413375","0.6318069306930693","6.610625","3.079861111111111","1.0688172043010753","0.46403081914030814","0.8283680555555556","6.834895833333333",,,
"2026-01-27","actual","EH4000","CONV","215790.0000","949","17","17","473.576944","0.000000","473.576944",,"103.776111","16.014722","353.786111","23.678056","330.108056","29.330556","227.386722866174920969","227.38672287","231.17007376","2.4430875","28.01058751875657","2.5243098","28.956418923441312","2.741106845809341","0.6115096108766995","5.2332086894586896","2.906941470378301","2.183418150975403","0.5794729027468448","1.0881461675579323","5.230570409982175",,,
"2026-01-27","actual","EH5000","AHS","153042.0000","526","12","12","233.867500","0.000000","233.867500",,"0.935278","41.458889","191.473333","2.025278","189.448056","16.269167","290.954372623574144487","290.95437262","288.42699620","2.2828935","19.95811194747874","2.4715456","24.11015562071772","3.925536062378167","0.9259365994236312","6.863054499366286","2.7704055766793405","1.2879936808846761","0.6199721642310368","1.4751584283903676","6.15063371356147",,,
"2026-01-27","actual","EH5000","CONV","78261.0000","269","4","4","100.944444","0.000000","100.944444",,"0.000000","17.793611","83.150833","7.449167","75.701667","5.857778","290.933085501858736059","290.93308550","289.07881041","2.0678178","23.480064183035765","2.0456914","30.73841770966687","2.007096774193548","0.46929078014184394","5.284017412935324","1.9899875621890546","1.6625","0.5114987080103359","1.1994402985074626","3.993097014925373",,,
"2026-01-28","actual","CAT793","AHS","376415.0000","1583","36","36","792.408889","0.000000","792.408889",,"7.092222","33.890556","751.426111","31.611389","719.814722","78.547222","237.785849652558433354","237.78584965","243.46197094","3.2110595","23.51819675897318","3.3083670","28.79564909252893","5.120800450958286","0.9691189827429609","8.192106392106393","3.7571214071214074","2.631618357487923","0.6363993132205052","0.6885242385242385","6.89347266881029",,,
"2026-01-28","actual","CAT793","CONV","102788.0000","434","13","13","253.313611","0.000000","253.313611",,"17.498889","40.186389","195.628333","22.611667","173.016667","10.270000","236.838709677419354839","236.83870968","240.34585253","3.3886986","25.739915858010473","3.5236464","29.066206103776484","3.63783185840708","0.735","7.899090157154673","3.100330851943755","1.0373417721518987","0.5165644171779141","0.7631513647642679","7.273697270471463",,,
"2026-01-28","actual","EH4000","CONV","216616.0000","953","17","17","404.499444","0.000000","404.499444",,"30.912778","14.880833","358.705833","30.670833","328.035000","19.219444","227.299055613850996852","227.29905561","231.53399790","2.9032403","29.072781863699586","2.9966614","30.75590533402001","2.3645671834625324","0.7090997566909976","5.991666666666666","2.6867061356297097","1.732231040564374","0.5809684684684684","1.0882183908045977","5.846021505376344",,,
"2026-01-28","actual","EH5000","AHS","196941.0000","677","14","14","354.238611","0.000000","354.238611",,"4.408611","81.251389","268.578611","22.658611","245.920000","26.278611","290.902511078286558346","290.90251108","286.43707533","1.9865484","19.27343831599393","2.1512627","25.093006322160065","3.3105371900826444","0.9396355353075171","6.1843093093093096","2.7685935935935935","1.5012745098039215","0.6123160588611645","1.4870481927710844","5.143893893893893",,,
"2026-01-28","actual","EH5000","CONV","84678.0000","291","5","5","121.901667","0.000000","121.901667",,"25.556111","0.849167","95.496389","12.596667","82.899722","2.924444","290.989690721649484536","290.98969072","285.60446735","2.2296667","23.88611024675577","2.3071546","29.25305494789587","1.866747572815534","0.5472111553784861","5.600744558991981","2.0941008018327607","2.021875","0.49416666666666664","1.2047537227949598","4.732130584192439",,,
"2026-01-29","actual","CAT793","AHS","420322.0000","1768","39","39","904.493889","0.000000","904.493889",,"22.487500","79.549722","802.456667","14.420278","788.036389","65.639167","237.738687782805429864","237.73868778","242.23218326","2.9231306","20.349892573880275","2.9541103","25.90772814946035","4.578282828282828","0.9720400728597449","8.618612376613516","3.5154992406985577","2.205720338983051","0.6412755323772272","0.6952706552706552","6.841457382039574",,,
"2026-01-29","actual","CAT793","CONV","154196.0000","650","12","12","365.730556","0.000000","365.730556",,"121.926667","11.568611","232.235278","20.254444","211.980833","11.681944","237.224615384615384615","237.22461538","239.77553846","3.0726524","29.669840394502767","3.2480713","34.5113340691306","2.7941767068273093","0.6480697847067558","6.21368843069874","3.195418098510882","0.6795977011494253","0.4515815085158151","0.7552978235967927","5.646964490263459",,,
"2026-01-29","actual","EH4000","CONV","232082.0000","1022","16","16","408.942778","0.000000","408.942778",,"28.924444","8.461944","371.556389","28.391944","343.164444","44.876389","227.086105675146771037","227.08610568","228.37260274","2.4555193","27.61840889912706","2.5501805","31.130612010850864","2.202076023391813","0.6091397849462366","5.33452736318408","2.6338811420982737","1.7902482269503546","0.5792374480936202","1.097211155378486","4.915124378109453",,,
"2026-01-29","actual","EH5000","AHS","207714.0000","714","14","14","274.673889","0.000000","274.673889",,"2.764444","10.623333","261.286111","1.348333","259.937778","29.367500","290.915966386554621849","290.91596639","284.88151261","1.9318507","18.896955011546993","2.0485723","26.256308913177893","3.4140540540540543","0.8277533039647577","6.133847592332866","2.6506302521008402","1.561268556005398","0.670565749235474","1.5683029453015427","4.681325863678805",,,
"2026-01-29","actual","EH5000","CONV","77106.0000","265","6","6","284.421389","0.000000","284.421389",,"175.705556","37.698889","71.016944","9.153889","61.863056","3.333889","290.966037735849056604","290.96603774","281.20075472","2.1126299","22.105137609847837","2.1941098","26.926271274263406","2.5028629856850713","0.522165820642978","5.734313725490196","2.3004575163398693","1.0098958333333334","0.5092409240924093","1.2735294117647058","4.889150326797386",,,
"2026-01-30","actual","CAT793","AHS","421651.0000","1771","40","40","906.787500","0.000000","906.787500",,"3.310278","102.291667","801.185556","8.905556","792.280000","82.028333","238.086391869000564653","238.08639187","240.79966121","3.1874937","20.66594500449216","3.2390907","27.328213470743496","4.567241379310345","0.9271579239522619","9.254337121212123","3.462819783968164","1.3649109792284866","0.6436847710330138","0.7395240803943876","7.111531173014971",,,
"2026-01-30","actual","CAT793","CONV","100446.0000","426","8","8","228.576389","0.000000","228.576389",,"54.570833","6.413333","167.592222","19.655833","147.936389","15.036667","235.788732394366197183","235.78873239","238.21384977","1.9331792","22.190149191690136","2.1670352","26.209103014014207","3.8403451995685005","0.6208585858585859","5.227128082736674","2.9768496420047734","0.42","0.4372159090909091","0.789274322169059","4.960952380952381",,,
"2026-01-30","actual","EH4000","CONV","227058.0000","1000","16","16","398.781667","0.000000","398.781667",,"19.836389","8.149167","370.796111","33.241667","337.554444","34.381944","227.058000000000000000","227.05800000","229.19740000","2.2603491","26.843335925106455","2.3640465","28.87258499025542","2.5805331179321485","0.5511616880037933","5.052313407632556","2.7038162782843633","2.2945887445887445","0.6121566443949518","1.0836372847011146","4.912715298885512",,,
"2026-01-30","actual","EH5000","AHS","221943.0000","763","14","14","312.842778","0.000000","312.842778",,"0.000000","18.536389","294.306389","7.442778","286.863611","26.113333","290.882044560943643512","290.88204456","284.06264744","2.1350452","18.952447804704413","2.2492943","27.4203494001111","3.3192926045016073","0.9309523809523809","6.75916447944007","2.7587489063867014","1.1982822655524605","0.6912371134020618","1.5663823272090989","4.921806649168854",,,
"2026-01-30","actual","EH5000","CONV","73914.0000","254","5","5","120.233056","0.000000","120.233056",,"0.000000","37.000833","83.232222","12.010000","71.222222","3.175556","291.000000000000000000","291.00000000","287.70984252","1.8695455","21.73185341194311","1.9621270","28.494583184713374","2.514437984496124","0.5075039494470774","5.161673414304993","1.9235492577597841","0.4444444444444445","0.45356550580431176","1.133739837398374","4.131578947368421",,,
"2026-01-31","actual","CAT793","AHS","464646.0000","1956","39","39","891.234444","0.000000","891.234444",,"0.551111","97.431667","793.251667","1.114167","792.137500","67.130556","237.549079754601226994","237.54907975","241.49565440","2.6339781","20.662759146499553","2.7597818","26.60365228818676","3.7895305907172996","0.982739757914339","7.648479318734792","3.1747954743255002","1.6957860922146637","0.6578580839450404","0.7151191097200488","6.224217118997912",,,
"2026-01-31","actual","CAT793","CONV","88206.0000","372","7","7","203.353611","0.000000","203.353611",,"41.571111","21.586944","140.195556","12.535278","127.660278","4.563333","237.112903225806451613","237.11290323","240.40940860","3.1508602","24.00718031520718","3.3145822","29.217276751549626","3.1686842105263158","0.6149280575539569","7.874794520547946","2.87634703196347","0.6893333333333334","0.5134408602150538","0.8240182648401826","6.80675799086758",,,
"2026-01-31","actual","EH4000","CONV","223040.0000","981","17","17","418.990278","0.000000","418.990278",,"27.203611","26.192222","365.594444","31.055833","334.538611","28.134167","227.359836901121304791","227.35983690","230.38542304","2.4479062","26.29777069973978","2.6623180","28.739875664003996","2.153861111111111","0.5996037642397226","5.585050294831772","2.812729795352064","1.6671525753158405","0.5768174787316319","1.0720256677072493","5.55809920221991",,,
"2026-01-31","actual","EH5000","AHS","170766.0000","587","14","14","447.615833","0.000000","447.615833",,"123.753056","32.533333","291.329444","0.000000","291.329444","31.202778","290.913117546848381601","290.91311755","288.43287905","1.9379421","19.08896439282418","2.2460922","25.39346986616849","3.4045990566037734","0.890234375","6.091295662100456","2.550686106346484","1.0703598484848484","0.592870036101083","1.4986849628359062","5.307094017094017",,,
"2026-01-31","actual","EH5000","CONV","82569.0000","284","7","7","279.892222","168.278611","111.613611",,"0.000000","27.602500","84.011111","9.924722","74.086389","2.038611","290.735915492957746479","290.73591549","288.83380282","2.2761413","24.10786278309859","2.3745512","29.910519931257028","2.382261208576998","0.5354700854700856","5.664893617021277","2.2345700824499413","1.2294444444444443","0.5038610038610039","1.197997644287397","4.763309776207303",,,
"2026-02-01","actual","CAT793","AHS","484353.0000","2043","41","41","912.676389","0.000000","912.676389",,"56.836389","42.796111","813.043889","6.059444","806.984444","57.223333","237.079295154185022026","237.07929515","241.25163975","2.6125893","20.21090734496531","2.7986874","26.286861775621986","3.9489075406341594","0.9816467556804872","7.755978260869566","3.289237483530962","1.4272981614708233","0.6494023224043716","0.7310077519379845","6.38802932937881",,,
"2026-02-01","actual","CAT793","CONV","91687.0000","385","9","9","580.695278","0.000000","580.695278",,"401.742778","30.439444","148.513056","16.643333","131.869722","8.181389","238.148051948051948052","238.14805195","240.53385417","3.0754327","24.024343710187566","3.1241296","29.000916066868193","2.9428682170542633","0.578641975308642","7.6807909604519775","2.932389046270066","2.0650273224043714","0.50375","0.728847969782814","6.463512241054614",,,
"2026-02-01","actual","EH4000","CONV","209806.0000","922","18","18","408.341389","0.000000","408.341389",,"0.000000","40.132500","368.208889","33.209167","334.999722","33.288611","227.555314533622559653","227.55531453","230.79577007","2.8497842","27.61625929080417","2.9154157","29.94075193266417","2.366539440203562","0.599514008004574","6.191535580524344","2.7628838951310866","1.6857142857142857","0.6104556354916066","1.149307116104869","5.842369703787027",,,
"2026-02-01","actual","EH5000","AHS","191997.0000","660","13","13","444.118611","0.000000","444.118611",,"194.787222","28.056111","221.275278","0.753056","220.522222","32.379722","290.904545454545454545","290.90454545","288.58772727","1.9821942","23.366397122427987","2.1924219","26.703194933618093","3.057115009746589","0.821121351766513","5.0898583712696","2.3368794326241136","1.2192577030812326","0.692532299741602","1.3824454591577877","4.926201315123925",,,
"2026-02-01","actual","EH5000","CONV","92421.0000","318","5","5","160.238056","0.000000","160.238056",,"0.000000","57.340000","102.898056","12.077222","90.820833","3.769167","290.632075471698113208","290.63207547","282.06698113","2.2898698","24.486501272113944","2.4270444","29.171157573408607","2.032162162162162","0.5653307888040712","5.610935856992639","2.0965299684542584","0.5675213675213675","0.4949152542372881","1.2447784810126583","4.992008412197687",,,
"2026-02-02","actual","CAT793","AHS","438964.0000","1852","38","38","875.416111","0.000000","875.416111",,"54.568056","50.391389","770.456667","0.961111","769.495556","72.001389","237.021598272138228942","237.02159827","240.02284017","2.8606536","21.147669845837065","3.0456470","27.092537167049432","4.098550087873462","0.9762123532414496","8.116223548562127","3.121287755471152","1.9553039832285115","0.6392324303101689","0.7058903365906624","6.744987332609482",,,
"2026-02-02","actual","CAT793","CONV","115313.0000","485","12","12","264.465278","0.000000","264.465278",,"17.252500","55.418889","191.793889","15.876389","175.917500","9.323889","237.758762886597938144","237.75876289","240.23958763","3.3107052","24.79405551594747","3.5220501","28.612322239265826","3.1474829931972788","0.563323500491642","8.01169102296451","2.951739735560195","1.3281420765027323","0.4755424063116371","0.792313067784766","7.385734168406402",,,
"2026-02-02","actual","EH4000","CONV","172492.0000","760","18","18","429.150833","0.000000","429.150833",,"45.210556","33.879722","350.060556","36.738889","313.321667","14.238056","226.963157894736842105","226.96315789","229.67131579","3.9216140","29.45879785809151","3.9452444","30.949488950725183","2.810824742268041","0.6213633398564905","7.987319819819819","2.8806495263870096","1.7187423687423689","0.5998968008255934","1.0986901535682023","7.648419150858175",,,
"2026-02-02","actual","EH5000","AHS","206985.0000","712","14","14","301.115556","0.000000","301.115556",,"10.895278","58.208889","232.011389","3.288333","228.723056","17.854444","290.709269662921348315","290.70926966","294.01713483","2.1894059","25.31086795647834","2.3375746","29.451389546803707","2.9730816451810926","0.7395756457564576","5.190037505860291","2.340646976090014","0.835669191919192","0.6934197886647454","1.356064880112835","4.762236286919831",,,
"2026-02-02","actual","EH5000","CONV","86130.0000","296","4","4","88.080000","0.000000","88.080000",,"5.259444","9.102778","73.717778","8.746111","64.971667","2.587222","290.979729729729729730","290.97972973","285.50304054","1.5509324","23.660007530149336","1.5322847","28.173439923999442","1.5801486199575372","0.4791666666666667","3.9330479452054794","1.860580204778157","0.6","0.4629090909090909","1.2265517241379311","3.2632536973833903",,,
"2026-02-03","actual","CAT793","AHS","393983.0000","1655","36","36","1040.125000","0.000000","1040.125000",,"100.405000","228.008611","711.711389","7.971944","703.739444","76.792222","238.056193353474320242","238.05619335","240.95474320","2.7788641","20.77697295573008","2.8665582","26.36184026493814","3.831127914303718","1.0356538356538356","8.024838187702265","3.2607771706132365","1.0640207715133532","0.6592871830020562","0.7047864804695405","6.524335565023332",,,
"2026-02-03","actual","CAT793","CONV","88450.0000","370","12","12","252.727222","0.000000","252.727222",,"41.822500","18.104444","192.800278","21.139444","171.660833","11.305000","239.054054054054054054","239.05405405","242.48567568","4.1900874","24.854457171338197","4.3236055","27.193987696551726","3.027432216905901","0.7018589743589743","10.115096952908589","2.7074330563250233","1.515277777777778","0.5095315904139434","0.7381348107109881","9.539473684210526",,,
"2026-02-03","actual","EH4000","CONV","173420.0000","764","17","17","375.228889","0.000000","375.228889",,"0.666111","25.862222","348.700556","32.779167","315.921389","13.430278","226.989528795811518325","226.98952880","227.80510471","3.3200615","25.96155119201212","3.3974055","26.90229593268149","3.436712224753227","0.8283768115942028","7.673027259684361","2.9592699327569645","1.313030303030303","0.5889169472502807","1.1218465227817744","7.577209414024976",,,
"2026-02-03","actual","EH5000","AHS","171546.0000","590","12","12","253.003056","0.000000","253.003056",,"12.548333","50.233333","190.221389","0.007222","190.214167","16.455278","290.755932203389830508","290.75593220","289.27966102","2.2504119","24.2774095036428","2.5132576","28.342869835286105","2.1850136239782016","0.748901623686724","5.561743067345784","2.3110639501980756","1.0765285996055227","0.6226169844020798","1.3255820556501987","5.320401810979061",,,
"2026-02-03","actual","EH5000","CONV","135858.0000","467","7","7","195.978333","0.000000","195.978333",,"0.000000","85.636667","110.341667","10.273333","100.068333","4.005278","290.916488222698072805","290.91648822","284.68137045","2.2585118","27.67362292371755","2.3831713","34.863995358767326","1.3666091954022987","0.5885009310986965","4.896746203904556","1.8767753623188406","0.9408730158730159","0.5270089285714286","1.2374727668845318","4.101373825018077",,,
"2026-02-04","actual","CAT793","AHS","421951.0000","1777","39","39","869.220556","0.000000","869.220556",,"59.203333","18.181389","791.835833","0.914167","790.921667","80.201944","237.451322453573438379","237.45132245","237.07175014","2.8430398","19.58710201450314","2.9586807","25.73909670473559","3.5991236162361626","0.9444910941475827","8.708914053426248","3.367345355827031","1.7108502538071066","0.6613931004174906","0.7543436106263331","6.896933642870962",,,
"2026-02-04","actual","CAT793","CONV","95211.0000","399","9","9","206.230556","0.000000","206.230556",,"0.000000","35.278333","170.952222","17.250833","153.701389","7.651389","238.624060150375939850","238.62406015","240.83558897","3.7454597","23.66405954425688","3.8298935","28.71766000522103","2.5652014652014654","0.517639902676399","9.496577777777778","2.600311111111111","0.55","0.4738888888888889","0.7540106951871658","8.001822222222222",,,
"2026-02-04","actual","EH4000","CONV","190290.0000","838","18","18","412.553333","0.000000","412.553333",,"44.931389","34.574722","333.047222","24.918056","308.129167","14.646667","227.076372315035799523","227.07637232","230.40083532","3.3249976","29.384978087932996","3.4168074","31.2489871255641","2.5946188340807175","0.7456904761904762","6.789178314273613","3.084540448962304","1.210928961748634","0.5651872399445215","1.0505082592121981","6.560482846251588",,,
"2026-02-04","actual","EH5000","AHS","193056.0000","664","12","12","356.281667","0.000000","356.281667",,"0.000000","119.464722","236.816944","0.206389","236.610556","26.680278","290.746987951807228916","290.74698795","285.41069277","2.3001822","24.206949829540147","2.4831331","27.452760923271086","3.0856","0.7533124128312413","5.701293759512938","2.586605783866058","1.2077868852459017","0.6730830670926518","1.378648233486943","5.427067478437341",,,
"2026-02-04","actual","EH5000","CONV","93270.0000","321","6","6","123.845833","0.000000","123.845833",,"0.000000","5.180556","118.665278","12.329444","106.335833","5.182222","290.560747663551401869","290.56074766","289.90498442","3.0830654","25.43590226379151","3.1193956","31.03688564987952","1.2656934306569343","0.47275747508305643","7.272552083333333","2.2555729166666665","0.6173076923076923","0.4993207941483803","1.2286311389759665","6.030364583333333",,,
"2026-02-05","actual","CAT793","AHS","422271.0000","1779","40","40","942.008056","0.000000","942.008056",,"58.204722","76.106667","807.696667","11.066111","796.630556","77.661667","237.364249578414839798","237.36424958","237.64564362","3.0619518","20.115739736658448","3.1810626","26.48665773018363","3.5764356435643565","0.952918956043956","9.133002832861191","3.3218885741265343","1.1216577540106951","0.6779477374123645","0.7391378332387976","7.206033994334278",,,
"2026-02-05","actual","CAT793","CONV","87758.0000","368","9","9","231.558611","0.000000","231.558611",,"0.000000","63.051667","168.506944","16.841111","151.665833","9.936111","238.472826086956521739","238.47282609","242.70027174","3.8953125","24.41028058687003","3.9602799","28.320715160649534","2.5254166666666666","0.43112535612535613","9.574603174603174","2.5766454352441612","2.232222222222222","0.4279715762273902","0.7622751322751322","8.390211640211641",,,
"2026-02-05","actual","EH4000","CONV","194228.0000","855","17","17","486.227778","0.000000","486.227778",,"99.100556","50.821111","336.306111","24.396389","311.909722","31.521944","227.167251461988304094","227.16725146","229.86105263","2.9340667","28.38836773604136","3.0015462","29.78681063757556","2.4122895622895624","0.7226837865055388","6.201272423863162","2.9796992481203004","1.7459027777777778","0.5431599229287091","1.0750312891113893","6.046057571964956",,,
"2026-02-05","actual","EH5000","AHS","184044.0000","633","13","13","317.666667","0.000000","317.666667",,"8.038056","58.344167","251.284444","0.519722","250.764722","35.305833","290.748815165876777251","290.74881517","290.82654028","2.4628506","22.56717645018999","2.5998290","26.76368826407304","3.1487023519870236","0.7777011494252873","6.548051606108478","2.926292194092827","1.007593688362919","0.6616726835138388","1.4404648705758056","5.828409689310163",,,
"2026-02-05","actual","EH5000","CONV","91926.0000","316","5","5","145.235278","0.000000","145.235278",,"25.555556","9.236111","110.443611","10.447500","99.996111","9.227500","290.905063291139240506","290.90506329","287.70632911","2.5605918","24.12963246918489","2.5658987","29.69265722458446","1.716969696969697","0.42066666666666663","6.367088607594937","2.086814345991561","1.8735294117647059","0.4785714285714286","1.2714135021097046","5.184915611814346",,,
"2026-02-06","actual","CAT793","AHS","324292.0000","1360","38","38","824.707222","0.000000","824.707222",,"24.715556","31.445833","768.545833","95.740833","672.805000","89.432222","238.450000000000000000","238.45000000","238.05029412","2.8229867","19.277799022384922","2.9855841","22.0671159231438","4.4044619422572175","1.0096697310180456","8.786231343283582","3.2668410563029395","1.7697389885807504","0.6665866026154256","0.7530405405405406","8.11773711725168",,,
"2026-02-06","actual","CAT793","CONV","103897.0000","439","10","10","203.291944","0.000000","203.291944",,"21.360556","13.427500","168.503889","16.270278","152.233611","12.258889","236.667425968109339408","236.66742597","239.48041002","2.7638653","22.80942883168224","2.8426522","24.8168886618908","3.152570093457944","0.6128919860627178","7.270323129251701","2.900852514919011","1.1870370370370371","0.4261820330969267","0.7860754070265639","6.872704081632652",,,
"2026-02-06","actual","EH4000","CONV","197354.0000","868","16","16","377.206667","0.000000","377.206667",,"0.000000","10.205556","367.001111","24.362778","342.638333","46.871667","227.366359447004608295","227.36635945","230.62142857","2.9373641","27.07203959013007","3.0052390","29.178538109131622","2.9727591036414567","0.6433434190620273","6.510105949470253","2.609596577017115","2.209840425531915","0.5326551904016693","1.158924205378973","6.17969067969068",,,
"2026-02-06","actual","EH5000","AHS","135024.0000","464","11","11","274.681667","0.000000","274.681667",,"35.586667","37.811111","201.283889","32.675000","168.608889","14.514444","291.000000000000000000","291.00000000","290.76099138","2.6302121","24.794992112611634","2.7391367","27.872302841731724","2.9237426900584795","0.7032532532532533","6.364701601164484","2.663646288209607","1.3508771929824561","0.6229545454545454","1.4620815138282386","5.896470160116449",,,
"2026-02-06","actual","EH5000","CONV","123225.0000","424","8","8","361.166667","0.000000","361.166667",,"196.969167","10.605833","153.591667","26.427222","127.164444","7.253611","290.625000000000000000","290.62500000","289.34882075","2.8242642","25.451476810816917","2.9309151","31.58194226614434","2.25997375328084","0.5341938405797102","6.657996832937451","2.563730158730159","1.0517543859649123","0.4911244979919679","1.3977380952380953","5.568210609659541",,,
"2026-02-07","actual","CAT793","AHS","371092.0000","1552","43","43","1029.688056","0.000000","1029.688056",,"161.792500","58.668333","809.227222","17.358333","791.868889","119.425278","239.105670103092783505","239.10567010","239.72596649","3.1723346","20.11349816430741","3.2712297","24.57834395373777","4.0329968119022315","1.0683670715249662","9.463300438596491","3.16952850877193","1.7054884189325277","0.6673471741637832","0.7294601711652402","7.985638998682477",,,
"2026-02-07","actual","CAT793","CONV","72473.0000","305","6","6","140.737222","0.000000","140.737222",,"9.118056","6.202222","125.416944","10.640833","114.776111","9.520278","237.616393442622950820","237.61639344","240.79147541","3.1594243","24.495967163628055","3.1645795","26.442699246838142","2.275","0.46674958540630185","7.738639455782313","3.0474149659863943","0.7079710144927537","0.4497584541062802","0.7987074829931973","7.180612244897959",,,
"2026-02-07","actual","EH4000","CONV","221012.0000","972","17","17","433.747500","0.000000","433.747500",,"68.234167","28.872778","336.640556","23.320000","313.320556","19.766944","227.378600823045267490","227.37860082","230.45596708","2.8821689","28.705376754815934","2.9601290","32.65663794705759","2.136586345381526","0.5870489690721649","6.024311594202898","2.539347826086957","1.2476190476190476","0.5583333333333333","1.1182065217391304","5.438641304347826",,,
"2026-02-07","actual","EH5000","AHS","149277.0000","513","9","9","226.036667","0.000000","226.036667",,"0.865556","37.911111","187.260000","4.643611","182.616389","31.328611","290.988304093567251462","290.98830409","291.37660819","2.2624831","24.706443880558183","2.3932399","28.341180545940713","2.80213567839196","0.985671768707483","5.494476933073424","2.6455165692007796","0.9506172839506173","0.6343537414965986","1.3745938921377518","5.066634178037687",,,
"2026-02-07","actual","EH5000","CONV","143322.0000","493","11","11","214.513611","0.000000","214.513611",,"5.420556","37.745833","171.347222","16.153056","155.194167","7.134722","290.713995943204868154","290.71399594","295.08965517","2.8419791","24.61231943071633","2.9067176","30.859234354981698","1.9428669410150892","0.5815518606492478","6.9281867757327875","2.266053169734151","0.9528571428571428","0.4869549929676512","1.3491120218579236","5.651567825494206",,,
"2026-02-08","actual","CAT793","AHS","429884.0000","1802","42","42","896.371111","0.000000","896.371111",,"25.489167","52.859444","818.022500","7.269722","810.752778","105.147222","238.559378468368479467","238.55937847","238.20971143","2.9408810","20.968376240076573","3.0149669","27.702660721370655","3.841132776230269","1.0310069195895968","8.415189520624303","3.258500557413601","2.0207872078720786","0.6718121523320497","0.7017020089285714","6.529986986428705",,,
"2026-02-08","actual","CAT793","CONV","58692.0000","246","6","6","140.539444","0.000000","140.539444",,"0.000000","0.000000","140.539444","13.560278","126.979167","6.858056","238.585365853658536585","238.58536585","243.39837398","5.4743469","29.138359990964535","5.5620245","32.97346322779357","2.7237903225806455","0.5763963963963964","11.272453703703702","2.6362654320987655","1.0851351351351353","0.44057591623036646","0.7483024691358025","10.12091049382716",,,
"2026-02-08","actual","EH4000","CONV","223340.0000","982","17","17","420.209722","0.000000","420.209722",,"50.623611","16.691111","352.895000","28.505556","324.389444","27.720833","227.433808553971486762","227.43380855","230.24226069","2.4469612","27.844956024546423","2.5054086","30.40279119594082","2.1836726998491702","0.680242673992674","5.272684642438453","2.795045045045045","1.664860681114551","0.5897783808231569","1.0995115279406018","4.94443141852286",,,
"2026-02-08","actual","EH5000","AHS","212427.0000","730","13","13","371.799722","0.000000","371.799722",,"104.492222","7.184444","260.123056","12.369167","247.753889","41.453056","290.995890410958904110","290.99589041","295.28808219","1.7832891","22.59761007049639","1.8938211","29.15581669055582","3.1124113475177304","1.0641941391941392","4.7348965517241375","2.6761379310344826","1.295967741935484","0.6521717171717172","1.4154942528735632","3.897310344827586",,,
"2026-02-08","actual","EH5000","CONV","129324.0000","445","9","9","262.039722","0.000000","262.039722",,"52.522778","25.182222","184.334722","23.885278","160.449444","9.374167","290.615730337078651685","290.61573034","287.93101124","3.1833685","27.19439869245173","3.2690158","33.13767101752056","2.241441441441441","0.5848138747884941","7.02358276643991","2.2768707482993196","1.3762626262626263","0.4870918754745634","1.2722978080120937","5.918972033257748",,,
"2026-02-09","actual","CAT793","AHS","511998.0000","2148","42","42","1017.710000","0.000000","1017.710000",,"64.799722","69.963056","882.947222","3.211111","879.736111","101.381667","238.360335195530726257","238.36033520","236.06038175","2.7866499","20.802844197329005","2.9169562","29.292786614195997","3.25253807106599","0.8799939098660171","8.037314148681055","3.0736324376199615","2.1343830570902393","0.6530742659758204","0.7488392571245598","5.974760076775431",,,
"2026-02-09","actual","CAT793","CONV","49582.0000","208","6","6","137.843056","0.000000","137.843056",,"6.949444","6.757222","124.136389","13.836111","110.300278","6.492222","238.375000000000000000","238.37500000","239.16682692","5.2789904","25.647638010515365","5.4455512","29.430501898248536","4.0828125","0.5542016806722689","12.349652777777777","2.6158564814814813","2.0907407407407406","0.444140625","0.7288194444444444","11.101851851851851",,,
"2026-02-09","actual","EH4000","CONV","205734.0000","904","17","17","411.773333","0.000000","411.773333",,"6.940000","16.787778","388.045556","34.219722","353.825833","41.855833","227.581858407079646018","227.58185841","228.90154867","2.8115708","28.0550615202761","2.8749098","29.895546317493142","2.9426680972818313","0.7179447852760735","6.012970168612193","2.9134673584089925","1.322517730496454","0.5717771639042357","1.1205793341980113","5.769909208819715",,,
"2026-02-09","actual","EH5000","AHS","252588.0000","868","13","13","311.253889","0.000000","311.253889",,"24.153611","36.061944","251.038333","0.000000","251.038333","25.873333","291.000000000000000000","291.00000000","294.94838710","1.4958281","21.1189136039463","1.5900047","27.12194962532045","2.9678553363682343","0.9782352941176471","4.249730250481695","2.5478998073217722","0.9239289446185999","0.6903590425531915","1.3875915221579962","3.517456647398844",,,
"2026-02-09","actual","EH5000","CONV","136587.0000","470","8","8","190.636944","0.000000","190.636944",,"0.690278","0.294167","189.652500","18.484444","171.168056","8.453333","290.610638297872340426","290.61063830","284.21382979","3.2712638","26.722346634325255","3.2596017","33.06173941889767","3.0092808551992225","0.5896984924623115","7.345007183908046","2.2594109195402297","1.434313725490196","0.5048293391430646","1.2052801724137931","5.9154813218390805",,,
"2026-02-10","actual","CAT793","AHS","532034.0000","2240","43","43","1085.473333","0.000000","1085.473333",,"96.377222","86.912222","902.183889","1.902222","900.281667","98.344722","237.515178571428571429","237.51517857","239.20700893","2.6463576","20.24407913309278","2.8352363","27.679451168419728","3.5834034792368126","0.9299598138747884","7.843352861649391","3.075401832657353","1.9249096880131364","0.6711133069828722","0.7655986762936222","6.145865283416028",,,
"2026-02-10","actual","CAT793","CONV","36641.0000","155","4","4","104.361111","0.000000","104.361111",,"0.000000","34.066667","70.294444","7.381944","62.912500","3.517222","236.393548387096774194","236.39354839","235.92967742","3.2564774","25.432655154860825","3.3054516","26.84726232972215","3.458064516129032","0.7327519379844961","7.682589285714286","3.2489583333333334","0.5743589743589743","0.38683333333333336","0.7867559523809524","7.387237237237238",,,
"2026-02-10","actual","EH4000","CONV","231184.0000","1017","18","18","488.941389","0.000000","488.941389",,"91.998611","12.300278","384.642500","27.511667","357.130833","29.400278","227.319567354965585054","227.31956735","229.14827925","2.8349587","29.10772652293928","2.8445064","30.958111081001327","2.6629596678529066","0.6076838397181858","5.843724066390041","2.7203395703395703","1.7169934640522875","0.5581883087907185","1.1535825545171339","5.51294565593631",,,
"2026-02-10","actual","EH5000","AHS","222033.0000","763","12","12","271.387222","0.000000","271.387222",,"0.148611","20.778333","250.460278","0.426111","250.034167","27.979167","291.000000000000000000","291.00000000","295.82031455","2.0156108","21.41011091945377","2.1662348","27.73690933431793","2.8146817895400127","0.7917096959265634","5.648576434515988","2.4593079281646957","1.6005319148936172","0.6011925538103549","1.3182497801231312","4.685961454226895",,,
"2026-02-10","actual","EH5000","CONV","135198.0000","465","9","9","214.177778","0.000000","214.177778",,"21.454722","18.127500","174.595556","18.509167","156.086389","5.230556","290.748387096774193548","290.74838710","286.63204301","2.9624332","25.097897768088185","3.0327646","30.989660574440766","2.093","0.474729938271605","7.082106782106782","2.0564574314574315","1.212015503875969","0.49895155459146784","1.2505050505050506","5.871825396825397",,,
"2026-02-11","actual","CAT793","AHS","447340.0000","1882","41","41","943.365556","0.000000","943.365556",,"67.070556","157.886944","718.408056","0.868333","717.539722","86.350833","237.693942614240170032","237.69394261","237.19670563","2.2514174","20.437353307435682","2.4050161","25.931151741882786","3.2928871645651467","0.9649792125213988","6.609713203463203","3.263679841183902","1.7833707444818556","0.6782360024081878","0.7391422366992401","5.564772727272727",,,
"2026-02-11","actual","CAT793","CONV","76395.0000","321","9","9","173.030278","0.000000","173.030278",,"2.060278","21.186944","149.783056","21.543333","128.239722","6.391389","237.990654205607476636","237.99065421","240.11308411","4.3029717","27.48841766356022","4.3374615","30.823463022355526","2.9194989106753813","0.5188","9.39225768321513","2.5690898345153665","2.0869791666666666","0.4857246376811594","0.7526595744680851","8.443168433451119",,,
"2026-02-11","actual","EH4000","CONV","205508.0000","905","17","17","462.165000","0.000000","462.165000",,"69.347500","22.066111","370.751389","40.343889","330.407500","39.116667","227.080662983425414365","227.08066298","229.37842920","2.8312777","28.83058532528672","2.9042813","31.207698581699937","2.456078431372549","0.6322146118721462","5.892237708091367","2.7131629887727446","1.6064236111111112","0.5762189054726368","1.2146728610143245","5.5837785520712355",,,
"2026-02-11","actual","EH5000","AHS","264222.0000","908","15","15","327.343333","0.000000","327.343333",,"19.623889","29.262778","278.456667","0.034722","278.421944","24.058333","290.993392070484581498","290.99339207","293.93094714","1.9018307","21.98885143148835","2.0594453","27.321850758411752","3.2019249512670567","0.7641493055555556","5.18944076526858","2.4955284552845525","1.4039488966318234","0.6785684560965459","1.3799778761061947","4.522633517495396",,,
"2026-02-11","actual","EH5000","CONV","99174.0000","341","7","7","189.608611","0.000000","189.608611",,"33.740556","10.366111","145.501944","36.713889","108.788056","3.911667","290.832844574780058651","290.83284457","294.74398827","2.8450704","25.476933750302674","2.8716804","31.34395327973097","1.8566835871404401","0.4450980392156863","6.700344149459194","1.9483284169124877","0.496551724137931","0.47485207100591714","1.2609636184857425","5.497099311701081",,,
"2026-02-12","actual","CAT793","AHS","357754.0000","1504","38","38","828.140000","0.000000","828.140000",,"0.000000","80.429444","747.710556","70.446944","677.263611","128.877222","237.868351063829787234","237.86835106","233.48357713","2.1043847","17.23424279256686","2.3605760","19.910704102033563","3.497045359966708","0.9903185115105645","7.3262912400455065","3.1553123575011397","1.927092300334768","0.6883683360258481","0.7081281349749202","7.113488266119845",,,
"2026-02-12","actual","CAT793","CONV","75811.0000","319","10","10","284.375000","0.000000","284.375000",,"88.068889","15.519167","180.786944","33.073889","147.713056","16.749167","237.652037617554858934","237.65203762","238.59467085","3.7309238","25.310856748531403","3.9130446","27.386405840647438","3.6171111111111114","0.7614583333333333","8.844245385450597","2.820032573289902","1.3953586497890293","0.47461170848267625","0.7984256243213897","8.572964169381107",,,
"2026-02-12","actual","EH4000","CONV","123152.0000","542","16","16","410.017222","0.000000","410.017222",,"0.000000","60.571944","349.445278","83.230278","266.215000","53.339167","227.217712177121771218","227.21771218","230.55184502","3.5133840","26.324169514518893","3.6027625","30.075268246981278","2.6567241379310347","0.6054459064327485","8.007965451055663","2.5412028150991683","1.252972399150743","0.5584425036390103","1.24625","7.187492002559181",,,
"2026-02-12","actual","EH5000","AHS","268272.0000","922","16","16","358.006389","0.000000","358.006389",,"0.000000","6.657778","351.348611","48.649722","302.698889","37.115833","290.967462039045553145","290.96746204","292.29381779","1.7146504","21.14345465494809","2.0294013","28.291697368949794","3.20902394106814","0.9061354019746122","4.865762273901809","2.7442350332594234","1.5444252873563218","0.6862452107279694","1.4526267110617832","4.303880266075388",,,
"2026-02-12","actual","EH5000","CONV","64890.0000","223","6","6","139.824722","0.000000","139.824722",,"45.114722","2.944167","91.765833","11.906944","79.858889","2.040556","290.986547085201793722","290.98654709","294.04304933","2.4989641","21.683149731739476","2.6270269","24.85301557095383","1.917750677506775","0.47360446570972886","6.914947683109118","1.8858744394618834","1.6333333333333333","0.465296803652968","1.2736920777279521","6.342152466367713",,,
"2026-02-13","actual","CAT793","AHS","454960.0000","1912","41","41","1014.898333","0.000000","1014.898333",,"149.836111","57.096111","807.966111","10.630000","797.336111","99.449722","237.949790794979079498","237.94979079","233.55988494","2.3343195","19.322291228527007","2.5329440","25.01005055714971","4.676798208788133","1.0426930596285435","7.248579805754077","3.0303538687202054","1.9336481700118064","0.6737648719499899","0.6889928453494771","6.076622662266227",,,
"2026-02-13","actual","CAT793","CONV","89265.0000","375","9","9","198.125833","0.000000","198.125833",,"0.000000","9.336389","188.789444","19.236389","169.553056","5.965833","238.040000000000000000","238.04000000","244.26986667","4.4992968","26.92556759237382","4.4787951","31.58962169746734","2.900877192982456","0.5540650406504065","10.026076779026218","2.727762172284644","1.4505649717514124","0.45217391304347826","0.6987359550561797","8.506835205992509",,,
"2026-02-13","actual","EH4000","CONV","192024.0000","844","15","15","398.348056","0.000000","398.348056",,"41.079444","34.004722","323.263889","25.811944","297.451944","20.523889","227.516587677725118483","227.51658768","232.81113744","2.7582713","27.13679050541635","2.7986235","29.01687799241465","1.9562854825628548","0.5625166444740347","6.09859437751004","2.789839357429719","2.3475225225225227","0.5958068614993647","1.137730923694779","5.786887550200803",,,
"2026-02-13","actual","EH5000","AHS","274662.0000","944","16","16","378.068333","0.000000","378.068333",,"5.125556","41.235278","331.707500","1.068056","330.639444","36.126389","290.955508474576271186","290.95550847","295.35370763","1.6944280","20.05698286306127","1.9316957","26.177965483096788","3.3828410689170183","0.7816408086506818","5.068842143113987","2.618740981240981","1.906814814814815","0.6724323322209862","1.515766738660907","4.427454153182309",,,
"2026-02-13","actual","EH5000","CONV","79413.0000","273","7","7","198.990278","0.000000","198.990278",,"63.098056","32.955000","102.937222","10.668333","92.268889","4.305833","290.890109890109890110","290.89010989","294.18058608","2.7255128","23.68181493198456","2.7554982","27.93787236679161","2.31875","0.44593333333333335","6.905330882352941","2.023713235294118","0.611111111111111","0.4501230012300123","1.2933210784313725","5.917769607843137",,,
"2026-02-14","actual","CAT793","AHS","421818.0000","1776","37","37","878.693056","0.000000","878.693056",,"53.003611","62.268611","763.420833","26.335556","737.085278","79.418611","237.510135135135135135","237.51013514","232.49611486","2.5752763","20.68377440673149","2.7325219","27.512300080926426","4.103310162197948","1.0779695024077047","7.470424641148325","2.875079744816587","2.556","0.6705692108667528","0.7091307814992026","5.959200558213715",,,
"2026-02-14","actual","CAT793","CONV","116044.0000","490","11","11","447.438056","0.000000","447.438056",,"222.334167","29.221667","195.882222","24.043056","171.839167","8.846667","236.824489795918367347","236.82448980","240.64510204","2.9192918","24.671562908959014","3.0709259","30.1907823432821","2.6119592875318065","0.49722932651321394","7.099570815450644","2.6350858369098713","1.2264550264550265","0.4141757246376812","0.7058548850574713","6.103040057224606",,,
"2026-02-14","actual","EH4000","CONV","179964.0000","792","17","17","374.627500","0.000000","374.627500",,"3.788056","58.844722","311.994722","28.614722","283.380000","39.009167","227.227272727272727273","227.22727273","230.75997475","2.3426536","26.595600426042022","2.4789176","29.125361139948403","2.714583333333333","0.6743271221532091","5.285055187637969","2.913019451812555","1.4465185185185185","0.5117903930131005","1.1376657824933687","5.106719717064545",,,
"2026-02-14","actual","EH5000","AHS","207816.0000","715","18","18","479.301111","0.000000","479.301111",,"114.969722","20.461944","343.869444","40.712222","303.157222","23.360000","290.651748251748251748","290.65174825","297.98000000","2.5969292","19.770000298627107","2.7892940","23.299653060099246","4.24585798816568","0.8116392443631931","7.881423856671381","2.683215297450425","2.3281842818428182","0.6466913580246914","1.5640698772426818","7.182838283828383",,,
"2026-02-14","actual","EH5000","CONV","95157.0000","327","5","5","114.304722","0.000000","114.304722",,"0.000000","7.821667","106.483056","11.491389","94.991667","2.927500","291.000000000000000000","291.00000000","292.34709480","2.5000062","24.355384973352315","2.4996347","31.474366183268977","1.637116564417178","0.37335562987736903","6.15881753312946","1.8271151885830785","1.0662878787878787","0.4584886128364389","1.1613149847094801","4.765086646279307",,,
"2026-02-15","actual","CAT793","AHS","463660.0000","1948","38","38","836.640833","0.000000","836.640833",,"56.305833","32.306944","748.028056","0.451944","747.576111","73.718333","238.018480492813141684","238.01848049","232.72315195","2.1725874","18.823788957066633","2.3750057","26.789981761934747","4.273938336242001","1.020085166784954","6.925026852846401","3.095163890381515","2.791335540838852","0.6693711773700305","0.7153053913666487","5.319165323302884",,,
"2026-02-15","actual","CAT793","CONV","104859.0000","441","11","11","223.259444","0.000000","223.259444",,"26.262222","6.188333","190.808889","21.109167","169.699722","18.958333","237.775510204081632653","237.77551020","241.36870748","3.2830638","25.361037105692137","3.3224805","28.98738670014904","2.689306784660767","0.5716505894962487","7.7671834625323","2.4069767441860463","2.3760299625468164","0.5024712643678161","0.8021588946459413","6.877088716623601",,,
"2026-02-15","actual","EH4000","CONV","222068.0000","977","18","18","430.441389","0.000000","430.441389",,"30.435556","30.547500","369.458333","41.311389","328.146944","20.615000","227.295803480040941658","227.29580348","230.68311157","2.7322221","28.23067344875016","2.8382869","32.114879439678404","2.3759972954699125","0.6224719101123596","5.80692225772098","2.829854455094072","2.1442581300813006","0.5628142741281427","1.1795527156549521","5.30275115370962",,,
"2026-02-15","actual","EH5000","AHS","191916.0000","661","17","17","458.409722","0.000000","458.409722",,"125.385278","38.141667","294.882778","3.203889","291.678889","20.259167","290.341906202723146747","290.34190620","297.61512859","3.4705443","22.11816325596229","3.6707643","26.954435446341268","4.000752445447705","0.8283298826777088","9.414554707379134","2.7403053435114506","1.4494224422442243","0.6604461942257218","1.3794342507645259","8.171043256997455",,,
"2026-02-15","actual","EH5000","CONV","83226.0000","286","4","4","105.879722","0.000000","105.879722",,"0.000000","14.111667","91.768056","7.919722","83.848333","3.782778","291.000000000000000000","291.00000000","294.30314685","2.5414650","24.42037819172764","2.5425140","29.85087421631792","1.6998717948717947","0.3823373173970783","6.244289044289045","1.830944055944056","0.43333333333333335","0.4716200466200466","1.2106060606060607","5.110431235431236",,,
"2026-02-16","actual","CAT793","AHS","432536.0000","1820","39","39","1056.103889","0.000000","1056.103889",,"195.371667","51.616389","809.115833","5.323333","803.792500","100.631944","237.657142857142857143","237.65714286","232.18873626","2.4107553","18.895462344553682","2.6049978","26.26303686586082","5.424985947161327","1.0924398625429554","7.655029306107014","3.2000756286632632","1.8495593869731801","0.6749736119907115","0.7209421112372304","5.951325004732159",,,
"2026-02-16","actual","CAT793","CONV","103111.0000","433","11","11","239.464167","0.000000","239.464167",,"0.000000","24.408889","215.055278","22.179167","192.876111","5.848056","238.131639722863741339","238.13163972","243.16951501","4.7571432","28.472465190484822","4.7592032","33.12570270744279","2.902991452991453","0.5375350140056022","10.024723538704581","2.341390205371248","1.3262254901960786","0.4344254510921177","0.687954186413902","8.620260663507109",,,
"2026-02-16","actual","EH4000","CONV","212688.0000","935","18","18","422.735556","0.000000","422.735556",,"43.563611","12.698333","366.473611","35.971944","330.501667","15.864444","227.473796791443850267","227.47379679","230.40470588","2.9353914","28.158098984514712","3.0046959","30.754653530836464","2.4864236111111113","0.6654445849136115","6.254807332585111","2.8962734082397006","1.5751251251251253","0.5898019384745048","1.1122284644194758","5.8619341563786005",,,
"2026-02-16","actual","EH5000","AHS","135429.0000","467","16","16","383.159167","0.000000","383.159167",,"2.288611","79.417222","301.453333","25.516944","275.936389","29.916667","289.997858672376873662","289.99785867","297.97002141","4.1600863","23.31142264332841","4.3410883","28.748815405795664","6.488995433789954","0.9333854166666666","10.707419354838711","2.882616487455197","2.571832358674464","0.6391741071428572","1.6217893217893218","9.060035842293907",,,
"2026-02-16","actual","EH5000","CONV","60747.0000","209","4","4","103.118889","0.000000","103.118889",,"0.000000","20.739167","82.379722","8.484167","73.895556","2.441667","290.655502392344497608","290.65550239","292.71674641","2.9877225","26.366184717688963","2.9439471","31.144887815950124","2.5561855670103095","0.5261477045908184","6.798987108655617","3.0014732965009205","0.6369791666666667","0.5235567970204842","1.2779005524861877","5.671454880294659",,,
"2026-02-17","actual","CAT793","AHS","402868.0000","1684","39","39","969.492500","0.000000","969.492500",,"110.339444","36.115278","823.037778","26.724444","796.313333","137.595556","239.232779097387173397","239.23277910","235.57785036","2.8294105","20.920318932979136","2.9685954","26.546276388817105","4.28092901537455","1.0801307712836936","8.114820359281437","3.4147094068304376","1.6291838606143971","0.6603597601598934","0.7085631494804157","6.709631188614953",,,
"2026-02-17","actual","CAT793","CONV","97892.0000","410","11","11","244.173056","0.000000","244.173056",,"2.906389","25.937778","215.328889","27.678333","187.650556","10.698333","238.760975609756097561","238.76097561","242.07243902","4.5308260","28.049526389499334","4.5254730","32.26824969233491","3.572672064777328","0.62983789260385","9.69177005789909","2.7539702233250622","1.0142361111111111","0.38051031487513576","0.7105872622001654","8.414722911497105",,,
"2026-02-17","actual","EH4000","CONV","178516.0000","784","18","18","430.535556","0.000000","430.535556",,"42.864722","26.046389","361.624444","45.495556","316.128889","19.278889","227.698979591836734694","227.69897959","228.22461735","3.2796212","29.565099036421625","3.3628608","29.76239551737019","3.3822936357908002","0.7482866043613706","6.655728491137052","3.080194805194805","1.624203431372549","0.5814238566713814","1.1110822510822511","6.779415584415585",,,
"2026-02-17","actual","EH5000","AHS","215181.0000","741","18","18","423.379167","0.000000","423.379167",,"68.635833","14.687222","340.056111","17.793611","322.262500","38.332778","290.392712550607287449","290.39271255","292.50634278","2.9770679","22.462255930686332","3.3716204","29.274327649694683","3.5869880277252677","0.813923182441701","7.9521876409562475","2.4216283265674337","1.2980314960629922","0.6464419475655431","1.5081641858367163","6.910396932792062",,,
"2026-02-17","actual","EH5000","CONV","55926.0000","193","5","5","105.596111","0.000000","105.596111",,"0.000000","6.940000","98.656111","12.054167","86.601944","4.425556","289.772020725388601036","289.77202073","284.24300518","3.2912124","28.92821641780796","3.2162746","32.014530580645165","4.693928571428572","0.9197341513292433","6.826302083333333","4.25390625","1.4005376344086022","0.5134920634920636","1.3978298611111113","6.027777777777778",,,
"2026-02-18","actual","CAT793","AHS","363099.0000","1515","40","40","921.514167","0.000000","921.514167",,"53.213889","65.370833","802.929444","54.117778","748.811667","125.879722","239.669306930693069307","239.66930693","241.26673267","3.1516849","22.913098525515597","3.2964221","27.93339174678049","3.8232","1.0422850958565244","8.252969094922738","3.5499116997792495","2.4328042328042327","0.6828696741854636","0.6807174392935983","7.0806054557551565",,,
"2026-02-18","actual","CAT793","CONV","71194.0000","298","10","10","212.958056","0.000000","212.958056",,"0.000000","21.461944","191.496111","25.324167","166.171944","12.591389","238.906040268456375839","238.90604027","247.64228188","5.4154242","29.759097759457926","5.5480243","32.85202656236031","5.467606837606837","0.9455604075691412","10.918524970963995","3.128205128205128","1.0918803418803418","0.452108843537415","0.6771196283391405","10.132752613240418",,,
"2026-02-18","actual","EH4000","CONV","237688.0000","1046","18","18","439.529167","0.000000","439.529167",,"61.553611","0.530278","377.445278","40.076667","337.368611","29.875000","227.235181644359464627","227.23518164","229.02992352","1.8399092","24.96718390200339","1.8934589","25.71114754668317","3.0170212765957447","0.6969941956882255","4.421586048042119","3.1963145771635406","1.4740345528455283","0.5956048738033072","1.1349128002632445","4.41861001317523",,,
"2026-02-18","actual","EH5000","AHS","183393.0000","631","16","16","396.777500","0.000000","396.777500",,"1.178889","58.945278","336.653333","29.079167","307.574167","60.768889","290.638668779714738510","290.63866878","294.37527734","2.7747818","21.257027325387455","2.9266715","25.290719872232756","3.4847753185781354","0.8259803921568628","7.832087970323264","2.3311305732484078","2.0887962962962963","0.5402708678828082","1.4695018547959724","6.943269740328564",,,
"2026-02-18","actual","EH5000","CONV","87525.0000","301","5","5","110.284722","0.000000","110.284722",,"0.000000","3.370556","106.914167","13.187500","93.726667","7.181389","290.780730897009966777","290.78073090","288.08305648","1.9106767","24.914114971434262","2.0370864","28.336896994290264","3.0168794326241137","0.7570596797671033","4.60143184421535","2.461340206185567","2.3305555555555557","0.46534296028880867","1.2312142038946163","4.313287514318443",,,
"2026-02-19","actual","CAT793","AHS","374470.0000","1570","40","40","940.626389","0.000000","940.626389",,"39.300278","91.464444","809.861667","6.973333","802.888333","111.727778","238.515923566878980892","238.51592357","237.88847134","3.6664150","22.82312878446919","3.7549686","27.651142265319713","4.152388767323122","1.0759604018912527","9.63868285007867","3.236345246122724","2.0163884673748105","0.6571560480147738","0.6871682411156095","8.147877358490566",,,
"2026-02-19","actual","CAT793","CONV","73429.0000","307","9","9","226.879722","0.000000","226.879722",,"35.963611","4.178056","186.738056","21.373056","165.365000","10.135556","239.182410423452768730","239.18241042","246.10977199","5.6433355","29.996365492338825","5.6832614","33.48696947429952","3.979479768786127","0.8440839694656488","11.288038548752835","3.0698979591836735","0.8533333333333334","0.45188067444876784","0.7649659863945578","10.182936507936509",,,
"2026-02-19","actual","EH4000","CONV","238832.0000","1051","17","17","402.455833","0.000000","402.455833",,"0.000000","14.649722","387.806111","33.652500","354.153611","34.026944","227.242626070409134158","227.24262607","228.11294006","2.2916543","26.919433283740553","2.3315983","28.906444773455554","2.7735660173160173","0.7062714776632303","5.107806563039724","3.08986183074266","1.1362466124661246","0.5304065040650406","1.1603799654576856","4.839609266943293",,,
"2026-02-19","actual","EH5000","AHS","194886.0000","670","16","16","388.579167","0.000000","388.579167",,"5.674722","97.586944","285.317500","5.036667","280.280833","38.092500","290.874626865671641791","290.87462687","293.00582090","2.2689790","20.005259470812433","2.6379955","23.963178800546274","3.330262316058861","0.7495716510903426","6.805147426286856","2.0195152423788105","2.4015151515151514","0.6738983929497149","1.5253753753753754","6.60512243878061",,,
"2026-02-19","actual","EH5000","CONV","73623.0000","253","5","5","143.254167","0.000000","143.254167",,"46.436389","5.265833","91.551944","7.850833","83.701111","4.559444","291.000000000000000000","291.00000000","293.59881423","3.2360158","27.96704708019016","3.3151028","29.39099433711015","1.2394666666666665","0.4852059925093633","6.942490118577075","1.7705533596837946","0.4591954022988506","0.48572695035460994","1.2393280632411068","6.767588932806324",,,
"2026-02-20","actual","CAT793","AHS","432209.0000","1811","41","41","1170.095833","0.000000","1170.095833",,"248.775833","39.081111","882.238889","38.691389","843.547500","106.976389","238.657647708448371066","238.65764771","240.07885146","2.6532407","19.21899506235033","2.8575441","24.982730224917848","4.485221421215242","1.0222927557879014","8.28318241841162","3.403646127755794","2.4218178796942507","0.6966332940714567","0.7028924062558884","6.862846632710809",,,
"2026-02-20","actual","CAT793","CONV","76780.0000","322","9","9","204.536944","0.000000","204.536944",,"1.757500","4.695556","198.083889","54.142222","143.941667","7.818889","238.447204968944099379","238.44720497","242.27453416","4.0343894","25.484853251815395","4.1474132","30.860758989931817","3.511656441717791","0.5961904761904762","9.49832285115304","2.9385220125786162","1.7769607843137256","0.4302124833997344","0.7806603773584906","8.063469601677149",,,
"2026-02-20","actual","EH4000","CONV","202120.0000","890","17","17","459.089722","0.000000","459.089722",,"10.858333","39.197778","409.033611","85.636389","323.397222","33.038333","227.101123595505617978","227.10112360","230.70112486","2.6007794","26.52283197854706","2.6611165","27.469109406252187","2.7127510040160643","0.7638469284994965","5.883488012374324","2.976488785769528","1.6378277153558052","0.539271523178808","1.1513775708187814","5.81260162601626",,,
"2026-02-20","actual","EH5000","AHS","222480.0000","765","16","16","350.294444","0.000000","350.294444",,"0.000000","8.247778","342.046667","23.851111","318.195556","45.388889","290.823529411764705882","290.82352941","297.59516340","2.3385772","20.051651361503815","2.5436535","25.392196773641825","3.125139821029083","0.8241065627030539","6.997659667541557","2.212707786526684","1.6896084337349397","0.6954545454545454","1.5726596675415574","6.010476815398076",,,
"2026-02-20","actual","EH5000","CONV","59883.0000","206","5","5","155.772222","0.000000","155.772222",,"18.671111","52.928889","84.172222","16.835000","67.337222","4.626111","290.694174757281553398","290.69417476","293.32912621","3.4042961","26.996229471777436","3.4545146","29.702744287480904","2.114102564102564","0.4913669064748201","7.566159052453469","1.9712351945854485","0.6191666666666666","0.49991087344028523","1.2746192893401016","6.9781725888324875",,,
"2026-02-21","actual","CAT793","AHS","332627.0000","1392","38","38","991.177778","0.000000","991.177778",,"141.371944","63.854167","785.951667","83.266667","702.685000","95.958333","238.956178160919540230","238.95617816","238.83038793","2.8216117","18.560046954129156","2.8947092","21.169560717547608","3.967062937062937","0.9635166666666667","9.121566471163245","3.417216923453167","1.9872044506258695","0.6878338675213675","0.6800807043286867","8.204353142577647",,,
"2026-02-21","actual","CAT793","CONV","61460.0000","260","8","8","189.744722","0.000000","189.744722",,"10.200000","48.123333","131.421389","27.188889","104.232500","7.235556","236.384615384615384615","236.38461538","239.44384615","2.7764154","21.780657749970942","2.7422973","24.668889452816988","3.025265392781316","0.6172654690618763","7.648296296296296","2.926074074074074","1.0784313725490196","0.4281111111111111","0.7215555555555556","6.669851851851852",,,
"2026-02-21","actual","EH4000","CONV","143176.0000","632","17","17","381.409444","1.613333","379.796111",,"94.289444","9.010000","276.496667","24.110278","252.386389","54.456389","226.544303797468354430","226.54430380","229.18589540","2.3650994","27.713097500331838","2.3154670","26.972135859967985","2.2807981220657276","0.6664882226980728","5.120537825059102","3.0323286052009455","1.313047138047138","0.5788385826771653","1.0745271867612294","5.1507978723404255",,,
"2026-02-21","actual","EH5000","AHS","171966.0000","591","17","17","360.210000","0.000000","360.210000",,"5.124167","30.393889","324.691944","104.441389","220.250556","22.002222","290.974619289340101523","290.97461929","293.85661017","2.1801929","21.450291510421504","2.4201090","25.625837153533325","3.0218701095461658","0.7330555555555556","6.0983588002263724","2.3431572969903467","1.5322128851540617","0.6676401179941003","1.809625212947189","5.66641156462585",,,
"2026-02-21","actual","EH5000","CONV","75330.0000","259","5","5","120.585278","0.000000","120.585278",,"0.000000","31.269722","89.315556","19.195278","70.120278","1.983056","290.849420849420849421","290.84942085","294.78494208","3.1468405","27.99262166732698","3.2075922","34.17607633952321","1.3755707762557077","0.5897003745318352","6.745007032348805","1.6571026722925457","0.5170289855072464","0.5190070921985815","1.2542194092827004","5.6312939521800285",,,
"2026-02-22","actual","CAT793","AHS","378959.0000","1595","39","39","941.700833","0.000000","941.700833",,"85.792222","97.686111","758.222500","16.211389","742.011111","113.447778","237.591849529780564263","237.59184953","235.49109718","3.0215107","21.06808198614889","3.1704114","27.57823750300479","3.8288668320926385","1.0361500291885581","8.60499034127495","3.1906525005365958","1.8258744205646862","0.6868518518518518","0.6900451030927836","6.897637457044673",,,
"2026-02-22","actual","CAT793","CONV","75196.0000","316","7","7","170.435556","0.000000","170.435556",,"0.000000","39.075556","131.360000","13.043333","118.316667","9.803889","237.962025316455696203","237.96202532","243.05632911","3.0629615","23.65741064364207","3.1893013","28.192658371848292","3.2633141762452107","0.7314102564102565","7.7682926829268295","3.41602787456446","1.2447916666666667","0.46499272197962155","0.68664343786295","6.787514518002323",,,
"2026-02-22","actual","EH4000","CONV","187700.0000","827","15","15","339.111944","0.000000","339.111944",,"2.426667","8.103056","328.582222","23.479722","305.102500","19.055278","226.964933494558645707","226.96493349","230.79044740","3.1567512","28.832039129704086","3.1979392","31.284621563630814","2.9175619834710744","0.6501033591731266","6.569256900212314","2.916475583864119","1.6786967418546366","0.5875120076849183","1.108737244897959","6.133248299319728",,,
"2026-02-22","actual","EH5000","AHS","243582.0000","838","20","20","579.746389","0.000000","579.746389",,"187.945556","44.275833","347.525000","10.212778","337.312222","45.904444","290.670644391408114558","290.67064439","298.77183771","2.6323687","22.472807679986367","2.8555455","30.397312349853568","3.1030536529680366","0.7832261521972134","7.02814371257485","2.5638755980861245","1.2073762838468722","0.6785861076859844","1.562150279776179","5.636443381180223",,,
"2026-02-22","actual","EH5000","CONV","71289.0000","245","4","4","67.375278","0.000000","67.375278",,"0.000000","2.683056","64.692222","5.375278","59.316944","5.651389","290.975510204081632653","290.97551020","289.96571429","1.8237796","27.527029697953648","1.7989469","33.41476918719536","1.804265873015873","0.5475274725274725","3.9752482269503546","1.9802836879432624","0.8784722222222222","0.4514306151645207","1.189957264957265","3.2302127659574467",,,
"2026-02-23","actual","CAT793","AHS","403030.0000","1696","40","40","911.493333","0.000000","911.493333",,"63.373056","70.804167","777.316111","5.254444","772.061667","98.183333","237.635613207547169811","237.63561321","235.56332547","3.0522600","21.45507823588729","3.1763502","26.977303399512067","3.497616323417239","1.0391246330397652","8.535769386926512","3.4312220868859113","1.9784278246883795","0.6846235194585449","0.7030062969733902","7.064494518879415",,,
"2026-02-23","actual","CAT793","CONV","87471.0000","369","7","7","162.841389","0.000000","162.841389",,"0.000000","15.361944","147.479444","14.206389","133.273056","8.860556","237.048780487804878049","237.04878049","238.83089431","2.5530515","22.624371157735634","2.5360409","28.114800879540425","2.9019965277777775","0.6894506866416978","6.770711500974659","3.4085282651072126","1.16358024691358","0.4012244897959184","0.6951267056530214","5.412183235867446",,,
"2026-02-23","actual","EH4000","CONV","188650.0000","831","15","15","370.102222","0.000000","370.102222",,"35.048056","16.220278","318.833889","17.375556","301.458333","22.011111","227.015643802647412756","227.01564380","230.54500602","2.9731011","29.743933412230962","3.0981494","32.25827364587712","2.8069244604316546","0.8667440660474717","5.997393267651888","3.016912972085386","1.2111111111111112","0.5872688477951636","1.1238916256157634","5.76252052545156",,,
"2026-02-23","actual","EH5000","AHS","252363.0000","868","20","20","476.469167","0.000000","476.469167",,"66.177778","50.935833","359.355556","1.828333","357.527222","34.791667","290.740783410138248848","290.74078341","293.34493088","2.9745853","22.842693306728606","3.1878088","27.90273576025403","2.82487922705314","0.8038586703858671","7.8132256824298345","2.5713187235678583","1.3410382513661203","0.665435041716329","1.3769942196531793","6.854830638953041",,,
"2026-02-23","actual","EH5000","CONV","110871.0000","381","3","3","65.963333","0.000000","65.963333",,"0.000000","0.000000","65.963333","5.051111","60.912222","2.208611","291.000000000000000000","291.00000000","287.04698163","0.9629790","25.585799227023603","0.9623858","31.014117311298268","1.7406609195402298","0.5566104078762307","2.258234714003945","1.7777120315581854","1.0695833333333333","0.460010162601626","1.1090009891196835","1.8618343195266271",,,
"2026-02-24","actual","CAT793","AHS","358115.0000","1505","41","41","889.316667","0.000000","889.316667",,"84.315833","28.502778","776.498056","14.905556","761.592500","122.661667","237.950166112956810631","237.95016611","232.58518272","3.0432366","21.184494446083942","3.3118567","27.308422236762816","4.388542846357115","1.0996575342465753","8.619237832874196","3.3931932966023877","2.583491632745364","0.6894671623296158","0.7037548951854411","7.276561065197429",,,
"2026-02-24","actual","CAT793","CONV","92760.0000","390","7","7","156.623056","0.000000","156.623056",,"0.000000","8.065556","148.557500","14.177500","134.380000","4.778611","237.846153846153846154","237.84615385","240.28205128","2.9226997","23.111754477314772","3.0241880","29.882991135868252","2.1922928709055878","0.47743413516609395","7.587566844919786","3.0243761140819965","1.3702898550724638","0.42240853658536587","0.7480392156862745","6.072058823529412",,,
"2026-02-24","actual","EH4000","CONV","174862.0000","770","16","16","467.453333","0.000000","467.453333",,"80.383611","59.578333","327.491389","22.687778","304.803611","19.210556","227.093506493506493506","227.09350649","231.87685306","3.2576157","28.77199138174433","3.3971203","31.449358739509087","3.229277286135693","0.8266145833333333","6.793306010928961","3.1904826958105645","1.1936472346786249","0.567887394120578","1.1099271402550093","6.481124772313296",,,
"2026-02-24","actual","EH5000","AHS","216594.0000","745","17","17","439.090278","0.000000","439.090278",,"27.095556","60.471944","351.522778","13.320556","338.202222","27.655000","290.730201342281879195","290.73020134","291.98966443","3.2729409","22.93333640260668","3.3044591","27.62546398087201","3.368451242829828","0.8539848749272833","8.562925627240142","2.901859318996416","1.795847362514029","0.6972836095764272","1.4173629829290206","7.176985195154779",,,
"2026-02-24","actual","EH5000","CONV","92817.0000","319","4","4","159.993333","0.000000","159.993333",,"0.000000","90.689167","69.304167","6.651389","62.652778","4.360000","290.962382445141065831","290.96238245","294.28463950","1.0117053","22.99321068966204","1.0371164","22.26112505275829","1.39906462585034","0.6593464052287582","2.6400105152471083","1.7986855941114617","0.9851851851851853","0.47655555555555557","1.1835436382754994","2.7953207150368033",,,
"2026-02-25","actual","CAT793","AHS","389154.0000","1638","41","41","845.106111","0.000000","845.106111",,"25.066944","27.206667","792.832500","9.575278","783.257222","162.931944","237.578754578754578755","237.57875458","239.02777778","2.3466780","20.220120936408616","2.5210095","25.761485476533533","5.4258003766478335","1.08885593220339","6.963394553514883","3.6732425585813804","2.3526427962489347","0.6832385690594646","0.6935425914183049","5.871577946768061",,,
"2026-02-25","actual","CAT793","CONV","95412.0000","402","9","9","193.511667","0.000000","193.511667",,"7.010556","29.418611","157.082500","20.986389","136.096111","5.561667","237.343283582089552239","237.34328358","236.19701493","2.7971990","26.159959925604092","2.9789456","30.62485874913088","3.462943262411348","0.6134371395617071","6.415603864734299","3.0004347826086954","0.70625","0.4533333333333333","0.7844444444444445","5.8363285024154585",,,
"2026-02-25","actual","EH4000","CONV","206096.0000","907","14","14","329.540278","0.000000","329.540278",,"0.000000","23.855278","305.685000","30.661667","275.023333","19.665556","227.228224917309812569","227.22822492","230.55611907","2.1166913","28.28146228751003","2.2645998","31.81498086956522","2.562973667308927","0.6783648790746583","4.490626287597858","2.863795952085915","1.571853146853147","0.5640176600441501","1.150619578686493","4.270817843866171",,,
"2026-02-25","actual","EH5000","AHS","167013.0000","574","14","14","356.253611","0.000000","356.253611",,"83.682500","2.581667","269.989444","0.170556","269.818889","31.824722","290.963414634146341463","290.96341463","290.57504363","3.2480557","22.442775595615444","3.3246294","27.776988684223387","3.463975903614458","0.8276917404129793","8.683566841798015","2.793859649122807","1.4606060606060607","0.678370786516854","1.4752923976608188","7.18140350877193",,,
"2026-02-25","actual","EH5000","CONV","110781.0000","381","7","7","223.110000","0.000000","223.110000",,"69.739722","66.025278","87.345000","12.240278","75.104722","3.073889","290.763779527559055118","290.76377953","296.35301837","1.5679974","22.709140077189772","1.6804856","28.89632991223755","1.7245689655172414","0.6530092592592592","4.142818428184282","2.1219060523938573","1.2774853801169592","0.48164983164983166","1.2432700993676602","3.489340560072267",,,
"2026-02-26","actual","CAT793","AHS","417781.0000","1759","42","42","1018.112222","0.000000","1018.112222",,"102.501111","63.345556","852.265556","4.735278","847.530278","97.577222","237.510517339397384878","237.51051734","239.26492325","3.0007023","21.177762636195663","3.0993199","27.915022026705877","4.901077586206896","1.1072058823529412","8.501471146545178","3.432497625830959","2.718701550387597","0.6947139303482587","0.7198308627898137","6.6616173120728925",,,
"2026-02-26","actual","CAT793","CONV","122315.0000","515","9","9","210.673889","0.000000","210.673889",,"0.000000","8.703056","201.970833","22.629722","179.341111","9.265556","237.504854368932038835","237.50485437","239.43902913","2.9545515","24.863841024091904","3.0126304","30.484379296910365","2.791760299625468","0.6127354627354628","7.1297548045062955","2.8635520212060968","0.4650793650793651","0.48633040935672517","0.7407223326706428","5.929522862823061",,,
"2026-02-26","actual","EH4000","CONV","164050.0000","722","14","14","408.950556","0.000000","408.950556",,"42.848056","76.063889","290.038611","27.715833","262.322778","13.970278","227.216066481994459834","227.21606648","230.67950139","3.1332008","29.233071492311566","3.2341054","30.249821806867356","2.2127717391304347","0.6904903909874088","6.43080040526849","3.0310283687943262","0.7525210084033613","0.5813710099424385","1.0398682877406282","6.414792299898683",,,
"2026-02-26","actual","EH5000","AHS","169005.0000","581","13","13","281.443889","0.000000","281.443889",,"0.000000","14.352500","267.091389","15.102778","251.988611","18.119722","290.886402753872633391","290.88640275","287.30120482","3.1682582","22.555133003449573","3.1897776","26.231210367541465","3.182374100719424","0.8084873374401095","8.42803684513529","2.591824985607369","1.6619741100323624","0.690959952885748","1.3846885813148788","7.296142774899252",,,
"2026-02-26","actual","EH5000","CONV","119214.0000","410","6","6","121.673889","0.000000","121.673889",,"0.000000","30.331389","91.342500","13.870000","77.472500","3.903611","290.765853658536585366","290.76585366","298.51609756","1.4194621","22.834574377971258","1.5892917","30.527401662821184","1.8455465587044533","0.6271751412429379","3.72977067977068","1.9604013104013103","1.5736363636363637","0.46478494623655914","1.1796068796068797","3.123669123669124",,,
"2026-02-27","actual","CAT793","AHS","439677.0000","1839","41","41","958.171667","0.000000","958.171667",,"35.270278","91.622500","831.278889","1.352500","829.926389","88.440556","239.084828711256117455","239.08482871","234.26911365","3.0036110","21.84950616365111","3.1386857","27.988853804775967","4.284343434343435","1.0909828465461289","8.24808847624249","3.3670034589477518","2.345195667365479","0.6850519838743899","0.7173220462406699","6.7284335154826955",,,
"2026-02-27","actual","CAT793","CONV","103024.0000","436","7","7","157.725833","0.000000","157.725833",,"0.000000","19.483611","138.242222","14.958333","123.283889","5.810556","236.293577981651376147","236.29357798","240.10733945","2.0870529","23.12453307734956","2.2078611","28.612926091796943","1.9974806201550388","0.5413746630727763","5.415165511932256","2.7585835257890685","0.3277777777777778","0.4298507462686567","0.7217474980754427","4.629783950617283",,,
"2026-02-27","actual","EH4000","CONV","178026.0000","782","13","13","310.100278","0.000000","310.100278",,"0.000000","19.268056","290.832222","23.810000","267.022222","31.626111","227.654731457800511509","227.65473146","229.92570332","2.3083223","26.706600744538886","2.4451746","29.24253505391626","2.28150623885918","0.6369616519174042","5.185959056519804","3.0875725122713074","1.5493333333333332","0.5789739884393064","1.1471033868092693","5.0170231729055255",,,
"2026-02-27","actual","EH5000","AHS","176688.0000","609","14","14","362.118611","0.000000","362.118611",,"54.393889","15.298611","292.426111","0.203611","292.222500","23.842778","290.128078817733990148","290.12807882","293.07816092","3.8021702","23.808108305254322","3.8035835","28.50053056087777","3.5756978653530376","0.7491946778711485","9.582038567493113","2.940082644628099","1.4371512481644642","0.6645225843339051","1.4571900826446282","8.007395143487859",,,
"2026-02-27","actual","EH5000","CONV","115767.0000","398","5","5","198.065833","0.000000","198.065833",,"113.725833","6.844722","77.495278","9.005833","68.489444","2.918056","290.871859296482412060","290.87185930","299.18366834","1.2018317","23.57118119911929","1.2114849","29.29726457554558","1.249194547707559","0.5119230769230769","3.0592400690846286","1.8110535405872195","0.4654471544715447","0.4015310586176728","1.2006908462867012","2.4810880829015547",,,
"2026-02-28","actual","CAT793","AHS","451047.0000","1887","42","42","1127.585556","0.000000","1127.585556",,"199.608056","86.743889","841.233611","4.801389","836.432222","99.447222","239.028616852146263911","239.02861685","238.11193001","2.6863912","21.05685136588279","2.8277248","27.371767802493274","4.009060846560846","1.0699320223355182","7.654680616740088","3.3279643906020557","3.4802237390974593","0.6801509872241579","0.7189807162534436","6.198484848484849",,,
"2026-02-28","actual","CAT793","CONV","67063.0000","283","6","6","132.727222","0.000000","132.727222",,"0.000000","19.370000","113.357222","17.758333","95.598889","4.289167","236.971731448763250883","236.97173145","243.59081272","2.8802332","25.579600405063296","3.0920893","30.705266131101812","2.676207729468599","0.601876876876877","6.7559300873907615","2.7773408239700372","0.8975308641975309","0.36808035714285714","0.8210986267166043","6.042134831460674",,,
"2026-02-28","actual","EH4000","CONV","190880.0000","839","15","15","389.486667","0.000000","389.486667",,"59.519167","10.237500","319.730000","36.841667","282.888333","30.021944","227.508939213349225268","227.50893921","229.18283671","2.3089070","28.354208654729746","2.5016703","29.371522516995313","2.320145631067961","0.6983420593368237","4.885850340136055","3.0740589569160996","1.41010101010101","0.5661034306195597","1.1530468394724875","5.110399636693915",,,
"2026-02-28","actual","EH5000","AHS","181818.0000","626","15","15","361.437500","0.000000","361.437500",,"55.003889","12.066111","294.367500","6.246944","288.120556","15.416389","290.444089456869009585","290.44408946","292.51150160","3.5102376","22.715737007104032","3.6503463","28.351861725079477","3.553599712023038","0.8134722222222222","9.271733333333334","2.7198881789137377","2.099252615844544","0.6834664005322687","1.46144","7.725093333333334",,,
"2026-02-28","actual","EH5000","CONV","141081.0000","485","6","6","115.848333","0.000000","115.848333",,"0.000000","8.355833","107.492500","12.625000","94.867500","3.227500","290.888659793814432990","290.88865979","297.49917526","1.3199773","25.248229110027122","1.3604041","32.06630718111666","1.1103006189213085","0.6182291666666667","3.136799719887955","1.737780112044818","0.884280303030303","0.46204512372634643","1.2220238095238094","2.545483193277311",,,
"2026-03-01","actual","CAT793","AHS","375886.0000","1576","43","43","977.815833","0.000000","977.815833",,"83.056389","144.341944","750.417500","11.288333","739.129167","98.463611","238.506345177664974619","238.50634518","238.39809645","2.6072120","20.091434014952604","2.8078568","24.79693048993626","4.847555057857409","1.1256919374247893","7.78604055258467","3.594916387959866","2.2954802259887","0.6919561933534744","0.7381047937569677","6.794042838018742",,,
"2026-03-01","actual","CAT793","CONV","51275.0000","215","7","7","143.508611","0.000000","143.508611",,"0.000000","12.925833","130.582778","18.042778","112.540000","5.736389","238.488372093023255814","238.48837209","242.97953488","6.4459626","30.551352468793258","6.6603239","33.96221634836481","3.6876190476190476","0.4554924242424242","12.659267912772584","2.218380062305296","0.5310185185185186","0.4589539007092199","0.705607476635514","11.766588785046729",,,
"2026-03-01","actual","EH4000","CONV","181504.0000","797","14","14","364.660556","0.000000","364.660556",,"44.959167","25.401111","294.300278","30.424722","263.875556","23.855556","227.734002509410288582","227.73400251","232.02898369","2.5615503","28.344266213483248","2.7112837","30.21619791737245","2.0795767195767194","0.5910818713450292","5.422367149758454","2.9744799225931304","1.543020457280385","0.59688304997424","1.0750968992248062","5.383768746976295",,,
"2026-03-01","actual","EH5000","AHS","171030.0000","588","14","14","346.575833","0.000000","346.575833",,"0.000000","89.486944","257.088889","3.182778","253.906111","30.285556","290.867346938775510204","290.86734694","289.37857143","2.6946093","20.444924792944953","2.8746107","26.309805994576884","3.1517585931254994","0.9627804487179487","7.907906712172923","2.4881399317406143","1.4666091954022988","0.6558997050147493","1.5464448236632538","6.5556029579067125",,,
"2026-03-01","actual","EH5000","CONV","148620.0000","511","6","6","157.810556","0.000000","157.810556",,"0.000000","26.871389","130.939167","14.209167","116.730000","12.552778","290.841487279843444227","290.84148728","296.20450098","1.6436830","25.92105659716138","1.7998020","33.5526606872838","1.3867015098722417","0.5189589302769818","3.804666666666667","2.0132","0.9532448377581121","0.5589477726574501","1.2193666666666667","3.2184666666666666",,,
"2026-03-02","actual","CAT793","AHS","390877.0000","1639","40","40","1093.314444","0.000000","1093.314444",,"156.159722","127.470833","809.683889","1.337778","808.346111","135.226111","238.485051860890787065","238.48505186","241.21568029","3.0002347","21.763316903637516","3.2016601","26.800722963633575","4.85981138919115","1.0692025664527955","8.271445147679325","3.426360759493671","2.7793218085106384","0.6660081417624522","0.7632614213197969","7.1677023885013735",,,
"2026-03-02","actual","CAT793","CONV","52431.0000","219","8","8","377.884167","0.000000","377.884167",,"102.450000","164.228889","111.205278","11.355278","99.850000","13.580833","239.410958904109589041","239.41095890","242.72237443","5.5205583","26.723693337905164","5.8349150","31.225482005619057","3.6174454828660436","0.7301440329218106","12.394749999999998","2.6606666666666663","2.0374269005847956","0.5349206349206349","0.6635833333333333","11.211833333333335",,,
"2026-03-02","actual","EH4000","CONV","173794.0000","763","14","14","475.905000","0.000000","475.905000",,"30.929167","137.547778","307.428056","29.851111","277.576944","39.346944","227.777195281782437746","227.77719528","232.14678899","2.7817913","28.382251072231558","2.9719907","30.859688381500103","2.177338129496403","0.6217827997489015","5.880699088145897","2.926545086119554","1.2686827956989248","0.5843977154724819","1.1134751773049645","5.77839412360689",,,
"2026-03-02","actual","EH5000","AHS","186207.0000","640","13","13","332.506111","0.000000","332.506111",,"0.000000","85.572500","246.933611","0.306944","246.626667","41.480278","290.948437500000000000","290.94843750","294.26531250","2.3727846","22.20685022046261","2.6669623","27.065968163068984","3.9909863945578232","0.9151593453919035","6.410953133228015","2.384623486045287","2.1177536231884058","0.6090531030070377","1.4140822784810125","5.912137967351238",,,
"2026-03-02","actual","EH5000","CONV","135729.0000","467","9","9","202.871111","0.000000","202.871111",,"58.145000","4.618333","140.107778","25.021944","115.085833","22.522778","290.640256959314775161","290.64025696","294.15610278","1.8189440","24.057484461899033","2.0364805","30.609043952429154","2.6114","0.6485624438454628","4.536494252873563","2.1806335493160547","0.8775793650793651","0.49791144527986636","1.2652597402597403","3.991919191919192",,,
"2026-03-03","actual","CAT793","AHS","353629.0000","1483","36","36","863.646667","0.000000","863.646667",,"8.091944","99.665278","755.889444","6.545278","749.344167","141.792222","238.455158462575859744","238.45515846","240.26372218","3.1657680","22.13529503251636","3.3614514","27.960210945756945","4.405491329479769","1.1210445468509986","8.581140649852307","3.3539135381114904","2.0307046070460704","0.6381143162393161","0.71293769895407","7.213360599863667",,,
"2026-03-03","actual","CAT793","CONV","82184.0000","344","9","9","354.079444","0.000000","354.079444",,"127.330833","105.264722","121.483889","9.986389","111.497500","3.632222","238.906976744186046512","238.90697674","242.64476744","3.3433373","23.461727595481573","3.5465818","29.12942732438968","2.7944773175542403","0.8181353767560664","8.550105152471083","2.775632911392405","1.147069597069597","0.5509578544061302","0.7226793248945147","7.305152471083071",,,
"2026-03-03","actual","EH4000","CONV","166462.0000","732","14","14","326.500000","0.000000","326.500000",,"0.000000","8.251389","318.248611","20.181389","298.067222","39.645556","227.407103825136612022","227.40710383","227.17117486","3.0045679","27.801970338539263","3.0782225","30.25202857591767","2.7218143459915614","0.6389277389277389","6.484219348659004","3.002512077294686","1.6065248226950355","0.5564460784313726","1.2195169082125605","6.10515587529976",,,
"2026-03-03","actual","EH5000","AHS","204075.0000","702","15","15","336.466667","0.000000","336.466667",,"6.076389","12.400278","317.990000","13.937778","304.052222","33.701111","290.705128205128205128","290.70512821","294.39330484","2.8858419","22.55260956313231","3.1684280","29.486411164030958","3.5204834605597966","1.0067862165963433","7.677626552053486","2.779297994269341","1.558534136546185","0.6077907623817473","1.545217599234816","6.44723018147087",,,
"2026-03-03","actual","EH5000","CONV","119139.0000","410","6","6","120.285833","0.000000","120.285833",,"1.096667","13.405833","105.783333","9.410278","96.373056","5.701389","290.582926829268292683","290.58292683","289.70682927","1.8894439","26.41401785848895","1.9402463","31.35303113966665","1.5443977591036415","0.5167194092827004","4.291911764705882","2.158804258804259","0.9997395833333333","0.45881578947368423","1.2064039408866993","3.713031045751634",,,
"2026-03-04","actual","CAT793","AHS","423407.0000","1787","39","39","857.285833","0.000000","857.285833",,"32.155556","26.107778","799.022500","7.811667","791.210833","80.145833","236.937325125909345271","236.93732513","241.82965865","3.0775772","21.989301118435552","3.2743717","28.480243842166814","3.4431802721088434","1.0261496395724583","8.397476163768928","3.4615039281705946","2.0457162677766214","0.68672417211977","0.7261076836791923","6.898195924471864",,,
"2026-03-04","actual","CAT793","CONV","64676.0000","272","5","5","117.086667","0.000000","117.086667",,"0.000000","11.059722","106.026944","9.594444","96.432500","6.772500","237.779411764705882353","237.77941176","240.69779412","2.9501402","22.841717260919577","3.0013321","27.290230598932595","2.168407960199005","0.46024844720496894","7.749347826086956","2.8778985507246375","0.9952380952380953","0.4876957494407159","0.7068115942028985","6.598695652173913",,,
"2026-03-04","actual","EH4000","CONV","185048.0000","815","15","15","436.595833","0.000000","436.595833",,"85.066667","22.600556","328.928611","26.817500","302.111111","11.172500","227.052760736196319018","227.05276074","228.44073620","3.6717088","31.108050117519877","3.7037352","32.58662936901833","2.494310897435897","0.6508345978755691","7.081849462365592","3.0664513350559863","0.8606355382619973","0.599910634495085","1.1400732127476312","6.819487510766581",,,
"2026-03-04","actual","EH5000","AHS","181878.0000","627","15","15","320.131667","0.000000","320.131667",,"30.861389","10.624722","278.645556","1.503611","277.141944","28.403889","290.076555023923444976","290.07655502","291.02519936","3.5236289","24.770243590982485","3.7722195","30.77752311715481","3.5459501557632396","0.7486590038314176","8.535149572649573","2.9379273504273504","1.1010362694300517","0.6649154589371981","1.3468699839486358","7.3538461538461535",,,
"2026-03-04","actual","EH5000","CONV","165759.0000","570","7","7","248.023889","0.000000","248.023889",,"0.000000","111.404444","136.619444","15.979167","120.640278","5.110556","290.805263157894736842","290.80526316","297.35315789","1.7733732","27.06433187362408","1.8986127","34.693915672113626","1.4819218241042345","0.4288801571709234","3.9314619883040938","2.064298245614035","0.6553418803418803","0.44489999999999996","1.189561403508772","3.2834795321637427",,,
"2026-03-05","actual","CAT793","AHS","374382.0000","1572","41","41","906.495833","0.000000","906.495833",,"41.374722","69.769167","795.351944","29.398056","765.953889","117.911667","238.156488549618320611","238.15648855","240.77379135","3.2690077","21.680438143169486","3.4022368","27.614127277067624","3.682258064516129","1.049929258630447","9.046886446886447","3.2841310909874943","2.2912728820774797","0.6840893470790378","0.7189736955584304","7.39238310708899",,,
"2026-03-05","actual","CAT793","CONV","63452.0000","266","4","4","150.973889","0.000000","150.973889",,"0.000000","57.265833","93.708056","8.932222","84.775833","1.993333","238.541353383458646617","238.54135338","245.90338346","2.5815226","23.188810428590994","2.5937519","27.654873445017806","2.586711711711712","0.5400252525252525","6.6795731707317065","2.8142126789366055","0.7133333333333333","0.4129385964912281","0.624437627811861","5.627402862985686",,,
"2026-03-05","actual","EH4000","CONV","169212.0000","745","14","14","365.265556","0.000000","365.265556",,"40.496944","16.201944","308.566667","20.934444","287.632222","17.302778","227.130201342281879195","227.13020134","230.85959732","3.6603919","30.985189840831715","3.6786451","32.55509475095523","3.1037313432835822","0.6559408602150538","7.088015762633288","2.844328219432822","1.022540381791483","0.6044849537037037","1.1288935378893539","6.779851439182916",,,
"2026-03-05","actual","EH5000","AHS","189237.0000","652","13","13","323.568611","0.000000","323.568611",,"0.000000","30.944722","292.623889","0.124722","292.499167","28.356667","290.240797546012269939","290.24079755","288.62392638","3.2173708","21.7542200365829","3.3165208","27.44426252784251","3.3279527559055118","0.9244336569579288","8.873783922171018","2.982283666154634","1.3033333333333335","0.6532755298651253","1.37","7.250741308793455",,,
"2026-03-05","actual","EH5000","CONV","171963.0000","592","8","8","191.767222","0.000000","191.767222",,"0.000000","20.554167","171.213056","16.110000","155.103056","5.380833","290.478040540540540541","290.47804054","297.41250000","2.3885127","29.782268568711366","2.3898780","33.450638040448375","1.6938016528925621","0.5761515151515152","4.811949152542373","2.0120338983050847","0.6737847222222223","0.5078395061728396","1.2753107344632768","4.286694915254237",,,
"2026-03-06","actual","CAT793","AHS","395356.0000","1666","39","39","872.254722","0.000000","872.254722",,"37.994444","43.589444","790.670833","2.840278","787.830556","109.505833","237.308523409363745498","237.30852341","243.02755102","3.2326265","21.781991362839822","3.2952312","27.919619445716176","3.832436918990704","0.8823774905761982","8.904493017607772","3.229604863221885","2.3862475049900196","0.681602564102564","0.728426601784266","7.081538929440389",,,
"2026-03-06","actual","CAT793","CONV","63681.0000","267","6","6","136.576944","0.000000","136.576944",,"17.516389","0.596667","118.463889","14.994722","103.469167","5.021111","238.505617977528089888","238.50561798","248.31647940","3.6292932","22.598512449552217","3.5844423","25.50397715234406","1.9402654867256637","0.5183044315992293","9.635925925925926","2.963111111111111","1.2740740740740741","0.4798958333333333","0.6793333333333333","8.432666666666666",,,
"2026-03-06","actual","EH4000","CONV","146790.0000","646","13","13","310.495556","0.000000","310.495556",,"2.850833","19.855556","287.789167","19.258333","268.530833","23.175556","227.229102167182662539","227.22910217","232.41222910","3.9604892","30.26666500075815","3.8478110","30.807699238883316","2.315935214211076","0.7681558935361217","7.851190476190476","2.996269841269841","0.9850550964187328","0.6146240378922438","1.0812433862433863","7.493862433862434",,,
"2026-03-06","actual","EH5000","AHS","167685.0000","577","14","14","372.170000","0.000000","372.170000",,"32.990556","111.171111","228.008333","0.313333","227.695000","21.540278","290.615251299826689775","290.61525130","293.64263432","2.8143073","23.894085309125387","2.7773559","27.660238841833237","3.043070652173913","0.8388372093023256","7.066955517042173","2.9626516464471404","0.8928282828282829","0.6696113074204947","1.298929398148148","6.0245811669555165",,,
"2026-03-06","actual","EH5000","CONV","141117.0000","486","8","8","195.407500","0.000000","195.407500",,"0.767222","31.976111","162.664167","19.002222","143.661944","7.656667","290.364197530864197531","290.36419753","295.59773663","2.7727222","28.92894979414032","2.4643180","30.261273889650806","2.0200235571260303","0.5265258215962442","5.750756013745704","2.178281786941581","1.0664583333333333","0.5096774193548387","1.2774226804123712","4.8860824742268045",,,
"2026-03-07","actual","CAT793","AHS","431560.0000","1810","37","37","1046.308889","0.000000","1046.308889",,"124.415556","166.137778","755.755556","13.243611","742.511944","75.053056","238.430939226519337017","238.43093923","243.90911602","2.8855657","22.520894784379017","3.0142750","29.353416350347736","3.2723736822973466","0.8746081143384047","7.687702627166015","3.2248508575689785","2.502230685527748","0.692197516025641","0.7371271439224459","6.161344146159582",,,
"2026-03-07","actual","CAT793","CONV","82028.0000","344","9","9","197.883611","0.000000","197.883611",,"16.536667","15.413611","165.933333","19.380833","146.552500","6.904722","238.453488372093023256","238.45348837","247.42674419","3.3463116","21.921473070515123","3.4684375","26.612564476381475","3.2744725738396623","0.7062248995983935","9.158996539792387","2.890335648148148","1.324390243902439","0.44400311526479747","0.7329282407407407","7.819849537037038",,,
"2026-03-07","actual","EH4000","CONV","175868.0000","772","15","15","356.021111","0.000000","356.021111",,"39.255278","32.965556","283.800278","22.227500","261.572778","13.126944","227.808290155440414508","227.80829016","232.18795337","2.6519728","27.41798354013554","2.7132666","28.883263692440604","2.398792834890966","0.7494084362139918","5.803430721558212","3.0319813829787234","0.9138790035587189","0.5873873873873874","1.0853917662682602","5.636343514829571",,,
"2026-03-07","actual","EH5000","AHS","180108.0000","620","13","13","298.000833","0.000000","298.000833",,"16.284167","21.704722","260.011944","0.332500","259.679444","18.751389","290.496774193548387097","290.49677419","292.84080645","3.2395565","24.47306733005026","3.2678871","27.83239339403051","3.0281609195402295","0.8097503373819163","7.942338709677419","2.7577544426494347","0.9768876611418047","0.6932078559738134","1.282633279483037","7.044784946236559",,,
"2026-03-07","actual","EH5000","CONV","147822.0000","509","8","8","183.446111","0.000000","183.446111",,"0.000000","28.248333","155.197778","13.832500","141.365278","3.748889","290.416502946954813360","290.41650295","297.21493124","2.3967839","26.94180430187409","2.4336134","32.41391246217128","2.371896383186706","0.5820945945945947","5.33769128409847","2.1584830339321357","0.8599616858237549","0.5171544715447154","1.253226879574185","4.504757152361943",,,
"2026-03-08","actual","CAT793","AHS","379518.0000","1596","38","38","1164.661389","0.000000","1164.661389",,"276.646667","44.251944","843.762778","103.501944","740.260833","144.041944","237.793233082706766917","237.79323308","241.77437343","2.6033838","20.14809025658352","2.7541450","26.199343205504807","3.8748649691358024","0.9000576202823394","7.752746092099704","3.058766920473773","2.3063613231552162","0.678047391205286","0.7265757191201353","6.307360406091371",,,
"2026-03-08","actual","CAT793","CONV","91148.0000","380","11","11","252.464722","0.000000","252.464722",,"4.847500","38.545278","209.071944","22.536944","186.535000","9.052222","239.863157894736842105","239.86315789","247.38236842","5.1137211","22.941331865333712","5.1427053","26.53112353497967","2.855027932960894","0.5599393939393938","13.374256900212314","2.315605095541401","1.0916666666666666","0.5305841924398625","0.664755838641189","11.6302016985138",,,
"2026-03-08","actual","EH4000","CONV","191124.0000","840","14","14","326.158333","0.000000","326.158333",,"0.000000","31.063333","295.095000","22.894444","272.200556","29.568889","227.528571428571428571","227.52857143","230.68285714","2.1214393","24.702194651288004","2.1727306","27.58381133251004","2.265378955114054","0.6717129629629629","5.152836004932182","2.656481481481481","1.2195081967213115","0.5866617719040627","1.1187860082304526","4.726099465680231",,,
"2026-03-08","actual","EH5000","AHS","209625.0000","722","19","19","606.825556","0.000000","606.825556",,"167.249722","92.114167","347.461667","2.873333","344.588333","48.030000","290.339335180055401662","290.33933518","296.58808864","3.4080431","24.909541247356096","3.4849235","28.729628506911443","4.2539568345323735","0.9322736030828517","8.209006499535748","2.905663881151346","1.142283950617284","0.6832362930616206","1.3049675023212628","7.278040854224698",,,
"2026-03-08","actual","EH5000","CONV","74760.0000","257","4","4","82.272500","0.000000","82.272500",,"0.000000","17.997500","64.275000","5.848611","58.426389","1.581667","290.894941634241245136","290.89494163","300.72879377","1.7151790","21.722433207756232","1.7538872","29.285365222504247","1.3254452926208653","0.5121004566210046","4.73753280839895","1.9575459317585302","0.7416666666666667","0.44111111111111106","1.2240157480314962","3.5933727034120735",,,
"2026-03-09","actual","CAT793","AHS","246972.0000","1038","35","35","723.109722","0.000000","723.109722",,"138.235556","79.436944","505.437222","3.187778","502.249444","84.752500","237.930635838150289017","237.93063584","241.74358727","2.7962517","21.05822100060481","2.9447235","26.48842921786913","4.738673139158577","1.1198172198172196","7.96720207253886","3.3672730422730424","2.09618320610687","0.6806901615271659","0.707442021460713","6.670210926694329",,,
"2026-03-09","actual","CAT793","CONV","93186.0000","390","12","12","275.288889","0.000000","275.288889",,"0.000000","77.693056","197.595833","24.562222","173.033611","5.845278","238.938461538461538462","238.93846154","247.98769231","4.4664775","21.13641255473223","4.4550401","23.98172956561996","2.913994910941476","0.5611587982832619","12.679003558718863","2.580011862396204","2.5825980392156866","0.5488529014844804","0.6833333333333333","11.146085409252668",,,
"2026-03-09","actual","EH4000","CONV","212394.0000","933","15","15","417.248056","0.000000","417.248056",,"74.831667","18.963333","323.453056","24.295556","299.157500","19.286111","227.646302250803858521","227.64630225","232.77609861","2.3391511","25.569783950109613","2.3716171","29.063371603158306","2.2172962962962965","0.7451282051282051","5.488863976083707","2.8825476992143657","0.9247379454926624","0.5742762613730357","1.1073325851103628","4.896094917787743",,,
"2026-03-09","actual","EH5000","AHS","165627.0000","570","16","16","289.080278","0.000000","289.080278",,"0.000000","71.020833","218.059444","2.486944","215.572500","24.158611","290.573684210526315789","290.57368421","296.78140351","2.4084377","24.010623028615804","2.5939520","27.242241534480005","3.5","0.7664737654320988","6.018430335097002","2.532507374631268","1.4241666666666668","0.6866306954436451","1.3976148409893991","5.713080540858319",,,
"2026-03-09","actual","EH5000","CONV","87882.0000","302","4","4","85.306667","0.000000","85.306667",,"0.000000","7.119722","78.186944","10.287500","67.899444","1.525556","291.000000000000000000","291.00000000","299.28940397","1.7279470","24.75020250253065","1.7022667","30.256975364806866","1.166793893129771","0.4235253772290809","4.188928150765607","1.9024734982332157","0.4575757575757576","0.5068713450292398","1.2161955241460543","3.375618374558304",,,
"2026-03-10","actual","CAT793","AHS","355751.0000","1493","32","32","1003.112500","0.000000","1003.112500",,"124.808889","194.777500","683.526111","1.189444","682.336667","97.664167","238.279303415941058272","238.27930342","239.67695914","2.7241764","21.02276659025763","2.9709805","28.46919037180275","4.242203449489616","1.0768412438625206","7.774932157394844","3.128731343283582","2.5550674105067412","0.6786138849262958","0.7363615819209041","6.261464680658993",,,
"2026-03-10","actual","CAT793","CONV","110199.0000","459","12","12","357.979167","0.000000","357.979167",,"0.000000","127.584167","230.395000","26.337500","204.057500","12.674444","240.084967320261437908","240.08496732","244.77254902","4.0012643","21.496464248648508","4.0287127","23.457290766735337","2.8308114035087724","0.5455056179775281","11.168155619596542","2.786657032755299","0.8956521739130435","0.5080208333333334","0.7859750240153698","10.30480307396734",,,
"2026-03-10","actual","EH4000","CONV","175208.0000","770","15","15","352.860556","0.000000","352.860556",,"0.000000","59.491389","293.369167","21.712500","271.656667","21.660278","227.542857142857142857","227.54285714","231.37753247","2.4553739","25.1247391013606","2.4554941","25.345144808458716","2.5109166666666667","0.6594444444444445","5.863640350877193","2.9913377192982455","1.0200606060606061","0.6104135525660189","1.1966885964912282","5.8129336846728155",,,
"2026-03-10","actual","EH5000","AHS","223761.0000","770","16","16","346.447500","0.000000","346.447500",,"0.000000","50.765278","295.682222","6.173056","289.509167","28.007222","290.598701298701298701","290.59870130","292.87064935","2.6732494","24.07912788505463","2.7537711","29.79149382841426","3.228205128205128","0.8674114021571648","6.661161681837885","2.7654296875","1.3267906336088156","0.6837725076855512","1.4102080624187256","5.546088657105606",,,
"2026-03-10","actual","EH5000","CONV","83469.0000","287","5","5","130.312778","0.000000","130.312778",,"34.470833","14.675000","81.166944","10.610000","70.556944","3.821944","290.832752613240418118","290.83275261","295.06620209","1.9552509","22.80199139780577","2.0074460","30.532352051346216","1.882716049382716","0.4054924242424242","5.1449477351916375","2.2856060606060606","1.8772727272727274","0.7505747126436781","1.2400696864111498","3.944889663182346",,,
"2026-03-11","actual","CAT793","AHS","318286.0000","1337","33","33","785.415278","0.000000","785.415278",,"77.767222","60.289444","647.358611","12.998056","634.360556","104.988056","238.059835452505609574","238.05983545","242.49071856","2.9638810","22.109933694617215","3.0058143","27.674851199827902","4.5148493543758965","1.0930306054557553","8.043120456905504","3.30404984423676","3.302185792349727","0.6873438800999168","0.7403686396677052","6.516705607476636",,,
"2026-03-11","actual","CAT793","CONV","90566.0000","380","11","11","230.176389","0.000000","230.176389",,"0.000000","4.557778","225.618611","26.881944","198.736667","10.676944","238.331578947368421053","238.33157895","245.96394737","5.3313003","27.481178138009636","5.4189099","31.315000727520978","3.2313852813852812","0.5881761006289309","11.639894636015326","2.8209770114942527","1.0288690476190476","0.4504884004884005","0.7070402298850574","10.382710727969348",,,
"2026-03-11","actual","EH4000","CONV","161958.0000","711","15","15","384.955833","0.000000","384.955833",,"54.073333","17.072778","313.809722","27.284444","286.525278","25.917222","227.789029535864978903","227.78902954","231.64331927","2.8963547","26.925867139514082","2.9616548","27.776264694202073","2.8659673659673657","0.7315602836879432","6.454064454064454","3.284975845410628","1.4060659599528857","0.5936702399183257","1.1423410404624277","6.397522847522848",,,
"2026-03-11","actual","EH5000","AHS","181209.0000","623","15","15","341.568611","0.000000","341.568611",,"0.000000","55.720000","285.848611","1.786667","284.061944","32.588889","290.865168539325842697","290.86516854","296.44044944","3.4031993","26.613982324536856","3.4215235","32.02548058832888","5.135563114134543","1.1352754237288136","7.6723564143854","2.893719806763285","1.3059880239520958","0.6685344827586206","1.5323118279569892","6.410252281266774",,,
"2026-03-11","actual","EH5000","CONV","78087.0000","270","6","6","143.337778","0.000000","143.337778",,"0.000000","28.554444","114.783333","13.108333","101.675000","3.738611","289.211111111111111111","289.21111111","295.33555556","4.0705874","27.738145568571426","4.1501190","34.091182114073156","4.269822485207101","0.6167381974248927","8.80503144654088","3.2988050314465407","1.1786163522012578","0.57854609929078","1.4245911949685535","7.304150943396226",,,
"2026-03-12","actual","CAT793","AHS","369507.0000","1551","36","36","836.134722","0.000000","836.134722",,"47.548889","104.156667","684.429167","0.392222","684.036944","77.664167","238.237911025145067698","238.23791103","237.51785945","2.9085747","22.72164426586353","3.0374517","28.132319731393284","4.473063441990887","1.1441471571906354","7.680539311241065","3.1679128738621585","2.3171497584541063","0.6740307328605202","0.7119419159081057","6.478210959497509",,,
"2026-03-12","actual","CAT793","CONV","106410.0000","444","11","11","265.500833","0.000000","265.500833",,"46.236111","4.103889","215.160833","23.060000","192.100833","19.720000","239.662162162162162162","239.66216216","246.35292793","3.6661129","24.12204175232251","3.7558394","28.19725451659436","3.532202111613876","0.65","9.118911917098446","2.916278065630397","1.289917695473251","0.5123100303951368","0.7613852813852814","7.991925734024179",,,
"2026-03-12","actual","EH4000","CONV","157468.0000","692","13","13","424.326111","0.000000","424.326111",,"50.261667","103.805278","270.259167","25.206389","245.052778","20.915278","227.554913294797687861","227.55491329","230.76661850","2.2886012","26.94154039396365","2.3508997","27.59514903625523","3.160300081103001","0.7750576701268742","5.096815920398011","3.3197512437810945","1.5811648079306073","0.6190517742873763","1.1099751243781095","5.1115499254843515",,,
"2026-03-12","actual","EH5000","AHS","210792.0000","725","16","16","377.175000","0.000000","377.175000",,"36.748889","19.080278","321.345833","0.952778","320.393056","44.898333","290.747586206896551724","290.74758621","299.29020690","2.6986979","22.649320075364493","2.9866077","27.05602130342063","4.066801346801347","1.0445887445887445","7.149083215796897","2.7884272300469486","1.4929775280898876","0.6845893719806764","1.3736384976525822","6.6231638418079095",,,
"2026-03-12","actual","EH5000","CONV","139281.0000","479","6","6","239.452778","0.000000","239.452778",,"0.000000","101.118333","138.334444","14.508611","123.825833","3.663611","290.774530271398747390","290.77453027","291.70501044","1.9994781","24.37473195315073","2.0129708","31.540419947734556","2.196062567421791","0.49517241379310345","4.92184637068358","2.2875616631430584","0.8144927536231884","0.489247311827957","1.2220692090395482","3.8293164200140946",,,
"2026-03-13","actual","CAT793","AHS","443360.0000","1856","38","38","848.662778","0.000000","848.662778",,"53.411111","67.322222","727.929444","0.948889","726.980556","85.145833","238.879310344827586207","238.87931034","242.55258621","2.6264069","22.265303152807327","2.7835435","27.933972230894454","3.6489278752436647","1.090338860850757","7.077577741407528","3.2672391857506358","1.292900188323917","0.6749090909090909","0.7005913391557497","5.978834969102144",,,
"2026-03-13","actual","CAT793","CONV","86466.0000","360","8","8","190.285556","0.000000","190.285556",,"0.226389","35.666944","154.392222","23.344167","131.048056","5.051944","240.183333333333333333","240.18333333","247.82638889","3.3281639","18.326530789545632","3.3117270","20.350784711547973","3.0188249400479616","0.745224171539961","10.896215780998391","2.8988727858293073","0.75","0.5120423892100193","0.736231884057971","9.763929146537842",,,
"2026-03-13","actual","EH4000","CONV","114076.0000","502","14","14","305.190556","0.000000","305.190556",,"2.511667","17.936667","284.742222","33.574444","251.167778","16.222222","227.243027888446215139","227.24302789","231.43844622","4.7816926","28.24536186505072","4.8510820","30.990293990952157","3.410648148148148","0.5987510766580535","10.15747496423462","2.7702789699570816","1.495519713261649","0.5476793248945148","1.263304721030043","9.392131616595135",,,
"2026-03-13","actual","EH5000","AHS","270234.0000","929","17","17","416.336667","0.000000","416.336667",,"50.218889","45.353611","320.764167","0.415556","320.348611","30.201389","290.886975242195909580","290.88697524","296.76167922","2.3773886","23.43476520757931","2.6521821","28.96151785769037","3.299621212121212","0.8162801273306048","6.08682505399568","2.3334233261339095","1.3145533141210375","0.6685736079328757","1.4859791216702662","5.494564434845213",,,
"2026-03-13","actual","EH5000","CONV","95388.0000","328","4","4","95.558056","0.000000","95.558056",,"0.323333","3.823056","91.411667","8.635556","82.776111","3.021111","290.817073170731707317","290.81707317","299.78719512","2.1212317","25.226846513495424","2.1129908","31.991892837843316","1.880318257956449","0.45046136101499423","5.045176848874599","2.1689174705251877","0.9148148148148147","0.37830188679245286","1.2467845659163987","3.962861736334405",,,
"2026-03-14","actual","CAT793","AHS","465049.0000","1951","36","36","880.323333","0.000000","880.323333",,"0.000000","143.126667","737.196667","5.291111","731.905556","91.121389","238.364428498206048180","238.36442850","243.56500770","2.3931396","21.525567158909542","2.5352714","26.962364256240736","3.346412556053812","0.9812788718696815","6.670596641657735","3.1797855227882037","2.015227193895248","0.6684395145999242","0.6813204508856683","5.641800643086817",,,
"2026-03-14","actual","CAT793","CONV","66544.0000","280","10","10","239.016389","0.000000","239.016389",,"61.538889","24.423056","153.054444","18.033056","135.021389","9.590278","237.657142857142857143","237.65714286","248.10857143","4.1927143","25.997136064064115","4.2030920","29.696026609744084","4.085959595959596","0.7923577235772358","9.6765604249668","2.8110225763612218","0.6908496732026144","0.569170579029734","0.7864","8.49223107569721",,,
"2026-03-14","actual","EH4000","CONV","153378.0000","677","16","16","375.138889","0.000000","375.138889",,"39.294444","18.048611","317.795833","33.358056","284.437778","15.068056","226.555391432791728213","226.55539143","229.02378139","4.0090597","29.115910729943167","4.1130393","32.70258200894886","3.2087509077705154","0.6895873629916183","8.261585365853659","2.412627032520325","1.4365800865800866","0.5233176838810641","1.233079268292683","7.546265243902439",,,
"2026-03-14","actual","EH5000","AHS","240807.0000","829","18","18","399.072500","0.000000","399.072500",,"20.635000","46.280833","332.156667","7.638333","324.518333","22.775556","290.478890229191797346","290.47889023","300.88431846","2.9085616","24.349106950660556","3.0555362","29.604883162554852","3.6504578754578754","0.9712857142857143","7.167149758454106","2.792321644498186","1.4540272614622056","0.698936170212766","1.4712671509281678","6.192632850241546",,,
"2026-03-14","actual","EH5000","CONV","87246.0000","300","4","4","117.385556","0.000000","117.385556",,"43.586944","1.853889","71.944722","4.730556","67.214167","2.788333","290.820000000000000000","290.82000000","299.37366667","2.1775034","25.485791434091936","2.2611327","32.979538320861636","2.3906060606060606","0.5454116059379217","5.126393831553973","2.013997627520759","1.402777777777778","0.6378787878787879","1.1901433691756271","4.113701067615659",,,
"2026-03-15","actual","CAT793","AHS","437662.0000","1834","39","39","974.805556","0.000000","974.805556",,"156.130278","24.776389","793.898889","15.476667","778.422222","112.785556","238.637949836423118866","238.63794984","241.40305344","2.4888666","22.52977640629373","2.7387637","25.54385538662079","3.99629112352576","1.093275814845248","6.628205859969558","3.473043974871502","2.605095084320057","0.6792140434869339","0.6834855403348554","6.433086138049059",,,
"2026-03-15","actual","CAT793","CONV","71995.0000","301","10","10","288.484722","0.000000","288.484722",,"109.831389","25.706667","152.946667","35.719167","117.227500","6.610000","239.186046511627906977","239.18604651","248.97674419","3.7490864","19.081307649264836","4.0480066","23.580219331982082","3.3175213675213673","0.7324016563146998","11.788771929824561","2.375701754385965","0.6824324324324323","0.47623106060606063","0.7393859649122807","10.30017543859649",,,
"2026-03-15","actual","EH4000","CONV","138958.0000","613","15","15","352.761111","0.000000","352.761111",,"0.000000","11.003056","341.758056","83.337500","258.420556","10.949722","226.685154975530179445","226.68515498","228.40766721","3.9939346","27.46265498580215","4.0153760","32.09875560687481","3.032205513784461","0.6713386348575215","8.725888888888887","2.2659722222222225","0.9700892857142858","0.5359320859320859","1.2642777777777778","7.5056666666666665",,,
"2026-03-15","actual","EH5000","AHS","279615.0000","963","18","18","506.197222","0.000000","506.197222",,"60.215833","72.435000","373.546389","3.006667","370.539722","33.153889","290.358255451713395639","290.35825545","296.23052960","2.7245850","24.155782971191094","2.8894774","30.980104345452116","3.257456140350877","0.833853459972863","6.767534722222222","2.6206465067778937","0.8942492012779553","0.6742830540037245","1.3316283924843424","5.596128472222222",,,
"2026-03-15","actual","EH5000","CONV","52065.0000","179","3","3","114.226111","0.000000","114.226111",,"61.661111","0.000000","52.565000","8.237222","44.327778","0.779444","290.865921787709497207","290.86592179","293.81508380","1.9841732","26.359113246537856","2.0038989","32.34341884842073","2.2603359173126614","0.4502958579881657","4.516479400749064","2.2021535580524345","0.7766666666666667","0.41376811594202895","1.1316479400749064","3.7174157303370787",,,
"2026-03-16","actual","CAT793","AHS","438178.0000","1834","40","40","998.916111","0.000000","998.916111",,"95.906667","119.110833","783.898611","22.203889","761.694722","109.460556","238.919302071973827699","238.91930207","243.76870229","2.2134539","21.78222826145599","2.3882545","25.505532425893303","3.9184485407066054","1.0950651769087523","6.097045371386755","3.4872823895913507","2.699712092130518","0.6808691499522445","0.6722161172161172","5.6182034394438345",,,
"2026-03-16","actual","CAT793","CONV","75448.0000","316","9","9","182.418611","0.000000","182.418611",,"0.000000","4.950278","177.468333","58.390556","119.077778","6.753611","238.759493670886075949","238.75949367","245.27689873","2.8929684","20.340639845894533","3.0242540","23.067906208337764","4.095675105485232","0.6336007130124777","8.533561643835617","2.6376712328767122","1.126086956521739","0.48333333333333334","0.8010654490106545","7.86613394216134",,,
"2026-03-16","actual","EH4000","CONV","122938.0000","542","16","16","393.353333","0.000000","393.353333",,"31.712778","22.950556","338.690000","88.547500","250.142500","14.313889","226.822878228782287823","226.82287823","230.21845018","4.4635406","28.60325659928528","4.5383241","33.08093963484635","3.669248188405797","0.6439837398373984","9.36300505050505","1.881344696969697","1.331449275362319","0.5660238751147841","1.2580176767676767","8.231309297912713",,,
"2026-03-16","actual","EH5000","AHS","243804.0000","839","18","18","372.693889","0.000000","372.693889",,"2.758333","4.775278","365.160278","52.314722","312.845556","26.985000","290.588796185935637664","290.58879619","298.00488677","2.6055043","23.20331497870155","2.8028498","29.273352962738578","3.147176535087719","0.8489113530326594","6.737410501193318","2.503997613365155","0.7308045977011495","0.6836581404790906","1.3503982477100755","5.744848846459825",,,
"2026-03-16","actual","EH5000","CONV","31131.0000","107","3","3","70.828333","0.000000","70.828333",,"5.231389","16.776667","48.820278","17.731389","31.088889","5.208056","290.943925233644859813","290.94392523","290.03084112","1.7654579","23.637621935349326","1.8144579","30.693829128277194","3.058531746031746","0.5287878787878788","4.481308411214953","1.9342679127725857","0.4375","0.4431372549019608","1.1764797507788163","3.546884735202492",,,
"2026-03-17","actual","CAT793","AHS","457227.0000","1923","39","39","809.105000","0.000000","809.105000",,"0.000000","19.570278","789.534722","3.974722","785.560000","96.725000","237.767550702028081123","237.76755070","240.70473219","2.4631754","21.773159630843914","2.5812056","26.71926911346837","4.139825684809677","1.0498232323232324","6.787738964198819","3.4882950990615225","2.7403187369675304","0.690460821230052","0.7060685098243784","5.796278908015997",,,
"2026-03-17","actual","CAT793","CONV","70507.0000","295","8","8","193.422500","0.000000","193.422500",,"32.755000","8.123889","152.543611","21.650278","130.893333","10.262222","239.006779661016949153","239.00677966","242.66983051","4.0360081","25.219070493108003","4.1645726","27.874610727371664","4.380416666666666","0.7178571428571429","9.602276422764227","2.65910569105691","1.1161290322580646","0.47996357012750457","0.7752032520325204","8.964227642276423",,,
"2026-03-17","actual","EH4000","CONV","144324.0000","636","16","16","358.995556","0.000000","358.995556",,"26.729722","10.018611","322.247222","38.244167","284.003056","19.177500","226.924528301886792453","226.92452830","224.71745283","4.1974110","30.08582598392259","4.2430856","34.124260168385206","4.219509594882729","0.7841513292433538","8.37087404994571","2.372909880564604","0.9262135922330097","0.5138095238095238","1.2293973941368077","7.460532030401737",,,
"2026-03-17","actual","EH5000","AHS","248994.0000","857","20","20","482.064722","0.000000","482.064722",,"90.858611","50.934444","340.271667","3.329444","336.942222","38.330000","290.541423570595099183","290.54142357","290.97771295","2.6557031","22.803954204253827","2.7972156","28.467234314772504","3.1228729603729604","0.9172072072072072","6.9874805295950155","2.4948927875243663","1.3727045908183633","0.6766148325358852","1.3336846213895395","5.895653021442495",,,
"2026-03-17","actual","EH5000","CONV","20610.0000","71","3","3","39.076944","0.000000","39.076944",,"5.621111","0.000000","33.455833","4.102500","29.353333","2.060000","290.281690140845070423","290.28169014","283.79154930","3.1193239","25.290164395848294","3.1434648","31.527300695280008","4.150909090909091","0.6518518518518519","7.400483091787439","2.9816425120772947","1.35","0.48333333333333334","1.2756038647342995","5.9823671497584545",,,
"2026-03-18","actual","CAT793","AHS","343799.0000","1451","41","41","779.382222","0.000000","779.382222",,"47.028333","39.251389","693.102500","39.550833","653.551667","91.766944","236.939352170916609235","236.93935217","239.84141971","2.2845507","18.657407312994778","2.5904451","24.510791769970073","4.592199043893959","1.0903457653457653","7.346842983083154","3.760912129894938","2.1206422018348623","0.6684001027221366","0.8055476020042949","6.341154029566046",,,
"2026-03-18","actual","CAT793","CONV","81472.0000","340","9","9","215.774444","0.000000","215.774444",,"44.970556","7.513056","163.290833","19.646667","143.644167","5.463056","239.623529411764705882","239.62352941","243.94617647","3.8085548","19.6780107549536","3.8074091","22.170897008833574","3.7544289044289045","0.7980691056910569","11.6126213592233","2.725647249190939","0.8859375","0.4500829187396352","0.754126213592233","10.303802588996765",,,
"2026-03-18","actual","EH4000","CONV","128486.0000","566","16","16","552.473333","0.000000","552.473333",,"199.596111","11.348056","341.529167","41.247222","300.281944","11.166667","227.007067137809187279","227.00706714","226.16342756","5.4085274","29.73677192719615","5.3445957","33.18691255524451","4.234121061359867","0.7539237668161435","10.91280670257331","2.674356672651107","1.2989726027397261","0.5426543209876543","1.2247755834829444","9.662716935966488",,,
"2026-03-18","actual","EH5000","AHS","246198.0000","848","21","21","464.961667","0.000000","464.961667",,"0.000000","63.904167","401.057500","7.872778","393.184722","54.525000","290.327830188679245283","290.32783019","293.73054245","2.9911226","23.612314377719528","3.1491715","28.525256542509922","4.850895765472313","0.8831991411701556","7.600583031765179","2.8396059509449136","1.8089646464646463","0.6844430217669654","1.4693268843208385","6.623964616003217",,,
"2026-03-18","actual","EH5000","CONV","8388.0000","29","1","1","23.406667","0.000000","23.406667",,"0.000000","0.942500","22.464167","3.215000","19.249167","1.029444","289.241379310344827586","289.24137931","297.79655172","6.9692759","30.92819453728978","7.0075172","32.23317211645523","4.4753968253968255","0.5775641025641025","13.520238095238094","2.638095238095238","0.7833333333333333","0.5392857142857143","1.2410714285714284","13.04404761904762",,,
"2026-03-19","actual","CAT793","AHS","349359.0000","1479","38","38","877.851389","0.000000","877.851389",,"57.299444","109.596944","710.955000","40.481389","670.473611","99.871389","236.212981744421906694","236.21298174","237.28397566","2.7608682","20.426639629136307","3.0774431","27.368053986536392","4.104685408299867","1.0239511067063098","8.109610538373424","3.5614626318202656","1.6002364066193853","0.6440072202166065","0.820856290174472","6.7467926689576165",,,
"2026-03-19","actual","CAT793","CONV","81484.0000","340","11","11","368.816389","0.000000","368.816389",,"129.908889","55.793333","183.114167","23.431944","159.682222","17.817778","239.658823529411764706","239.65882353","240.22000000","4.1386647","20.195449569637407","4.4654497","26.02078690975308","4.706262626262626","0.8858134920634921","12.295833333333333","2.848505231689088","1.2143790849673202","0.5183183183183183","0.8002976190476191","10.296651785714285",,,
"2026-03-19","actual","EH4000","CONV","113910.0000","502","15","15","340.574167","0.000000","340.574167",,"1.291389","13.814444","325.468333","45.860833","279.607500","27.130833","226.912350597609561753","226.91235060","227.24163347","5.2284562","30.305408252286536","5.2441118","33.96820045196043","4.479041095890411","0.7105105105105106","10.351530967292971","2.858072372999304","1.3342182890855456","0.5325448028673835","1.174739039665971","9.262978427279053",,,
"2026-03-19","actual","EH5000","AHS","268569.0000","924","19","19","416.200000","0.000000","416.200000",,"0.000000","32.282222","383.917778","15.738056","368.179722","37.983056","290.659090909090909091","290.65909091","293.32608225","2.7613149","22.587431763214955","2.9088319","28.338023356189012","3.092314335060449","0.8583588957055215","7.3350036310820625","2.3466412490922295","1.553494623655914","0.6827696354753852","1.3757542711741186","6.15885984023239",,,
"2026-03-19","actual","EH5000","CONV","22281.0000","77","4","4","89.360000","0.000000","89.360000",,"44.111667","19.541389","25.706944","3.410000","22.296944","1.834444","289.363636363636363636","289.36363636","291.25454545","5.1903636","28.952868782475804","5.7228947","34.61157404920259","6.545454545454546","1.2583333333333333","10.756164383561643","2.9589041095890414","2.3549019607843134","0.575952380952381","1.382648401826484","9.920776255707763",,,
"2026-03-20","actual","CAT793","AHS","337096.0000","1426","37","37","931.178611","0.000000","931.178611",,"98.204444","82.365833","750.608333","60.589722","690.018611","105.186111","236.392706872370266480","236.39270687","237.32293128","2.9395827","20.388063562249837","3.2350770","25.013110414162618","4.304240882103477","1.069484785615491","8.650893276915843","3.431401648998822","1.9264861995753715","0.6321060965954077","0.7656198541519642","7.760115266996",,,
"2026-03-20","actual","CAT793","CONV","85655.0000","359","9","9","251.853889","0.000000","251.853889",,"29.714722","55.067778","167.071389","21.386111","145.685278","5.371667","238.593314763231197772","238.59331476","246.44902507","3.3692758","18.770433956060682","3.3722674","20.04384504729812","4.004700854700855","1.0566666666666666","10.769945355191256","2.9183060109289616","0.8166666666666667","0.44843304843304843","0.8114754098360656","10.094672131147542",,,
"2026-03-20","actual","EH4000","CONV","130540.0000","575","15","15","345.527222","0.000000","345.527222",,"0.000000","15.083056","330.444167","35.901944","294.542222","14.562222","227.026086956521739130","227.02608696","228.09860870","5.1849757","29.687488750088193","5.2399371","32.12578422045727","3.286300692383778","0.6575221238938054","10.479112754158965","2.665526802218115","1.0870370370370372","0.538510101010101","1.1970425138632164","9.78641404805915",,,
"2026-03-20","actual","EH5000","AHS","254694.0000","877","20","20","431.656111","0.000000","431.656111",,"0.000000","6.388056","425.268056","45.325278","379.942778","37.084444","290.415051311288483466","290.41505131","297.34960091","3.1187149","22.801671668923227","3.2584514","26.69444316255762","3.340850815850816","0.838130081300813","8.20654277971351","2.4104916763453352","1.2677454153182308","0.6910456730769231","1.3836046511627906","7.323886953155246",,,
"2026-03-20","actual","EH5000","CONV","24966.0000","86","2","2","37.723333","0.000000","37.723333",,"0.000000","0.337222","37.386111","3.675556","33.710556","1.776667","290.302325581395348837","290.30232558","294.78372093","3.4823953","31.10640806758433","3.5623837","30.437228572881644","2.665833333333333","0.6064285714285714","6.717063492063492","3.145436507936508","0.5933333333333334","0.48854166666666665","1.1950396825396825","7.022420634920635",,,
"2026-03-21","actual","CAT793","AHS","313820.0000","1328","38","38","786.479444","0.000000","786.479444",,"53.727222","42.720556","690.031667","6.579722","683.451944","105.195000","236.310240963855421687","236.31024096","225.98569277","3.2560791","21.557736441984897","3.4774429","27.117545724239676","4.463416477702192","1.3236678335278103","9.062396069538925","3.3236583522297805","1.7177121771217714","0.6422983257229833","0.7943141704488149","7.69415404040404",,,
"2026-03-21","actual","CAT793","CONV","83534.0000","350","9","9","215.588056","0.000000","215.588056",,"0.000000","55.368056","160.220000","16.153889","144.066111","13.659167","238.668571428571428571","238.66857143","240.87371429","2.8118686","16.64994262563303","2.8367736","18.904914309097553","5.670606060606061","0.9342767295597484","10.132894736842106","2.6276315789473683","1.624074074074074","0.5437777777777778","0.8936403508771931","9.00328947368421",,,
"2026-03-21","actual","EH4000","CONV","127952.0000","565","15","15","340.711944","3.644444","337.067500",,"19.991944","18.021944","299.053611","29.042778","270.010833","18.091944","226.463716814159292035","226.46371681","230.24663121","4.0461286","30.894550821189387","4.0850089","31.2980396919849","3.933639545056868","0.9726222222222223","7.857946127946128","2.9178137651821863","0.8920765027322405","0.4891649413388544","1.2225589225589224","7.831178451178451",,,
"2026-03-21","actual","EH5000","AHS","290343.0000","999","20","20","474.601944","0.000000","474.601944",,"46.998333","39.158056","388.445556","4.310000","384.135556","37.956111","290.633633633633633634","290.63363363","295.94954955","2.8118438","24.298769724335955","2.9129247","28.94663519497148","3.0604787714543815","0.916759388038943","6.943175720992623","2.4263246143527835","1.3073386383731211","0.6989401709401709","1.3460429242119383","6.03785140562249",,,
"2026-03-21","actual","EH5000","CONV","45042.0000","155","3","3","102.055278","0.000000","102.055278",,"0.000000","35.865278","66.190000","21.368611","44.821389","4.090556","290.593548387096774194","290.59354839","295.09806452","1.8748516","27.246978269896193","2.0200710","33.25200007125891","2.8216666666666668","0.6558712121212121","4.128571428571429","2.557142857142857","2.5243589743589743","0.4376157407407407","1.2555194805194805","3.645021645021645",,,
"2026-03-22","actual","CAT793","AHS","366557.0000","1553","40","40","949.638333","0.000000","949.638333",,"30.436389","74.063056","845.138889","26.084167","819.054722","157.777778","236.031551835157759176","236.03155184","236.59748873","3.0313743","20.511121369449924","3.1609499","27.451217774470727","4.957993827160494","1.2767528735632183","8.867504351610096","3.6819952132288947","1.5719551282051283","0.6470154753131909","0.7850413402959096","6.908873608382449",,,
"2026-03-22","actual","CAT793","CONV","61717.0000","259","9","9","174.438889","0.000000","174.438889",,"19.758611","25.386944","129.293333","22.973611","106.319722","12.690000","238.289575289575289575","238.28957529","245.57142857","2.9909066","22.485231201748952","3.1017977","21.511474025645658","3.3670454545454547","0.8329629629629629","7.980989583333334","3.084114583333333","3.652083333333333","0.4825","0.8002604166666667","8.6515625",,,
"2026-03-22","actual","EH4000","CONV","121970.0000","537","14","14","347.008611","0.000000","347.008611",,"45.916389","13.226111","287.866111","31.781111","256.085000","34.043333","227.132216014897579143","227.13221601","229.36387337","3.6709553","28.44964784106742","3.7390710","32.64173358772988","3.343187830687831","0.8510869565217392","7.742005076142132","2.893358714043993","0.969634703196347","0.5268353174603174","1.3304145516074448","6.872927241962775",,,
"2026-03-22","actual","EH5000","AHS","197253.0000","679","17","17","362.044167","0.000000","362.044167",,"0.000000","4.471389","357.572778","10.352500","347.220278","67.779722","290.505154639175257732","290.50515464","294.68365243","3.3835655","25.017514222099702","3.4504668","29.185753375149883","3.889096573208723","0.8795112781954887","8.114872173058014","2.6648230088495577","1.447970479704797","0.6998974358974359","1.4719103889709504","7.09346116027532",,,
"2026-03-22","actual","EH5000","CONV","77649.0000","267","6","6","119.430833","0.000000","119.430833",,"3.648889","40.898889","74.883056","10.258056","64.625000","8.816667","290.820224719101123596","290.82022472","301.28651685","1.5928876","21.110666008958567","1.6268052","27.95896103394445","3.008214849921011","0.7272277227722772","4.52724968314322","2.27084917617237","1.122962962962963","0.492986798679868","1.1311068702290077","3.491128010139417",,,
"2026-03-23","actual","CAT793","AHS","356123.0000","1511","41","41","1060.251389","0.000000","1060.251389",,"197.221667","57.897778","805.131944","41.192222","763.939722","102.381111","235.686962276637988087","235.68696228","238.04467240","2.9073628","19.69620048323635","3.1544506","27.025347058801252","5.387334656084656","1.1513745704467353","8.856620247568523","3.7456122900088418","1.2375160875160875","0.6615925925925926","0.7875691218756912","7.003315649867374",,,
"2026-03-23","actual","CAT793","CONV","116464.0000","490","9","9","178.359167","0.000000","178.359167",,"0.498611","23.990556","153.870000","19.493611","134.376389","6.449444","237.681632653061224490","237.68163265","245.31224490","1.9085735","22.105371177687196","2.0722980","25.9020344432407","2.606172839506173","0.847339593114241","5.180388471177945","2.494047619047619","1.384375","0.4138114209827357","0.7720551378446115","4.800313283208021",,,
"2026-03-23","actual","EH4000","CONV","138658.0000","611","13","13","312.266667","0.000000","312.266667",,"1.498889","22.136944","288.630833","26.642778","261.988056","14.539722","226.936170212765957447","226.93617021","229.06595745","3.7864697","30.824597137169228","3.8254663","35.83186842729236","4.468953068592057","0.8487922705314009","7.370353649360421","3.0546003016591254","1.058187134502924","0.534875","1.3616138763197587","6.4056938159879335",,,
"2026-03-23","actual","EH5000","AHS","195531.0000","673","17","17","342.048611","0.000000","342.048611",,"2.094444","34.500556","305.453611","24.720278","280.733333","33.313889","290.536404160475482912","290.53640416","295.57340267","3.2721991","23.955660279627896","3.3932798","29.85544303379033","3.3904580152671757","0.8939806412583182","8.19563909774436","2.3473934837092734","1.5157786885245903","0.7062106918238994","1.3661904761904762","6.819419419419419",,,
"2026-03-23","actual","EH5000","CONV","80883.0000","278","4","4","143.834167","0.000000","143.834167",,"46.918611","26.047222","70.868333","5.554722","65.313611","4.135556","290.946043165467625899","290.94604317","299.18525180","1.3863813","20.995815988741185","1.3800036","29.36240976595242","2.254773869346734","0.6451612903225806","3.961878787878788","2.1038929440389293","1.7419191919191919","0.5322736030828517","1.1037712895377128","2.8199393939393937",,,
"2026-03-24","actual","CAT793","AHS","447475.0000","1897","42","42","1039.032778","0.000000","1039.032778",,"38.530556","128.223611","872.278611","7.783333","864.495278","86.640278","235.885608856088560886","235.88560886","241.44080127","2.9987891","19.723237480240105","3.1360865","28.445793743029864","4.472257217847769","1.0104627071823205","9.122607086197778","3.642508372994888","1.5126566416040101","0.6336099160008195","0.7788271604938272","6.61486867618544",,,
"2026-03-24","actual","CAT793","CONV","87560.0000","368","6","6","152.061111","0.000000","152.061111",,"46.503333","0.000000","105.557778","14.786944","90.770833","5.498889","237.934782608695652174","237.93478261","244.00733696","2.0404891","18.66202133985118","2.0449810","24.735546228443127","3.126241134751773","0.9372781065088758","6.5603475513428124","3.1915481832543446","0.6080645161290322","0.4794871794871795","0.7015007898894154","4.96042654028436",,,
"2026-03-24","actual","EH4000","CONV","119554.0000","527","14","14","325.004444","0.000000","325.004444",,"15.291944","20.222778","289.489722","34.461389","255.028333","17.208333","226.857685009487666034","226.85768501","226.49943074","4.2900474","32.29034962258756","4.3631181","35.344881726074476","3.6214192708333335","0.7851478494623656","7.971509971509971","2.8515714285714284","0.885024154589372","0.5154302670623145","1.2954890788224123","7.40664767331434",,,
"2026-03-24","actual","EH5000","AHS","135891.0000","467","12","12","332.392500","0.000000","332.392500",,"0.000000","120.113333","212.279167","5.250556","207.028611","22.991944","290.987152034261241970","290.98715203","298.70278373","3.3732833","25.45988482085217","3.5722361","30.747398302904944","3.5651027703306526","0.9651678657074341","7.949643112062812","2.2481798715203425","1.5348670756646217","0.6798474945533769","1.3620886981402003","6.9708065667380446",,,
"2026-03-24","actual","EH5000","CONV","145716.0000","502","10","10","416.178889","0.000000","416.178889",,"84.290278","136.368889","195.519722","31.272778","164.246944","8.665000","290.270916334661354582","290.27091633","296.80318725","2.4164940","24.916450430820564","2.4298160","30.602967632236297","2.6615897435897438","0.7043284789644013","5.819032707028532","2.406054279749478","1.123931623931624","0.5454793028322441","1.30146750524109","4.7638830897703555",,,
"2026-03-25","actual","CAT793","AHS","414155.0000","1751","41","41","999.720278","0.000000","999.720278",,"36.942778","74.781944","887.995556","1.742778","886.252778","94.104167","236.524842946887492861","236.52484295","241.66160000","3.7650896","22.245747655697834","3.8084832","30.74290063270463","5.137859379447765","1.1498279057453005","10.154991394148022","3.8438898450946644","1.6549071618037134","0.6209349593495935","0.7694874737043412","7.432902793723689",,,
"2026-03-25","actual","CAT793","CONV","84147.0000","357","7","7","148.585278","0.000000","148.585278",,"0.000000","11.293611","137.291667","18.592778","118.698889","10.412222","235.705882352941176471","235.70588235","240.40644258","2.0338933","23.978531536842105","2.2944704","31.566583280848686","2.781541218637993","0.9165349143610013","5.0892857142857135","2.8700757575757576","0.8009803921568628","0.38471223021582734","0.7314393939393938","4.361201298701299",,,
"2026-03-25","actual","EH4000","CONV","137300.0000","606","13","13","373.012222","0.000000","373.012222",,"3.113889","81.038333","288.860000","34.639722","254.220278","17.451111","226.567656765676567657","226.56765677","227.95099010","3.2670133","30.7833227786836","3.4911089","33.168102208185516","3.1292237442922377","0.710539979231568","6.36775956284153","2.866001564945227","0.9462643678160919","0.48651685393258426","1.2270101483216238","6.315300546448087",,,
"2026-03-25","actual","EH5000","AHS","173937.0000","598","16","16","340.778889","0.000000","340.778889",,"56.888611","33.700000","250.190278","0.996944","249.193333","30.642222","290.864548494983277592","290.86454849","295.59464883","3.1781039","23.911043632175538","3.6083876","30.746268722836444","3.202558635394456","1.004469507101086","7.974818537130095","2.323797539149888","1.6217105263157896","0.6954787234042553","1.4550700280112043","7.0416107382550335",,,
"2026-03-25","actual","EH5000","CONV","88599.0000","305","5","5","115.220833","0.000000","115.220833",,"0.000000","0.000000","115.220833","13.292500","101.928333","5.894722","290.488524590163934426","290.48852459","294.48852459","2.1341869","21.218720163119485","2.2047921","29.19705903733271","2.569980506822612","0.7924679487179487","6.03482269503546","1.9420567375886526","1.3849673202614379","0.6155913978494624","1.3587234042553191","4.530851063829787",,,
"2026-03-26","actual","CAT793","AHS","402151.0000","1693","43","43","1031.206944","0.000000","1031.206944",,"6.150833","84.035556","941.020556","53.720278","887.300278","163.252500","237.537507383343177791","237.53750738","243.78115771","3.0461311","20.707759120180583","3.1574436","26.93367407155112","4.75094395280236","1.0282958199356913","8.826057176891005","3.592222884386174","1.5100623582766441","0.6567617195938648","0.7444411355965852","7.033820023837903",,,
"2026-03-26","actual","CAT793","CONV","40877.0000","173","5","5","121.435556","0.000000","121.435556",,"0.000000","43.909167","77.526389","8.290000","69.236389","2.975556","236.283236994219653179","236.28323699","241.00173410","3.3917125","22.66573542258135","3.2363468","26.726817191358442","3.311111111111111","0.7987179487179487","8.97843137254902","2.687843137254902","0.7078431372549019","0.40434343434343434","0.7675490196078432","7.265392156862745",,,
"2026-03-26","actual","EH4000","CONV","149818.0000","661","14","14","348.534444","0.000000","348.534444",,"31.083056","23.305000","294.146389","30.451944","263.694444","19.952222","226.653555219364599092","226.65355522","229.90847201","2.7702985","23.32511779483712","2.9230411","26.939391856915215","3.145764705882353","0.783077485380117","7.126133786848072","2.7825963718820863","0.8127572016460906","0.48446376811594205","1.190249433106576","6.510260770975056",,,
"2026-03-26","actual","EH5000","AHS","188631.0000","649","15","15","349.336111","0.000000","349.336111",,"3.996944","9.173056","336.166111","45.103889","291.062222","35.743889","290.648690292758089368","290.64869029","300.48628659","3.0124006","23.236597899247748","3.0979122","30.10851889691432","3.8981955380577427","0.9648979591836735","7.778420781893004","2.7877572016460905","1.6143106457242584","0.6842737722048067","1.4463678516228748","6.173493044822256",,,
"2026-03-26","actual","EH5000","CONV","99219.0000","341","5","5","125.686111","0.000000","125.686111",,"0.871667","15.385000","109.429444","17.046944","92.382500","5.262500","290.964809384164222874","290.96480938","296.53313783","1.5629208","25.86631735648278","1.6121602","28.711365924363417","2.8522292993630574","0.7349806201550387","3.6253807106598983","2.018452380952381","0.7346666666666667","0.5328625235404896","1.222165820642978","3.3690355329949235",,,
"2026-03-27","actual","CAT793","AHS","284305.0000","1201","45","45","991.359722","0.000000","991.359722",,"153.763056","94.388611","743.208056","195.344722","547.863333","61.200000","236.723563696919233972","236.72356370","243.01057452","2.5822869","17.641949670831448","2.7135534","24.403177135822524","4.518178104575163","1.0158523344191097","8.782318104906938","3.6944868532654795","1.472044573643411","0.6535897435897435","0.7414322250639386","6.671803556308213",,,
"2026-03-27","actual","CAT793","CONV","19390.0000","82","2","2","57.371111","0.000000","57.371111",,"0.000000","0.000000","57.371111","13.958611","43.412500","5.813056","236.463414634146341463","236.46341463","245.98658537","3.7695926","25.118137680465896","3.8232805","24.098054950357643","5.074275362318841","0.5645061728395062","9.004471544715447","2.9298780487804876","0.7138888888888889","0.4146090534979424","0.6902439024390243","9.519308943089431",,,
"2026-03-27","actual","EH4000","CONV","122788.0000","542","13","13","324.081667","0.000000","324.081667",,"18.896389","8.694444","296.490833","56.639722","239.851111","27.579444","226.546125461254612546","226.54612546","228.17619926","3.1590081","25.353485980951486","3.2200528","26.40818433358325","4.1089089089089095","0.6793696275071633","7.475914205344584","2.876518361581921","0.927536231884058","0.49664502164502167","1.2615819209039547","7.316033755274262",,,
"2026-03-27","actual","EH5000","AHS","111498.0000","384","16","16","260.413333","0.000000","260.413333",,"0.000000","11.796389","248.616944","61.150556","187.466389","28.402778","290.359375000000000000","290.35937500","296.86380208","3.4984792","23.068546218107407","3.5535579","26.98400681658885","3.1786401925391092","0.9797476759628154","9.099348958333334","2.5123150565709316","0.9514150943396227","0.6784552845528455","1.322763157894737","7.901475694444445",,,
"2026-03-27","actual","EH5000","CONV","96609.0000","332","5","5","155.914722","0.000000","155.914722",,"56.541389","4.317778","95.055556","14.643056","80.412500","3.021389","290.990963855421686747","290.99096386","294.52590361","1.5402711","26.65923107669118","1.6008012","31.813348380786657","2.442270531400966","0.7415625","3.4665765765765766","1.808786231884058","1.3489583333333333","0.5560263653483992","1.1679347826086957","3.0191123188405795",,,
"2026-03-28","actual","CAT793","AHS","356607.0000","1509","43","43","1153.355278","0.000000","1153.355278",,"52.898611","300.661389","799.795278","26.638333","773.156944","110.465833","236.320079522862823062","236.32007952","241.46710875","2.6936423","19.346932059410328","2.8099344","23.40307883727787","5.906936416184972","1.1302693901716991","8.353703703703705","3.6476864330637913","1.8079635949943118","0.6767089236887894","0.7252142534957149","7.204012137559002",,,
"2026-03-28","actual","CAT793","CONV","39201.0000","165","5","5","95.852222","0.000000","95.852222",,"22.677778","3.956667","69.217778","4.332222","64.885556","5.349722","237.581818181818181818","237.58181818","242.02787879","3.2110242","24.834110436828645","3.4433636","31.16304711700927","3.708630952380952","0.7050847457627119","7.757936507936508","2.737528344671202","0.8429824561403509","0.4131944444444445","0.721201814058957","6.629705215419501",,,
"2026-03-28","actual","EH4000","CONV","117524.0000","518","14","14","405.450278","0.000000","405.450278",,"81.837500","44.629444","278.983333","26.443333","252.540000","11.601111","226.880308880308880309","226.88030888","229.43976834","4.7343320","27.975559953813086","4.8152000","32.13043979234034","3.695441176470588","0.7423667570009034","10.153860028860029","2.710990600144613","1.252657004830918","0.5121283255086072","1.2844877344877343","8.991847041847043",,,
"2026-03-28","actual","EH5000","AHS","188274.0000","649","19","19","530.087222","0.000000","530.087222",,"146.876111","47.417222","335.793889","7.378056","328.415833","37.234722","290.098613251155624037","290.09861325","297.21540832","3.4237673","23.04713018878662","3.5872639","25.65216055519399","3.920893970893971","0.7932994062765055","8.913302277432711","2.5580486542443066","1.6122432859399685","0.6846133333333333","1.3559709241952231","8.390553830227743",,,
"2026-03-28","actual","EH5000","CONV","69840.0000","240","3","3","70.311667","0.000000","70.311667",,"0.000000","2.542222","67.769444","6.747778","61.021667","3.636111","291.000000000000000000","291.00000000","290.48708333","1.8685500","25.08042877116669","1.9077500","32.429216467463476","1.3062913907284768","0.772156862745098","4.470138888888888","1.921527777777778","0.3923611111111111","0.5334394904458598","1.289409722222222","3.5296875",,,
"2026-03-29","actual","CAT793","AHS","346055.0000","1457","44","44","947.153333","0.000000","947.153333",,"63.840000","67.741667","815.571667","24.777222","790.794444","181.410278","237.512010981468771448","237.51201098","242.61866850","2.7355756","19.31158829719731","2.9753723","26.44112452326335","5.013391334015695","1.120658876987991","8.499276883601587","3.6084733893557424","2.1178763440860218","0.6496443089430894","0.7508986928104575","6.751692343604108",,,
"2026-03-29","actual","CAT793","CONV","36592.0000","154","4","4","82.189167","0.000000","82.189167",,"0.000000","4.088889","78.100278","6.471111","71.629167","6.510556","237.610389610389610390","237.61038961","240.00714286","3.0346014","18.79181657515973","3.0540000","24.205315301147976","7.123873873873874","1.1609704641350211","9.689115646258504","3.802891156462585","0.45","0.43937728937728937","0.8204081632653061","7.570238095238095",,,
"2026-03-29","actual","EH4000","CONV","125198.0000","553","14","14","335.368056","0.000000","335.368056",,"0.000000","46.286667","289.081389","41.628056","247.453333","17.463333","226.397830018083182640","226.39783002","227.84755877","3.3980576","23.001494419617977","3.5220955","25.156928331610647","6.036393229166666","0.7244444444444444","8.863922155688622","3.2454954954954958","0.7470238095238095","0.44202898550724634","1.2437437437437437","8.400299401197605",,,
"2026-03-29","actual","EH5000","AHS","178944.0000","617","19","19","449.182500","0.000000","449.182500",,"117.643611","21.557500","309.981389","1.540278","308.441111","46.758889","290.022690437601296596","290.02269044","297.23873582","3.8344435","23.985884744702478","3.8435657","30.435449539292616","4.166878531073446","0.9716216216216217","9.59175","2.408985024958403","1.4095851216022888","0.6909116809116809","1.3863154960981048","7.577149195784803",,,
"2026-03-30","actual","CAT793","AHS","395359.0000","1663","42","42","1035.580556","0.000000","1035.580556",,"110.344444","35.332222","889.903889","62.033611","827.870278","173.169444","237.738424533974744438","237.73842453","242.57859290","2.5421301","20.018470831135563","2.6455200","27.00182433135274","4.735649409627611","1.0859150889271372","7.619353510397365","3.535073090385011","2.147972654408298","0.6502075141983398","0.7607091321377035","5.878536133415689",,,
"2026-03-30","actual","CAT793","CONV","45347.0000","191","5","5","136.711389","0.000000","136.711389",,"0.000000","51.430000","85.281389","16.124444","69.156944","6.725278","237.418848167539267016","237.41884817","238.46806283","2.6012408","18.7004378546976","2.7227644","21.158009882050624","4.905833333333334","0.9502487562189054","8.346031746031747","3.25952380952381","0.5654761904761905","0.4537280701754386","0.7515873015873016","7.721230158730159",,,
"2026-03-30","actual","EH4000","CONV","172650.0000","763","14","14","332.146667","0.000000","332.146667",,"0.000000","14.410556","317.736111","44.565278","273.170833","17.412500","226.277850589777195282","226.27785059","227.87011796","2.6992870","24.041548390677683","2.9195911","26.825637245017298","4.02689620758483","0.594944944944945","6.736555290373905","2.8747016706443915","0.5987804878048781","0.4550813008130081","1.1987639553429026","6.530151153540175",,,
"2026-03-30","actual","EH5000","AHS","179571.0000","619","16","16","340.505000","0.000000","340.505000",,"0.000000","48.872222","291.632778","1.478611","290.154167","27.310000","290.098546042003231018","290.09854604","297.69531502","3.7508451","24.449849045958754","3.7885247","32.62440103020638","3.9402159244264507","0.9871111111111112","9.204584681769148","2.538303619665046","1.2915983606557377","0.6837535014005602","1.3948051948051947","6.967529665587918",,,
"2026-03-30","actual","EH5000","CONV","34575.0000","119","3","3","39.556389","0.000000","39.556389",,"0.000000","4.888889","34.667500","4.345833","30.321667","3.696667","290.546218487394957983","290.54621849","289.22689076","2.4152941","15.718696161494426","2.4758908","16.873616861235565","3.742948717948718","0.6071428571428572","9.219444444444443","2.6422222222222222","0.8428571428571429","0.5925287356321839","1.2172413793103447","8.803888888888888",,,
"2026-03-31","actual","CAT793","AHS","477363.0000","2007","45","45","986.253611","0.000000","986.253611",,"80.294722","14.974722","890.984167","31.437222","859.546944","160.895278","237.849028400597907324","237.84902840","241.03243647","2.2756124","21.074758488679024","2.3611240","28.17662116829498","4.287958262831359","1.054563361785949","6.478686058174524","3.245962888665998","2.8053729232944504","0.6712006489994592","0.7441741892343697","5.027836345381527",,,
"2026-03-31","actual","CAT793","CONV","35332.0000","148","3","3","71.604444","0.000000","71.604444",,"0.000000","2.865000","68.739444","9.980000","58.759444","5.133889","238.729729729729729730","238.72972973","244.93783784","3.0457755","19.437730305143855","2.9951020","26.18225385932089","3.1904761904761902","0.6102272727272727","9.401639344262295","3.1617486338797813","1.202777777777778","0.5213178294573644","0.7346994535519126","6.863661202185792",,,
"2026-03-31","actual","EH4000","CONV","165442.0000","730","15","15","523.550278","0.000000","523.550278",,"0.000000","203.803333","319.746944","80.846111","238.900833","29.879444","226.632876712328767123","226.63287671","229.34863014","2.1883278","25.022060623849995","2.2598203","30.510373166804296","2.800433705080545","0.6212806026365348","5.247356321839081","2.9182758620689655","1.1105263157894738","0.5159402744148507","1.1264367816091956","4.444036697247706",,,
"2026-03-31","actual","EH5000","AHS","216966.0000","748","18","18","504.445833","0.000000","504.445833",,"69.862500","60.083056","374.500278","4.055278","370.445000","48.389444","290.061497326203208556","290.06149733","296.80294118","3.8233117","25.027769357610854","3.9988801","31.34180426598568","3.96131156930126","0.8870238095238094","9.165766981556455","2.735177687809267","2.083953168044077","0.6699026763990267","1.4495495495495494","7.65536036036036",,,
"2026-03-31","actual","EH5000","CONV","36375.0000","125","2","2","47.127778","0.000000","47.127778",,"0.000000","4.639167","42.488611","10.626111","31.862500","1.438889","291.000000000000000000","291.00000000","288.15600000","2.0055887","12.647461037880447","1.9988145","16.901308749266","2.838888888888889","0.6466666666666666","9.514583333333333","2.18125","0.6333333333333333","0.425","1.3625","7.095833333333333",,,
"2026-04-01","actual","CAT793","AHS","469420.0000","1978","45","45","1001.177500","0.000000","1001.177500",,"59.187778","76.953611","865.036111","47.944722","817.091389","131.423333","237.320525783619817998","237.32052578","242.94464105","1.9365051","17.947954380500587","2.0526755","24.967733642000912","4.18774860779634","1.1246506300114547","6.473735309146653","3.1387495735243944","2.513532763532764","0.6546670356022873","0.7338024564994882","4.932787723785166",,,
"2026-04-01","actual","CAT793","CONV","55989.0000","237","4","4","77.106389","0.000000","77.106389",,"0.000000","0.406389","76.700000","3.860278","72.839722","2.611111","236.240506329113924051","236.24050633","236.91265823","2.5281730","20.30404470416362","2.6229831","24.743287382432058","2.1865740740740742","0.6503367003367003","7.47094395280236","2.791150442477876","0.41111111111111115","0.3864306784660767","0.759882005899705","6.36047197640118",,,
"2026-04-01","actual","EH4000","CONV","159340.0000","701","14","14","368.895278","0.000000","368.895278",,"43.966111","16.438333","308.490833","15.666111","292.824722","61.753333","227.303851640513552068","227.30385164","232.48516405","2.7538770","26.1424849420713","2.8735252","30.781467865819256","2.833930704898447","0.5848249027237354","6.320463428252372","3.0610644257703084","2.854202279202279","0.5687005649717514","1.167003367003367","5.601146532438479",,,
"2026-04-01","actual","EH5000","AHS","182403.0000","629","17","17","423.826944","0.000000","423.826944",,"0.000000","61.371944","362.455000","39.963333","322.491667","32.535000","289.988871224165341812","289.98887122","301.31208267","3.8472070","24.007670918350474","3.8818928","31.055471551791754","5.452348777348777","1.0374001452432826","9.614944356120827","2.6725225225225224","1.174469696969697","0.6858024691358025","1.392633810280869","7.499920508744038",,,
"2026-04-01","actual","EH5000","CONV","76824.0000","264","3","3","70.240556","0.000000","70.240556",,"0.000000","0.000000","70.240556","6.395833","63.844722","2.230556","291.000000000000000000","291.00000000","284.69583333","1.7959053","33.30645684427436","1.8150758","37.05436662346079","1.6643939393939393","0.5867647058823529","3.2352380952380955","1.948095238095238","0.675","0.4990476190476191","1.0585714285714285","2.9390476190476194",,,
"2026-04-02","actual","CAT793","AHS","462843.0000","1947","45","45","1110.173611","0.000000","1110.173611",,"287.627222","29.449167","793.097222","14.461111","778.636111","99.087500","237.721109399075500770","237.72110940","243.77406266","2.4073282","19.970119844477136","2.5739632","26.408440441456865","3.870926422400953","0.9731304552960603","7.232790445168295","3.144477638964331","2.546902106567534","0.6408546017014695","0.7342567445229042","5.8480466630493755",,,
"2026-04-02","actual","CAT793","CONV","55625.0000","233","6","6","155.956111","0.000000","155.956111",,"25.088333","21.541944","109.325833","7.034444","102.291389","6.134167","238.733905579399141631","238.73390558","240.33991416","3.8861509","24.365048173563984","3.9457686","27.40039733521525","3.9919003115264795","0.6983709273182958","9.569817073170732","3.566768292682927","0.8065040650406504","0.4842650103519669","0.8038617886178863","8.640243902439023",,,
"2026-04-02","actual","EH4000","CONV","178658.0000","786","13","13","325.388889","0.000000","325.388889",,"19.388889","36.162778","269.837222","16.667500","253.169722","24.705278","227.300254452926208651","227.30025445","234.87061069","2.1978135","27.462857082589284","2.3048555","29.810673295326556","3.5898950131233596","0.6426966292134831","4.801714898177921","3.0252679528403004","1.4238970588235296","0.5942182410423452","1.091760601180891","4.638987138263665",,,
"2026-04-02","actual","EH5000","AHS","236406.0000","814","19","19","399.249722","0.000000","399.249722",,"16.877778","6.922222","375.449722","11.024444","364.425278","39.147500","290.425061425061425061","290.42506143","296.33390663","3.1911302","23.94625570049698","3.2743530","31.233259987926452","4.212901439645625","0.9383543638275499","7.995730706075534","2.8615289765721332","1.4501058201058201","0.6922550278134361","1.36252052545156","6.290127257799671",,,
"2026-04-03","actual","CAT793","AHS","440931.0000","1851","39","39","844.227778","0.000000","844.227778",,"35.070278","9.760278","799.397222","0.221389","799.175833","108.105278","238.212317666126418152","238.21231767","242.42625608","2.6460109","20.26435053542714","2.7641922","28.279668949037323","4.118104906937394","1.000755939524838","7.834480247587838","3.2918534718425367","2.6916866506794563","0.6621706398996235","0.7121675774134791","5.864691425450573",,,
"2026-04-03","actual","CAT793","CONV","93703.0000","391","10","10","225.044167","0.000000","225.044167",,"27.108056","31.036111","166.900000","10.981111","155.918889","8.693333","239.649616368286445013","239.64961637","244.23692308","4.7531473","24.590873775898437","4.8637908","30.1064500146964","3.34672131147541","0.5403054448871182","11.597344632768362","3.1824293785310735","1.2486254295532646","0.5497677119628339","0.8160472972972973","9.693186936936938",,,
"2026-04-03","actual","EH4000","CONV","150814.0000","662","14","14","323.138333","0.000000","323.138333",,"17.601667","38.166111","267.370556","30.315556","237.055000","13.649722","227.815709969788519637","227.81570997","234.44093656","3.3131788","31.054222791449526","3.4075394","32.59466329705523","2.73223201174743","0.5466349206349206","6.4014072847682115","2.90333885209713","1.5747747747747747","0.6396075179657269","1.0562637969094923","6.27257174392936",,,
"2026-04-03","actual","EH5000","AHS","209004.0000","720","17","17","456.713056","0.000000","456.713056",,"24.745833","80.177778","351.789444","6.197500","345.591944","39.517500","290.283333333333333333","290.28333333","300.98708333","3.3588494","24.63495682235099","3.5465737","31.03175452590103","4.250321637426901","0.9780670257330939","8.180690774223459","3.466759646675965","1.740378787878788","0.6716867469879518","1.493630869363087","6.857311977715877",,,
"2026-04-03","actual","EH5000","CONV","91947.0000","316","4","4","91.249444","0.000000","91.249444",,"2.789722","0.000000","88.459722","8.549167","79.910556","3.639722","290.971518987341772152","290.97151899","288.08955696","1.9821297","25.14920202067669","2.0137658","26.17168548736462","1.7464285714285714","0.5560606060606061","4.728888888888889","2.3088888888888888","2.495833333333333","0.5196428571428571","1.098888888888889","4.616666666666666",,,
"2026-04-04","actual","CAT793","AHS","462004.0000","1942","40","40","915.488333","0.000000","915.488333",,"64.795000","24.758889","825.934444","1.268889","824.665556","119.000833","237.901132852729145211","237.90113285","242.94557158","2.5701129","19.102717729578735","2.6875442","26.61784358797437","3.621797323135755","1.016804788213628","8.072504456327986","3.2551927194860815","2.5199248120300752","0.6502353181911193","0.7336632780453005","6.058065953654189",,,
"2026-04-04","actual","CAT793","CONV","68818.0000","286","8","8","198.269167","0.000000","198.269167",,"23.728611","26.585278","147.955278","13.788611","134.166667","7.979167","240.622377622377622378","240.62237762","239.69055944","4.1565106","24.25156838119373","4.2713489","27.88440663704778","4.125066666666666","0.6148148148148148","10.283484848484848","3.38675799086758","1.7888888888888888","0.44631410256410253","0.7430745814307458","9.190833333333334",,,
"2026-04-04","actual","EH4000","CONV","150482.0000","661","14","14","324.674444","0.000000","324.674444",,"17.015556","11.390833","296.268056","29.422222","266.845833","24.744722","227.658093797276853253","227.65809380","234.05022693","3.0068537","29.56277308935913","3.2417584","30.681982190005822","4.117560664112388","0.6352370689655172","6.10264880952381","2.993082886106142","2.207575757575758","0.6522905364677516","1.0736607142857144","6.3394047619047615",,,
"2026-04-04","actual","EH5000","AHS","203019.0000","700","20","20","485.317500","0.000000","485.317500",,"90.862500","35.528611","358.926389","8.135833","350.790556","40.881667","290.027142857142857143","290.02714286","299.66385714","3.6742486","24.63904433859336","4.0359843","29.374771196376507","3.722133863485752","0.9882751937984495","8.947380952380952","3.4464473056747735","1.1007902298850574","0.6379615952732643","1.3716261325703385","8.243776824034335",,,
"2026-04-04","actual","EH5000","CONV","45306.0000","156","4","4","92.083889","0.000000","92.083889",,"0.000000","8.043889","84.040000","15.258611","68.781389","11.152222","290.423076923076923077","290.42307692","289.66410256","3.4249231","22.85180958726387","3.6878077","24.113645728390463","5.499717514124294","0.6436363636363637","8.992521367521368","3.063888888888889","0.9423076923076923","0.48614718614718616","1.222863247863248","9.176068376068375",,,
"2026-04-05","actual","CAT793","AHS","419625.0000","1761","38","38","865.250000","0.000000","865.250000",,"13.797778","61.157500","790.294722","15.401111","774.893611","129.199167","238.287904599659284497","238.28790460","244.02386364","2.4368244","19.191061959707586","2.5006310","25.857308436865203","4.0737702098383215","1.0690709969788519","7.618622893666473","3.333829538820782","2.5094079480940796","0.6732621440536014","0.7491545189504373","5.802532013969732",,,
"2026-04-05","actual","CAT793","CONV","116201.0000","485","11","11","272.513611","0.000000","272.513611",,"66.996389","22.655556","182.861667","27.414444","155.447222","7.353611","239.589690721649484536","239.58969072","244.47979381","3.0289836","20.41135810934279","3.0902264","24.918426488790654","3.4908983451536644","0.9135238095238095","8.903817914831132","3.4947870778267256","2.1324404761904763","0.49400921658986174","0.7199706314243759","7.440822320117475",,,
"2026-04-05","actual","EH4000","CONV","162042.0000","713","13","13","391.442778","0.000000","391.442778",,"71.468889","35.108889","284.865000","28.544444","256.320556","47.868056","227.267882187938288920","227.26788219","231.38807854","2.2315736","27.437110947228167","2.4397069","30.109301996725762","2.931981981981982","0.629009433962264","4.8800479123887746","2.989869952087611","2.168229166666667","0.6045390070921985","1.1212277091906722","4.861700680272109",,,
"2026-04-05","actual","EH5000","AHS","231159.0000","796","20","20","458.351944","0.000000","458.351944",,"3.534444","50.804444","404.013056","17.306944","386.706111","33.547500","290.400753768844221106","290.40075377","301.59685930","4.3829359","28.307034575649258","4.5196364","33.056632564404374","3.76710372960373","0.9241954022988507","9.290134340890008","2.993828715365239","1.4751666666666667","0.687144108628997","1.3527742749054223","8.203442485306464",,,
"2026-04-06","actual","CAT793","AHS","420498.0000","1764","39","39","853.678889","0.000000","853.678889",,"56.878611","31.146111","765.654167","85.468333","680.185833","84.651944","238.377551020408163265","238.37755102","242.20850340","2.4925162","22.598830666992928","2.5781182","30.263538805795946","3.5652792052072626","1.056575473962083","6.617642045454545","3.3953977272727274","1.7516592095451158","0.6577926015767132","0.7197916666666667","5.111335227272727",,,
"2026-04-06","actual","CAT793","CONV","94932.0000","396","11","11","208.115833","0.000000","208.115833",,"9.235556","30.791111","168.089167","23.041389","145.047778","8.410833","239.727272727272727273","239.72727273","244.94015152","3.3622085","21.089094496912946","3.3130123","23.969726621181515","3.839908256880734","0.7254196642685852","9.565726495726496","3.211965811965812","0.96875","0.3948863636363636","0.6735042735042734","8.292991452991453",,,
"2026-04-06","actual","EH4000","CONV","161804.0000","713","13","13","295.246944","0.000000","295.246944",,"18.411389","13.353056","263.482500","20.486667","242.995833","44.066111","226.934081346423562412","226.93408135","233.05856742","2.2623441","25.951137435567937","2.4077680","28.620944056200614","2.6666666666666665","0.6268133659331704","5.23062414266118","2.89820193637621","2.2401836158192094","0.5945043103448276","1.0922153635116598","5.047565157750343",,,
"2026-04-06","actual","EH5000","AHS","221277.0000","762","22","22","486.146111","0.000000","486.146111",,"1.313889","62.161667","422.670556","54.648889","368.021667","34.959167","290.389763779527559055","290.38976378","299.16456693","3.5162190","24.230701485156057","3.6655842","29.203561552238106","4.05383877159309","0.9819708491761723","8.70685234305924","3.253603006189213","1.8418851435705368","0.6888500931098697","1.36105216622458","7.531103752759382",,,
"2026-04-07","actual","CAT793","AHS","455369.0000","1913","39","39","935.083889","0.000000","935.083889",,"125.928611","1.817500","807.337778","16.090556","791.247222","137.833611","238.039205436487192891","238.03920544","241.74260324","2.3455300","20.13461910913438","2.4003075","28.069366492173558","3.848480976717774","1.0598157335223246","6.989543692741367","3.273030142781597","1.84557463672391","0.6378003003003003","0.7366719520789289","5.130805144467936",,,
"2026-04-07","actual","CAT793","CONV","102583.0000","427","10","10","227.929444","0.000000","227.929444",,"0.000000","7.795556","220.133889","44.573056","175.560833","6.679444","240.241217798594847775","240.24121780","247.78758782","4.9110506","22.31880438514896","4.9535556","26.942691304658982","4.723529411764706","0.6229024943310658","13.202456140350877","3.267543859649123","0.5924242424242424","0.44339080459770114","0.6971052631578947","11.031315789473686",,,
"2026-04-07","actual","EH4000","CONV","145372.0000","639","12","12","308.433333","0.000000","308.433333",,"10.883611","44.858056","252.691667","16.496111","236.195556","34.858333","227.499217527386541471","227.49921753","233.98904538","2.8922527","27.21046256387872","3.0445840","28.99998931661784","2.671001494768311","0.6431077694235589","6.377516059957173","2.9844778254649498","1.3529365079365079","0.601806784660767","1.088304721030043","6.299141630901287",,,
"2026-04-07","actual","EH5000","AHS","301953.0000","1040","22","22","516.789167","0.000000","516.789167",,"42.303056","4.212500","470.273611","16.206944","454.066667","54.878611","290.339423076923076923","290.33942308","294.39807692","2.9901909","23.09251174137866","3.1749354","27.935128722933072","4.131661750245821","0.9306265984654731","7.769248144562763","2.723652791222975","1.6391787439613525","0.655791962174941","1.3940834141610088","6.819232010325911",,,
"2026-04-07","actual","EH5000","CONV","45090.0000","155","2","2","45.585556","0.000000","45.585556",,"0.000000","0.000000","45.585556","5.351944","40.233611","3.343056","290.903225806451612903","290.90322581","294.98709677","1.6338581","8.276191304347826","1.6553548","12.957767514677103","3.0708333333333333","0.5666666666666667","11.845","3.256666666666667","0.10833333333333334","0.5833333333333334","1.5066666666666668","7.665",,,
"2026-04-08","actual","CAT793","AHS","454880.0000","1910","42","42","1180.880278","0.000000","1180.880278",,"95.764722","285.451667","799.663889","19.038889","780.625000","119.618611","238.157068062827225131","238.15706806","242.95028811","2.3864580","20.607375480494575","2.6313703","26.663366495262736","3.7181159420289855","1.0608307453416148","6.94836080099238","3.1648581560283686","2.6735294117647057","0.6591537610619469","0.7150177304964539","5.92131597591215",,,
"2026-04-08","actual","CAT793","CONV","64777.0000","271","7","7","153.559167","0.000000","153.559167",,"0.195556","2.574167","150.789444","14.946667","135.842778","8.969722","239.029520295202952030","239.02952030","245.53025830","5.3114170","25.438508356377163","5.3354498","29.607960986216018","4.047177419354839","0.6192222222222222","12.52766143106457","2.560296684118674","0.6844827586206896","0.43148148148148147","0.7360383944153578","10.812192982456141",,,
"2026-04-08","actual","EH4000","CONV","115478.0000","507","13","13","337.241389","0.000000","337.241389",,"21.435556","39.855833","275.950000","24.243889","251.706111","47.115556","227.767258382642998028","227.76725838","234.98481262","3.7550394","28.920717758498583","3.9817674","31.351395745365505","3.4361227336122733","0.686223506743738","7.790344827586207","2.9955938697318008","1.5502941176470588","0.558713029576339","1.082911877394636","7.620268199233717",,,
"2026-04-08","actual","EH5000","AHS","268998.0000","926","19","19","449.563333","0.000000","449.563333",,"28.536389","23.359444","397.667500","1.470833","396.196667","52.995278","290.494600431965442765","290.49460043","296.69838013","2.8928218","22.343884531080025","3.0080173","28.149284258182004","3.4746913580246916","0.8526819923371647","7.76809009009009","2.4981782106782107","1.454144385026738","0.6712734082397004","1.3828102453102453","6.411567567567568",,,
"2026-04-08","actual","EH5000","CONV","75015.0000","258","4","4","81.210278","0.000000","81.210278",,"0.000000","12.154722","69.055556","7.948611","61.106944","4.346944","290.755813953488372093","290.75581395","296.26821705","2.0839574","18.22956348236601","2.1043450","22.036857546542553","3.4213615023474175","0.6034552845528456","6.859047619047619","2.2644444444444445","0.9287878787878788","0.5658653846153847","1.2784126984126984","5.729523809523809",,,
"2026-04-09","actual","CAT793","AHS","448769.0000","1883","37","37","899.703611","0.000000","899.703611",,"22.208056","76.559722","800.935833","9.419444","791.516389","148.210556","238.326606479022835900","238.32660648","241.23770579","2.2861403","20.380376707154635","2.4673777","26.622988256270332","4.05304554344789","1.0504845702626882","6.730416221985059","2.928652785193095","1.975019245573518","0.6542909021406728","0.7282256629293469","5.560707933119886",,,
"2026-04-09","actual","CAT793","CONV","119416.0000","502","9","9","188.180278","0.000000","188.180278",,"0.619444","14.553889","173.006944","20.770278","152.236667","10.834167","237.880478087649402390","237.88047809","243.57569721","2.4466875","19.826929486284637","2.4510957","21.72763066827006","3.5007201646090538","0.5259708737864078","7.4041343669250645","2.4201037613488974","1.0488304093567251","0.4681159420289855","0.6955426356589147","6.76860465116279",,,
"2026-04-09","actual","EH4000","CONV","155372.0000","684","15","15","352.230833","0.000000","352.230833",,"42.898611","15.183056","294.149167","23.147222","271.001944","25.914167","227.152046783625730994","227.15204678","234.96281113","3.3541356","29.192512564469915","3.4346778","31.19613912100919","2.963157894736842","0.599859943977591","6.893827160493827","2.787713109935332","1.582389937106918","0.5692539109506619","1.1161955241460542","6.6059670781893",,,
"2026-04-09","actual","EH5000","AHS","283113.0000","974","20","20","497.840278","0.000000","497.840278",,"2.066111","64.754167","431.020000","1.133056","429.886944","46.691389","290.670431211498973306","290.67043121","293.13357290","2.7218115","21.779980654918763","2.8735621","27.135631037439456","4.885641735918744","0.88008658008658","7.498109965635739","2.525189003436426","2.1889033942558744","0.6699213161659513","1.4705670103092783","6.353776175763817",,,
"2026-04-09","actual","EH5000","CONV","50925.0000","175","2","2","47.627778","0.000000","47.627778",,"0.000000","5.321389","42.306389","5.090556","37.215833","1.053889","291.000000000000000000","291.00000000","295.33257143","1.2877600","29.96941818704209","1.2906971","29.260135768261964","1.9395061728395062","0.5358823529411765","2.578148148148148","1.9064814814814814","0.3551282051282051","0.5307539682539683","1.2503703703703704","2.646666666666667",,,
"2026-04-10","actual","CAT793","AHS","344940.0000","1440","38","38","1000.008611","0.000000","1000.008611",,"191.416111","102.955556","705.636944","32.690000","672.946944","92.391389","239.541666666666666667","239.54166667","242.43798611","2.9510059","19.673398971518886","3.1337607","25.75481601388857","4.504568210262828","1.1942173112338859","8.999987966305657","3.036235549132948","2.191360978203084","0.6667570358894913","0.7343810211946049","7.30060125060125",,,
"2026-04-10","actual","CAT793","CONV","117769.0000","493","8","8","201.127778","0.000000","201.127778",,"9.123056","17.103611","174.901111","16.270278","158.630833","9.594167","238.882352941176470588","238.88235294","243.56024341","2.7215923","19.473421210277575","2.7229467","21.762427177309753","2.300560224089636","0.45689354275741706","8.38555979643766","2.389058524173028","0.6887254901960784","0.4425130208333333","0.7126590330788805","7.507287705956908",,,
"2026-04-10","actual","EH4000","CONV","158718.0000","697","14","14","324.077778","0.000000","324.077778",,"0.000000","39.446389","284.631389","20.116944","264.514444","23.358611","227.715925394548063128","227.71592539","234.29139168","3.2812769","32.06102939299413","3.4062153","31.897441600919258","2.236484593837535","0.5974219317356572","6.14068287037037","2.991594202898551","1.0537480063795852","0.5838633686690223","1.1021196283391403","6.407188405797101",,,
"2026-04-10","actual","EH5000","AHS","286344.0000","985","18","18","488.875000","0.000000","488.875000",,"51.904722","55.481667","381.488611","22.630000","358.858611","39.873333","290.704568527918781726","290.70456853","294.11705584","2.2263504","23.740116719307917","2.4998238","29.844362716848227","3.787238095238095","0.9921119592875318","5.626805696846389","2.88118006103764","1.5859390363815142","0.6710830704521557","1.4664965986394558","5.0257205832485585",,,
"2026-04-10","actual","EH5000","CONV","100653.0000","346","4","4","75.544722","0.000000","75.544722",,"0.000000","6.890000","68.654722","5.817222","62.837500","4.022222","290.904624277456647399","290.90462428","292.25491329","1.4471522","25.522856566352626","1.5008428","26.493548340188596","2.200995024875622","0.628628389154705","3.402014652014652","2.152075702075702","1.189102564102564","0.5450617283950617","1.2678266178266178","3.398962148962149",,,
"2026-04-11","actual","CAT793","AHS","379589.0000","1589","38","38","1139.025000","0.000000","1139.025000",,"303.974444","54.209167","780.841389","13.034167","767.807222","95.118333","238.885462555066079295","238.88546256","242.46060415","2.9333687","19.66972556829604","3.1286720","25.551856703939805","4.4749910490512","1.1269367764915406","8.947868712702473","2.9516517476555837","2.876222826086957","0.6550022281639928","0.7049477500533162","7.346641074856047",,,
"2026-04-11","actual","CAT793","CONV","113853.0000","477","11","11","232.647500","0.000000","232.647500",,"4.370556","13.725833","214.551111","29.106389","185.444722","9.203889","238.685534591194968553","238.68553459","243.87693920","4.0912306","25.777928857194443","4.2362568","30.776463333581766","3.138230647709321","0.6133079847908746","9.522636103151862","2.6614613180515763","0.9184895833333333","0.4644927536231884","0.73414517669532","8.25875946969697",,,
"2026-04-11","actual","EH4000","CONV","159626.0000","701","13","13","327.797500","0.000000","327.797500",,"33.242222","12.531389","282.023889","29.516389","252.507500","14.445833","227.711840228245363766","227.71184023","233.45178317","2.9441569","33.14333538953385","3.1292249","32.563926473490625","2.3772401433691757","0.7491666666666668","5.32986230636833","3.137931034482759","1.1846808510638298","0.5997391304347826","1.0061494252873564","5.765689655172413",,,
"2026-04-11","actual","EH5000","AHS","206184.0000","710","15","15","375.687500","0.000000","375.687500",,"50.637500","34.074722","290.975278","13.000000","277.975278","30.260278","290.400000000000000000","290.40000000","300.24971831","2.4167560","24.036851134368195","2.6006431","26.911068617363348","3.6073480293921176","0.9983611626468769","6.032627118644068","2.8885593220338985","1.090190972222222","0.6823080591320935","1.3468926553672316","5.7983050847457624",,,
"2026-04-11","actual","EH5000","CONV","118323.0000","407","6","6","133.339444","0.000000","133.339444",,"0.000000","37.358333","95.981111","9.316389","86.664722","5.007500","290.719901719901719902","290.71990172","295.00786241","1.7830397","24.83002907410001","1.9046244","28.719447844532066","1.8372727272727272","0.5117283950617284","4.308588672237698","2.1864438254410397","0.6633720930232558","0.5308022922636103","1.3595636025998141","3.979096834264432",,,
"2026-04-12","actual","CAT793","AHS","321871.0000","1351","39","39","904.600000","0.000000","904.600000",,"15.358333","25.563056","863.678611","193.067500","670.611111","103.839722","238.246484085862324204","238.24648409","235.96965211","2.5309258","18.350804283675796","2.5970456","21.997998361216784","4.682815964523282","1.1706896551724137","8.275144002003506","3.3095291760581014","2.162574044157243","0.6617475470697427","0.7138073739653875","7.083496118206862",,,
"2026-04-12","actual","CAT793","CONV","87260.0000","368","10","10","212.632222","0.000000","212.632222",,"5.794167","3.364722","203.473333","21.844722","181.628611","13.306944","237.119565217391304348","237.11956522","242.86059783","3.7563978","23.48016810399579","3.9883433","28.7064399939494","4.457721712538227","0.9343304843304844","9.598903508771931","3.0358552631578943","2.30994623655914","0.42793103448275865","0.8134320175438597","8.336129385964913",,,
"2026-04-12","actual","EH4000","CONV","149700.0000","658","14","14","306.144167","0.000000","306.144167",,"6.686944","0.000000","299.457222","42.256667","257.200556","27.949444","227.507598784194528875","227.50759878","233.69680851","2.4381662","27.11708696019234","2.7197713","29.69773026202713","3.8106689734717416","0.7661057692307692","5.394752475247525","3.224752475247525","2.5501602564102566","0.5744883040935672","1.1616171617161717","5.494907407407408",,,
"2026-04-12","actual","EH5000","AHS","239892.0000","825","16","16","436.295556","0.000000","436.295556",,"81.414722","23.814167","331.066667","63.817778","267.248889","27.027500","290.778181818181818182","290.77818182","303.88012121","1.6183153","20.227569145187545","1.7243745","26.05717538784819","3.3718847352024923","0.8539281705948373","4.800325600325601","2.9051611587107304","1.44777183600713","0.6668941273779984","1.4114570614570614","3.970594220594221",,,
"2026-04-12","actual","EH5000","CONV","86949.0000","299","7","7","139.977222","0.000000","139.977222",,"0.210278","16.968889","122.798056","20.853889","101.944167","7.480556","290.799331103678929766","290.79933110","289.94849498","2.2071903","22.715378342878527","2.3528419","26.977563916891114","5.434162520729685","0.5890495867768595","5.8300335570469795","2.562863534675615","0.85625","0.5859410430839003","1.2682326621923936","5.232885906040268",,,
"2026-04-13","actual","CAT793","AHS","267061.0000","1123","37","37","892.682500","0.000000","892.682500",,"85.320556","42.963333","764.398611","172.446111","591.952500","113.087778","237.810329474621549421","237.81032947","244.02965272","2.6851737","19.27502795466251","2.7641709","22.626329977160236","4.290024509803922","0.9905788177339901","8.358505231689088","3.0631775980832585","3.259515859766277","0.6943417639429312","0.6916142557651991","7.329967085577498",,,
"2026-04-13","actual","CAT793","CONV","112581.0000","471","13","13","291.455000","0.000000","291.455000",,"17.900833","2.039167","271.515000","77.445000","194.070000","17.441111","239.025477707006369427","239.02547771","247.34288747","4.0628174","23.048387927479098","4.1327607","27.27540829397979","3.5785996055226823","0.65822695035461","10.576403207331044","2.8847651775486827","2.4317777777777776","0.47785714285714287","0.7288087056128293","9.091179839633448",,,
"2026-04-13","actual","EH4000","CONV","151810.0000","667","14","14","334.725000","0.000000","334.725000",,"5.014722","5.508333","324.201944","57.225833","266.976111","49.372222","227.601199400299850075","227.60119940","232.32008996","2.5181985","28.254597685962914","2.6795725","31.467528999722976","2.8343715846994537","0.6749502982107356","5.347515886770653","3.0954413472706155","2.4225","0.5944543297746144","1.113304347826087","5.109214326978625",,,
"2026-04-13","actual","EH5000","AHS","194967.0000","671","17","17","473.072778","0.000000","473.072778",,"76.295000","34.584167","362.193611","88.822778","273.370833","40.855000","290.561847988077496274","290.56184799","299.89940387","2.2663905","20.112635528116677","2.2602147","25.341603787547765","3.744024478041757","0.9878388278388279","6.761094527363184","3.198532338308458","0.9552631578947369","0.6690439672801636","1.4038863976083706","5.351393034825871",,,
"2026-04-13","actual","EH5000","CONV","36261.0000","125","5","5","87.770556","0.000000","87.770556",,"0.000000","3.425278","84.345278","41.713611","42.631667","3.135278","290.088000000000000000","290.08800000","293.48480000","3.6885447","24.935872554373756","3.8838211","29.30682130300323","4.261764705882353","0.6123188405797102","8.875273224043717","2.6744535519125683","2.9427777777777777","0.5751388888888889","1.280191256830601","7.951366120218579",,,
"2026-04-14","actual","CAT793","AHS","335502.0000","1416","35","35","822.993889","0.000000","822.993889",,"37.529444","58.104722","727.359722","22.591944","704.767778","139.850556","236.936440677966101695","236.93644068","243.06207627","2.9814395","21.53314925610303","3.1925048","25.720205860683656","3.8536928487690503","0.9873071763916834","8.30748757984386","3.186782835467046","1.4294850948509485","0.6630216189039718","0.681733048838312","7.44746325272641",,,
"2026-04-14","actual","CAT793","CONV","134030.0000","560","13","13","274.524722","0.000000","274.524722",,"0.000000","16.219444","258.305278","51.635278","206.670000","20.643056","239.339285714285714286","239.33928571","246.16267857","2.4916750","18.28400304173871","2.5123882","20.149983094293813","3.7011467889908256","0.5924691358024692","8.176573787409701","3.228209109730849","0.8950617283950617","0.44339622641509435","0.8031573498964804","7.481062951496388",,,
"2026-04-14","actual","EH4000","CONV","135666.0000","597","14","14","317.885556","0.000000","317.885556",,"0.000000","11.006111","306.879444","50.141111","256.738333","33.665278","227.246231155778894472","227.24623116","232.83785595","3.2536510","31.506421987291237","3.2426588","30.003269351721666","3.6442234848484847","0.7841124661246612","6.196167247386759","3.1288908246225318","2.364687100893997","0.5954891622729935","1.1730836236933797","6.484610917537747",,,
"2026-04-14","actual","EH5000","AHS","199701.0000","688","20","20","451.559167","0.003333","451.555833",,"24.526944","37.036111","389.992778","16.608333","373.384444","80.940556","290.263081395348837209","290.26308140","291.04244186","3.5776972","24.494545742806682","3.7999955","29.925549896672834","3.9281573498964804","1.0161151960784314","8.76365841824357","2.860698689956332","1.3857766143106458","0.6825136612021858","1.3406219630709428","7.61889859291606",,,
"2026-04-14","actual","EH5000","CONV","9219.0000","32","2","2","31.828611","0.000000","31.828611",,"0.000000","3.770833","28.057778","10.874167","17.183611","1.449722","288.093750000000000000","288.09375000","275.44375000","7.8304375","34.35134805788272","8.2380938","38.97127159001314","7.8993827160493835","0.646031746031746","13.677083333333334","3.484375","0.663888888888889","0.5494623655913978","1.2588541666666666","12.683333333333334",,,
"2026-04-15","actual","CAT793","AHS","316995.0000","1335","34","34","851.487222","0.000000","851.487222",,"20.930833","126.050556","704.505833","48.085833","656.420000","89.977222","237.449438202247191011","237.44943820","241.38689139","3.2354900","20.151306108802597","3.2961230","24.665005381779228","3.2181818181818183","1.0221649484536082","9.633588957055215","3.3978527607361966","1.7751996007984032","0.6749596122778675","0.6445638270657457","8.018136503067485",,,
"2026-04-15","actual","CAT793","CONV","112397.0000","467","12","12","323.319167","0.000000","323.319167",,"0.538333","112.513611","210.267222","36.788611","173.478611","16.713611","240.678800856531049251","240.67880086","247.51434690","3.1016532","17.719306670962858","3.3976311","20.22104156592231","3.675","0.7096273291925466","10.502622673434855","3.3006802721088433","1.6004273504273503","0.46113989637305697","0.7637901861252115","10.081472081218273",,,
"2026-04-15","actual","EH4000","CONV","127730.0000","563","14","14","322.205278","0.000000","322.205278",,"0.000000","5.516944","316.688333","31.472500","285.215833","53.635000","226.873889875666074600","226.87388988","232.08667851","3.6573523","28.856159747276504","3.6132250","29.040920951650037","3.185185185185185","0.659896983075791","7.604654947916667","3.219178082191781","2.2355994152046788","0.5782808398950131","1.1629557291666666","7.465104166666666",,,
"2026-04-15","actual","EH5000","AHS","259284.0000","893","20","20","497.536667","0.000000","497.536667",,"0.000000","107.098333","390.438333","24.582222","365.856111","48.862500","290.351623740201567749","290.35162374","302.34215247","2.4243227","21.85626066388981","2.5834192","25.13689491505479","4.061964549483013","0.9271041369472183","6.655272108843537","2.9135676492819353","1.5319284802043422","0.6911560693641619","1.363416477702192","6.166439909297052",,,
"2026-04-15","actual","EH5000","CONV","13293.0000","46","1","1","22.859444","0.000000","22.859444",,"0.000000","0.000000","22.859444","1.961111","20.898333","1.107500","288.978260869565217391","288.97826087","278.42608696","3.8281739","26.47034860136197","3.8155870","27.97579063136456","2.4033333333333333","0.5414634146341463","8.677272727272728","3.254545454545455","1.0866666666666667","0.5068181818181818","1.4431818181818181","8.183333333333334",,,
"2026-04-16","actual","CAT793","AHS","352793.0000","1487","39","39","961.447222","0.000000","961.447222",,"130.027778","71.378889","760.040556","3.231944","756.808611","128.236111","237.251513113651647613","237.25151311","243.54431742","3.4866208","22.078878497369892","3.6987028","27.71864048196611","3.5490588637919234","1.0410990009082652","9.474994303941672","3.1769607843137257","1.706828885400314","0.6672413793103449","0.7043205654354766","8.006242879927091",,,
"2026-04-16","actual","CAT793","CONV","94155.0000","393","8","8","181.774444","0.000000","181.774444",,"0.000000","1.160556","180.613889","23.630833","156.983056","21.894722","239.580152671755725191","239.58015267","250.01424936","2.5380261","14.316897021599091","2.6754042","16.898452288427137","3.2155555555555555","0.7","10.63649237472767","2.9363834422657953","2.0805555555555553","0.46228070175438596","0.8233115468409586","9.499346405228758",,,
"2026-04-16","actual","EH4000","CONV","112524.0000","497","14","14","352.295278","0.000000","352.295278",,"28.185833","43.352500","280.756944","26.552778","254.204167","44.063333","226.406438631790744467","226.40643863","231.69255533","4.0206354","28.628574268129835","4.0664695","28.71831871886687","3.3687407407407406","0.8068486590038314","8.42648054145516","3.4659915611814345","2.1088300220750553","0.5538789428815004","1.2151476793248945","8.49590717299578",,,
"2026-04-16","actual","EH5000","AHS","259908.0000","895","19","19","401.025556","0.000000","401.025556",,"24.635833","29.528056","346.861667","4.471667","342.390000","25.123889","290.400000000000000000","290.40000000","298.99832402","2.6593475","22.924225962885057","2.8913073","26.721043112722892","3.1812569213732003","0.9457941483803552","6.960359327217125","2.932453119020283","1.5808823529411766","0.6504339250493096","1.3770378874856486","6.4922030651341",,,
"2026-04-16","actual","EH5000","CONV","69807.0000","240","4","4","82.893889","0.000000","82.893889",,"0.000000","18.108333","64.785556","7.590556","57.195000","2.390833","290.862500000000000000","290.86250000","298.30791667","1.8685139","20.39489317383992","2.0071682","24.962972836360695","2.5823293172690764","0.7783333333333334","5.497005208333333","2.6555989583333335","2.603623188405797","0.6130666666666666","1.1815104166666666","4.824348958333333",,,
"2026-04-17","actual","CAT793","AHS","342311.0000","1445","37","37","878.064167","0.000000","878.064167",,"63.980833","92.751389","721.331944","5.678333","715.653611","131.760833","236.893425605536332180","236.89342561","240.64636678","3.2563004","21.38503186847047","3.4472777","29.78767116260985","3.5560245310245313","1.069106463878327","9.136204481792719","3.125689574567555","1.1418597742127155","0.649300441826215","0.7065171688857743","6.943700327255727",,,
"2026-04-17","actual","CAT793","CONV","112594.0000","472","9","9","204.721667","0.000000","204.721667",,"0.000000","22.484167","182.237500","21.149167","161.088333","10.900278","238.546610169491525424","238.54661017","246.95783898","2.4662160","18.85525364113871","2.5334209","22.287619905048828","2.7458057395143487","0.6412628487518356","7.847837150127227","2.7232824427480917","1.665530303030303","0.4135897435897436","0.760559796437659","6.820165394402036",,,
"2026-04-17","actual","EH4000","CONV","123256.0000","545","13","13","340.528611","0.000000","340.528611",,"40.971389","30.164444","269.392778","14.989444","254.403333","59.090000","226.157798165137614679","226.15779817","232.28183486","3.0748545","29.74602474247555","3.0704019","30.915979366233326","2.8601754385964915","0.7470965309200603","6.202215980024969","3.7788847117794484","1.2605882352941178","0.5425330812854443","1.1073170731707316","5.958863920099875",,,
"2026-04-17","actual","EH5000","AHS","220275.0000","759","21","21","458.554167","0.000000","458.554167",,"0.273056","53.520833","404.760278","5.433056","399.327222","54.246944","290.217391304347826087","290.21739130","287.09169960","3.9588870","23.387119460148444","4.2210387","28.754126741306774","3.819047619047619","0.9066258026853473","10.156583003082343","2.6602377807133424","1.85","0.6701671183378501","1.3987162461266047","8.807859973579921",,,
"2026-04-17","actual","EH5000","CONV","83517.0000","288","3","3","69.651944","0.000000","69.651944",,"0.000000","0.686667","68.965278","9.348333","59.616944","3.508333","289.989583333333333333","289.98958333","298.47951389","1.4033047","26.39755832059206","1.5962741","34.09138287020152","1.8329501915708812","0.6385057471264368","3.1896238651102466","1.7483723958333333","1.0403030303030303","0.4876984126984127","1.006549935149157","2.8094033722438394",,,
"2026-04-18","actual","CAT793","AHS","344217.0000","1449","38","38","813.207500","0.000000","813.207500",,"45.385556","30.487778","737.334167","10.124722","727.209444","110.641389","237.554865424430641822","237.55486542","242.72719117","3.4868794","21.51246925869579","3.6161351","27.574177727165377","3.8321020699500354","1.1059156378600823","9.725185960018596","3.035076708507671","1.6639462163852408","0.6536878881987577","0.8201999070199907","7.868524970963995",,,
"2026-04-18","actual","CAT793","CONV","72910.0000","304","8","8","215.794444","0.000000","215.794444",,"0.000000","38.474722","177.319722","31.808056","145.511667","8.946944","239.835526315789473684","239.83552632","247.69210526","4.5767198","23.09799092115161","4.6277115","24.14031515815515","4.192156862745098","1.0450892857142857","11.888617886178862","3.6920731707317076","2.5588888888888888","0.39087837837837835","0.7994918699186991","11.502032520325203",,,
"2026-04-18","actual","EH4000","CONV","159636.0000","704","13","13","309.837778","0.000000","309.837778",,"0.000000","26.307222","283.530556","27.116111","256.414444","26.830000","226.755681818181818182","226.75568182","232.57997159","2.8072145","30.311298412573674","2.9224294","33.079261101154245","3.128598061148397","0.8306442577030813","5.556768558951965","3.2451237263464336","1.1814516129032258","0.5192878338278931","1.1204027171276079","5.300776322173702",,,
"2026-04-18","actual","EH5000","AHS","256314.0000","883","22","22","447.649444","0.000000","447.649444",,"0.638889","19.007222","428.003333","4.457500","423.545833","46.052778","290.276330690826727067","290.27633069","293.14580499","3.4372350","22.189726125206143","3.5432986","26.60770637692127","3.8988749345892204","0.8207461084272679","9.294125526215078","2.7614427860696518","1.7749436936936938","0.666329766151407","1.5640642939150402","7.990088021431305",,,
"2026-04-18","actual","EH5000","CONV","27642.0000","95","2","2","47.830556","18.276944","29.553611",,"0.000000","3.594722","25.958889","3.093889","22.865000","1.831389","290.968421052631578947","290.96842105","288.17872340","1.4611170","29.23616324503311","1.4882766","29.804284615930882","2.1226666666666665","0.6829411764705883","2.998581560283688","2.2804964539007093","0.3861111111111111","0.4558510638297872","0.9960992907801419","2.996099290780142",,,
"2026-04-19","actual","CAT793","AHS","386995.0000","1633","38","38","921.871667","0.000000","921.871667",,"144.043889","65.005556","712.822222","4.638611","708.183611","82.287778","236.984078383343539498","236.98407838","234.43251684","3.4521055","21.817833694979935","3.7246458","30.095319053904863","3.368486312399356","1.2007265329845975","9.493441599000624","2.5566520924422234","1.6287313432835822","0.6514459075651949","0.7892291666666666","7.425697916666667",,,
"2026-04-19","actual","CAT793","CONV","89351.0000","377","10","10","223.592778","0.000000","223.592778",,"8.413889","52.042500","163.136389","22.530833","140.605556","10.111389","237.005305039787798408","237.00530504","245.40000000","2.7521034","20.085030772898136","3.0261910","23.484917968216827","4.025454545454545","0.9832207207207208","8.221356783919598","4.393048576214405","1.2933333333333332","0.5473053892215568","0.8539363484087102","7.731407035175879",,,
"2026-04-19","actual","EH4000","CONV","132262.0000","582","13","13","343.825278","0.000000","343.825278",,"40.501111","22.076389","281.247778","25.756667","255.491111","11.743333","227.254295532646048110","227.25429553","228.00463918","4.6627595","29.85440335493172","4.7012909","33.97123095136184","2.8947284345047923","0.7323000898472596","9.37099853157122","2.7431935246504784","0.8476923076923076","0.4748671222475323","1.1857300884955753","8.303421633554084",,,
"2026-04-19","actual","EH5000","AHS","193563.0000","667","16","16","366.056944","0.147778","365.909167",,"39.859444","2.107778","323.941944","6.880000","317.061944","47.404444","290.199400299850074963","290.19940030","295.87582583","3.0939745","23.841821154331168","3.2347192","27.050391238306442","4.210965954077593","0.9096525096525097","7.7862537764350455","3.1767371601208456","2.4680253623188406","0.6793798449612403","1.535959595959596","7.174874118831823",,,
"2026-04-19","actual","EH5000","CONV","115419.0000","397","6","6","894.741389","758.428333","136.313056",,"0.507500","25.289444","110.516111","11.460556","99.055556","8.410556","290.727959697732997481","290.72795970","294.74508816","1.7341443","26.490167186107335","2.1025241","34.56953691768194","2.4210858585858586","0.7034653465346534","3.9278218694885365","2.0475813544415127","0.7693333333333333","0.4967828418230563","1.2955145118733509","3.649208443271768",,,
"2026-04-20","actual","CAT793","AHS","340640.0000","1442","36","36","734.250833","0.000000","734.250833",,"0.973333","28.808611","704.468889","21.450278","683.018611","87.836667","236.227461858529819695","236.22746186","233.01907074","3.3154182","20.853362385307697","3.5116055","28.035105498206857","3.882175925925926","1.1195079365079366","9.539233449477353","2.7454006968641114","1.2323680823680825","0.6515128400711924","0.7386564388656438","7.51544630404463",,,
"2026-04-20","actual","CAT793","CONV","68128.0000","286","13","13","395.761389","0.000000","395.761389",,"143.031389","37.340556","215.389444","72.596389","142.793056","21.140000","238.209790209790209790","238.20979021","239.35384615","4.6557634","25.27312319941315","4.6755649","29.423619991653354","4.833448275862069","1.2507726269315673","11.053078078078078","3.1275525525525523","0.6379227053140096","0.555392156862745","0.7980480480480481","9.53430930930931",,,
"2026-04-20","actual","EH4000","CONV","155650.0000","684","14","14","318.513889","0.000000","318.513889",,"27.136389","2.153333","289.224167","23.265278","265.958889","36.548056","227.558479532163742690","227.55847953","232.62266082","2.7005965","27.49943559756085","2.7933163","29.446540009797197","2.8188253012048192","0.7721354166666666","5.892331478045763","3.2883116883116883","1.3286868686868687","0.5653198653198653","1.1922387136672852","5.691635687732342",,,
"2026-04-20","actual","EH5000","AHS","226068.0000","779","16","16","448.470833","4.181111","444.289722",,"56.988056","56.479444","330.822222","10.907778","319.914444","35.419444","290.202824133504492940","290.20282413","303.72908623","2.7357574","23.326130042803523","2.8627169","26.804425621270877","3.407152103559871","0.9212682379349046","7.036977145321259","3.1009918068132816","2.048048048048048","0.6812084993359894","1.4371065114273394","6.408009499136442",,,
"2026-04-20","actual","EH5000","CONV","135822.0000","467","5","5","118.008056","0.000000","118.008056",,"0.137222","0.000000","117.870833","9.370278","108.500556","6.648056","290.839400428265524625","290.83940043","299.45331906","1.6239593","28.139331944321505","1.6575139","34.256278934170936","2.55343137254902","0.6488277268093782","3.462681992337165","2.0661302681992337","0.5384615384615384","0.5272800645682002","1.142242703533026","2.9031417624521074",,,
"2026-04-21","actual","CAT793","AHS","427893.0000","1809","43","43","1102.750000","0.000000","1102.750000",,"145.440000","104.405278","852.904722","4.238611","848.666111","127.193889","236.535655058043117745","236.53565506","235.31055832","3.3186868","20.830540693044785","3.5087168","27.106096244473868","3.8880441845354126","1.0287166804067052","9.559099350046425","2.854447539461467","1.6788509162951957","0.6348748748748748","0.742809364548495","7.766629547141796",,,
"2026-04-21","actual","CAT793","CONV","69186.0000","288","7","7","149.522500","0.000000","149.522500",,"0.633611","8.178889","140.710000","18.362778","122.347222","10.577222","240.229166666666666667","240.22916667","245.06319444","3.8210399","22.602396590653257","3.8095745","25.251452069091798","3.592694063926941","0.4092753623188406","10.143278084714549","3.394843462246777","0.5083333333333333","0.36942800788954633","0.8163904235727439","9.051933701657457",,,
"2026-04-21","actual","EH4000","CONV","113918.0000","501","14","14","348.839167","0.000000","348.839167",,"38.175556","12.476667","298.186944","35.333611","262.853333","56.479444","227.381237524950099800","227.38123752","232.32435130","3.9256966","29.14640273882198","4.0037715","32.9677248176298","3.0411290322580644","0.625771144278607","8.081333333333333","3.1636532738095235","2.766326530612245","0.5612745098039216","1.199107142857143","7.286711210096511",,,
"2026-04-21","actual","EH5000","AHS","208974.0000","720","16","16","346.454167","0.000000","346.454167",,"7.674444","33.937778","304.841944","5.761944","299.080000","34.921111","290.241666666666666667","290.24166667","298.22200557","2.5777884","24.51417540095098","2.8957006","28.690830001385745","4.204752729608221","0.9293385723641127","6.309300699300699","3.158065268065268","2.430232558139535","0.6852601156069364","1.3573193473193472","6.055664335664336",,,
"2026-04-21","actual","EH5000","CONV","97134.0000","334","5","5","116.777500","0.000000","116.777500",,"0.000000","0.677500","116.100000","14.501389","101.598611","9.633889","290.820359281437125749","290.82035928","293.83622754","2.0436317","27.437012072302114","2.0735210","31.482958328161608","3.2688888888888887","0.8740875912408759","4.469069069069069","2.5103103103103104","1.2553763440860215","0.492992992992993","1.2287287287287287","3.9517017017017015",,,
"2026-04-22","actual","CAT793","AHS","459674.0000","1946","40","40","907.425833","0.000000","907.425833",,"1.849444","27.918056","877.658333","2.298611","875.359722","139.513056","236.214799588900308325","236.21479959","239.59018499","2.9245188","21.518596478548766","3.0240445","28.33309697465849","3.6856582388840455","1.147391196834817","8.154394649991314","3.0791297550807712","2.1711423699914745","0.6365652346857598","0.7181786583246438","6.403912363067293",,,
"2026-04-22","actual","CAT793","CONV","76494.0000","318","7","7","159.986111","0.000000","159.986111",,"0.000000","3.124167","156.861944","23.567778","133.294167","11.271389","240.547169811320754717","240.54716981","248.15471698","3.5853987","19.988583070714892","3.6264557","23.23135648487026","2.714232209737828","0.500328947368421","10.762339743589743","3.2045673076923076","0.6666666666666666","0.39534686971235194","0.7780448717948718","9.366105769230769",,,
"2026-04-22","actual","EH4000","CONV","124260.0000","547","13","13","323.023333","0.000000","323.023333",,"0.000000","15.717500","307.305833","20.921389","286.384444","74.006944","227.166361974405850091","227.16636197","232.47312614","3.6286501","28.28925457964357","3.6489317","31.256608208232116","2.769784580498866","0.593543956043956","7.696173308032891","2.9352698412698413","2.4375","0.5264211886304909","1.2869702719797596","7.004467680608365",,,
"2026-04-22","actual","EH5000","AHS","193563.0000","667","15","15","404.955278","0.000000","404.955278",,"68.937778","31.499722","304.517778","11.849167","292.668611","46.869722","290.199400299850074963","290.19940030","300.26626687","2.7766807","24.269953687756328","2.9149096","31.68279304624186","4.462737127371273","0.9181787634408602","6.86448948948949","3.028053053053053","1.2708333333333333","0.6895419426048565","1.4269172932330827","5.520175438596492",,,
"2026-04-22","actual","EH5000","CONV","84909.0000","292","5","5","123.823889","0.000000","123.823889",,"0.000000","23.112778","100.711111","12.006389","88.704722","5.605556","290.784246575342465753","290.78424658","291.79726027","2.2735822","26.165627199542996","2.3766610","30.650360247193223","2.194350282485876","0.6676991150442478","5.213516609392898","2.48816091954023","0.6009523809523809","0.5106481481481482","1.2870689655172414","4.6524627720504",,,
"2026-04-23","actual","CAT793","AHS","474815.0000","2009","41","41","942.910000","0.000000","942.910000",,"2.767500","77.900278","862.242222","0.689722","861.552500","126.727222","236.343952215032354405","236.34395222","240.06276755","2.6999626","22.06275468854591","2.8232158","28.476557319260664","3.3805932428837457","1.094298835125448","7.3425897303795296","3.232122617207625","2.3365810135617417","0.679797084318361","0.7097816744026131","5.948505154639175",,,
"2026-04-23","actual","CAT793","CONV","59132.0000","248","7","7","143.137500","0.000000","143.137500",,"0.000000","5.786389","137.351111","20.252778","117.098333","12.179444","238.435483870967741935","238.43548387","244.08750000","4.4198862","24.481295699137167","4.4968148","27.44004177169108","3.323983739837398","0.855249343832021","10.83248106060606","3.270170454545455","3.9823529411764707","0.4513888888888889","0.8764204545454546","9.832670454545454",,,
"2026-04-23","actual","EH4000","CONV","140652.0000","619","14","14","331.616667","0.000000","331.616667",,"0.000000","7.861111","323.755556","28.105833","295.649722","47.363056","227.224555735056542811","227.22455574","233.65525040","3.3913538","28.494515436153456","3.4431794","31.039046551683644","2.6875370919881307","0.6361851851851852","7.141066443327749","3.080625348967058","5.0741525423728815","0.5852179034157833","1.255639307649358","6.655834729201563",,,
"2026-04-23","actual","EH5000","AHS","215661.0000","743","15","15","348.016944","0.000000","348.016944",,"0.000000","39.328889","308.688056","3.981389","304.706667","39.106667","290.257065948855989233","290.25706595","297.44845222","2.5914051","22.948492438818448","2.7597520","30.038976122378937","3.688069216757741","1.0161101347393087","6.775360360360361","3.0015090090090086","1.2332674571805007","0.6974450811843361","1.4017342342342343","5.512342342342342",,,
"2026-04-23","actual","EH5000","CONV","47799.0000","165","4","4","130.018333","0.000000","130.018333",,"23.415000","20.959444","85.643889","9.848056","75.795833","5.380833","289.690909090909090909","289.69090909","290.03030303","3.8579202","26.47486670924345","3.8443312","30.417538032002017","2.8856666666666664","0.5137115839243499","8.743205944798301","3.727494692144374","0.4878787878787879","0.4814148681055156","1.3745222929936307","7.58312101910828",,,
"2026-04-24","actual","CAT793","AHS","462744.0000","1956","43","43","1034.334722","0.000000","1034.334722",,"23.463611","103.132222","907.738889","12.911111","894.827778","126.526944","236.576687116564417178","236.57668712","239.37305726","2.7687600","20.706618126533893","2.8980392","27.21764311513592","4.126655852933225","0.9995720399429386","8.022826276354765","2.916282722513089","2.3003360215053763","0.6957815442561206","0.7327137870855148","6.388589609483961",,,
"2026-04-24","actual","CAT793","CONV","68707.0000","289","7","7","142.179444","0.000000","142.179444",,"0.000000","3.516667","138.662778","23.229444","115.433333","4.006944","237.740484429065743945","237.74048443","243.86124567","4.1324444","21.23390403162055","4.1489196","21.808564361115792","3.0194779116465864","0.5675245098039217","11.676923076923078","2.945695970695971","1.2752525252525253","0.5138702460850112","0.8582417582417583","11.41456043956044",,,
"2026-04-24","actual","EH4000","CONV","138296.0000","608","14","14","336.649167","0.000000","336.649167",,"25.163056","17.676944","293.809167","27.177778","266.631389","42.151667","227.460526315789473684","227.46052632","233.90608553","3.1780263","27.233841971903946","3.2954406","29.40075668198978","2.8078703703703707","0.5594623655913978","7.001640759930916","2.8992803684513526","2.9985645933014355","0.5882226980728051","1.1424294761082328","6.725215889464594",,,
"2026-04-24","actual","EH5000","AHS","200838.0000","691","14","14","307.554722","0.000000","307.554722",,"0.000000","23.708333","283.846389","5.752500","278.093889","45.063611","290.648335745296671491","290.64833575","291.76743849","1.9737897","21.080629609493585","2.1803216","26.588291411271637","3.9434","1.005692729766804","5.617829457364341","2.9991763565891474","2.032485875706215","0.692948717948718","1.4260553129548763","4.9201843765162545",,,
"2026-04-24","actual","EH5000","CONV","54375.0000","188","7","7","132.115833","0.000000","132.115833",,"0.421389","23.578333","108.116111","13.729444","94.386667","7.122500","289.228723404255319149","289.22872340","297.14787234","3.9081330","25.53436216644301","3.9293172","28.71945352021721","3.916509433962264","0.6387005649717514","9.183232323232323","3.3757575757575755","0.5933333333333334","0.5363636363636364","1.3325252525252524","8.209036144578313",,,
"2026-04-25","actual","CAT793","AHS","353964.0000","1494","46","46","1114.686944","0.000000","1114.686944",,"145.532500","28.302500","940.851944","153.813056","787.038889","133.212222","236.923694779116465863","236.92369478","229.32309237","3.1017079","20.87507435964437","3.2386907","24.847648216380293","4.543761535622001","1.1078632478632477","8.915056818181819","2.6993607954545453","2.8101993214588634","0.713303739574926","0.6812455516014234","7.8205164652925845",,,
"2026-04-25","actual","CAT793","CONV","42097.0000","175","5","5","101.246389","0.000000","101.246389",,"0.000000","1.902222","99.344167","30.417222","68.926944","6.060000","240.554285714285714286","240.55428571","246.19314286","3.5051512","16.876948771292298","3.6035353","20.21654347285317","4.183333333333334","0.6715189873417722","12.461320754716981","3.8095911949685535","2.8994791666666666","0.5452127659574467","0.8996855345911949","10.694811320754717",,,
"2026-04-25","actual","EH4000","CONV","120100.0000","527","14","14","346.593889","0.000000","346.593889",,"46.306944","5.835278","294.451667","56.861111","237.590556","35.819167","227.893738140417457306","227.89373814","235.26280835","3.5485913","29.233116514112044","3.6876692","32.40716071858559","2.316558089033659","0.621343537414966","7.28336569579288","2.98242542153048","3.0072463768115942","0.6024434719183078","1.1223735408560311","6.827508090614886",,,
"2026-04-25","actual","EH5000","AHS","154656.0000","532","13","13","328.983333","0.000000","328.983333",,"3.882222","51.265000","273.836111","57.851667","215.984444","28.251667","290.706766917293233083","290.70676692","302.06484962","2.1977221","19.746649680137367","2.2820586","24.097560418810065","3.437278582930757","0.9759701492537314","6.677756892230576","2.675908521303258","1.342351598173516","0.6614709851551958","1.4814500941619584","5.6820488721804505",,,
"2026-04-25","actual","EH5000","CONV","80067.0000","277","8","8","220.859444","0.000000","220.859444",,"0.000000","60.152778","160.706667","33.705278","127.001389","14.876111","289.050541516245487365","289.05054152","297.28876812","3.8246920","25.86745562781893","3.8525455","30.872796886981696","3.813858695652174","0.6983579638752052","8.871437659033079","3.1576335877862594","1.3914285714285712","0.5161659513590844","1.3252234993614305","7.487262357414449",,,
"2026-04-26","actual","CAT793","AHS","509060.0000","2150","47","47","1116.850556","0.000000","1116.850556",,"79.358889","66.564444","970.927222","4.890000","966.037222","143.939167","236.772093023255813953","236.77209302","230.39176744","2.7443302","22.314501032046326","2.8050506","28.264572820883128","3.8462373371924747","1.0653709856035438","7.3790496934495","2.847595998709261","3.822995580808081","0.6986945169712794","0.6821151984511132","5.954557921910293",,,
"2026-04-26","actual","CAT793","CONV","33391.0000","139","2","2","206.261944","0.000000","206.261944",,"151.514444","14.852222","39.895278","8.555556","31.339722","3.246111","240.223021582733812950","240.22302158","245.15899281","0.9813813","5.849830580443381","1.0136812","7.539777520661156","2.6544444444444446","0.9694444444444444","10.065740740740742","1.223148148148148","0.8933333333333333","0.7166666666666667","0.6416666666666667","8.066666666666666",,,
"2026-04-26","actual","EH4000","CONV","140648.0000","617","14","14","324.053889","0.000000","324.053889",,"32.348056","6.122222","285.583611","26.458056","259.125556","22.464722","227.954619124797406807","227.95461912","236.42447326","3.8718995","31.040640730134424","3.9077157","32.6490081424471","2.222798742138365","0.5453229398663697","7.484187327823691","3.0446005509641876","1.9735827664399095","0.6098676293622142","1.0862582781456953","7.181318984547461",,,
"2026-04-26","actual","EH5000","AHS","200601.0000","690","14","14","335.855833","0.000000","335.855833",,"0.292222","80.364444","255.199167","0.043333","255.155833","33.046944","290.726086956521739130","290.72608696","300.74536232","2.0986717","20.362159237232447","2.1363353","27.103022208969268","3.581979368149581","0.892648108493933","6.184034833091436","2.4959361393323656","1.187672955974843","0.6851616322204558","1.4215771649733915","4.729366231253024",,,
"2026-04-26","actual","EH5000","CONV","84696.0000","292","7","7","157.711667","0.000000","157.711667",,"0.000000","16.873056","140.838611","13.888611","126.950000","6.692222","290.054794520547945205","290.05479452","299.10445205","4.1577500","27.20850307820932","4.1391916","31.450721505584383","2.2972431077694235","0.5472818311874106","9.168641114982579","3.2123112659698023","0.5886904761904762","0.4997797356828194","1.3833333333333333","7.896527777777778",,,
"2026-04-27","actual","CAT793","AHS","552229.0000","2337","47","47","1141.836389","0.000000","1141.836389",,"108.530000","34.193333","999.113056","10.128333","988.984722","156.690278","236.298245614035087719","236.29824561","233.62996575","2.5094368","22.213116816505334","2.6450855","28.36835744470592","4.046949891067538","1.0885550786838338","6.778256704980843","2.9163940465664604","2.0777037741833175","0.6819348394037191","0.7169690265486726","5.594441987321244",,,
"2026-04-27","actual","CAT793","CONV","23662.0000","100","3","3","104.914444","0.000000","104.914444",,"52.826389","6.435556","45.652500","9.944722","35.707778","4.144167","236.620000000000000000","236.62000000","250.66200000","2.4685100","16.75914863383185","2.6221800","21.14573161075224","2.8757575757575755","0.757638888888889","8.837596899224808","4.601162790697674","1.3027777777777778","0.5978632478632478","0.7693798449612402","7.4403100775193804",,,
"2026-04-27","actual","EH4000","CONV","107318.0000","471","14","14","343.647500","0.000000","343.647500",,"34.007222","12.668333","296.971944","23.480000","273.491944","45.693056","227.851380042462845011","227.85138004","233.91762208","5.1471983","28.154142155770376","5.1907859","32.55421572490941","4.168339768339768","0.5606981981981982","10.969323671497586","3.0060386473429954","1.8329977628635348","0.551707097933513","1.201892109500805","9.567029862792575",,,
"2026-04-27","actual","EH5000","AHS","185415.0000","638","14","14","307.754444","0.000000","307.754444",,"0.000000","1.270556","306.483889","13.992222","292.491667","41.282778","290.619122257053291536","290.61912226","302.09968652","2.9677202","21.67477518946705","2.9578601","28.67927826325203","3.8255291005291006","0.9016744548286604","8.215227629513343","2.522605965463108","2.050074404761905","0.6802417088251826","1.493877551020408","6.188147566718995",,,
"2026-04-27","actual","EH5000","CONV","84210.0000","290","7","7","170.252222","0.000000","170.252222",,"37.373333","2.248333","130.630556","13.279167","117.351389","10.366111","290.379310344827586207","290.37931034","294.27689655","3.6626007","25.963988067082944","3.6822091","31.027367979743488","3.131578947368421","0.7586569579288026","8.463878562577447","2.9144981412639406","1.6333333333333333","0.5120135363790186","1.3786245353159852","7.120570012391573",,,
"2026-04-28","actual","CAT793","AHS","469403.0000","1985","45","45","1024.097778","0.000000","1024.097778",,"9.474722","58.345833","956.277222","19.965000","936.312222","199.615000","236.475062972292191436","236.47506297","234.57642317","2.3570887","19.4549841025978","2.6616573","26.253914388545326","3.83615426546743","1.062762443972635","7.269361992494029","2.966760443307758","3.027870251813914","0.654913961326947","0.8066103718867281","6.082881037719747",,,
"2026-04-28","actual","CAT793","CONV","23602.0000","100","3","3","71.171111","0.000000","71.171111",,"20.568889","2.982222","47.620000","11.578889","36.041111","4.965833","236.020000000000000000","236.02000000","249.52600000","2.5601200","22.847412480148737","2.6826768","30.015964195804195","4.198333333333333","1.3133333333333332","6.723177083333334","4.69453125","1.9557971014492752","0.6208333333333333","0.6330729166666667","5.3625",,,
"2026-04-28","actual","EH4000","CONV","137558.0000","605","14","14","321.182500","0.000000","321.182500",,"0.586389","6.179444","314.416667","27.278333","287.138333","22.374444","227.368595041322314050","227.36859504","233.24595041","4.6147306","30.814228056335885","4.7649603","33.60662819338116","3.1682937554969217","0.7036402569593148","8.985584045584044","2.986780626780627","2.047565543071161","0.5525316455696203","1.1746723646723647","8.507179487179487",,,
"2026-04-28","actual","EH5000","AHS","217506.0000","749","15","15","337.175278","0.000000","337.175278",,"0.159722","5.459167","331.556389","3.213889","328.342500","48.453333","290.395193591455273698","290.39519359","303.33644860","2.7409262","23.804161978443023","2.8106158","28.736966864892977","3.9098209127671866","0.9969667943805874","6.908689839572192","2.8978386809269163","2.143081761006289","0.6822916666666666","1.4400134048257374","5.8682932263814624",,,
"2026-04-28","actual","EH5000","CONV","58875.0000","203","5","5","189.161389","0.000000","189.161389",,"53.849722","40.154722","95.156944","9.734444","85.422500","5.189722","290.024630541871921182","290.02463054","294.30344828","3.6220396","26.347667275468968","3.5824138","31.05179173320875","3.4039141414141416","0.6538461538461539","8.248258706467661","2.9788557213930345","1.0729559748427673","0.5008152173913044","1.2053897180762854","6.922139303482587",,,
"2026-04-29","actual","CAT793","AHS","509573.0000","2153","47","47","1083.216667","0.000000","1083.216667",,"73.602500","36.637222","972.976944","32.253333","940.723611","129.753889","236.680445889456572225","236.68044589","235.23214120","2.5610176","19.127187411928947","2.6850050","25.65167332962707","3.901571268237935","1.125814368585453","8.033646175504458","2.920444235882997","2.6520400728597453","0.6745406824146981","0.7221648678241828","6.280303741975889",,,
"2026-04-29","actual","CAT793","CONV","24813.0000","105","3","3","46.327222","0.000000","46.327222",,"0.000000","5.016667","41.310556","6.288889","35.021667","0.918889","236.314285714285714286","236.31428571","249.18761905","2.9129880","16.79224467574059","2.9379765","19.460377920883165","2.85","0.6611111111111111","10.408333333333333","3.5055555555555555","0.40555555555555556","0.5555555555555556","0.7722222222222223","9.058333333333334",,,
"2026-04-29","actual","EH4000","CONV","171624.0000","756","14","14","334.360833","0.000000","334.360833",,"13.091389","11.482222","309.787222","28.054444","281.732778","24.723333","227.015873015873015873","227.01587302","232.53677249","2.7713748","27.434222520873686","2.8943512","28.818089142396456","2.9637179487179486","0.77176","6.061133603238867","3.0634952766531716","1.6239583333333334","0.5207258834765998","1.1096716149347727","6.026113360323887",,,
"2026-04-29","actual","EH5000","AHS","268011.0000","922","16","16","407.403056","0.000000","407.403056",,"59.411389","1.320556","346.671111","5.487222","341.183889","43.790556","290.684381778741865510","290.68438178","302.02841649","2.0645940","21.300250070478413","2.0680403","25.882216412618003","3.351214771622935","0.8811494252873563","5.815689467969599","2.902750633369526","1.860824742268041","0.6847061098221191","1.4691458559536736","4.794118711545422",,,
"2026-04-29","actual","EH5000","CONV","39942.0000","138","4","4","95.844444","0.000000","95.844444",,"0.000000","3.602500","92.241944","18.889444","73.352500","5.726667","289.434782608695652174","289.43478261","301.09782609","5.1750362","30.089039547779276","5.2394275","32.64539069907442","3.75","0.5192528735632184","10.319444444444445","3.2880434782608696","0.7141025641025641","0.4530193236714976","1.229951690821256","9.629710144927536",,,
"2026-04-30","actual","CAT793","AHS","480057.0000","2031","46","46","1049.489444","0.000000","1049.489444",,"72.765000","16.553056","960.171389","86.574167","873.597222","111.652778","236.364844903988183161","236.36484490","239.83343181","2.4539030","19.770049329892966","2.5333598","26.77151148416475","4.005693296602387","1.0889571213100626","7.44733498349835","3.2603650479022135","3.0740576860045885","0.6881175247009881","0.7007924715205547","5.677736503219416",,,
"2026-04-30","actual","CAT793","CONV","82758.0000","348","5","5","113.829444","0.000000","113.829444",,"0.000000","0.000000","113.829444","13.625278","100.204167","5.896667","237.810344827586206897","237.81034483","243.76666667","2.7401401","27.623441275415647","2.7859517","31.12907211911295","2.1036130536130537","0.5946078431372549","5.9517713365539455","2.906199677938808","0.48444444444444446","0.36022544283413843","0.7001610305958132","5.369806763285024",,,
"2026-04-30","actual","EH4000","CONV","153484.0000","674","14","14","368.680833","0.000000","368.680833",,"48.002778","9.706667","310.971389","23.709167","287.262222","24.060833","227.721068249258160237","227.72106825","233.79154303","3.7735386","30.642723521317482","3.8314673","32.68267821476414","3.085180299032542","0.656912712360867","7.388779128672746","3.045288753799392","2.2656565656565655","0.5703020993343574","1.1236068895643363","7.0339412360688955",,,
"2026-04-30","actual","EH5000","AHS","250992.0000","863","16","16","374.301389","0.000000","374.301389",,"0.000000","2.645000","371.656389","58.509722","313.146667","41.919444","290.836616454229432213","290.83661645","299.91935110","2.1461295","22.478673747025564","2.2532864","27.285203873904774","2.720833333333333","0.7927252985884908","5.728441608662026","2.5824825986078888","1.5625886524822694","0.6550925925925927","1.437277648878577","4.954963306295867",,,
"2026-04-30","actual","EH5000","CONV","82563.0000","284","4","4","95.941667","0.000000","95.941667",,"0.000000","0.000000","95.941667","8.895278","87.046389","3.394444","290.714788732394366197","290.71478873","300.74964789","1.9090530","21.814801620855","1.9187244","26.996646166895346","2.2322485207100593","0.9599752168525402","5.250709219858156","3.2380023640661935","0.4714285714285714","0.44571428571428573","1.2257683215130024","4.26436170212766",,,
"2026-05-01","actual","CAT793","AHS","458573.0000","1937","45","45","1058.139167","0.000000","1058.139167",,"43.204722","111.087222","903.847222","34.035278","869.811944","108.090000","236.743933918430562726","236.74393392","240.36809499","2.7707014","21.031127784330945","2.8755695","26.954894205922173","4.193753598157743","1.1800540906017578","7.90457295988935","3.31811105345096","2.7625086625086626","0.6712008501594049","0.7134319321916623","6.400847604220724",,,
"2026-05-01","actual","CAT793","CONV","32373.0000","135","4","4","82.715278","0.000000","82.715278",,"0.000000","5.371944","77.343333","18.633611","58.709722","1.877778","239.800000000000000000","239.80000000","252.18444444","4.2136803","17.962893556320708","4.2509174","19.420434822335025","3.378","0.47484848484848485","14.074615384615385","2.854871794871795","1.9411764705882353","0.4541025641025641","0.857948717948718","13.133333333333333",,,
"2026-05-01","actual","EH4000","CONV","178934.0000","787","13","13","310.241667","0.000000","310.241667",,"0.000000","7.115556","303.126111","24.404444","278.721667","32.534444","227.362134688691232529","227.36213469","232.31956798","2.8076099","29.65231927491307","2.9432589","30.778601958651358","1.8965452847805788","0.663296178343949","5.681059631059631","3.0278994845360825","1.3874225526641883","0.5547837483617301","1.134729381443299","5.737607388316151",,,
"2026-05-01","actual","EH5000","AHS","281382.0000","967","18","18","410.489722","0.000000","410.489722",,"46.318333","11.898889","352.272500","8.022778","344.249722","39.043333","290.984488107549120993","290.98448811","292.53453981","2.1724922","21.79926617322708","2.2591408","25.31438405840205","2.5566807313642754","0.7736910994764398","5.9795376121463075","2.475180972078594","1.2817600786627337","0.6924877707896576","1.47778352292313","5.354601861427095",,,
"2026-05-01","actual","EH5000","CONV","74781.0000","257","3","3","72.005833","0.000000","72.005833",,"0.000000","1.238611","70.767222","4.783889","65.983333","4.316667","290.976653696498054475","290.97665370","302.48832685","1.4159455","19.544672194989925","1.4153930","25.893399242726186","1.9306372549019608","0.7325694444444444","4.346797385620915","3.0460130718954246","0.6309523809523809","0.4303267973856209","1.1277124183006535","3.279738562091503",,,
"2026-05-02","actual","CAT793","AHS","407466.0000","1716","46","46","1084.097778","0.000000","1084.097778",,"149.600556","97.864167","836.633056","37.086111","799.546944","108.858889","237.451048951048951049","237.45104895","238.04446387","2.9639747","20.933011031732573","3.0380604","25.559360199187523","4.045293132328308","1.23544776119403","8.49559968847352","3.2748392752776154","3.182469135802469","0.655696332921302","0.6804059328649493","7.13177570093458",,,
"2026-05-02","actual","CAT793","CONV","41598.0000","174","5","5","154.146389","0.000000","154.146389",,"35.006389","42.680000","76.460000","12.478056","63.981944","8.055833","239.068965517241379310","239.06896552","248.11896552","3.1641149","18.93452950604539","3.2605632","23.78298066414998","4.419590643274854","1.091774891774892","10.026491228070174","3.8298245614035085","2.2555555555555555","0.4746987951807229","0.7505263157894737","8.22578947368421",,,
"2026-05-02","actual","EH4000","CONV","153346.0000","675","14","14","334.865833","0.000000","334.865833",,"17.707222","8.328333","308.830278","30.278056","278.552222","49.768889","227.179259259259259259","227.17925926","232.66251852","2.5071893","27.996121130189213","2.5974137","29.275879695748845","3.8902816901408452","0.6793790849673204","5.373292867981791","3.4398021308980216","2.621116504854369","0.5125321006676938","1.1528578654527062","5.323318158826505",,,
"2026-05-02","actual","EH5000","AHS","240855.0000","828","16","16","394.940278","0.000000","394.940278",,"7.570556","42.058889","345.310833","32.466944","312.843889","44.026389","290.887681159420289855","290.88768116","292.52318841","2.5175546","24.425280025809393","2.5752663","28.237739636489525","3.258639143730887","0.8464780920687743","6.184300685207577","2.502643260694108","1.437970430107527","0.6897106764466178","1.4482063683998387","5.471966948810963",,,
"2026-05-02","actual","EH5000","CONV","67218.0000","231","4","4","110.236111","0.000000","110.236111",,"37.069722","0.330000","72.836389","5.825278","67.011111","2.595000","290.987012987012987013","290.98701299","303.16493506","1.5739244","20.601182532817074","1.6603022","25.54500110120259","3.4177215189873418","1.319922480620155","4.583982683982684","3.4735930735930736","0.610144927536232","0.4726608187134503","1.2085137085137085","3.8997113997114",,,
"2026-05-03","actual","CAT793","AHS","366490.0000","1534","43","43","1262.001944","0.000000","1262.001944",,"310.984444","129.255000","821.762500","75.644444","746.118056","167.228889","238.911342894393741851","238.91134289","237.71688396","2.5825688","18.563321824215357","2.6074893","25.32474878313916","3.9882176520994004","1.3106044723969252","8.347327567088046","3.0396983810157465","3.3893295561850802","0.6685792349726776","0.6766866400355082","6.177725960470797",,,
"2026-05-03","actual","CAT793","CONV","58945.0000","247","6","6","127.166944","0.000000","127.166944",,"0.000000","10.316667","116.850278","26.706667","90.143611","5.445833","238.643724696356275304","238.64372470","244.58663968","3.2327004","21.9487930149488","3.3880574","26.577273901140682","5.342763157894737","0.9372168284789645","8.837024608501117","3.162192393736018","1.304054054054054","0.465632183908046","0.7549217002237136","7.648769574944072",,,
"2026-05-03","actual","EH4000","CONV","158918.0000","699","14","14","313.469167","0.000000","313.469167",,"5.613056","13.160556","294.695556","21.793889","272.901667","35.088889","227.350500715307582260","227.35050072","233.18140200","2.6815587","28.702760890589005","2.7914784","30.23272474009246","3.3216097987751527","0.7524375380865326","5.605506822612086","3.4081384015594542","2.22578231292517","0.5476749877630934","1.0606237816764132","5.539980449657869",,,
"2026-05-03","actual","EH5000","AHS","215319.0000","741","16","16","411.960278","0.000000","411.960278",,"5.574167","54.356944","352.029167","51.360000","300.669167","40.921111","290.578947368421052632","290.57894737","299.11646424","2.8128731","25.3242422775108","2.7900594","28.325692035883872","3.0226956521739132","0.9117249846531615","6.66445945945946","3.0303788903924223","0.8527027027027027","0.6705815018315018","1.3283582089552237","5.909954954954955",,,
"2026-05-03","actual","EH5000","CONV","29661.0000","102","3","3","74.587778","0.000000","74.587778",,"0.000000","11.279444","63.308333","14.571944","48.736389","14.802500","290.794117647058823529","290.79411765","300.39313725","1.7973039","22.037035659548376","1.7665100","25.05391797659851","4.18968253968254","1.1411111111111112","4.8935","4.2155000000000005","0.4033333333333333","0.47188552188552185","1.2034999999999998","4.2305",,,
"2026-05-04","actual","CAT793","AHS","411983.0000","1727","41","41","928.895000","0.000000","928.895000",,"11.153889","54.438333","863.302778","18.687222","844.615556","128.682500","238.554140127388535032","238.55414013","239.21152287","3.0711098","19.843792001805287","3.1109359","27.482839904355426","3.90671568627451","1.1032249537404177","9.285855646100117","3.0812281722933643","2.910738522954092","0.6759756097560975","0.691958041958042","6.79173457508731",,,
"2026-05-04","actual","CAT793","CONV","65626.0000","274","7","7","142.911389","0.000000","142.911389",,"0.000000","2.697500","140.213889","23.579444","116.634444","12.464167","239.510948905109489051","239.51094891","248.70620438","4.3428232","25.039992411420066","4.3749000","30.020107433720327","3.66872852233677","0.7186781609195402","10.406129032258065","3.157034632034632","0.630701754385965","0.43488095238095237","0.7094155844155844","8.743939393939394",,,
"2026-05-04","actual","EH4000","CONV","163518.0000","719","14","14","344.686389","0.000000","344.686389",,"27.460833","9.258056","307.967500","30.335833","277.631667","43.724722","227.424200278164116829","227.42420028","233.86898470","2.7357997","29.466019770843406","2.8496699","32.06343999473799","3.007843137254902","0.6692463768115943","5.570755170755171","3.1959479015918957","2.2781531531531534","0.5792181069958848","1.1427745664739886","5.332559264634736",,,
"2026-05-04","actual","EH5000","AHS","193758.0000","666","13","13","296.914722","0.000000","296.914722",,"22.409444","8.400278","266.105000","30.848056","235.256944","32.061389","290.927927927927927928","290.92792793","297.64969970","2.1776435","23.085727182980534","2.1899909","25.92612755126132","2.9804433887569277","0.7747324159021407","5.659713855421686","2.439366515837104","1.002746212121212","0.6769113149847095","1.3738813474107592","5.068225238813474",,,
"2026-05-04","actual","EH5000","CONV","81759.0000","282","7","7","154.288889","0.000000","154.288889",,"25.301667","18.405556","110.581667","23.086389","87.495278","4.170000","289.925531914893617021","289.92553191","299.79468085","2.4414574","25.63608238620396","2.5144911","30.901699654141332","3.296174863387978","0.7176511954992968","5.714111922141119","3.0900243309002433","1.2106481481481481","0.49118028534370944","1.4435523114355233","4.882238442822384",,,
"2026-05-05","actual","CAT793","AHS","430526.0000","1802","43","43","1024.446389","0.000000","1024.446389",,"113.563889","13.687222","897.195278","3.353333","893.841944","169.316944","238.915649278579356271","238.91564928","240.71537181","3.0059765","20.3881627210538","3.1012259","27.822214834608115","4.036555658341042","0.9703770413064361","8.846240461567096","2.9858458961474037","2.6365757216291024","0.6882176786451879","0.6762476722532589","6.687949004280663",,,
"2026-05-05","actual","CAT793","CONV","62638.0000","262","5","5","105.925833","0.000000","105.925833",,"0.000000","0.000000","105.925833","14.944722","90.981111","3.930556","239.076335877862595420","239.07633588","251.00534351","2.8036099","18.296214132414136","2.9339144","21.9582650509505","3.3972972972972975","1.061214953271028","9.194065656565657","3.1981060606060603","0.8239130434782608","0.43268229166666666","0.8559343434343435","8.01679292929293",,,
"2026-05-05","actual","EH4000","CONV","169168.0000","744","14","14","335.809444","0.000000","335.809444",,"16.566944","10.617222","308.625278","21.247500","287.377778","41.424167","227.376344086021505376","227.37634409","235.96142473","3.0660540","30.32801448192053","3.1922334","33.16492976920792","2.6894527363184078","0.5970651588583737","6.0657858136300415","3.0863004172461754","1.707080200501253","0.5570785984848484","1.1080899397311081","5.775197032916087",,,
"2026-05-05","actual","EH5000","AHS","233367.0000","802","16","16","345.616667","0.000000","345.616667",,"20.913889","15.458889","309.243889","11.983889","297.260000","30.884444","290.981296758104738155","290.98129676","298.22443890","2.6613242","23.8801432122553","2.8231024","30.31425990435766","3.1283675799086756","0.7964957264957264","6.686704119850187","2.7329375","1.8012626262626263","0.6719777440566514","1.3500416666666666","5.587672090112641",,,
"2026-05-05","actual","EH5000","CONV","133542.0000","459","5","5","110.942222","0.000000","110.942222",,"0.000000","5.910833","105.031389","10.084722","94.946667","7.689444","290.941176470588235294","290.94117647","300.23224401","1.3087081","27.041768472711322","1.3176710","28.88986921624425","1.574066091954023","0.38398607484769365","2.9037481804949055","2.2180494905385735","0.9367579908675799","0.4476085356880059","1.3845342066957789","2.736608442503639",,,
"2026-05-06","actual","CAT793","AHS","474342.0000","1992","43","43","1103.191667","0.000000","1103.191667",,"133.598333","39.352500","930.240833","3.613611","926.627222","165.944167","238.123493975903614458","238.12349398","238.73127510","2.9244737","20.416399901451317","3.0939870","27.77884160311017","3.4839444995044597","0.9333786848072562","8.594483985765125","2.8213486005089057","2.6637430167597764","0.6737399287989507","0.6808748728382503","6.682755985736119",,,
"2026-05-06","actual","CAT793","CONV","42127.0000","175","5","5","115.584167","0.000000","115.584167",,"0.166389","4.315278","111.102500","17.645833","93.456667","14.535556","240.725714285714285714","240.72571429","249.61028571","5.1761143","25.58231859665297","5.1118629","29.208953047326656","2.9106965174129353","0.6117816091954023","12.139902676399027","2.902676399026764","2.460185185185185","0.4811881188118812","0.7610705596107057","10.500608272506081",,,
"2026-05-06","actual","EH4000","CONV","155368.0000","683","14","14","314.866944","0.000000","314.866944",,"0.000000","28.981389","285.885556","27.980000","257.905556","22.480556","227.478770131771595900","227.47877013","233.85021962","3.2004956","29.08626084762659","3.3203706","32.387665430815986","2.134265350877193","0.5876762549351382","6.602077077077078","2.7991427130610185","1.8637853107344633","0.5871025641025641","1.0696536144578312","6.151176176176176",,,
"2026-05-06","actual","EH5000","AHS","215031.0000","739","13","13","373.559722","0.000000","373.559722",,"56.313056","33.670833","283.575833","7.746667","275.829167","40.840000","290.975642760487144790","290.97564276","298.16048714","2.5706874","24.528999950956706","2.7304073","30.58884826280982","3.4552252252252256","0.8701948924731183","6.288117913832199","2.751609977324263","1.0350088183421517","0.6689786585365854","1.407596371882086","5.355691609977325",,,
"2026-05-06","actual","EH5000","CONV","150372.0000","517","7","7","182.240556","0.000000","182.240556",,"0.000000","41.802778","140.437778","13.053889","127.383889","5.846111","290.854932301740812379","290.85493230","297.77137331","1.9305474","25.492467112630322","1.9734487","32.43794725673779","1.5411764705882354","0.4219547775346462","4.543806744487679","2.1088197146562906","0.7131578947368421","0.4216535433070866","1.475471085120208","3.650259403372244",,,
"2026-05-07","actual","CAT793","AHS","479709.0000","2019","44","44","890.391389","0.000000","890.391389",,"3.168333","41.345000","845.878056","0.180556","845.697500","116.242778","237.597325408618127786","237.59732541","237.56795443","2.7712856","20.007279961409743","2.8616148","27.00696788602941","3.270017094017094","0.9081547619047619","8.310831673306772","2.613010967098704","2.105885588558856","0.6587071240105541","0.823762047191758","6.357503320053121",,,
"2026-05-07","actual","CAT793","CONV","38078.0000","158","4","4","95.108611","0.000000","95.108611",,"0.256944","8.688889","86.162778","14.118889","72.043889","2.923611","241.000000000000000000","241.00000000","249.83607595","4.6968165","27.934848383959842","4.7364114","31.200875597248277","2.29280303030303","0.5869949494949495","10.088080168776372","3.638396624472574","1.5925287356321838","0.46828908554572274","0.7939873417721519","9.108227848101267",,,
"2026-05-07","actual","EH4000","CONV","174710.0000","767","14","14","329.485000","0.000000","329.485000",,"0.000000","15.711389","313.773611","30.764444","283.009167","16.066944","227.783572359843546284","227.78357236","235.37222947","3.4559283","30.60279249493478","3.5131057","31.901815943241516","2.214954682779456","0.5636169074371321","6.775711662075298","2.9222681359044995","1.45","0.5778100775193798","1.1246786042240589","6.607346189164371",,,
"2026-05-07","actual","EH5000","AHS","134790.0000","464","11","11","203.208056","0.000000","203.208056",,"6.148611","8.398056","188.661389","0.960278","187.701111","24.849167","290.495689655172413793","290.49568966","303.40237069","2.6666478","24.710249884169883","2.7801242","29.740174088976165","3.1245819397993313","1.0004102564102564","6.475","3.0660116448326056","1.5902462121212122","0.6811678267594741","1.461863173216885","5.608825674690007",,,
"2026-05-07","actual","EH5000","CONV","139053.0000","478","8","8","187.116389","0.000000","187.116389",,"0.000000","12.698333","174.418056","19.866389","154.551667","11.032778","290.905857740585774059","290.90585774","300.82991632","2.7540063","25.79759393590797","2.7737490","32.348361068296214","2.079399585921325","0.3494675186368477","6.405263157894737","1.973431994362227","0.6596491228070176","0.4126412429378531","1.3429676511954993","5.144771929824561",,,
"2026-05-08","actual","CAT793","AHS","462759.0000","1959","46","46","1052.775556","0.000000","1052.775556",,"48.204722","114.970278","889.600556","4.341944","885.258611","169.116667","236.222052067381316998","236.22205207","236.40387953","2.8346010","21.035396494180876","2.9974728","27.740549282844455","3.4699715370018973","0.8933333333333333","8.085231958762886","2.677720385674931","2.2769935344827585","0.6922399559713813","0.7036654620547238","6.483230240549828",,,
"2026-05-08","actual","CAT793","CONV","46309.0000","193","4","4","93.900000","0.000000","93.900000",,"0.000000","0.000000","93.900000","14.270278","79.629722","9.807500","239.943005181347150259","239.94300518","250.68497409","3.4627513","18.78944190835819","3.5680415","23.714367199797888","2.186021505376344","0.48172690763052206","11.057543859649122","3.1903508771929827","2.8472222222222223","0.32607526881720433","0.7614035087719297","9.027543859649123",,,
"2026-05-08","actual","EH4000","CONV","148068.0000","651","14","14","330.531111","0.000000","330.531111",,"4.599167","7.566944","318.365000","28.993889","289.371111","56.978889","227.447004608294930876","227.44700461","233.21152074","3.5618479","28.86536080111769","3.6425763","34.04623270823335","2.3172727272727274","0.5257153905645785","7.403713934929404","3.343992606284658","2.6717514124293786","0.5339369550637156","1.2322222222222223","6.4193468884781275",,,
"2026-05-08","actual","EH5000","AHS","155742.0000","536","11","11","324.252778","0.000000","324.252778",,"56.431389","33.663056","234.158333","2.080556","232.077778","39.070278","290.563432835820895522","290.56343284","299.18805970","2.9321144","26.463953198841875","3.1394102","30.443340357979004","3.861248852157943","0.8613060428849902","6.647792288557214","3.243376865671642","1.4016098484848485","0.6597406704617331","1.3808457711442788","6.187383177570093",,,
"2026-05-08","actual","EH5000","CONV","139161.0000","479","8","8","192.115833","0.000000","192.115833",,"0.000000","4.817778","187.298056","23.259444","164.038611","12.434167","290.524008350730688935","290.52400835","305.78413361","3.0098977","25.05453066525518","3.0080543","34.06118784447476","1.9746996996996997","0.43113658070678124","7.2080321285140565","1.9160642570281123","0.5138888888888888","0.4357084357084357","1.292409638554217","5.298795180722892",,,
"2026-05-09","actual","CAT793","AHS","478543.0000","2023","45","45","1072.864167","0.000000","1072.864167",,"99.413889","76.108056","897.342222","8.568889","888.773333","128.468056","236.551161641127039051","236.55116164","238.91122096","3.0564762","21.294177782735662","3.2363628","28.998447683526905","3.0873220640569397","0.9479735883424408","8.612146187146188","2.704066666666667","1.8120185185185185","0.678311345646438","0.7017083333333333","6.696281474070369",,,
"2026-05-09","actual","CAT793","CONV","69634.0000","292","5","5","103.189444","0.000000","103.189444",,"0.000000","6.457222","96.732222","18.790833","77.941389","9.802500","238.472602739726027397","238.47260274","248.61232877","2.1751747","22.035307935450525","2.2195828","26.944766768976674","3.1952380952380954","0.7325471698113207","5.922789115646258","3.557312925170068","0.9970085470085469","0.5543269230769231","0.8272108843537415","4.942517006802721",,,
"2026-05-09","actual","EH4000","CONV","171644.0000","755","14","14","395.114167","0.000000","395.114167",,"77.736111","19.584444","297.793611","25.363611","272.430000","27.246389","227.343046357615894040","227.34304636","233.73390728","3.1102546","28.276258943652877","3.1494920","32.6418407377267","2.4079885057471264","0.616213921901528","6.599715909090909","3.109280303030303","1.3079588014981274","0.5186444766039556","1.1350852272727274","5.789180871212121",,,
"2026-05-09","actual","EH5000","AHS","201987.0000","695","12","12","284.786944","0.000000","284.786944",,"23.410278","13.829722","247.546944","0.681389","246.865556","24.121389","290.628776978417266187","290.62877698","302.25812950","2.5641302","24.955048234449368","2.8003417","30.87947591194018","2.6479166666666667","0.7354210160055672","6.164997581035317","2.669980648282535","1.2195571955719557","0.6796711509715994","1.3657232704402515","5.441170778906628",,,
"2026-05-09","actual","EH5000","CONV","137157.0000","472","8","8","187.242222","0.000000","187.242222",,"0.000000","11.636944","175.605278","21.966389","153.638889","8.460833","290.586864406779661017","290.58686441","303.38177966","2.9852818","26.08942065614177","3.0285805","33.51298094262295","1.7930316091954024","0.44760220125786165","6.865499635302698","1.9098832968636033","0.5877777777777777","0.4294419970631424","1.2936542669584243","5.422222222222222",,,
"2026-05-10","actual","CAT793","AHS","461866.0000","1954","43","43","1069.294722","0.000000","1069.294722",,"78.016111","111.414722","879.863889","24.461389","855.402500","126.267778","236.369498464687819857","236.36949846","240.20890481","3.0301942","21.621645525464103","3.1348609","29.0089165607731","3.7234095573145702","1.033653846153846","8.408779608650876","2.954387772625794","1.481757016532103","0.671667575922895","0.6991593755361125","6.483925506350841",,,
"2026-05-10","actual","CAT793","CONV","53517.0000","225","5","5","79.414444","0.000000","79.414444",,"6.812778","1.063333","71.538333","12.374722","59.163611","10.837778","237.853333333333333333","237.85333333","252.02711111","1.8570047","20.27359187263078","2.0375602","28.6016248830234","1.9746666666666668","0.7772522522522523","5.495833333333334","3.9007478632478634","1.4277777777777778","0.5794117647058824","0.7569444444444444","4.274358974358974",,,
"2026-05-10","actual","EH4000","CONV","144032.0000","633","13","13","306.387222","0.000000","306.387222",,"0.000000","2.742500","303.644722","27.795000","275.849722","51.110556","227.538704581358609795","227.53870458","235.56824645","3.8236272","30.96109226474387","3.8669459","35.25149757582061","2.5054726368159206","0.6611456176673568","7.409868813357185","2.9813059033989266","1.6589668615984405","0.5350958565244279","1.1551075268817206","6.581755952380953",,,
"2026-05-10","actual","EH5000","AHS","209721.0000","722","12","12","288.858611","0.000000","288.858611",,"9.640556","19.090278","260.127778","0.189167","259.938611","31.761667","290.472299168975069252","290.47229917","301.96966759","2.6334134","25.81965089615158","2.7899197","34.44921275173397","2.9219924812030076","0.7761528326745718","6.119556171983357","2.7374942209893667","1.4022641509433962","0.6776710979812901","1.428363384188627","4.859187442289936",,,
"2026-05-10","actual","EH5000","CONV","151794.0000","522","8","8","184.306944","0.000000","184.306944",,"0.000000","0.444444","183.862500","19.031667","164.830833","14.741944","290.793103448275862069","290.79310345","301.59559387","2.3580653","25.07854077590503","2.3740653","31.84502483535791","2.414072119613017","0.4160934744268078","5.641632791327913","1.8144263408010863","0.7317663817663818","0.4792349726775956","1.4487440597420231","4.473035230352304",,,
"2026-05-11","actual","CAT793","AHS","500243.0000","2117","47","47","1089.887222","0.000000","1089.887222",,"76.665278","80.965278","932.256667","10.198889","922.057778","129.638333","236.298063297118564006","236.29806330","243.18128544","2.8478210","20.710902200400145","3.0058999","28.31478462592545","3.60174512987013","1.0389715394566623","8.250208433541767","2.7683437650457394","2.1345672575599584","0.6744618230743357","0.6961563151982025","6.369605009633911",,,
"2026-05-11","actual","CAT793","CONV","60246.0000","252","3","3","113.128889","0.000000","113.128889",,"45.868333","0.250833","67.009722","15.656667","51.353056","6.571944","239.071428571428571429","239.07142857","251.77420635","0.9796865","24.441870585215604","1.0301508","27.01852610901241","2.691666666666667","0.8272727272727273","2.4049382716049386","4.038683127572017","0.3","0.3363013698630137","0.765843621399177","2.2876543209876545",,,
"2026-05-11","actual","EH4000","CONV","140906.0000","620","13","13","313.208056","0.000000","313.208056",,"0.000000","13.959444","299.248611","21.351389","277.897222","73.062500","227.267741935483870968","227.26774194","234.27580645","2.8212431","25.99133327288445","2.8959755","29.59308101402373","3.1826359832635984","0.6411516853932585","6.51273192578375","3.2240243122200893","1.8151329243353784","0.5198553583168968","1.1944871794871794","5.871593090211133",,,
"2026-05-11","actual","EH5000","AHS","196878.0000","678","13","13","335.864444","0.000000","335.864444",,"44.919444","26.259167","264.685833","3.866667","260.819167","29.619444","290.380530973451327434","290.38053097","298.02949853","2.8665311","26.23667507500746","2.8983462","32.18822246079769","3.0963796477495107","0.7847763347763348","6.555398712233779","3.001805143422354","1.4811294765840222","0.6674946581196581","1.482616221562809","5.402621167161227",,,
"2026-05-11","actual","EH5000","CONV","126816.0000","436","7","7","180.540556","0.000000","180.540556",,"28.099722","2.609167","149.831667","18.892500","130.939167","15.828611","290.862385321100917431","290.86238532","298.09931193","2.1161954","24.136443190910896","2.3136812","30.70547308968391","3.1002032520325202","0.529610538373425","5.260581395348837","1.8101398601398602","0.8844827586206897","0.46070588235294113","1.449031007751938","4.521046511627906",,,
"2026-05-12","actual","CAT793","AHS","479738.0000","2030","46","46","1125.996667","0.000000","1125.996667",,"121.391667","46.880278","957.724722","15.824444","941.900278","136.894722","236.324137931034482759","236.32413793","239.89280788","2.9883949","20.767511038633632","3.1929459","28.145801343933414","3.858249581239531","1.0516076798519547","8.633855721393036","2.9469968475194954","2.127771778257739","0.6628437111938974","0.727360212377634","6.806583747927032",,,
"2026-05-12","actual","CAT793","CONV","36128.0000","152","5","5","70.605833","0.000000","70.605833",,"0.000000","4.203333","66.402500","9.060833","57.341667","18.993611","237.684210526315789474","237.68421053","245.48289474","2.3044000","23.88365991902834","2.4734786","28.210255151350147","5.54","0.8209677419354838","5.7890625","3.8915364583333334","1.7811594202898549","0.5312169312169313","0.7477864583333333","5.260807291666667",,,
"2026-05-12","actual","EH4000","CONV","135376.0000","595","14","14","311.419444","0.000000","311.419444",,"0.000000","10.710278","300.709167","17.551111","283.158056","63.236667","227.522689075630252101","227.52268908","234.51512605","3.1346672","26.024249278136995","3.1765552","30.663094817363152","3.6822619047619045","0.7666237113402061","7.227106918238993","3.4938013915243515","1.8912380952380952","0.53","1.2594654088050314","6.215723270440251",,,
"2026-05-12","actual","EH5000","AHS","227736.0000","785","18","18","420.620833","0.000000","420.620833",,"41.588611","27.955000","351.077222","2.481111","348.596111","43.570000","290.109554140127388535","290.10955414","294.91452229","3.5093439","27.20064064508501","3.5384382","32.907993606429734","4.000456204379562","0.8926181102362205","7.741017454235845","3.1048806479113384","1.998893499308437","0.6489454378725356","1.4111466325660698","6.451511281396338",,,
"2026-05-12","actual","EH5000","CONV","20847.0000","72","3","3","48.129444","0.000000","48.129444",,"0.000000","23.629444","24.500000","1.810000","22.690000","3.959444","289.541666666666666667","289.54166667","300.79166667","3.4237500","24.099846977811783","3.6020290","27.287099835315644","4.460569105691056","0.7974637681159421","8.523913043478261","3.581400966183575","0.6833333333333333","0.5816176470588236","1.4828502415458937","7.920289855072464",,,
"2026-05-13","actual","CAT793","AHS","486299.0000","2057","46","46","1084.831944","0.000000","1084.831944",,"38.186944","87.599167","959.045833","11.367500","947.678333","134.385833","236.411764705882352941","236.41176471","232.61667477","2.7575329","19.393315025428493","2.9648909","27.224441559122855","3.944895591647332","1.0607107107107108","8.531392069022731","2.7759434746467164","1.5750439058658237","0.6727565778010106","0.7073907988706195","6.5343288534926165",,,
"2026-05-13","actual","CAT793","CONV","43021.0000","181","4","4","112.494167","0.000000","112.494167",,"39.324167","2.029167","71.140833","13.871667","57.269167","7.073611","237.685082872928176796","237.68508287","246.20552486","2.1238983","29.796074495170167","2.1773246","31.551579917542877","2.975","0.9351851851851852","4.276868686868687","5.152929292929293","2.4258333333333337","0.4837465564738292","0.7927845528455285","4.140505050505051",,,
"2026-05-13","actual","EH4000","CONV","165154.0000","726","14","14","371.851667","0.000000","371.851667",,"43.504167","1.483611","326.863889","19.559722","307.304167","40.647778","227.484848484848484848","227.48484848","233.60730028","3.1372845","26.865571516833423","3.1752179","31.46630525133777","3.910198300283286","0.7970608575380359","7.006628162816281","3.520455793520044","1.8700581395348836","0.5300222593210907","1.2177942794279428","6.054510451045105",,,
"2026-05-13","actual","EH5000","AHS","172596.0000","596","15","15","327.138333","0.000000","327.138333",,"6.128056","20.253611","300.756667","31.382778","269.373889","38.711667","289.590604026845637584","289.59060403","297.00637584","3.7455640","25.535890533304705","3.7308176","32.00422355358439","3.7814414414414417","0.7835475578406169","8.800705019740553","2.7307106598984774","1.953056768558952","0.6612382629107981","1.3511864406779661","6.994359842075578",,,
"2026-05-13","actual","EH5000","CONV","46464.0000","160","4","4","71.513889","0.000000","71.513889",,"13.234167","11.157222","47.122500","12.891944","34.230556","2.381389","290.400000000000000000","290.40000000","299.46000000","2.2835786","24.618900428562753","2.6745938","32.75238632558781","2.7198863636363635","0.8788461538461539","5.565427927927928","2.2493243243243244","0.6777777777777777","0.5429705215419501","1.3369369369369368","4.899662162162162",,,
"2026-05-14","actual","CAT793","AHS","362954.0000","1532","33","33","753.340833","0.000000","753.340833",,"43.481111","48.476111","661.383611","1.977500","659.406111","85.785556","236.915143603133159269","236.91514360","239.63577023","2.8624105","21.873826534990638","3.0563993","28.766941110242538","3.674254002911208","1.0506660323501427","7.851604278074867","3.150579322638146","1.771871871871872","0.6839155251141553","0.676989966555184","6.374816053511706",,,
"2026-05-14","actual","CAT793","CONV","150563.0000","638","15","15","634.978889","437.004722","197.974167",,"0.000000","13.656389","184.317778","16.501111","167.816667","22.137222","235.992163009404388715","235.99216301","239.21275591","2.5317087","22.861886995898974","2.7881399","29.398846799301992","3.6155102040816325","0.9399807321772641","6.644356261022927","3.5322732626619553","1.3547993019197206","0.594921875","0.9499705535924617","5.690304628002343",,,
"2026-05-14","actual","EH4000","CONV","65014.0000","296","13","13","1605.526667","1452.491389","153.035278",,"0.000000","19.208056","133.827222","12.295000","121.532222","18.313056","219.641891891891891892","219.64189189","237.08251748","2.8430105","27.56836653358459","2.9376538","30.847743252908284","3.0285897435897433","0.729122807017544","6.187549407114625","3.6710144927536232","2.1425742574257427","0.5641801075268817","1.1735836627140974","5.713845144356955",,,
"2026-05-14","actual","EH5000","AHS","141750.0000","492","13","13","583.263611","285.423611","297.840000",,"0.000000","46.780278","251.059722","2.525000","248.534722","27.860833","288.109756097560975610","288.10975610","297.60571429","4.8200859","29.314899316386086","4.6970307","34.59908566080773","3.7382201646090536","0.8238031914893617","9.865466392318243","3.2326474622770918","1.8142857142857143","0.6726012793176973","1.2946735395189004","8.145355191256831",,,
"2026-05-14","actual","EH5000","CONV","32544.0000","117","7","7","846.341111","809.806667","36.534444",,"0.000000","0.000000","36.534444","8.347500","28.186944","1.733056","278.153846153846153846","278.15384615","299.55625000","1.9615268","28.389984604799604","2.0609911","32.173347791150434","2.2471014492753625","0.8205992509363296","4.1455326460481094","2.2690721649484535","1.105855855855856","0.5967741935483871","1.2025773195876288","3.8435374149659864",,,
"2026-05-15","actual","CAT793","AHS","399569.0000","1685","34","34","804.454167","0.000000","804.454167",,"58.965000","67.701111","677.788056","17.974722","659.813333","78.687778","237.132937685459940653","237.13293769","234.17287834","2.6725709","22.184629410088505","2.7953417","30.237745810356515","3.096004927842309","1.0084157056562328","7.228169154228856","2.8242179717075113","2.327432562620424","0.6958333333333333","0.6954825870646766","5.546726368159204",,,
"2026-05-15","actual","CAT793","CONV","192140.0000","807","14","14","408.812500","123.187500","285.625000",,"0.000000","15.185833","270.439167","29.146944","241.292222","25.758611","238.091697645600991326","238.09169765","247.08560794","1.8897552","24.277975853731807","2.0071917","27.774365241753276","2.262758620689655","0.7020501138952164","4.67029511369134","3.619956458635704","2.110869565217391","0.49169161676646705","0.9019593613933237","4.336066763425253",,,
"2026-05-15","actual","EH4000","CONV","45580.0000","200","3","3","82.818889","0.000000","82.818889",,"6.835833","13.561111","62.421944","2.121389","60.300556","6.261111","227.900000000000000000","227.90000000","238.99900000","1.3345250","23.541425618252813","1.3572750","21.780936106983656","1.5294392523364486","0.7079601990049752","3.4013020833333334","3.552604166666667","1.865357142857143","0.696524064171123","1.2977430555555556","3.738888888888889",,,
"2026-05-15","actual","EH5000","AHS","157971.0000","546","11","11","262.908333","0.000000","262.908333",,"21.791667","3.795000","237.321667","1.998889","235.322778","21.443056","289.324175824175824176","289.32417582","296.51648352","3.9051452","26.165618419318157","3.9783083","30.852520572192006","3.122551789077213","0.7445921985815603","8.954831804281346","2.9278593272171256","1.635215053763441","0.6308618504435994","1.3948929663608562","7.736758409785933",,,
"2026-05-15","actual","EH5000","CONV","1731.0000","6","2","2","311.991667","310.281389","1.710278",,"0.000000","0.000000","1.710278","0.000000","1.710278","0.107500","288.500000000000000000","288.50000000","306.36666667","4.9571667","23.723230468594217","7.5344000","46.24695652173913","5.594444444444445","0.9277777777777777","12.5375","3.3333333333333335","14.383333333333333","0.8916666666666667","1.2416666666666667","9.775",,,
"2026-05-16","actual","CAT793","AHS","458400.0000","1932","40","40","1034.653056","0.000000","1034.653056",,"188.585833","58.301944","787.765278","32.184167","755.581111","111.508611","237.267080745341614907","237.26708075","235.89156315","2.6131009","21.487291613760277","2.7447975","27.992850073157822","2.7802114803625377","0.9753738910012674","7.296687587168759","3.02236750348675","1.9647243107769425","0.6745211839814278","0.7066509762900977","5.883211233211233",,,
"2026-05-16","actual","CAT793","CONV","107237.0000","449","8","8","173.661944","0.000000","173.661944",,"0.000000","6.113333","167.548611","16.482500","151.066111","21.083889","238.835189309576837416","238.83518931","245.09376392","2.0276621","25.17495659371453","2.1279252","33.735115000548184","3.1876262626262624","0.6708333333333333","4.832569444444444","4.27887029288703","1.0383333333333333","0.5211538461538462","0.8433751743375174","3.7846473029045646",,,
"2026-05-16","actual","EH4000","CONV","42074.0000","185","4","4","91.887222","0.000000","91.887222",,"0.000000","19.846667","72.040556","5.006667","67.033889","15.630278","227.427027027027027027","227.42702703","233.62540541","1.8420811","26.830161458657095","1.9220811","26.430714514542508","2.6031372549019607","0.70420054200542","4.1194260485651215","2.830022075055188","1.3173611111111112","0.6368480725623583","1.1537527593818984","4.363289760348583",,,
"2026-05-16","actual","EH5000","AHS","68022.0000","234","7","7","150.945000","0.000000","150.945000",,"21.880556","20.301667","108.762778","3.700556","105.062222","13.814444","290.692307692307692308","290.69230769","302.35085470","4.0625470","27.314000430114483","4.1616009","35.62900023102106","3.44559585492228","0.9316561844863731","8.924098124098125","3.253030303030303","1.8307471264367814","0.5730529595015577","1.4874458874458873","7.008225108225108",,,
"2026-05-16","actual","EH5000","CONV","76488.0000","264","5","5","113.169722","0.000000","113.169722",,"27.000000","5.808611","80.361111","6.872222","73.488889","5.784167","289.727272727272727273","289.72727273","296.60874525","2.2687490","25.27337595698925","2.3259810","31.541248191509474","2.5964864864864863","0.5970948012232415","5.386100386100386","2.6778635778635778","0.5780701754385965","0.43490813648293963","1.3038759689922481","4.424646074646075",,,
"2026-05-17","actual","CAT793","AHS","478071.0000","2013","37","37","925.507222","0.000000","925.507222",,"20.003611","123.866389","781.637222","16.161667","765.475556","94.446667","237.491803278688524590","237.49180328","238.90163934","2.8827604","22.048164069406113","2.9322209","29.08195602991403","2.482952182952183","0.8885785470757933","7.844899169632266","2.648677517802645","2.6807898259705487","0.6720926026406222","0.69132280523009","6.049567430025445",,,
"2026-05-17","actual","CAT793","CONV","77440.0000","322","7","7","174.315000","0.000000","174.315000",,"31.985000","0.415556","141.914444","16.778889","125.135556","10.548611","240.496894409937888199","240.49689441","247.82515528","3.2950373","26.39274338004166","3.3591495","28.76502330077433","3.1422101449275366","0.6079656862745098","7.490780141843971","3.5571631205673757","1.7649019607843137","0.5295068027210884","0.9310443490701001","7.0067375886524825",,,
"2026-05-17","actual","EH4000","CONV","35796.0000","157","3","3","129.763333","0.000000","129.763333",,"65.116389","13.141111","51.505833","1.843056","49.662778","7.361667","228.000000000000000000","228.00000000","239.32229299","1.7392166","27.677028896389","1.7950897","26.81311444238856","2.1892857142857145","0.5003367003367003","3.770382882882883","3.4388513513513517","1.8","0.6674657534246575","1.1989864864864865","4.016891891891892",,,
"2026-05-17","actual","EH5000","AHS","49470.0000","170","5","5","101.918889","0.000000","101.918889",,"0.000000","1.829167","100.089722","9.958611","90.131111","13.444444","291.000000000000000000","291.00000000","295.30411765","4.6938944","29.33833807690343","4.5674965","35.93818359239403","4.2824","1.1447530864197533","9.599509803921569","3.198915187376726","1.0408045977011495","0.5940389294403893","1.4744117647058823","7.625588235294118",,,
"2026-05-17","actual","EH5000","CONV","114363.0000","394","8","8","365.886111","190.535278","175.350833",,"0.000000","22.256389","153.094444","11.264722","141.829722","11.572222","290.261421319796954315","290.26142132","301.54873096","2.9078240","27.746986646591072","2.8635255","32.01102033935899","2.83125","0.5615830115830115","6.287869822485207","2.840285996055227","0.7192708333333333","0.43211009174311926","1.3675049309664693","5.367261904761905",,,
"2026-05-18","actual","CAT793","AHS","419806.0000","1768","38","38","926.304444","0.000000","926.304444",,"70.532222","89.956389","765.815833","12.691944","753.123889","133.288611","237.446832579185520362","237.44683258","236.39468326","2.9721542","22.40672155596769","3.0398608","30.44647710706635","2.902120574833509","0.9463144963144963","7.958739146847867","2.7820302171860245","2.5852850539291214","0.6621129326047358","0.7009626274065685","5.99056657223796",,,
"2026-05-18","actual","CAT793","CONV","71891.0000","299","6","6","156.546111","0.000000","156.546111",,"6.146944","28.292778","122.106389","10.785000","111.321389","12.938056","240.438127090301003344","240.43812709","249.15083612","2.4914161","22.4227449","2.5364932","25.890575445638618","2.4222222222222225","0.6220551378446115","6.666666666666667","3.879561403508772","1.9321428571428572","0.5284883720930232","0.9219298245614035","5.878184991273996",,,
"2026-05-18","actual","EH4000","CONV","41032.0000","180","3","3","69.626389","0.000000","69.626389",,"0.000000","2.961389","66.665000","1.958056","64.706944","12.967222","227.955555555555555556","227.95555556","235.13666667","1.9364056","28.303455245696256","2.1431955","28.16464674593242","1.910774410774411","0.6426509186351707","4.104952380952381","3.5025714285714287","1.609240924092409","0.6578095238095238","1.1473333333333333","4.565714285714285",,,
"2026-05-18","actual","EH5000","AHS","63141.0000","217","6","6","459.796667","0.000000","459.796667",,"23.810556","330.150556","105.835556","3.252222","102.583333","11.159722","290.972350230414746544","290.97235023","300.05437788","3.1505053","22.77115494906692","3.1087526","29.11834743498435","4.430735930735931","1.0566425120772946","8.301305683563749","3.1117511520737327","1.1639269406392694","0.6644389438943894","1.5249615975422428","6.405760368663595",,,
"2026-05-18","actual","EH5000","CONV","115545.0000","399","7","7","167.910556","0.000000","167.910556",,"0.000000","1.998611","165.911944","8.395278","157.516667","9.099444","289.586466165413533835","289.58646617","297.65062657","3.3766952","27.307158169865545","3.3960992","34.53029041551063","3.552122641509434","0.7332210998877665","7.41936274509804","3.7798529411764705","0.5720930232558139","0.4611278952668681","1.3752941176470588","5.901078431372549",,,
"2026-05-19","actual","CAT793","AHS","421240.0000","1769","37","37","1141.384722","0.000000","1141.384722",,"103.924167","16.398056","1021.062500","0.311944","1020.750556","91.970000","238.123233465234595817","238.12323347","239.03956466","2.8245111","19.233799963633302","2.9177075","26.19257643010324","2.7136634844868732","0.8084713746004069","8.811086021505377","2.653032258064516","3.0507042253521126","0.6821247697974218","0.7275591397849462","6.683666666666666",,,
"2026-05-19","actual","CAT793","CONV","91946.0000","385","8","8","164.211667","0.000000","164.211667",,"0.753611","10.595000","152.863056","15.270556","137.592500","14.369167","238.820779220779220779","238.82077922","245.85042980","2.2210286","22.564223665977206","2.3744208","22.893531762087928","2.873529411764706","0.6781333333333334","5.9058852621167155","4.148219584569733","1.0804659498207885","0.5207931404072883","0.8090999010880316","6.222947576656776",,,
"2026-05-19","actual","EH4000","CONV","59734.0000","262","3","3","88.080278","0.000000","88.080278",,"0.000000","16.256944","71.823333","1.478889","70.344444","8.843333","227.992366412213740458","227.99236641","233.42748092","1.2309504","24.469632553145054","1.3002786","25.03051420044807","2.0973765432098768","0.8110849056603774","3.0183135704874835","3.7765480895915675","1.0542635658914727","0.632","1.004216073781291","3.1168642951251644",,,
"2026-05-19","actual","EH5000","AHS","56436.0000","194","4","4","100.464167","0.000000","100.464167",,"9.908889","21.362222","69.193056","1.338056","67.855000","7.874444","290.907216494845360825","290.90721649","297.29639175","2.1928743","22.237273974546092","2.6616302","31.629278630361906","2.7288505747126437","0.800314465408805","5.916753022452505","3.0594991364421418","1.182371794871795","0.6716931216931218","1.3784974093264248","5.049050086355786",,,
"2026-05-19","actual","EH5000","CONV","127179.0000","439","7","7","167.826944","0.000000","167.826944",,"0.000000","4.785000","163.041944","9.341667","153.700278","8.594444","289.701594533029612756","289.70159453","298.24168565","3.1185708","26.50509850029429","3.1272465","32.985444086972755","2.1296875","0.47027777777777774","7.059556786703601","3.238827331486611","1.1449074074074075","0.45754189944134077","1.3088180978762696","5.688411819021238",,,
"2026-05-20","actual","CAT793","AHS","328632.0000","1380","33","33","986.039444","0.000000","986.039444",,"64.471389","196.767500","724.800556","1.328889","723.471667","68.914722","238.139130434782608696","238.13913043","236.15452506","3.5123505","21.08552696543548","3.6543265","29.645414152063797","3.3003170289855075","0.839921231650555","9.994582082082081","2.5965215215215216","2.9217228464419476","0.6838541666666667","0.7296741854636591","7.396071071071072",,,
"2026-05-20","actual","CAT793","CONV","105578.0000","440","6","6","138.246111","0.000000","138.246111",,"0.000000","5.478889","132.767222","14.048056","118.719167","11.321111","239.950000000000000000","239.95000000","247.54045455","1.4265318","22.85086094284306","1.4385604","23.14261271978738","2.4579310344827587","0.697485380116959","3.7456754130223517","3.9205539358600583","0.8805128205128204","0.5542944785276074","0.9323615160349854","3.7296404275996116",,,
"2026-05-20","actual","EH4000","CONV","54020.0000","237","3","3","89.611111","0.000000","89.611111",,"0.000000","16.157500","73.453611","3.280000","70.173611","7.263056","227.932489451476793249","227.93248945","236.59029536","1.5952236","26.42483026507952","1.6408523","26.244508275382476","2.950282485875706","0.836976320582878","3.6221014492753625","3.704855072463768","1.093730886850153","0.65","1.1057971014492753","3.751304347826087",,,
"2026-05-20","actual","EH5000","AHS","68637.0000","236","6","6","133.155833","0.000000","133.155833",,"18.740833","15.703889","98.711111","2.441667","96.269444","12.528056","290.834745762711864407","290.83474576","301.59745763","3.4562128","26.95845984","3.2859485","32.80574339756809","3.177916666666667","1.0324324324324323","7.6923076923076925","3.284116809116809","1.3391304347826085","0.6542600896860987","1.5166666666666666","6.00982905982906",,,
"2026-05-20","actual","EH5000","CONV","105048.0000","362","6","6","144.128611","0.000000","144.128611",,"0.000000","0.000000","144.128611","7.562500","136.566111","15.373056","290.187845303867403315","290.18784530","292.33784530","3.1541504","28.46863478739013","3.1630756","35.26401851351351","2.7998168498168496","0.5318407960199004","6.647632575757576","3.590625","1.233838383838384","0.4648380355276907","1.236600378787879","5.381818181818182",,,
"2026-05-21","actual","CAT793","AHS","335712.0000","1411","32","32","758.482500","0.000000","758.482500",,"27.912222","31.449444","699.120833","3.668333","695.452500","57.059167","237.924875974486180014","237.92487597","242.75111441","3.6517708","21.644563578794497","3.6494517","27.276094338622457","3.009775870290892","0.8527087316762268","10.12292288557214","2.857810945273632","2.2252490942028986","0.6913882413882414","0.6861858495266567","8.027802634849614",,,
"2026-05-21","actual","CAT793","CONV","103236.0000","432","8","8","389.638611","0.000000","389.638611",,"231.829722","9.669167","148.139722","12.408889","135.730833","14.419167","238.972222222222222222","238.97222222","242.97870370","2.1367014","24.662660340145234","2.1825548","25.533568490094034","2.64161220043573","0.651957671957672","5.198226072607261","4.134612211221122","1.0776190476190477","0.5134810710987996","0.9391501650165016","5.128671617161716",,,
"2026-05-21","actual","EH4000","CONV","58998.0000","259","4","4","107.854444","0.000000","107.854444",,"0.000000","17.319722","90.534722","4.162778","86.371944","8.731111","227.791505791505791506","227.79150579","234.64555985","2.8854131","31.035762543498898","2.8881907","33.99701316356363","2.6087813620071687","0.6477414330218069","5.578235294117647","3.429411764705882","1.4125396825396825","0.6093792172739542","1.1164052287581698","5.097254901960784",,,
"2026-05-21","actual","EH5000","AHS","61398.0000","211","6","6","131.645000","0.000000","131.645000",,"9.215000","11.483056","110.946944","0.001944","110.945000","13.350278","290.985781990521327014","290.98578199","303.31090047","4.5529500","28.54165452129635","4.4981277","35.20491479918396","4.456862745098039","0.9330985915492958","9.571169036334913","3.506003159557662","1.201111111111111","0.67325","1.4685624012638232","7.666192733017378",,,
"2026-05-21","actual","EH5000","CONV","108570.0000","374","6","6","135.470833","0.000000","135.470833",,"0.000000","1.758056","133.712778","6.664722","127.048056","8.503611","290.294117647058823529","290.29411765","296.12754011","3.2026604","28.380877991143695","3.2097127","34.8777652599288","2.8956560283687947","0.5821151716500554","6.770742753623188","3.6091032608695652","0.6306451612903226","0.4447214076246334","1.2105072463768116","5.521648550724637",,,
"2026-05-22","actual","CAT793","AHS","310389.0000","1299","31","31","724.926944","0.000000","724.926944",,"110.491667","51.170833","563.264444","1.373611","561.890833","93.096667","238.944572748267898383","238.94457275","242.09739049","2.9758035","18.790840861074123","3.1598937","24.39108353248987","3.8643839383938396","0.9480815347721823","9.501874414245549","3.361554096310194","1.050877192982456","0.6614920013059092","0.6532833020637898","7.773070915338957",,,
"2026-05-22","actual","CAT793","CONV","161688.0000","678","12","12","235.312222","0.000000","235.312222",,"0.000000","6.356111","228.956111","12.573889","216.382222","33.805278","238.477876106194690265","238.47787611","244.69943289","1.9903467","18.47384038492265","2.0242243","20.9464682901946","3.762108262108262","0.5768749999999999","6.464319248826291","3.609686274509804","2.0510714285714284","0.5564422277639235","0.8672549019607844","5.798278560250392",,,
"2026-05-22","actual","EH4000","CONV","41468.0000","182","4","4","83.920556","0.000000","83.920556",,"0.000000","3.402222","80.518333","3.049167","77.469167","13.261389","227.846153846153846154","227.84615385","233.15109890","2.8062108","26.99040317062777","2.9461446","29.445388528409865","2.3462222222222224","0.6519083969465649","6.238241308793456","3.4547034764826177","2.707142857142857","0.6139957264957265","1.17719836400818","6.003271983640081",,,
"2026-05-22","actual","EH5000","AHS","86976.0000","300","8","8","160.689167","0.000000","160.689167",,"0.000000","3.057778","157.631389","0.371389","157.260000","22.285556","289.920000000000000000","289.92000000","300.82833333","5.2558716","29.703202101495535","5.4319150","34.40400781153785","3.7814625850340136","0.8786838340486409","10.616777777777777","3.4192222222222224","1.282905982905983","0.6714942528735632","1.2734444444444444","9.473166666666666",,,
"2026-05-22","actual","EH5000","CONV","86934.0000","299","4","4","95.974167","0.000000","95.974167",,"0.000000","1.495556","94.478611","4.632500","89.846111","6.152222","290.749163879598662207","290.74916388","294.20735786","2.3241405","25.5352450088588","2.3436622","31.571370553755745","2.1628472222222226","0.5170634920634921","5.461017897091723","3.0444630872483223","0.7680272108843538","0.43806306306306303","1.1755592841163311","4.454026845637584",,,
"2026-05-23","actual","CAT793","AHS","388069.0000","1633","35","35","913.960000","0.000000","913.960000",,"194.961944","87.629722","631.368333","10.021667","621.346667","90.840556","237.641763625229638702","237.64176363","244.72798530","3.1782830","24.761764986710205","3.3231666","32.36044900729528","2.9057988165680473","0.8442302199371609","7.701267664172901","3.028740648379052","1.5525703463203464","0.6577616534740545","0.6700748129675811","6.161533665835411",,,
"2026-05-23","actual","CAT793","CONV","126029.0000","527","10","10","205.496111","0.000000","205.496111",,"4.055278","11.812222","189.628611","22.086944","167.541667","20.204444","239.144212523719165085","239.14421252","245.69506641","2.6175104","23.42723238752105","2.7006099","27.942986210325166","2.7972222222222225","0.6064880952380952","6.703763440860215","3.754602323503128","2.004212454212454","0.47745383867832847","0.7699820788530466","5.798828828828829",,,
"2026-05-23","actual","EH4000","CONV","46718.0000","205","4","4","95.914444","0.000000","95.914444",,"0.000000","5.277222","90.637222","2.459167","88.178056","21.464722","227.892682926829268293","227.89268293","236.37414634","2.9930146","31.461634038380463","3.0986634","32.52596440078586","2.8782196969696967","0.6229166666666667","5.707932263814617","3.2010695187165776","2.0625412541254127","0.6109576427255985","1.1170231729055258","5.716042780748663",,,
"2026-05-23","actual","EH5000","AHS","95379.0000","329","8","8","187.546389","0.000000","187.546389",,"0.440278","2.381667","184.724444","0.098333","184.626111","16.617222","289.905775075987841945","289.90577508","293.64498480","5.7931625","29.493320020412664","5.7697508","33.64782840463687","3.8849462365591396","0.9534370946822309","11.785372069317024","2.887920489296636","1.2185964912280702","0.6987460815047022","1.4102446483180426","10.288481141692152",,,
"2026-05-23","actual","EH5000","CONV","68358.0000","235","4","4","104.995000","0.000000","104.995000",,"32.370278","0.000000","72.624722","5.638611","66.986111","2.818333","290.885106382978723404","290.88510638","287.47744681","2.5083889","26.925937655109138","2.5872308","32.27334043001836","1.7991967871485945","0.48433835845896145","5.589529914529915","2.8908119658119658","0.6351851851851852","0.3802575107296137","1.2044159544159543","4.8099715099715095",,,
"2026-05-24","actual","CAT793","AHS","335518.0000","1414","32","32","797.938056","0.000000","797.938056",,"33.055833","47.955833","716.926389","1.550278","715.376111","90.167778","237.282885431400282885","237.28288543","246.33361801","2.9330409","22.789146037239156","3.0762568","28.252466739437914","2.719810298102981","0.7862843729040913","7.722204847537139","3.0023586135001303","2.0404432930339667","0.6692661792580558","0.6688706311945748","6.533072304881232",,,
"2026-05-24","actual","CAT793","CONV","176249.0000","737","14","14","322.879722","0.000000","322.879722",,"0.000000","10.931389","311.948333","30.783333","281.165000","45.996944","239.143826322930800543","239.14382632","244.67271449","2.8789314","24.33269776324544","2.9391111","27.950670732012515","2.7158059467918623","0.6001745200698081","7.098920377867746","3.353205128205128","2.3770408163265304","0.4598194130925508","0.8538461538461539","6.309210526315789",,,
"2026-05-24","actual","EH4000","CONV","29368.0000","129","4","4","142.899722","0.000000","142.899722",,"60.194444","25.497778","57.207500","2.648889","54.558611","16.480556","227.658914728682170543","227.65891473","234.93720930","2.2905469","27.787595080033693","2.3321417","29.739773544893005","2.450980392156863","0.574822695035461","4.945833333333334","3.053611111111111","2.130666666666667","0.5895833333333333","1.0768055555555556","4.705096418732782",,,
"2026-05-24","actual","EH5000","AHS","91077.0000","314","8","8","187.532500","0.000000","187.532500",,"11.101111","3.348889","173.082500","2.429167","170.653333","15.576944","290.054140127388535032","290.05414013","288.35318471","5.0431383","28.525497049357508","5.1056346","31.194446646415948","3.910569105691057","1.0771806853582553","10.607643312101912","2.9524115755627007","1.1849794238683127","0.695792349726776","1.462861736334405","9.820276008492568",,,
"2026-05-24","actual","EH5000","CONV","45957.0000","158","4","4","89.270556","0.000000","89.270556",,"0.000000","14.577778","74.692778","10.881944","63.810833","13.476389","290.867088607594936709","290.86708861","283.34873418","2.6309933","25.850013629517033","2.6272517","28.899260625797716","2.7695286195286197","0.5785333333333333","6.106751054852321","2.9614978902953584","2.0630952380952383","0.3741111111111111","1.1202531645569622","5.454641350210971",,,
"2026-05-25","actual","CAT793","AHS","340935.0000","1437","31","31","624.078611","0.000000","624.078611",,"39.152778","31.279444","553.646389","0.026389","553.620000","82.396111","237.254697286012526096","237.25469729","244.83047069","2.6319504","19.22788583024707","2.7637774","26.007238749768753","2.750565476190476","0.8768280123583934","8.212916666666667","2.805430555555555","1.659199522102748","0.6698206018518519","0.724200722824576","6.376172633916181",,,
"2026-05-25","actual","CAT793","CONV","190841.0000","797","14","14","305.823611","0.000000","305.823611",,"1.332778","18.278889","286.211944","28.225278","257.986667","34.531667","239.449184441656210790","239.44918444","245.18409091","2.7362343","24.95661159775154","2.8352144","28.82473639908862","2.7229016786570743","0.4536888888888889","6.578379334748761","3.2420736022646848","1.9381666666666668","0.47184738955823297","0.8421797593772116","5.9016277423920736",,,
"2026-05-25","actual","EH4000","CONV","29812.0000","131","2","2","63.153333","0.000000","63.153333",,"0.000000","14.118889","49.034444","4.399444","44.635000","9.523333","227.572519083969465649","227.57251908","233.63282443","2.2640775","30.219000282778772","2.5052500","33.72940542596349","1.8248062015503876","0.5484210526315789","4.495338983050847","2.767231638418079","1.9203125","0.5176900584795322","1.0942090395480226","4.4564971751412426",,,
"2026-05-25","actual","EH5000","AHS","87153.0000","301","9","9","223.877778","0.000000","223.877778",,"56.550278","7.450556","159.876944","0.117500","159.759444","15.145000","289.544850498338870432","289.54485050","296.85315615","4.8368073","28.21479691715423","4.9652997","30.64210810216155","3.2997093023255815","0.9990061162079511","10.285682326621924","3.2456790123456787","1.086318407960199","0.6800813008130081","1.3898428731762065","9.72250280583614",,,
"2026-05-25","actual","EH5000","CONV","72147.0000","248","4","4","291.011111","214.426667","76.584444",,"1.161667","2.984444","72.438333","9.790833","62.647500","2.928889","290.915322580645161290","290.91532258","290.89798387","2.2564476","27.13974884856323","2.3261452","34.2014827337703","1.3062121212121212","0.38546099290780145","4.988508064516129","2.5689516129032257","2.6305555555555555","0.3488405797101449","1.0516129032258064","4.080779569892473",,,
"2026-05-26","actual","CAT793","AHS","328109.0000","1379","28","28","689.792500","0.000000","689.792500",,"31.134722","8.320278","650.337500","10.580556","639.756944","96.567222","237.932559825960841189","237.93255983","242.90253566","2.6167660","20.337091910165967","2.6992427","27.42161752374276","2.8514242878560716","0.954153686396677","7.720177530471648","2.9022787493375732","2.775401234567901","0.6512798634812287","0.7242845786963434","5.906090764331211",,,
"2026-05-26","actual","CAT793","CONV","220020.0000","918","18","18","399.041944","0.000000","399.041944",,"39.971944","9.091389","349.978611","33.786944","316.191667","33.512222","239.673202614379084967","239.67320261","245.94869762","2.8843868","24.391135385621283","3.0109536","27.759418734301985","2.3306513409961687","0.5667022792022791","7.095332187857961","3.3257731958762884","1.2457471264367816","0.46265182186234816","0.7643757159221077","6.5079610538373425",,,
"2026-05-26","actual","EH4000","CONV","35112.0000","154","2","2","210.227778","0.000000","210.227778",,"0.000000","162.270278","47.957500","0.638611","47.318889","9.708056","228.000000000000000000","228.00000000","239.82402597","1.8227597","30.172275353660527","2.0622987","29.994063783845732","2.153763440860215","0.4642857142857143","3.624704491725768","3.1108747044917258","1.3833333333333333","0.5855072463768116","1.0353427895981087","4.125413711583924",,,
"2026-05-26","actual","EH5000","AHS","107781.0000","372","9","9","190.599167","0.000000","190.599167",,"1.491944","10.016944","179.090278","0.126944","178.963333","14.214722","289.733870967741935484","289.73387097","298.45161290","4.2953025","27.786797053738827","4.4304441","31.923594413291458","3.373376623376623","0.7128813559322035","9.274841915085819","3.2348690153568205","1.8945544554455445","0.668430826369545","1.3440379403794038","8.326964769647697",,,
"2026-05-26","actual","EH5000","CONV","67509.0000","232","3","3","67.807500","0.000000","67.807500",,"0.000000","1.531111","66.276389","7.670278","58.606111","2.529722","290.987068965517241379","290.98706897","293.29741379","1.9262284","26.166776180472745","1.9531509","33.33826536206897","2.0215408805031445","0.44033333333333335","4.416810966810967","2.826911976911977","0.525","0.4186231884057971","1.1873737373737374","3.515151515151515",,,
"2026-05-27","actual","CAT793","AHS","363785.0000","1529","31","31","751.970000","0.000000","751.970000",,"121.930556","17.184444","612.855000","9.335556","603.519444","93.045833","237.923479398299542184","237.92347940","234.81946403","2.6594239","20.825919636011616","2.7385451","26.89803175099277","3.1482244318181816","0.9279448621553885","7.6618673647469455","2.8357374190333835","2.5328175895765472","0.6832522960561858","0.691791230692576","6.108726003490402",,,
"2026-05-27","actual","CAT793","CONV","125934.0000","529","13","13","239.434167","0.000000","239.434167",,"4.450000","36.381667","198.602500","21.853611","176.748889","12.664444","238.060491493383742911","238.06049149","243.23319920","3.0326295","21.558763435984844","3.1424269","24.941576154576353","3.3902930402930402","0.7046772068511199","8.44008379888268","3.0347260909935003","1.7021072796934866","0.48250487329434694","0.7882079851439183","7.559490740740741",,,
"2026-05-27","actual","EH4000","CONV","32804.0000","144","3","3","64.590556","0.000000","64.590556",,"0.000000","9.889167","54.701389","2.781667","51.919722","5.165556","227.805555555555555556","227.80555556","235.47708333","2.7810140","30.229630017311482","2.8744296","33.9455011153392","2.583760683760684","0.7798611111111111","5.519777777777778","3.2493333333333334","2.0644927536231883","0.5632420091324201","1.1877777777777778","5.080666666666667",,,
"2026-05-27","actual","EH5000","AHS","107199.0000","370","10","10","194.610833","0.000000","194.610833",,"0.919167","24.872778","168.818889","0.765000","168.053889","11.933889","289.727027027027027027","289.72702703","300.82702703","4.3559027","29.106728018561483","4.5103016","33.12149659353407","3.0063458856345884","0.8236206896551724","8.979166666666666","3.2170329670329667","1.3984674329501916","0.6653333333333333","1.3143772893772894","8.170467032967032",,,
"2026-05-27","actual","EH5000","CONV","57327.0000","197","3","3","104.816389","0.000000","104.816389",,"35.197778","3.512222","66.106389","5.730833","60.375556","7.031389","291.000000000000000000","291.00000000","293.15228426","2.1171472","25.195376436895987","2.1170254","29.08833217611435","2.2291666666666665","0.49908536585365854","5.041751700680272","2.6720238095238096","0.3423076923076923","0.44047619047619047","1.1251700680272108","4.366751700680272",,,
"2026-05-28","actual","CAT793","AHS","430138.0000","1804","38","38","960.749722","0.000000","960.749722",,"15.693889","248.971111","696.084722","6.306667","689.778056","68.294722","238.435698447893569845","238.43569845","238.46729141","2.9044512","21.20729352494682","3.0143737","26.648845704950595","3.307740916271722","0.9359663409337676","8.217317867317867","2.8427916921197314","2.0957303857824012","0.6971585804132974","0.678738793806031","6.78687639991855",,,
"2026-05-28","actual","CAT793","CONV","82979.0000","347","7","7","150.554722","0.000000","150.554722",,"13.743333","11.537500","125.273889","15.285556","109.988333","9.070278","239.132564841498559078","239.13256484","246.90951009","2.6240410","23.75275579131789","2.7338991","28.05597708095781","2.613703703703704","0.7429906542056075","6.628387096774193","2.6968817204301074","2.425","0.4139821029082774","0.7891397849462366","5.846666666666667",,,
"2026-05-28","actual","EH4000","CONV","50644.0000","223","3","3","72.095278","0.000000","72.095278",,"0.000000","0.000000","72.095278","3.788889","68.306389","2.991389","227.103139013452914798","227.10313901","234.41165919","2.7875381","28.672338944284707","2.7963167","33.09347541438084","2.445991561181435","0.5647435897435897","5.833227848101266","2.808966244725738","1.0270833333333333","0.4444444444444445","1.1753164556962024","5.069851380042463",,,
"2026-05-28","actual","EH5000","AHS","107106.0000","370","10","10","190.800833","0.000000","190.800833",,"0.000000","12.662500","178.138333","0.098889","178.039444","13.458333","289.475675675675675676","289.47567568","302.49513514","4.4391685","28.129250009805283","4.3676233","33.06774648584703","4.1162356321839075","0.8417508417508418","9.468795289855073","3.2428442028985507","1.154954954954955","0.6540345821325649","1.3317028985507247","7.924864130434782",,,
"2026-05-28","actual","EH5000","CONV","49179.0000","169","3","3","92.755833","0.000000","92.755833",,"9.384167","31.815278","51.556389","5.120000","46.436389","2.388333","291.000000000000000000","291.00000000","298.11420118","2.1807751","26.06792593248478","2.2978166","32.770219762309","2.1227272727272726","0.5091666666666667","5.019444444444445","2.893253968253968","0.9600000000000001","0.41467065868263475","1.1493055555555556","4.207142857142857",,,
"2026-05-29","actual","CAT793","AHS","447478.0000","1870","38","38","865.493056","0.000000","865.493056",,"24.413056","53.378056","787.701944","1.380556","786.321389","77.413333","239.293048128342245989","239.29304813","246.39058824","3.4998199","24.26671869214446","3.5827868","31.609747629913983","3.094747364594693","0.9441954445260837","8.653382299601017","3.0250725426187883","2.101097393689986","0.6808333333333334","0.6912042074718897","6.800661951396446",,,
"2026-05-29","actual","CAT793","CONV","68898.0000","288","6","6","140.948333","0.000000","140.948333",,"13.118611","28.565278","99.264444","8.382222","90.882222","10.984167","239.229166666666666667","239.22916667","244.02708333","2.7928057","19.363717075593623","2.9323262","22.108199408085095","3.3313953488372094","1.0075498575498576","8.65372807017544","3.2705043859649123","1.5066666666666668","0.48666666666666664","0.7678728070175438","7.9581140350877195",,,
"2026-05-29","actual","EH4000","CONV","46628.0000","206","3","3","72.106389","0.000000","72.106389",,"1.785000","0.000000","70.321389","6.230000","64.091389","5.288333","226.349514563106796117","226.34951456","230.86165049","2.5085388","29.138688713633773","2.5920634","34.37864624641251","3.124311926605505","0.5673563218390805","5.165377532228361","2.4979742173112336","0.3196969696969697","0.45351851851851854","1.1845303867403314","4.523848987108655",,,
"2026-05-29","actual","EH5000","AHS","131124.0000","453","11","11","250.103056","0.000000","250.103056",,"15.707500","8.291389","226.104167","0.098611","226.005556","22.721389","289.456953642384105960","289.45695364","297.86291391","4.4525037","27.162908378146327","4.4389022","32.25208471360719","3.930132450331126","0.9109999999999999","9.835111111111111","3.343851851851852","1.2572289156626506","0.6746358183376179","1.3585555555555555","8.257888888888889",,,
"2026-05-29","actual","EH5000","CONV","35211.0000","121","2","2","52.405000","0.000000","52.405000",,"2.412778","8.146944","41.845278","3.550833","38.294444","3.262500","291.000000000000000000","291.00000000","291.41652893","2.3075041","27.239167257644123","2.3074959","32.242478539012744","2.383625730994152","0.47852233676975947","5.082763532763533","3.057977207977208","0.31666666666666665","0.37695652173913047","1.1732193732193734","4.294017094017094",,,
"2026-05-30","actual","CAT793","AHS","449267.0000","1883","40","40","968.733056","0.000000","968.733056",,"91.927222","62.991944","813.813889","0.124167","813.689722","97.358056","238.591078066914498141","238.59107807","245.47954182","3.5392944","24.25948708060115","3.6038503","31.14537141006742","2.876877543470218","0.9658617424242425","8.753592493297587","2.8629023605150214","1.5999814814814814","0.6741929094870271","0.7155674709562109","6.942637323313652",,,
"2026-05-30","actual","CAT793","CONV","54636.0000","228","5","5","130.843056","0.000000","130.843056",,"0.280556","34.619444","95.943056","20.718889","75.224167","6.392778","239.631578947368421053","239.63157895","241.16008772","2.6873904","19.555192238242824","2.6959558","22.788838776331676","2.3474358974358975","0.8592857142857143","8.245555555555557","3.366825396825397","0.6549999999999999","0.39983818770226537","0.7765079365079365","7.0980952380952385",,,
"2026-05-30","actual","EH4000","CONV","40772.0000","180","3","3","72.121667","0.000000","72.121667",,"0.065833","10.428333","61.627500","3.504722","58.122778","2.622778","226.511111111111111111","226.51111111","228.66055556","3.0982556","29.38327977561172","3.1624444","34.14998011080919","1.9348484848484848","0.4666666666666667","6.326568627450981","2.4540196078431373","2.74375","0.45443786982248524","1.350686274509804","5.556274509803922",,,
"2026-05-30","actual","EH5000","AHS","118332.0000","409","11","11","269.780556","0.000000","269.780556",,"43.125000","21.789167","204.866389","0.532500","204.333889","28.013889","289.320293398533007335","289.32029340","297.10537897","3.7822426","26.013761359130786","4.1090098","31.517863436376707","3.7361486486486486","0.9248525073746312","8.72363488182559","3.4814588427057864","0.8407407407407407","0.6625541125541126","1.351752241238794","7.822249388753056",,,
"2026-05-30","actual","EH5000","CONV","47433.0000","163","2","2","48.807500","0.000000","48.807500",,"0.000000","2.795000","46.012500","3.955833","42.056667","2.183333","291.000000000000000000","291.00000000","302.10920245","2.3222945","28.063448641459242","2.3219018","34.66591695975378","1.1546783625730994","0.33395061728395065","4.965094339622642","2.662578616352201","0.23214285714285715","0.42753164556962026","1.2457023060796646","4.018763102725367",,,
"2026-05-31","actual","CAT793","AHS","437103.0000","1839","40","40","918.632500","0.000000","918.632500",,"123.788333","29.086944","765.757222","2.125278","763.631944","79.640000","237.685154975530179445","237.68515498","244.29532355","3.2354716","23.986965033474675","3.2931464","31.151186563421298","3.1367141812865498","1.0484644460193715","8.093074539821396","3.192876712328767","1.9863156100886163","0.6806651419858967","0.7113910186199344","6.342897520058352",,,
"2026-05-31","actual","CAT793","CONV","88424.0000","368","7","7","143.184722","0.000000","143.184722",,"0.273611","4.834167","138.076944","17.583889","120.493056","9.315278","240.282608695652173913","240.28260870","244.72228261","3.1794212","20.569682290599122","3.2816384","22.77373007780608","3.6946127946127945","1.064781746031746","9.274099099099098","3.415165165165165","1.1774774774774774","0.4166666666666667","0.8332582582582583","8.645852187028657",,,
"2026-05-31","actual","EH4000","CONV","23682.0000","104","3","3","72.640556","0.000000","72.640556",,"8.770833","3.819167","60.050556","4.777500","55.273056","5.143056","227.711538461538461538","227.71153846","229.70769231","5.7763137","36.29343590544777","5.7586863","37.38372310509637","3.686","0.7895555555555556","9.54935275080906","3.631715210355987","1.1611111111111112","0.3707865168539326","1.3506472491909385","9.242556634304208",,,
"2026-05-31","actual","EH5000","AHS","88869.0000","308","9","9","224.938056","4.716667","220.221389",,"9.890000","49.955833","160.375556","6.006944","154.368611","14.866389","288.535714285714285714","288.53571429","295.61590909","4.3553720","23.21525081049899","4.4877226","31.016367278643152","3.694927536231884","0.9293650793650793","11.256493506493507","3.5845238095238097","1.4890070921985814","0.671358543417367","1.3859848484848485","8.68133116883117",,,
"2026-05-31","actual","EH5000","CONV","74415.0000","256","4","4","93.170833","0.000000","93.170833",,"0.000000","1.303333","91.867500","9.876389","81.991111","3.960278","290.683593750000000000","290.68359375","298.96289063","2.7529180","28.497384635124302","2.7767969","32.17733670670941","2.437410071942446","0.527860696517413","5.796148738379814","2.8583333333333334","1.4979166666666666","0.43792372881355934","1.3046666666666666","5.1778",,,
"2026-06-01","actual","CAT793","AHS","537447.0000","2253","45","45","1303.989444","0.000000","1303.989444",,"287.905000","52.225556","963.858889","5.489167","958.369722","103.617500","238.547270306258322237","238.54727031","244.39942299","3.3564612","23.11475215811225","3.3972134","30.698530653574423","3.0964948172394977","0.9437683553597651","8.712517037710132","3.003674242424242","2.1280456444873033","0.6718431175781903","0.727580718508413","6.639822807814629",,,
"2026-06-01","actual","CAT793","CONV","11297.0000","47","1","1","23.961667","0.000000","23.961667",,"0.000000","0.000000","23.961667","1.691111","22.270556","1.666944","240.361702127659574468","240.36170213","248.90425532","6.0615319","36.206402921747184","6.0428511","38.740716900521825","3.4307291666666666","0.7349206349206349","10.044961240310077","2.9073643410852714","0.3","0.3027777777777778","0.7197674418604652","9.358914728682171",,,
"2026-06-01","actual","EH4000","CONV","30970.0000","136","3","3","76.353611","0.000000","76.353611",,"0.000000","2.981944","73.371667","7.815833","65.555833","4.446944","227.720588235294117647","227.72058824","231.56911765","6.0224286","33.65310726585384","6.0230455","38.073957106555504","2.4840277777777775","0.6685823754789272","10.73736559139785","2.801490514905149","1.0069444444444444","0.3622950819672131","1.1436827956989248","9.49159891598916",,,
"2026-06-01","actual","EH5000","AHS","81033.0000","281","9","9","256.373611","0.000000","256.373611",,"47.425556","58.372778","150.575278","0.507778","150.067500","14.806667","288.373665480427046263","288.37366548","300.61814947","5.1685267","26.741717637638462","5.1514199","31.46400898723899","3.3805","0.8623548922056385","11.596547619047618","3.1769047619047623","0.7117283950617284","0.5549275362318841","1.2036439665471925","9.82345238095238",,,
"2026-06-01","actual","EH5000","CONV","76398.0000","263","4","4","96.946667","0.000000","96.946667",,"0.000000","4.891667","92.055000","4.857500","87.197500","7.715833","290.486692015209125475","290.48669202","298.08250951","3.0442567","30.66898009019578","3.1647165","36.58767362063216","2.1371364653243847","0.591891891891892","5.955705128205128","2.932115384615385","0.33115942028985507","0.3967824967824968","1.2739102564102565","5.189807692307692",,,
"2026-06-02","actual","CAT793","AHS","540448.0000","2272","43","43","994.855000","0.000000","994.855000",,"55.663889","19.620278","919.570833","0.154722","919.416111","87.220833","237.873239436619718310","237.87323944","245.36117958","3.1094717","23.330871330160832","3.1962582","30.930716888549668","3.0293192297260645","0.9024133663366336","7.996628131021195","3.2200548635824435","1.8532826148210764","0.677733395989975","0.7190020759193357","6.200163180537013",,,
"2026-06-02","actual","CAT793","CONV","9761.0000","41","1","1","19.215278","0.000000","19.215278",,"0.000000","0.000000","19.215278","1.324444","17.890833","2.317778","238.073170731707317073","238.07317073","245.98292683","5.6178947","30.592075207986685","6.1723333","39.34903467327784","3.040350877192983","0.5083333333333333","11.018333333333334","2.122916666666667","4.0055555555555555","0.4876068376068376","0.7616666666666667","9.411666666666667",,,
"2026-06-02","actual","EH4000","CONV","37172.0000","164","4","4","92.890278","0.000000","92.890278",,"0.000000","9.103333","83.786944","10.277778","73.509167","10.118889","226.658536585365853659","226.65853659","230.89634146","4.1700955","31.843197868057338","4.2601056","36.71228135760681","2.9701320132013205","0.48350000000000004","7.857430997876858","2.3312101910828025","0.46954022988505745","0.5217622080679406","1.164543524416136","6.962420382165605",,,
"2026-06-02","actual","EH5000","AHS","76212.0000","264","8","8","185.582500","0.000000","185.582500",,"0.000000","51.303889","134.278611","0.000000","134.278611","13.004167","288.681818181818181818","288.68181818","302.12234848","5.1908163","26.473438894988487","5.2234739","31.691976089629417","3.1886546184738958","0.8308755760368663","11.764583333333333","3.606628787878788","0.8532520325203252","0.6401065449010654","1.2228535353535355","9.889204545454545",,,
"2026-06-02","actual","EH5000","CONV","63303.0000","218","5","5","105.663889","21.485000","84.178889",,"0.000000","3.083056","81.095833","5.429722","75.666111","10.369722","290.380733944954128440","290.38073394","296.92614679","3.3256465","28.354818142762724","3.4209624","34.67736520509194","2.64474358974359","0.6919621749408983","7.037209302325581","2.8613953488372093","0.6956521739130435","0.48779904306220095","1.2691705790297338","5.91906976744186",,,
"2026-06-03","actual","CAT793","AHS","499064.0000","2096","45","45","1033.271667","0.000000","1033.271667",,"64.491111","74.962500","893.818056","4.846944","888.971111","94.149444","238.103053435114503817","238.10305344","244.21260143","3.2791672","23.552912873564566","3.3394778","30.40178342460698","3.37946584938704","1.0157329598506069","8.353532875368009","3.314071709233792","1.4870670479822052","0.6898942624371641","0.6812387497954508","6.59068796068796",,,
"2026-06-03","actual","EH4000","CONV","45986.0000","202","4","4","96.178333","0.000000","96.178333",,"0.000000","0.000000","96.178333","4.207222","91.971111","8.798889","227.653465346534653465","227.65346535","230.14059406","4.5655132","30.025859476677187","4.6222903","35.16459090771165","3.142570281124498","0.5892592592592593","9.123162393162394","3.3304273504273505","0.537037037037037","0.4677835051546392","1.2118556701030927","7.886837606837607",,,
"2026-06-03","actual","EH5000","AHS","103053.0000","356","11","11","170.440000","0.000000","170.440000",,"2.343333","8.586944","159.509722","0.379167","159.130556","13.316111","289.474719101123595506","289.47471910","297.36938202","4.9107051","27.740997453123754","5.0151686","32.736939266619885","3.6951162790697674","0.9249110320284698","10.621186440677967","3.4416195856873824","0.7008333333333333","0.6279179810725551","1.3750708215297451","9.191760828625235",,,
"2026-06-03","actual","EH5000","CONV","38409.0000","133","5","5","114.328056","0.000000","114.328056",,"40.398611","9.719722","64.209722","1.956667","62.253056","5.710833","288.789473684210526316","288.78947368","301.16315789","5.1169841","32.820939037033895","5.2375040","37.220257475442196","2.6851190476190476","0.4919243986254296","9.35436507936508","3.9334656084656086","1.1520833333333333","0.45109289617486337","1.2550264550264552","8.442989417989418",,,
"2026-06-04","actual","CAT793","AHS","541424.0000","2276","45","45","1025.421944","0.000000","1025.421944",,"41.095833","53.716944","930.609167","0.456389","930.152778","99.863056","237.884007029876977153","237.88400703","245.48413884","3.1116972","24.45071667133235","3.2217698","31.38654605820188","3.105761154855643","0.9415626300457761","7.6358429288455865","3.2630425155004428","2.0407295271049595","0.6818174603174604","0.7276940133037695","6.158886920578683",,,
"2026-06-04","actual","CAT793","CONV","2645.0000","11","1","1","44.545556","0.000000","44.545556",,"44.117778","0.000000","0.427778","0.000000","0.427778","0.023611","240.454545454545454545","240.45454545","258.44545455","5.9480000","27.8486149044089","7.4345455","40.0184865430622","3.085714285714286","1.0425925925925925","12.815","3.64","3.4214285714285713","0.6633333333333333","0.7666666666666667","11.146666666666667",,,
"2026-06-04","actual","EH4000","CONV","41682.0000","183","4","4","98.919167","0.000000","98.919167",,"0.000000","13.567222","85.351944","4.306667","81.045278","12.680556","227.770491803278688525","227.77049180","230.28415301","3.5332514","25.558191314454227","3.5324144","33.37270084472758","3.842857142857143","0.7633333333333333","8.294604316546762","3.4575539568345324","0.5051282051282051","0.4961070559610706","1.2146282973621103","6.35084541062802",,,
"2026-06-04","actual","EH5000","AHS","134838.0000","465","11","11","251.914167","0.000000","251.914167",,"24.424722","15.667500","211.821944","0.605000","211.216944","24.711667","289.974193548387096774","289.97419355","296.73741935","3.9836401","25.59005014466949","4.1316422","31.504901058974443","4.371009771986971","1.024786324786325","9.340286738351255","3.1498204022988507","1.2922939068100356","0.6049560351718626","1.4480962643678161","7.868570402298851",,,
"2026-06-04","actual","EH5000","CONV","67389.0000","232","5","5","97.871111","0.000000","97.871111",,"2.510833","11.050833","84.309444","5.470278","78.839167","6.471944","290.469827586206896552","290.46982759","303.25560345","2.6004310","24.30801149321598","2.5911897","30.593481691867094","2.5702380952380954","0.6349074074074074","6.418701095461659","3.396244131455399","0.55","0.4571987480438185","1.2891236306729263","5.0818466353677625",,,
"2026-06-05","actual","CAT793","AHS","464478.0000","1950","40","40","997.966667","0.000000","997.966667",,"29.360833","116.974444","851.631389","1.415278","850.216111","94.601944","238.193846153846153846","238.19384615","245.26979487","3.2907228","23.378789721650183","3.4143123","31.288448747224077","3.3243913043478264","0.9495583449558345","8.445405872193437","3.1437392055267703","2.431717850287908","0.6901203233690544","0.6784517020908933","6.547423928077455",,,
"2026-06-05","actual","CAT793","CONV","49581.0000","207","5","5","74.429167","0.000000","74.429167",,"0.000000","0.000000","74.429167","3.240556","71.188611","7.270278","239.521739130434782609","239.52173913","246.18019324","4.8782222","29.70256396725723","5.2345659","37.27921730319049","3.96820987654321","0.7490407673860912","9.85414364640884","3.069429097605893","2.014957264957265","0.48901960784313725","0.7281767955801105","8.424907407407408",,,
"2026-06-05","actual","EH4000","CONV","45552.0000","200","4","4","92.775556","0.000000","92.775556",,"0.000000","0.000000","92.775556","5.314722","87.460833","5.921944","227.760000000000000000","227.76000000","232.94000000","4.4720000","27.640209761623904","4.4707450","34.73978406554681","3.250653594771242","0.5399999999999999","9.707596371882087","3.3851473922902495","1.7041666666666666","0.45321839080459775","1.2302721088435373","7.721541950113378",,,
"2026-06-05","actual","EH5000","AHS","84099.0000","291","8","8","236.087500","0.000000","236.087500",,"54.037222","14.965833","167.084444","0.036111","167.048333","17.373333","289.000000000000000000","289.00000000","302.97079038","4.9757629","26.794123736346208","5.2841517","33.65132929842372","4.9751666666666665","0.9267932489451477","11.1422107674685","3.320504009163803","0.7379432624113476","0.636283185840708","1.3373997709049257","9.421592210767468",,,
"2026-06-05","actual","EH5000","CONV","121317.0000","417","7","7","128.253056","0.000000","128.253056",,"0.000000","1.895000","126.358056","7.267778","119.090278","15.949167","290.928057553956834532","290.92805755","304.57673861","2.5568297","24.47248108928106","2.6613077","29.557408293950015","2.1675968992248063","0.5605820105820105","6.268664850136239","3.0076748410535874","1.123076923076923","0.466390423572744","1.2625340599455042","5.402316076294278",,,
"2026-06-06","actual","CAT793","AHS","450487.0000","1891","39","39","932.745833","0.000000","932.745833",,"98.310556","25.946111","808.489167","2.001944","806.487222","118.600000","238.226864093072448440","238.22686409","244.20280275","3.0813178","21.977103977932057","3.2436571","30.909906420607914","2.945963193826061","0.8972473604826546","8.412348969438522","3.0966329068941008","2.315871964679912","0.6682508680555556","0.7089511111111111","6.296344717182497",,,
"2026-06-06","actual","CAT793","CONV","72092.0000","302","8","8","210.997500","0.000000","210.997500",,"44.003056","22.770278","144.224167","7.333889","136.890278","11.855278","238.715231788079470199","238.71523179","247.73046358","5.0754901","29.390074361175063","5.2077010","34.751293346116974","2.143174603174603","0.509065934065934","10.361641221374045","3.029770992366412","0.9128571428571429","0.4279296875","0.7240458015267175","8.991379310344827",,,
"2026-06-06","actual","EH4000","CONV","44114.0000","195","4","4","106.279722","0.000000","106.279722",,"0.000000","25.245000","81.034722","3.091667","77.943056","9.668611","226.225641025641025641","226.22564103","233.08402062","3.7253505","24.926659408453222","3.7677188","30.016843708316156","3.0703703703703704","0.47564102564102567","8.967147435897436","3.2701923076923074","1.1714285714285715","0.4422442244224422","1.1818910256410255","7.531209150326798",,,
"2026-06-06","actual","EH5000","AHS","110496.0000","381","11","11","225.529444","0.000000","225.529444",,"41.243889","14.154167","170.131389","0.396111","169.735278","28.023611","290.015748031496062992","290.01574803","297.12887139","3.5903165","23.697002747180413","4.1748700","30.232417971132346","3.931997455470738","0.956896551724138","9.090558510638298","3.0024444444444445","1.5640350877192981","0.6521604938271605","1.411303191489362","8.285549645390072",,,
"2026-06-06","actual","EH5000","CONV","60777.0000","209","4","4","97.497778","0.000000","97.497778",,"0.000000","30.528611","66.969167","4.636944","62.332222","6.526389","290.799043062200956938","290.79904306","308.33253589","2.4886029","22.43798707663854","2.6302788","27.94738406211688","2.5676470588235296","0.5947619047619047","6.654615384615385","3.00974358974359","0.5096491228070176","0.5247933884297521","1.4116279069767441","5.646923076923077",,,
"2026-06-07","actual","CAT793","AHS","417713.0000","1751","32","32","724.117778","0.000000","724.117778",,"0.000000","28.967222","695.150556","0.219167","694.931389","66.035833","238.556824671616219303","238.55682467","243.99725871","2.9255854","21.672746724191384","3.0899283","30.044544333063968","2.914275120504264","0.8932241746538871","8.099348284454667","3.057465976614913","2.468385291766587","0.6884271378708552","0.7175292313590186","6.170694284618335",,,
"2026-06-07","actual","CAT793","CONV","137214.0000","576","13","13","340.315556","0.000000","340.315556",,"102.146389","13.265556","224.903611","16.604167","208.299444","16.073611","238.218750000000000000","238.21875000","246.38142361","4.2981202","28.241598136845486","4.4705779","34.03834939998562","2.574460431654676","0.7842708333333334","9.131466666666666","3.2732798931195726","1.395125786163522","0.476431718061674","0.7493987975951905","7.880366666666666",,,
"2026-06-07","actual","EH4000","CONV","32546.0000","143","4","4","83.038333","0.000000","83.038333",,"16.259444","0.000000","66.778889","5.641667","61.137222","4.425833","227.594405594405594406","227.59440559","232.32797203","4.3010629","25.147949497459916","4.3247746","28.553306808265624","1.9634146341463417","0.5847701149425287","10.261821705426355","2.8119607843137255","1.7527777777777778","0.5096078431372549","1.2550387596899226","9.08779069767442",,,
"2026-06-07","actual","EH5000","AHS","101367.0000","350","10","10","175.067222","0.000000","175.067222",,"4.954444","10.848611","159.264167","0.317778","158.946389","18.247778","289.620000000000000000","289.62000000","298.94142857","3.8624088","25.139107784831825","4.0884320","30.79450008176615","3.666824644549763","0.9361416361416361","9.218486590038314","3.190948275862069","1.4410112359550562","0.6796296296296297","1.3547892720306514","7.965900383141762",,,
"2026-06-07","actual","EH5000","CONV","79944.0000","275","5","5","137.436667","0.000000","137.436667",,"48.995000","5.766667","82.675000","4.475556","78.199444","7.409444","290.705454545454545455","290.70545455","306.90509091","2.7844051","25.873041810295472","2.8926125","31.906166259675636","2.4705197132616488","0.7465095986038395","6.457080200501253","2.8206140350877194","1.1102150537634408","0.5067444876783398","1.3630952380952381","5.439598997493734",,,
"2026-06-08","actual","CAT793","AHS","423647.0000","1781","34","34","763.061111","0.000000","763.061111",,"20.283333","12.235000","730.542778","4.615556","725.927222","98.675556","237.870297585626052779","237.87029759","242.46232454","2.6407616","20.04872201494744","2.8389958","28.013660237111175","4.123376623376624","0.9882206759443339","7.903032217308907","3.2511476100231627","2.9039705183071804","0.6626696832579185","0.7003790271636134","6.080595914929459",,,
"2026-06-08","actual","CAT793","CONV","136669.0000","571","11","11","356.790278","0.021389","356.768889",,"0.000000","142.215556","214.553333","14.539722","200.013611","19.706667","239.350262697022767075","239.35026270","249.71295972","3.3537825","27.63293084845512","3.3892981","31.587488302205784","2.5127450980392156","0.6068205128205127","7.2821428571428575","3.382993197278912","2.197047619047619","0.5552932761087267","0.9189115646258503","6.437925170068027",,,
"2026-06-08","actual","EH4000","CONV","72048.0000","316","4","4","94.074167","0.000000","94.074167",,"5.337500","4.116389","84.620278","4.531389","80.088889","9.080278","228.000000000000000000","228.00000000","237.54398734","1.1861234","25.12759971445109","1.1638734","25.10032787696659","1.7177871148459383","0.7373015873015873","2.83224043715847","3.491008771929825","1.2313780260707636","0.6528145695364239","1.0963387978142076","2.782131147540984",,,
"2026-06-08","actual","EH5000","AHS","83856.0000","290","9","9","183.675000","0.000000","183.675000",,"5.183611","26.362778","152.128611","1.488333","150.640278","18.664167","289.158620689655172414","289.15862069","301.78241379","4.7383069","27.299697771213904","5.1362759","31.863755537953637","5.81860465116279","1.058421052631579","10.413976608187134","3.5102923976608187","1.2932291666666667","0.6409581646423752","1.2546783625730993","9.671695906432749",,,
"2026-06-08","actual","EH5000","CONV","87654.0000","302","6","6","217.355278","0.000000","217.355278",,"112.804444","0.000000","104.550833","7.072778","97.478056","9.171944","290.245033112582781457","290.24503311","306.77781457","3.2604784","27.830488499453775","3.4320498","33.4151094633462","2.2362103174603174","0.6174757281553398","7.029294653014789","3.063026166097839","0.8079999999999999","0.5073286052009457","1.3621729237770195","6.1625711035267345",,,
"2026-06-09","actual","CAT793","AHS","469820.0000","1988","36","36","852.085556","0.000000","852.085556",,"64.205278","35.954722","751.925556","1.975833","749.949722","83.852500","236.327967806841046278","236.32796781","240.33158954","2.9024533","22.833837373307325","3.0439745","30.24004224170043","3.605174081237911","0.89369918699187","7.626716226138032","3.1003212187958886","2.086324200913242","0.6634866376631448","0.7297520661157025","6.039623507805326",,,
"2026-06-09","actual","CAT793","CONV","99362.0000","416","9","9","263.610278","0.000000","263.610278",,"68.710556","1.100278","193.799444","18.837500","174.961944","12.298056","238.850961538461538462","238.85096154","248.28942308","4.2616322","29.567082577235386","4.2481010","32.47051662451626","1.9114877589453863","0.4990934449093445","8.648060941828254","3.158725761772853","1.6963541666666666","0.5293467819404419","0.8859187442289935","7.8497691597414585",,,
"2026-06-09","actual","EH4000","CONV","70340.0000","309","4","4","95.229167","0.000000","95.229167",,"0.151111","0.000000","95.078056","3.761111","91.316944","6.034167","227.637540453074433657","227.63754045","234.03139159","2.0999871","28.85932685242031","2.1185599","30.003695383866653","1.8475574712643676","0.6386636636636637","4.365979381443299","3.2675257731958762","1.7555888223552893","0.6466666666666666","1.090632183908046","4.23659793814433",,,
"2026-06-09","actual","EH5000","AHS","82806.0000","286","8","8","179.437500","0.000000","179.437500",,"0.000000","28.705278","150.732222","1.435556","149.296667","16.181944","289.531468531468531469","289.53146853","295.24860140","4.5990814","25.91046052271663","4.7143640","33.05104264849074","3.948964218455744","1.0846560846560847","10.64994131455399","3.1767018779342724","0.891764705882353","0.6678787878787878","1.3647300469483568","8.558333333333334",,,
"2026-06-09","actual","EH5000","CONV","105132.0000","362","6","6","115.317778","0.000000","115.317778",,"0.000000","6.897500","108.420278","8.666667","99.753611","6.324444","290.419889502762430939","290.41988950","300.17127072","2.9011547","26.61646591778929","2.9523389","34.14951710826583","2.11417033773862","0.5974308300395257","6.539909638554217","2.9981927710843377","0.49166666666666664","0.4841513292433538","1.3115461847389558","5.187198795180723",,,
"2026-06-10","actual","CAT793","AHS","434556.0000","1842","34","34","952.599722","0.000000","952.599722",,"195.691667","51.662778","705.245278","2.908889","702.336389","68.630833","235.915309446254071661","235.91530945","239.28561346","2.6937794","20.250643540844045","2.9055165","29.31144958319036","3.455844845908608","0.9740648379052369","7.981314948041567","3.2368026394721054","1.9527822364901017","0.6177461447212338","0.7354016786570744","5.947539015606242",,,
"2026-06-10","actual","CAT793","CONV","137269.0000","577","10","10","222.279444","0.000000","222.279444",,"0.000000","4.065000","218.214444","6.346667","211.867778","27.930278","237.901213171577123050","237.90121317","244.98492201","2.9440070","25.741929533760946","3.0169212","28.42306273225912","2.146682098765432","0.66","6.8619727891156455","3.4124149659863945","2.1908925318761385","0.5276515151515152","0.9059863945578231","6.368605442176871",,,
"2026-06-10","actual","EH4000","CONV","51814.0000","228","4","4","96.090000","0.000000","96.090000",,"0.000000","0.000000","96.090000","1.753611","94.336389","15.328889","227.254385964912280702","227.25438596","230.80438596","3.2901278","29.498147346979234","3.2934248","31.2012750269053","1.9242424242424243","0.6484953703703703","6.692205638474295","3.2648424543946932","1.7815315315315314","0.6130653266331658","1.1556384742951908","6.333250414593698",,,
"2026-06-10","actual","EH5000","AHS","108033.0000","373","9","9","178.826111","0.000000","178.826111",,"0.000000","0.000000","178.826111","0.000000","178.826111","14.894167","289.632707774798927614","289.63270777","301.45335121","3.9457628","22.93469401495504","4.0482547","27.696155302166478","3.5807692307692305","1.0742798353909464","10.322604166666668","3.2631770833333333","0.9919354838709677","0.6116071428571428","1.2438871473354234","8.770000000000001",,,
"2026-06-10","actual","EH5000","CONV","86376.0000","297","5","5","104.568889","0.000000","104.568889",,"0.000000","24.213889","80.355000","2.793889","77.561111","4.262500","290.828282828282828283","290.82828283","302.36868687","2.4661365","23.57905307312755","2.5178522","29.755735250631606","1.9084656084656084","0.5503311258278145","6.275408496732026","2.9037581699346404","0.6546296296296297","0.5494137353433836","1.2740196078431372","5.077042483660131",,,
"2026-06-11","actual","CAT793","AHS","386262.0000","1638","33","33","698.871111","0.000000","698.871111",,"22.506667","37.313611","639.050833","0.000000","639.050833","76.007222","235.813186813186813187","235.81318681","241.28882101","2.7801761","19.720751836327782","2.9980280","27.969521178484587","3.1445319961795604","0.9130418535127055","8.458631160943705","3.0612590516234524","2.1430807248764414","0.6365947611710324","0.7172046783625732","6.431346423562412",,,
"2026-06-11","actual","CAT793","CONV","155543.0000","653","12","12","268.884444","0.000000","268.884444",,"0.000000","11.492778","257.391667","19.482778","237.908889","20.760833","238.197549770290964778","238.19754977","245.75788668","3.1230155","26.32742150827976","3.1600916","29.20774547017359","2.3031353135313535","0.5525337837837837","7.117329357190192","3.3105909694555113","1.8956369982547991","0.5190427698574338","1.0193174287607687","6.4916169648774025",,,
"2026-06-11","actual","EH4000","CONV","41118.0000","181","4","4","109.793056","0.000000","109.793056",,"18.013056","6.448333","85.331667","4.028889","81.302778","11.116667","227.171270718232044199","227.17127072","232.32541436","3.5610663","29.121420531389862","3.6203646","30.17095214583936","1.4229411764705882","0.5225490196078432","7.337003968253968","3.1517857142857144","2.930886850152905","0.6367075664621676","1.317559523809524","7.19970238095238",,,
"2026-06-11","actual","EH5000","AHS","100896.0000","348","9","9","185.530278","0.000000","185.530278",,"0.000000","23.963611","161.566667","12.446944","149.119722","17.386111","289.931034482758620690","289.93103448","300.32787356","3.6737959","28.314137328918875","3.8584027","34.612429581166246","3.5012437810945274","0.9249305555555555","7.785077519379844","3.3481049562682217","1.4053497942386832","0.6338762214983713","1.403692905733722","6.688468992248062",,,
"2026-06-11","actual","EH5000","CONV","100512.0000","346","6","6","110.578611","0.000000","110.578611",,"0.000000","0.241667","110.336944","15.472500","94.864444","4.026667","290.497109826589595376","290.49710983","297.91878613","3.1953295","31.85534188155285","3.1985983","35.64487919084299","3.0369829683698297","0.5940891472868217","6.018449612403101","3.058372093023256","2.7583333333333333","0.49091627172195895","1.260077519379845","5.384108527131783",,,
"2026-06-12","actual","CAT793","AHS","350519.0000","1487","32","32","802.991111","0.000000","802.991111",,"19.025278","126.725278","657.240556","7.040833","650.199722","102.762222","235.722259583053127102","235.72225958","238.82380632","2.5603920","19.486942663569916","2.8650741","25.867736062620196","3.7748451053283767","0.9406134515890614","7.883408015932288","3.068807567836694","2.956673582295989","0.6415032679738563","0.7827856609410007","6.645515695067265",,,
"2026-06-12","actual","CAT793","CONV","151921.0000","637","13","13","302.217500","0.000000","302.217500",,"0.000000","6.487500","295.730000","19.380000","276.350000","48.471667","238.494505494505494505","238.49450549","243.41601256","3.1879161","24.662422619535356","3.2662896","27.042734256625998","2.1775031685678075","0.670375865479723","7.755724932249322","3.2406313645621183","2.5985930735930736","0.4821120689655173","0.9976287262872628","7.246951219512195",,,
"2026-06-12","actual","EH4000","CONV","32112.0000","141","4","4","79.729722","0.000000","79.729722",,"0.000000","3.472222","76.257500","4.406389","71.851111","11.135833","227.744680851063829787","227.74468085","236.81205674","4.5871206","30.03307773119205","4.5787801","34.38626415690365","3.0396969696969696","0.6451476793248945","9.164136904761905","3.337202380952381","3.176851851851852","0.5651234567901234","1.2819940476190477","7.989434523809524",,,
"2026-06-12","actual","EH5000","AHS","119073.0000","411","9","9","227.284722","0.000000","227.284722",,"34.817778","1.155000","191.311944","4.586944","186.725000","22.252778","289.715328467153284672","289.71532847","296.29245742","2.9891433","25.18624630824209","3.2245935","30.097130392442047","5.164125295508274","1.0265408805031446","7.12089430894309","3.5791056910569106","1.543283582089552","0.6178841309823678","1.4267479674796748","6.428373983739837",,,
"2026-06-12","actual","EH5000","CONV","97299.0000","335","6","6","119.823056","0.000000","119.823056",,"0.000000","9.528333","110.294722","13.228056","97.066667","6.485278","290.444776119402985075","290.44477612","300.78447761","3.4276000","28.959024740050197","3.5477246","34.91453204316998","1.1347402597402596","0.47767441860465115","7.10162037037037","3.3081597222222223","1.0586666666666666","0.5846198830409357","1.3186342592592593","6.096701388888889",,,
"2026-06-13","actual","CAT793","AHS","316906.0000","1336","34","34","807.343056","0.000000","807.343056",,"126.677500","40.141667","640.523889","10.586944","629.936944","88.226667","237.205089820359281437","237.20508982","244.32844311","3.2412362","21.421083433789125","3.4525091","28.757092333823092","3.577262391996362","0.9297936677339025","9.078633795582949","3.391846430405752","3.0871323529411763","0.64937106918239","0.7536723163841808","7.203459362139918",,,
"2026-06-13","actual","CAT793","CONV","125463.0000","525","12","12","291.096944","0.000000","291.096944",,"0.000000","17.297500","273.799444","27.142500","246.656944","36.933889","238.977142857142857143","238.97714286","243.19809524","4.2131565","30.15886372125412","4.2762088","32.84913971509818","2.5195736434108524","0.6618199802176064","8.381926863572433","3.4026779422128257","2.091256830601093","0.5170281995661605","0.9725863284002819","7.810631578947368",,,
"2026-06-13","actual","EH4000","CONV","35742.0000","157","4","4","90.108056","0.000000","90.108056",,"3.215556","0.000000","86.892500","9.700278","77.192222","9.740833","227.656050955414012739","227.65605096","236.02420382","4.6573269","33.1731113964468","4.7460387","35.42427650137268","3.1824999999999997","0.6800623052959501","8.42367816091954","3.163194444444444","1.6073333333333333","0.5952898550724638","1.0700231481481481","8.038620689655172",,,
"2026-06-13","actual","EH5000","AHS","98124.0000","338","7","7","195.559722","0.000000","195.559722",,"0.000000","35.210000","160.349722","3.540000","156.809722","18.735278","290.307692307692307692","290.30769231","300.98017751","2.6201815","21.062819414935788","2.7870145","25.807928613501975","4.796994535519125","1.0847066167290886","7.463905325443787","3.4887080867850098","2.332564102564102","0.6066362715298885","1.360897435897436","6.479437869822486",,,
"2026-06-13","actual","EH5000","CONV","110556.0000","380","7","7","137.538611","0.002778","137.535833",,"0.000000","14.006111","123.529722","20.957222","102.572500","6.056667","290.936842105263157895","290.93684211","297.60131579","2.5617135","26.296360245755178","2.6466085","32.37006335583151","2.546103896103896","0.7567421790722761","5.845022222222222","3.422192513368984","1.0855263157894737","0.5803838951310862","1.263903743315508","4.905659536541889",,,
"2026-06-14","actual","CAT793","AHS","287059.0000","1213","31","31","882.105278","0.000000","882.105278",,"137.188333","101.822778","643.094167","16.773333","626.320833","117.644167","236.652102225886232481","236.65210223","245.52234130","3.5964140","21.598442054049944","3.7663022","28.749274147668054","3.57005772005772","1.0681662382176522","9.990759493670886","3.2041912798874823","1.5035739561217267","0.6333333333333333","0.7695407156945618","7.8603073886068815",,,
"2026-06-14","actual","CAT793","CONV","141689.0000","593","15","15","378.875556","0.000000","378.875556",,"2.702778","81.102222","295.070556","34.220833","260.849722","34.072778","238.935919055649241147","238.93591906","244.85075885","3.7245341","26.559273512391822","3.8671203","30.434946809114216","2.7531141868512115","0.7886103781882147","8.414087301587301","3.2778108465608464","1.2698113207547168","0.5246112237998648","0.9053902116402116","7.623710317460318",,,
"2026-06-14","actual","EH4000","CONV","38484.0000","169","4","4","92.916111","0.000000","92.916111",,"0.000000","7.276389","85.639722","6.292778","79.346944","13.491111","227.715976331360946746","227.71597633","236.14082840","3.9642771","31.703883682355382","4.0253133","36.34776733219624","2.745081967213115","0.8806784660766962","7.5024444444444445","3.387","1.1376811594202898","0.5427293064876957","1.1533333333333333","6.644666666666667",,,
"2026-06-14","actual","EH5000","AHS","120585.0000","415","10","10","213.953056","0.000000","213.953056",,"0.000000","11.070556","202.882500","10.815000","192.067500","26.201389","290.566265060240963855","290.56626506","298.86265060","2.6371687","19.82693453325708","3.0181585","25.531012818844353","4.585259259259259","1.1069444444444445","7.980564102564102","3.8725641025641027","1.786021505376344","0.6497652582159624","1.5159999999999998","7.092923076923077",,,
"2026-06-14","actual","EH5000","CONV","79734.0000","274","5","5","92.228611","0.000000","92.228611",,"0.000000","7.440278","84.788333","9.787778","75.000556","4.799444","291.000000000000000000","291.00000000","302.13905109","2.5474635","24.64809720581114","2.6324161","30.678359541219894","3.4165668662674653","0.8763565891472869","6.201201201201201","2.800900900900901","0.5458333333333333","0.5530224525043177","1.2999249249249247","5.1484162895927605",,,
"2026-06-15","actual","CAT793","AHS","285517.0000","1207","30","30","675.981111","0.000000","675.981111",,"5.437778","32.880833","637.662500","45.428056","592.234444","100.566389","236.550952775476387738","236.55095278","244.54788732","3.0580167","21.072115694181058","3.1734811","24.897353243764815","3.4976685133887346","0.932591725214676","8.707289038407625","3.2491161616161617","2.186143790849673","0.6382343550446998","0.7272306397306397","7.647755331088664",,,
"2026-06-15","actual","CAT793","CONV","122715.0000","513","12","12","282.805556","0.000000","282.805556",,"23.003889","1.145556","258.656111","20.579722","238.076389","35.761944","239.210526315789473684","239.21052632","246.43157895","4.5532288","26.93554133596254","4.7011478","28.76297090414684","2.4082236842105265","0.582487922705314","10.1425","3.172280701754386","2.737096774193548","0.49737777777777775","0.7931578947368421","9.806666666666667",,,
"2026-06-15","actual","EH4000","CONV","43502.0000","191","4","4","96.078889","0.000000","96.078889",,"0.000000","3.728333","92.350556","6.130556","86.220000","19.115000","227.759162303664921466","227.75916230","231.72774869","3.5717500","25.284745497259202","3.6001852","27.687921731932022","2.093121693121693","0.7595238095238095","8.475663716814159","3.113569321533923","1.6717948717948719","0.5389380530973451","1.1308259587020648","7.801636904761905",,,
"2026-06-15","actual","EH5000","AHS","118437.0000","408","12","12","300.524167","0.000000","300.524167",,"49.824167","8.811667","241.888333","56.246111","185.642222","13.291667","290.286764705882352941","290.28676471","298.42279412","2.8282139","17.34469714697308","2.9901725","21.57557881355932","4.200731707317073","0.9580195258019526","9.783557046979865","4.00503355704698","2.215757575757576","0.5864734299516908","1.6661633109619687","8.315436241610739",,,
"2026-06-15","actual","EH5000","CONV","78570.0000","270","4","4","72.870556","0.000000","72.870556",,"0.000000","2.823333","70.047222","3.624444","66.422778","4.487778","291.000000000000000000","291.00000000","299.20444444","2.7084222","26.58006040646933","2.7090481","33.37193062921348","1.9328677839851025","0.7070048309178744","6.113805970149254","2.88818407960199","0.6275641025641026","0.5222661396574441","1.2424751243781096","4.870646766169155",,,
"2026-06-16","actual","CAT793","AHS","411153.0000","1725","33","33","816.930556","0.000000","816.930556",,"57.100556","79.090278","680.739722","8.629167","672.110556","72.656389","238.349565217391304348","238.34956522","243.68313043","2.7617957","21.288736427400988","2.9128636","30.656793835669284","3.052295733911786","0.8909054163298303","7.783822330888345","2.8843215158924207","2.27684816290394","0.64620965995235","0.693211009174312","5.700916310323763",,,
"2026-06-16","actual","CAT793","CONV","142053.0000","591","11","11","247.532222","0.000000","247.532222",,"0.000000","3.491667","244.040556","18.358889","225.681667","27.228611","240.360406091370558376","240.36040609","243.64856176","3.5135331","30.185716935608337","3.7176331","33.10730450339955","2.9707920792079205","0.6177031509121061","6.983832335329341","2.9302727877578176","2.278085106382979","0.5670088980150582","0.7844644045242847","6.737425149700599",,,
"2026-06-16","actual","EH4000","CONV","53340.0000","234","4","4","96.722778","0.000000","96.722778",,"0.000000","4.546944","92.175833","8.632778","83.543056","11.044722","227.948717948717948718","227.94871795","231.36367521","2.5863846","25.758452930576848","2.6569915","24.48365740574196","1.864957264957265","0.5645454545454546","6.024549549549549","3.018243243243243","1.8427927927927927","0.5097222222222222","1.1972972972972973","6.511261261261262",,,
"2026-06-16","actual","EH5000","AHS","177738.0000","612","10","10","270.636389","0.000000","270.636389",,"4.792500","35.639444","230.204444","0.001389","230.203056","22.919444","290.421568627450980392","290.42156863","293.83790850","2.2844086","19.676653610506794","2.4145132","27.131332643645614","3.3064906490649064","0.8055424528301887","6.965844838921762","3.75568704799474","1.4525641025641027","0.6158647140864715","1.3407626561472716","5.339612097304405",,,
"2026-06-16","actual","EH5000","CONV","76233.0000","262","4","4","83.764722","0.000000","83.764722",,"22.517500","0.000000","61.247222","4.481111","56.766111","2.660833","290.965648854961832061","290.96564885","295.48778626","2.6972023","26.118439163993635","2.7532443","34.78297959074733","2.5992138364779875","0.5289855072463768","6.196087636932707","2.899139280125196","2.327380952380952","0.5073099415204678","1.213380281690141","4.749295774647887",,,
"2026-06-17","actual","CAT793","AHS","307746.0000","1290","31","31","629.645833","0.000000","629.645833",,"7.838333","44.520000","577.287500","18.736944","558.550556","117.541389","238.562790697674418605","238.56279070","242.51131783","2.2695437","18.13246486516583","2.4053336","23.83221895088998","3.6655960648148147","0.9919879062736207","7.509879269729093","3.312054229295609","2.379144225014961","0.6593740363860623","0.6883525243578388","6.055668433451119",,,
"2026-06-17","actual","CAT793","CONV","119586.0000","498","12","12","308.607500","0.000000","308.607500",,"58.115278","3.119722","247.372500","22.118889","225.253611","35.080000","240.132530120481927711","240.13253012","245.19056225","4.4496341","29.16396421140923","4.5177771","33.348605799288734","2.4779761904761903","0.600109649122807","9.154381210478771","2.988256549232159","1.4611111111111112","0.45958205912334354","0.8071557971014492","8.128274616079494",,,
"2026-06-17","actual","EH4000","CONV","51984.0000","228","4","4","92.938056","0.000000","92.938056",,"0.000000","0.400000","92.538056","1.831111","90.706944","34.910278","228.000000000000000000","228.00000000","234.18947368","1.7349430","29.16884273089005","1.9540088","30.33607164262232","1.8476190476190477","0.5680483592400691","3.5687593423019432","3.037387387387388","1.538793103448276","0.5745007680491552","1.00440956651719","3.8647234678624813",,,
"2026-06-17","actual","EH5000","AHS","90261.0000","312","11","11","209.249167","0.000000","209.249167",,"1.425278","8.406389","199.417500","0.338889","199.078611","50.171944","289.298076923076923077","289.29807692","301.59487179","4.4858863","25.244892753517266","4.7845300","32.7391639399905","4.220277777777778","0.9969827586206896","10.661688311688312","3.651352813852814","1.0064814814814815","0.596927374301676","1.396078431372549","8.76845238095238",,,
"2026-06-17","actual","EH5000","CONV","57576.0000","198","4","4","109.343333","0.000000","109.343333",,"0.000000","64.875556","44.467778","2.627778","41.840000","4.851389","290.787878787878787879","290.78787879","295.04898990","2.6375000","25.25480891990808","2.7803990","31.80587599776298","2.6083333333333334","0.5339622641509434","6.266133333333333","2.7348","0.7375","0.43833333333333335","1.298790322580645","5.245066666666667",,,
"2026-06-18","actual","CAT793","AHS","430546.0000","1804","36","36","822.168889","0.000000","822.168889",,"47.177778","30.792500","744.198611","3.092778","741.105833","85.507500","238.661862527716186253","238.66186253","243.00315965","2.8616657","21.298045588711577","2.9244902","28.70889273739422","3.375183700734803","0.8800076452599388","8.061769859813085","3.3372491720241575","2.1641895141895144","0.6485330836454432","0.6912721605299045","6.112022975077881",,,
"2026-06-18","actual","CAT793","CONV","121737.0000","508","11","11","264.119167","0.000000","264.119167",,"15.978611","24.040000","224.100556","16.866667","207.233889","24.971667","239.639763779527559055","239.63976378","243.26417323","3.7168829","28.255301042319747","3.9190020","34.46013895701659","2.004727564102564","0.5227594339622642","7.89278350515464","2.942027491408935","2.250435729847495","0.49550209205020923","0.8269628099173553","6.823539518900344",,,
"2026-06-18","actual","EH4000","CONV","51206.0000","225","4","4","95.807778","0.000000","95.807778",,"1.374444","5.552222","88.881111","3.414444","85.466667","22.275278","227.582222222222222222","227.58222222","235.54177778","2.6573867","32.26478130597542","2.8489688","33.632368692785775","1.6218181818181818","0.4703586497890295","4.941710296684119","2.8052083333333333","2.1875850340136056","0.5734806629834254","1.0283854166666666","5.082547993019197",,,
"2026-06-18","actual","EH5000","AHS","144660.0000","500","13","13","284.484167","0.000000","284.484167",,"47.180000","9.991389","227.312778","0.000000","227.312778","20.874444","289.320000000000000000","289.32000000","296.53300000","4.1007472","24.168312580257584","4.2406372","32.8278611719864","3.4677203065134097","0.9563514804202484","10.180472103004291","3.155901287553648","1.0061403508771931","0.6257171117705241","1.380639367816092","7.750679542203147",,,
"2026-06-18","actual","EH5000","CONV","41613.0000","143","3","3","28.532222","0.000000","28.532222",,"0.597778","0.000000","27.934444","2.396944","25.537500","1.773611","291.000000000000000000","291.00000000","299.84335664","2.3233986","22.584240972034717","2.3260210","27.220926873065018","1.8098039215686275","0.9688034188034188","6.1726190476190474","2.630952380952381","0.31","0.5516260162601625","1.4788617886178863","5.1269841269841265",,,
"2026-06-19","actual","CAT793","AHS","468730.0000","1966","39","39","897.572222","0.000000","897.572222",,"28.833056","18.747500","849.991667","7.132778","842.858889","115.475833","238.418107833163784334","238.41810783","243.21632757","2.9527837","21.367647324843478","3.0080723","30.412301565681386","3.766608695652174","0.931390032007316","8.291367753623188","3.2712005803409503","1.8653735632183908","0.6573502722323049","0.7018115942028985","5.934583333333333",,,
"2026-06-19","actual","CAT793","CONV","104710.0000","436","8","8","211.765000","0.000000","211.765000",,"0.000000","22.544167","189.220833","8.613056","180.607778","28.276111","240.160550458715596330","240.16055046","242.48509174","3.5344414","28.469317677022723","3.6215545","33.98577964175432","2.567857142857143","0.4929523809523809","7.448948598130841","2.979244548286604","1.7523148148148147","0.4581155977830562","0.8450155763239876","6.3936526479750775",,,
"2026-06-19","actual","EH4000","CONV","45064.0000","198","4","4","110.252500","0.000000","110.252500",,"23.858889","0.829722","85.563889","4.820833","80.743056","22.440556","227.595959595959595960","227.59595960","235.48989899","2.9081970","31.73290844185002","3.0175867","32.55944418211516","1.634047619047619","0.5144654088050314","5.498765432098765","2.749206349206349","1.4041666666666666","0.5368092691622104","1.1085537918871253","5.560758377425044",,,
"2026-06-19","actual","EH5000","AHS","102150.0000","354","10","10","259.260000","0.000000","259.260000",,"0.591389","63.186944","195.481667","4.006667","191.475000","19.561111","288.559322033898305085","288.55932203","301.82966102","4.5735395","25.699654643537784","4.6396563","32.53294208614278","4.21828165374677","0.9119433198380568","10.67766761095373","3.2583097261567517","1.1147286821705427","0.6893667861409797","1.440982058545798","8.556846081208686",,,
"2026-06-19","actual","EH5000","CONV","67497.0000","232","4","4","57.718889","0.000000","57.718889",,"0.000000","1.596667","56.122222","4.372222","51.750000","1.719167","290.935344827586206897","290.93534483","296.28232759","2.6335388","25.941038329430985","2.7364569","33.39348712965461","2.2718390804597703","0.6315543071161048","6.091210613598673","2.95530679933665","0.436","0.47018425460636515","1.318988391376451","4.916749585406302",,,
"2026-06-20","actual","CAT793","AHS","389987.0000","1637","35","35","912.176389","0.000000","912.176389",,"142.201111","21.293333","748.681944","2.826667","745.855278","109.594444","238.232742822235797190","238.23274282","243.30897984","2.9565714","20.872704369164023","3.0349250","29.396741465396076","4.136392510865931","0.9969492034866245","8.498864395457582","3.486617679804053","2.2680534543620774","0.6420875420875422","0.7079322638146167","6.1944110443108436",,,
"2026-06-20","actual","CAT793","CONV","120905.0000","503","11","11","259.767222","0.000000","259.767222",,"0.000000","28.295556","231.471667","11.987500","219.484167","32.803333","240.367793240556660040","240.36779324","243.40357853","4.5596454","30.94786651198504","4.6928961","34.05040848517849","2.673274596182085","0.5465435606060606","8.839986559139785","3.1072244623655916","1.7051378446115288","0.4990176151761518","0.7785282258064516","8.26932123655914",,,
"2026-06-20","actual","EH4000","CONV","40340.0000","177","3","3","121.769722","0.000000","121.769722",,"34.471111","18.186389","69.112222","1.815278","67.296944","17.678889","227.909604519774011299","227.90960452","235.63333333","2.1996667","28.55500993349456","2.4934915","31.695183411210014","1.4415343915343917","0.5847769028871391","4.62195608782435","3.2611776447105787","1.600995024875622","0.5234343434343435","1.0708582834331337","4.720259481037925",,,
"2026-06-20","actual","EH5000","AHS","113985.0000","394","10","10","220.770833","0.000000","220.770833",,"2.371944","15.807778","202.591111","1.499167","201.091944","21.791944","289.302030456852791878","289.30203046","296.46358974","4.0343195","24.09444005733473","4.2293168","32.632390484355305","4.277199504337051","1.0635964912280702","10.046266666666666","3.163500439753738","2.5166666666666666","0.6757097791798107","1.5836860670194004","7.776292335115865",,,
"2026-06-20","actual","EH5000","CONV","80565.0000","277","5","5","109.532222","0.000000","109.532222",,"36.190278","0.000000","73.341944","5.489722","67.852222","4.556389","290.848375451263537906","290.84837545","294.07220217","2.7617870","22.934796639865596","2.7726449","31.42270341958729","1.9825203252032522","0.45691609977324266","7.22514450867052","3.066666666666667","0.719047619047619","0.47403100775193796","1.3578034682080926","5.294219653179192",,,
"2026-06-21","actual","CAT793","AHS","232688.0000","980","30","30","879.870000","0.000000","879.870000",,"83.018611","19.496111","777.355278","378.212500","399.142778","51.706389","237.436734693877551020","237.43673469","243.12183673","2.9210143","21.764260801336487","3.0508119","30.004861084574248","3.6513485477178427","1.0285247432306255","8.052690582959642","3.6880711610486894","3.2610740740740742","0.6677857713828937","0.7694413198350206","6.100635276532137",,,
"2026-06-21","actual","CAT793","CONV","138710.0000","578","15","15","386.870000","0.000000","386.870000",,"64.574444","46.496389","275.799167","68.562778","207.236389","38.709444","239.982698961937716263","239.98269896","242.38079585","3.9447535","30.745469171885873","4.1455982","33.235344764480146","3.1272068511198947","0.7516033755274261","7.698214285714286","3.4266964285714283","2.1045296167247387","0.6027674129353234","0.7661309523809524","7.484077380952381",,,
"2026-06-21","actual","EH4000","CONV","26208.0000","115","3","3","63.671667","0.000000","63.671667",,"0.000000","8.449444","55.222222","3.226389","51.995833","13.371111","227.895652173913043478","227.89565217","235.87391304","3.4543652","34.50423905818898","3.6205391","36.83362811504635","2.3222222222222224","0.823015873015873","6.006853582554517","3.408411214953271","2.5606060606060606","0.565359477124183","1.117133956386293","5.897663551401869",,,
"2026-06-21","actual","EH5000","AHS","67230.0000","232","9","9","329.108333","0.000000","329.108333",,"0.000000","10.671111","318.437222","201.453333","116.983889","7.630278","289.784482758620689655","289.78448276","293.13706897","4.4113522","25.109036765547355","4.8334053","33.30952057247037","4.028815261044176","0.8839250493096648","10.541269841269841","2.933116883116883","1.3722222222222222","0.6137142857142858","1.4469298245614035","8.706349206349207",,,
"2026-06-21","actual","EH5000","CONV","91593.0000","315","6","6","130.955833","0.000000","130.955833",,"2.647500","4.741111","123.567222","58.542778","65.024444","5.842222","290.771428571428571429","290.77142857","296.47809524","2.7650857","19.47120582274328","2.8918730","25.87494602655378","3.0988636363636366","0.5834834834834834","8.520537634408603","3.032900432900433","1.35","0.5703309692671394","1.5208602150537633","6.7058064516129035",,,
"2026-06-22","actual","CAT793","AHS","57085.0000","241","17","17","176.036111","0.000000","176.036111",,"51.056389","1.100556","123.879167","10.516389","113.362778","6.254167","236.867219917012448133","236.86721992","235.70829876","2.9664644","21.446303028795658","3.1665504","30.211128209177","3.9317152103559874","0.8270627062706271","8.29923291492329","3.459205020920502","3.1506734006734005","0.6677672955974843","0.7207112970711297","6.28884239888424",,,
"2026-06-22","actual","CAT793","CONV","248727.0000","1042","26","26","498.216111","0.000000","498.216111",,"1.582500","18.082500","478.551111","76.125278","402.425833","75.101389","238.701535508637236084","238.70153551","244.43464491","2.8250298","27.121413936070116","2.8902881","30.2689844513879","3.7869288389513107","0.7043682795698926","6.249740090968161","3.7419590643274856","5.014700996677742","0.7004471964224287","0.8120650406504065","5.7292072774528915",,,
"2026-06-22","actual","EH4000","CONV","35468.0000","156","4","4","85.482500","0.000000","85.482500",,"0.000000","0.740833","84.741667","8.055278","76.686389","7.814444","227.358974358974358974","227.35897436","230.40448718","4.4913590","30.298626249465503","4.4379161","34.23699404631095","3.969534050179212","0.6538461538461539","8.894183445190157","3.512304250559284","2.1910852713178297","0.5205816554809843","1.2303131991051452","7.7774049217002235",,,
"2026-06-22","actual","EH5000","AHS","30117.0000","104","10","10","80.099722","0.000000","80.099722",,"2.240556","1.813889","76.045278","9.883889","66.161389","5.836389","289.586538461538461538","289.58653846","286.66730769","4.0058750","26.18422031448315","4.2080288","29.59937593176396","3.1370370370370373","0.8920370370370371","9.179288025889967","3.0299352750809065","3.475","0.6113924050632912","1.3333333333333333","8.529967948717948",,,
"2026-06-22","actual","EH5000","CONV","87591.0000","302","6","6","131.561389","0.000000","131.561389",,"0.000000","34.831944","96.729444","7.443611","89.285833","9.324722","290.036423841059602649","290.03642384","291.98006645","2.1054485","14.385982633451958","2.1654120","20.65712673070553","4.187719298245614","0.4706666666666666","8.78125","2.9984375","0.5222222222222223","0.5005208333333333","1.2489583333333334","6.289583333333334",,,
"2026-06-23","actual","CAT793","AHS","428625.0000","1809","41","41","869.796389","0.000000","869.796389",,"66.296944","39.978611","763.520833","6.656389","756.864444","85.301667","236.940298507462686567","236.94029851","238.89187396","2.9800181","21.811586861204056","3.1698952","30.024741850879654","3.741052631578947","0.9496994740796393","8.197527632344386","3.120515803761877","3.082565379825654","0.6794903926482874","0.6859071484071484","6.33456610366919",,,
"2026-06-23","actual","CAT793","CONV","101047.0000","421","7","7","141.716389","0.000000","141.716389",,"0.000000","0.000000","141.716389","5.607778","136.108611","19.650556","240.016627078384798100","240.01662708","240.55985748","2.5334846","26.784589105442983","2.7379310","28.962017544111117","2.5057926829268293","0.5577876984126984","5.675243902439024","3.2236991869918703","2.3902457757296465","0.6020499108734403","0.7608943089430895","5.672113821138211",,,
"2026-06-23","actual","EH4000","CONV","56308.0000","247","4","4","95.841944","0.000000","95.841944",,"0.000000","0.000000","95.841944","6.955556","88.886389","9.625000","227.967611336032388664","227.96761134","234.61659919","2.9221093","28.163173690742894","3.0656397","33.41664953669568","1.8457300275482094","0.5172161172161173","6.225383542538355","3.338284518828452","2.0848958333333334","0.553905160390516","1.1782426778242678","5.504393305439331",,,
"2026-06-23","actual","EH5000","AHS","116625.0000","402","10","10","227.574167","0.000000","227.574167",,"34.210000","5.231944","188.132222","5.682222","182.450000","20.108333","290.111940298507462687","290.11194030","298.71343284","3.1747809","22.47429549074492","3.2890026","29.790061096370465","4.230793060718711","0.9230508474576271","8.47576530612245","3.332312925170068","1.5402777777777779","0.6010479041916168","1.4108843537414966","6.624362244897958",,,
"2026-06-23","actual","EH5000","CONV","96261.0000","331","5","5","158.020000","0.000000","158.020000",,"0.000000","67.841667","90.178333","7.520556","82.657778","4.640278","290.818731117824773414","290.81873112","296.23957704","2.1915945","15.334206111152113","2.2652736","17.99664260126264","5.324561403508771","0.6045238095238096","8.575316455696202","3.060337552742616","1.23125","0.5139455782312925","1.2824894514767933","7.552320675105485",,,
"2026-06-24","actual","CAT793","AHS","439490.0000","1850","36","36","837.343611","0.000000","837.343611",,"37.221667","21.191667","778.930278","0.616111","778.314167","116.986111","237.562162162162162162","237.56216216","242.40572973","3.0062425","22.17095148369669","3.1345281","31.000513096051495","2.730841638981174","0.8763911399243652","8.135625127890322","3.0120188370188368","1.8498177083333334","0.6666082690960057","0.706279450932186","6.066728167281672",,,
"2026-06-24","actual","CAT793","CONV","138744.0000","582","12","12","287.326944","0.000000","287.326944",,"0.000000","18.401111","268.925833","17.855556","251.070278","36.076944","238.391752577319587629","238.39175258","244.53780069","3.4518554","26.38528874450602","3.7132828","31.451025513133004","3.254753086419753","0.6978723404255319","7.849500000000001","3.3670666666666667","1.4229838709677418","0.4742457689477557","0.8190666666666666","7.083933333333333",,,
"2026-06-24","actual","EH4000","CONV","54644.0000","240","4","4","95.901667","0.000000","95.901667",,"0.000000","4.945556","90.956111","4.984167","85.971944","16.099722","227.683333333333333333","227.68333333","235.07750000","2.0136736","26.172497551083115","2.1664875","29.30541267607886","3.0628099173553722","0.6348571428571429","4.616312056737589","3.5247517730496454","1.5672897196261681","0.5526315789473684","1.0739716312056737","4.435673758865248",,,
"2026-06-24","actual","EH5000","AHS","125295.0000","432","10","10","221.375278","0.000000","221.375278",,"0.000000","39.371389","182.003889","0.231111","181.772778","20.484722","290.034722222222222222","290.03472222","298.13425926","3.3646412","22.086341748370465","3.4746218","29.71619261253635","4.275","0.8526132404181185","9.140421455938698","2.9924329501915707","0.9103286384976526","0.6269547325102881","1.2761287223823248","7.015613026819923",,,
"2026-06-24","actual","EH5000","CONV","62853.0000","216","4","4","71.841111","0.000000","71.841111",,"0.000000","9.026667","62.814444","5.127500","57.686944","2.658333","290.986111111111111111","290.98611111","302.93194444","2.2183519","18.059317043188138","2.2060186","23.104959439118616","1.458","0.5133333333333333","7.370218579234972","2.3122950819672132","0.20555555555555557","0.4329268292682927","0.9926229508196721","5.728688524590164",,,
"2026-06-25","actual","CAT793","AHS","368453.0000","1553","34","34","994.706944","0.000000","994.706944",,"181.489444","113.901667","699.315833","0.500000","698.815833","100.895556","237.252414681262073406","237.25241468","233.08770122","3.3802123","23.169367552946564","3.4752750","31.81099803795948","3.534534101825168","0.9041505167958657","8.753486150907355","3.0154241338112304","2.4235884907709013","0.6505150554675119","0.6887455197132617","6.554855643044619",,,
"2026-06-25","actual","CAT793","CONV","132131.0000","551","13","13","319.713333","0.000000","319.713333",,"27.276389","46.284444","246.152500","13.642222","232.510278","21.219167","239.802177858439201452","239.80217786","244.36170599","4.7272105","29.182891877336118","4.8317294","33.83872040610217","3.057132768361582","0.7666206261510129","9.719140625","3.558723958333333","1.0598639455782313","0.5295321637426901","0.7518954248366013","8.567220052083334",,,
"2026-06-25","actual","EH4000","CONV","62470.0000","274","4","4","93.381111","0.000000","93.381111",,"8.348889","0.000000","85.032222","1.890278","83.141944","22.427500","227.992700729927007299","227.99270073","235.05291971","1.0441642","24.296173449853544","1.1905311","23.022140049893377","1.629381443298969","0.5986899563318777","2.578589263420724","3.309612983770287","1.0506944444444444","0.6546894803548795","1.0772784019975032","3.1027465667915104",,,
"2026-06-25","actual","EH5000","AHS","129441.0000","447","10","10","200.993333","0.000000","200.993333",,"18.523611","0.000000","182.469722","0.500000","181.969722","16.886944","289.577181208053691275","289.57718121","298.69351230","3.5298215","22.243278291744158","3.6459841","29.842532580109676","3.657164404223228","0.8801229508196721","9.521496212121212","3.5127840909090913","1.3401408450704226","0.6542872454448018","1.2995738636363636","7.330445075757576",,,
"2026-06-25","actual","EH5000","CONV","61110.0000","210","3","3","71.883056","0.000000","71.883056",,"0.000000","4.231667","67.651389","7.046389","60.605000","5.218889","291.000000000000000000","291.00000000","301.64761905","2.2178286","16.6337145","2.2388852","24.985370940919037","1.37","0.48074074074074075","8.0","2.701307189542484","0.6805555555555556","0.3901709401709402","1.3062091503267974","5.376470588235294",,,
"2026-06-26","actual","CAT793","AHS","408024.0000","1728","35","35","786.507222","0.000000","786.507222",,"0.252778","12.275278","773.979167","1.181667","772.797500","76.500833","236.125000000000000000","236.12500000","240.42048611","3.4574964","21.398414056476643","3.5415882","29.309695448275864","4.309169926119079","1.0276867963152507","9.69463360473723","3.397962962962963","1.6617341640706127","0.6841402116402117","0.7129355077835433","7.25",,,
"2026-06-26","actual","CAT793","CONV","89620.0000","376","9","9","247.872222","0.000000","247.872222",,"0.000000","39.208889","208.663333","10.593056","198.070278","14.298333","238.351063829787234043","238.35106383","244.70478723","5.4985452","27.416308777095804","5.8466371","32.793627581290615","3.4852880658436214","0.7911064425770308","12.033447488584475","3.4195205479452055","2.588185654008439","0.49413233458177275","0.9041095890410958","10.697146118721461",,,
"2026-06-26","actual","EH4000","CONV","53400.0000","235","4","4","96.058056","0.000000","96.058056",,"0.000000","0.000000","96.058056","3.225278","92.832778","14.593611","227.234042553191489362","227.23404255","235.92170213","3.1312979","29.481586306762654","3.1842468","32.96441474754813","2.5055","0.7470164609053498","6.372719298245614","3.3455026455026458","2.176977401129944","0.632347670250896","1.1150877192982456","5.79578947368421",,,
"2026-06-26","actual","EH5000","AHS","113412.0000","393","11","11","252.566111","0.000000","252.566111",,"26.020556","44.710556","181.835000","0.258611","181.576389","18.544167","288.580152671755725191","288.58015267","299.94503817","4.4227735","25.190307837013908","4.6684555","30.6804953777258","3.526262626262626","0.8386223862238623","10.534464751958224","3.594314236111111","1.4353448275862069","0.682504873294347","1.3230034722222221","9.129817708333333",,,
"2026-06-26","actual","EH5000","CONV","57615.0000","198","4","4","76.160556","0.000000","76.160556",,"4.398333","1.106944","70.655278","9.521944","61.133333","4.942778","290.984848484848484848","290.98484848","297.85050505","1.9841616","12.283717558039553","2.1342071","10.945951171791522","3.0395833333333333","0.4380952380952381","9.691666666666666","2.779166666666667","0.9166666666666666","0.8378787878787879","1.4347222222222222","11.698611111111111",,,
"2026-06-27","actual","CAT793","AHS","375741.0000","1593","42","42","1091.368333","0.000000","1091.368333",,"63.316944","17.821944","1010.229444","214.097222","796.132222","92.968056","235.870056497175141243","235.87005650","243.02774639","3.9639326","22.99585082904089","4.2080155","28.87101547144867","3.6063519150549865","0.9978366849482023","10.342559523809523","3.231032509157509","1.79034620505992","0.6733853006681515","0.7163230240549828","8.745135073260075",,,
"2026-06-27","actual","CAT793","CONV","49440.0000","210","4","4","80.893889","0.000000","80.893889",,"0.000000","1.816111","79.077778","22.475000","56.602778","6.302778","235.428571428571428571","235.42857143","247.44285714","2.9959571","19.93860623013469","3.1543971","28.60047234100193","3.077469135802469","0.5828333333333333","9.015546218487396","3.066666666666667","2.3476190476190477","0.5493650793650794","1.277683615819209","6.61750700280112",,,
"2026-06-27","actual","EH4000","CONV","44534.0000","197","4","4","96.017500","0.000000","96.017500",,"0.000000","0.000000","96.017500","1.974722","94.042778","13.029167","226.060913705583756345","226.06091371","231.59238579","4.4266650","29.57655850798968","4.4734518","34.303455414388324","2.6922764227642277","0.6256218905472637","8.980081300813007","3.0860940695296524","3.1970899470899474","0.5446875","1.2965235173824132","7.8244918699187",,,
"2026-06-27","actual","EH5000","AHS","133992.0000","464","13","13","366.912778","0.000000","366.912778",,"46.522222","30.339722","290.050833","95.212500","194.838333","13.681111","288.775862068965517241","288.77586207","305.35150862","4.2005366","22.910034265431566","4.4271274","28.10223950948541","3.541731266149871","0.8095098039215686","11.00095238095238","3.1788968824940045","1.1102941176470589","0.6775416666666667","1.446101829753381","9.452187748607797",,,
"2026-06-28","actual","CAT793","AHS","325978.0000","1378","40","40","851.972222","0.000000","851.972222",,"71.294722","26.621111","754.056389","165.442778","588.613611","76.480278","236.558780841799709724","236.55878084","242.24658926","2.5758395","20.455218835480128","2.7071654","24.22718895071524","3.1258188824662816","0.9393527508090614","7.555547131665404","3.3562673742734392","2.001808972503618","0.6643442622950819","0.6895754359363154","6.704447814000505",,,
"2026-06-28","actual","CAT793","CONV","68671.0000","289","6","6","121.115000","0.000000","121.115000",,"0.000000","0.000000","121.115000","29.004722","92.110278","14.286667","237.615916955017301038","237.61591696","245.32491349","2.6290381","26.57194073405782","2.6920000","29.871746207660877","2.8147342995169082","0.5619047619047619","5.936423220973783","2.9718455743879475","2.4204761904761907","0.5440625","0.8186329588014981","5.407116104868914",,,
"2026-06-28","actual","EH4000","CONV","51250.0000","225","4","4","95.916389","0.000000","95.916389",,"0.000000","0.000000","95.916389","1.683611","94.232778","34.065278","227.777777777777777778","227.77777778","237.85777778","1.4898044","23.894940205425332","1.5936489","24.79589976622879","1.5494791666666667","0.5038738738738738","3.7408866995073895","3.171264367816092","2.2745014245014246","0.6303921568627451","1.171182266009852","3.8562397372742203",,,
"2026-06-28","actual","EH5000","AHS","74652.0000","258","11","11","149.547778","0.000000","149.547778",,"0.000000","10.687500","138.860278","16.855000","122.005278","14.038889","289.348837209302325581","289.34883721","299.89806202","4.1720612","24.116592903487962","4.2512090","29.90991160000638","3.857575757575758","0.9409574468085107","10.379727891156461","3.7148979591836735","1.406521739130435","0.6147154471544716","1.429455782312925","8.528027210884353",,,
"2026-06-28","actual","EH5000","CONV","56163.0000","193","4","4","105.136389","8.564444","96.571944",,"0.177778","30.502778","65.891389","4.596944","61.294444","2.862778","291.000000000000000000","291.00000000","299.14455959","2.4557047","20.462925620269004","2.4055990","28.20401256931608","3.3425000000000002","0.44427083333333334","7.20045045045045","3.098148148148148","3.0833333333333335","0.5242857142857142","1.1199074074074074","5.117567567567567",,,
"2026-06-29","actual","CAT793","AHS","466381.0000","1969","40","40","889.957500","0.000000","889.957500",,"78.607222","8.183056","803.167222","1.023611","802.143611","100.111389","236.861858811579481971","236.86185881","241.74682580","3.0629648","21.612109454709806","3.2813670","29.519326105237443","3.4772331154684095","0.9452006980802793","8.503468316460443","3.206413145539906","1.5326115485564304","0.6545352170352171","0.6955518018018018","6.669597378277154",,,
"2026-06-29","actual","CAT793","CONV","69081.0000","291","7","7","123.524444","0.000000","123.524444",,"1.836389","7.019444","114.668611","4.422500","110.246111","8.488889","237.391752577319587629","237.39175258","243.92680412","4.4121978","30.00713522554952","4.5618839","33.537154592267576","3.594345238095238","0.622470238095238","8.822297297297297","3.087274774774775","2.7932203389830508","0.5953703703703703","0.9617117117117117","8.161486486486487",,,
"2026-06-29","actual","EH4000","CONV","54942.0000","241","4","4","96.345833","0.000000","96.345833",,"0.000000","3.046944","93.298889","0.627500","92.671389","24.132222","227.975103734439834025","227.97510373","239.67261411","2.4276780","36.145389196576275","2.4879557","33.18136680358768","2.1425925925925924","0.515893470790378","4.029855072463769","3.163245997088792","3.118662674650699","0.6542042042042042","1.1131732168850073","4.498830409356725",,,
"2026-06-29","actual","EH5000","AHS","109890.0000","379","12","12","216.635556","0.000000","216.635556",,"21.998889","24.683611","169.953056","2.270000","167.683056","24.931111","289.947229551451187335","289.94722955","298.48021108","3.3543678","23.66329025751432","3.6946341","30.89809593869637","3.5600294985250738","0.9258852258852259","8.505244444444445","3.4781471631205676","1.4654666666666667","0.6548192771084337","1.2932347670250897","7.174488888888889",,,
"2026-06-29","actual","EH5000","CONV","62250.0000","214","5","5","96.288056","0.000000","96.288056",,"0.000000","5.664167","90.623889","10.395000","80.228889","5.502222","290.887850467289719626","290.88785047","294.05934579","2.5673037","23.498640679096727","2.6482441","29.410293716787738","3.8011415525114156","0.5948275862068966","6.555197132616487","3.4485663082437275","2.6628205128205127","0.4706439393939394","1.243010752688172","5.402688172043011",,,
"2026-06-30","actual","CAT793","AHS","417300.0000","1752","36","36","848.432500","0.000000","848.432500",,"67.360000","12.183611","768.888889","0.860000","768.028889","84.879722","238.184931506849315068","238.18493151","244.84086758","3.2476348","22.196694968593025","3.3755237","29.46382270714817","3.3293251113394997","0.9211516694963214","8.778698282591726","3.3466647218980943","1.4570164348925412","0.6659192324854976","0.6616057389937107","6.873901734104047",,,
"2026-06-30","actual","CAT793","CONV","117710.0000","494","10","10","223.695833","0.000000","223.695833",,"0.218333","2.558056","220.919444","19.935833","200.983611","21.222778","238.279352226720647773","238.27935223","248.26943320","3.2183967","26.35411689826303","3.4446331","29.05218146551924","3.254117647058824","0.5116255144032922","7.327272727272727","3.0184254606365157","3.7195238095238095","0.6025362318840579","1.1022959183673469","7.114026402640264",,,
"2026-06-30","actual","EH4000","CONV","49702.0000","218","4","4","95.714444","0.000000","95.714444",,"0.000000","1.356111","94.358333","2.211944","92.146389","18.203611","227.990825688073394495","227.99082569","238.66788991","2.2675303","25.8850814339717","2.5647538","30.569293122468665","2.539814814814815","0.4678125","5.255993431855501","3.1702614379084966","4.567919799498747","0.6853508771929825","1.2587027914614122","5.033980582524271",,,
"2026-06-30","actual","EH5000","AHS","144444.0000","499","15","15","343.973333","0.000000","343.973333",,"43.332500","93.147500","207.493333","0.306111","207.187222","29.281944","289.466933867735470942","289.46693387","294.14879518","3.0522683","22.18604392461457","3.5929734","30.13680816454783","3.6413978494623653","0.8509703196347032","8.254563031709203","3.499883720930233","1.2157142857142855","0.650473729543497","1.3601960784313725","7.153325688073394",,,
"2026-06-30","actual","EH5000","CONV","16560.0000","57","2","2","46.134444","0.000000","46.134444",,"0.000000","32.466111","13.668333","1.351111","12.317222","0.821111","290.526315789473684211","290.52631579","290.98245614","3.4621250","21.646767325900612","3.7867018","25.560752487751767","4.328703703703704","1.0301587301587303","9.596236559139784","3.2564516129032257","1.875","0.6202380952380953","1.3028735632183908","8.888709677419355",,,
