"activity_date","source_type","fleet_display_name","ahs_mode","actual_tonnes","cycle_count","source_truck_count_observed","truck_count","calendar_hours","not_required_hours","required_hours","cyclone_standby_hours","scheduled_maintenance_hours","unscheduled_maintenance_hours","available_hours","operational_standby_hours","operating_hours","operating_delay_hours","payload_from_quantity_per_cycle","quantity_reporting_avg","payload","loaded_distance_km","loaded_speed_kph","empty_distance_km","empty_speed_kph","queue_load_minutes","spot_load_minutes","loaded_travel_minutes","truck_loading_minutes","queue_dump_minutes","spot_dump_minutes","dumping_minutes","empty_travel_minutes","plan_model_scope","source_gross_cycle_minutes","source_availability_pct"
"2025-01-04","weekly","CAT793","Plan","564646.5079193701","2352.693782988002","54.0",,"1296.0","0.0","1296.0","0.0","99.53280472755432","156.9764967899469","1039.490704536438","0.0","1039.490704536438","178.02240511932624","240.00000000095616","240.00000000095616","240.00000000095616","2.898363812551657","25.55482545162245","2.898363812551657","30.665302246736676","","0.8112741921461574","6.805048583967478","2.9996215277274056","","1.2793234623134364","0.707480891306243","5.670964119442377","working_net_combined_queue","19.975705671373213","0.8020761609077454"
"2025-01-04","weekly","EH4000","Plan","158052.59712518798","687.1852049040001","18.0",,"432.0","0.0","432.0","0.0","24.105599284172058","27.410502750745124","380.4838972091675","0.0","380.4838972091675","95.12097430229187","229.99999999602431","229.99999999602431","229.99999999602431","3.7717916693891618","26.886262844736926","3.7717916693891618","33.096457027148105","","0.5355064113545032","8.41721668311556","3.047731595119634","","0.8828458506031021","0.8999999999999997","6.8378165063926915","working_net_combined_queue","22.447822123870267","0.8807497620582581"
"2025-01-04","weekly","EH5000","Plan","378385.5838390609","1295.8410405000002","24.0",,"576.0","0.0","576.0","0.0","32.256000995635986","115.7630962083172","427.9808921813965","0.0","427.9808921813965","72.75675243612687","292.0000000100791","292.0000000100791","292.0000000100791","2.108599813241693","23.890516885450275","2.108599813241693","29.369416589078035","","0.659552240295487","5.295657243462654","2.3076228228792477","","0.703706798894456","1.22","4.307746066755396","working_net_combined_queue","16.44757981186168","0.7430223822593689"
"2025-01-05","weekly","CAT793","Plan","545612.3717836601","2273.3848824320003","54.0",,"1296.0","0.0","1296.0","0.0","99.53280472755432","156.9764967899469","1039.490704536438","0.0","1039.490704536438","178.02240511932624","239.99999999999125","239.99999999999125","239.99999999999125","2.5556440203760467","25.802238866507075","2.5556440203760467","30.624072905302484","","0.8204882862181845","5.942842480293677","3.0815997997999522","","1.2716652911312538","0.7080366214663637","5.0071276180906885","working_net_combined_queue","18.541210134881055","0.8020761609077454"
"2025-01-05","weekly","EH4000","Plan","144624.31932657096","628.801388373","18.0",,"432.0","0.0","432.0","0.0","24.105599284172058","27.410502750745124","380.4838972091675","0.0","380.4838972091675","95.12097430229187","230.00000000124197","230.00000000124197","230.00000000124197","3.2461698132749466","26.714325987522013","3.2461698132749466","32.65620694943008","","0.5372191180287075","7.2908516908669885","3.0822261813218668","","0.9806863304087831","0.8999999999999999","5.964262447813032","working_net_combined_queue","20.503166339417973","0.8807497620582581"
"2025-01-05","weekly","EH5000","Plan","419993.7535994001","1438.3347725360002","24.0",,"576.0","0.0","576.0","0.0","32.256000995635986","115.7630962083172","427.9808921813965","0.0","427.9808921813965","72.75675243612687","292.0000000131319","292.0000000131319","292.0000000131319","1.677147191747962","23.49147840114599","1.677147191747962","27.683545606431093","","0.6500895398433375","4.283631272009203","2.3813748120923286","","0.7112548172546287","1.2200000000000002","3.6349690511283677","working_net_combined_queue","14.81814202392084","0.7430223822593689"
"2025-01-06","weekly","CAT793","Plan","553614.6977231139","2306.7279071530006","54.0",,"1296.0","0.0","1296.0","0.0","99.53280472755432","156.9764967899469","1039.490704536438","0.0","1039.490704536438","178.02240511932624","240.0000000027718","240.0000000027718","240.0000000027718","2.8401757775157215","24.862604800135863","2.8401757775157215","29.859436498568126","","0.8487176013286627","6.854090632129265","2.9944246656072653","","1.264783932095269","0.7108949394712223","5.707091848806829","working_net_combined_queue","20.15463560788513","0.8020761609077454"
"2025-01-06","weekly","EH4000","Plan","172200.96923748995","748.699866252","18.0",,"432.0","0.0","432.0","0.0","24.105599284172058","27.410502750745124","380.4838972091675","0.0","380.4838972091675","95.12097430229187","229.99999999937216","229.99999999937216","229.99999999937216","2.8361634795192137","26.03394404409452","2.8361634795192137","31.88369013642015","","0.5389307119883997","6.536459035286041","3.3373384852820456","","1.0514374459531954","0.9000000000000001","5.337205575736386","working_net_combined_queue","19.370558502351987","0.8807497620582581"
"2025-01-06","weekly","EH5000","Plan","402231.9625143728","1377.5067209279998","24.0",,"576.0","0.0","576.0","0.0","32.256000995635986","115.7630962083172","427.9808921813965","0.0","427.9808921813965","72.75675243612687","292.0000000024659","292.0000000024659","292.0000000024659","1.8501037585836786","23.239460038421683","1.8501037585836786","28.155269589807336","","0.6277072073382028","4.776626708688355","2.3400043979191305","","0.6676389744330193","1.2200000000000002","3.9426447387030796","working_net_combined_queue","15.472482721451813","0.7430223822593689"
"2025-01-07","weekly","CAT793","Plan","602415.810556005","2510.065877208","54.0",,"1296.0","0.0","1296.0","0.0","99.53280472755432","156.9764967899469","1039.490704536438","0.0","1039.490704536438","178.02240511932624","240.00000001039214","240.00000001039214","240.00000001039214","2.927726680376137","24.89302315465991","2.927726680376137","29.688884643324","","0.8500881344476208","7.0567403457255224","2.789443252163293","","1.3329325599362283","0.7115178233904793","5.916813748072846","working_net_combined_queue","20.449277261298356","0.8020761609077454"
"2025-01-07","weekly","EH4000","Plan","183569.96059930002","798.1302634609999","18.0",,"432.0","0.0","432.0","0.0","24.105599284172058","27.410502750745124","380.4838972091675","0.0","380.4838972091675","95.12097430229187","230.00000000409713","230.00000000409713","230.00000000409713","3.527407041372057","28.008362606718936","3.527407041372057","34.735442932004425","","0.5358392321857969","7.556472524086502","3.201541454605349","","0.8914392655883491","0.9","6.093039403488337","working_net_combined_queue","20.989727199338034","0.8807497620582581"
"2025-01-07","weekly","EH5000","Plan","405635.3644145929","1389.1622068509998","24.0",,"576.0","0.0","576.0","0.0","32.256000995635986","115.7630962083172","427.9808921813965","0.0","427.9808921813965","72.75675243612687","292.0000000101507","292.0000000101507","292.0000000101507","1.802388396643963","22.783319420330837","1.802388396643963","27.355481053549042","","0.6375917206143671","4.7465999928937235","2.2854895647662388","","0.5846565439140232","1.2199999999999998","3.9532590776577665","working_net_combined_queue","15.34266397005011","0.7430223822593689"
"2025-01-08","weekly","CAT793","Plan","597124.6684589017","2488.019451933","54.0",,"1296.0","0.0","1296.0","0.0","99.53280472755432","156.9764967899469","1039.490704536438","0.0","1039.490704536438","178.02240511932624","239.99999999798302","239.99999999798302","239.99999999798302","2.7899776854146734","24.885909216679604","2.7899776854146734","29.68054263114218","","0.8650039261141891","6.7266443700068885","2.8715492038640504","","1.3545907304292981","0.7133428953730803","5.640013499929684","working_net_combined_queue","19.97228063726112","0.8020761609077454"
"2025-01-08","weekly","EH4000","Plan","169919.02531417002","738.7783709219999","18.0",,"432.0","0.0","432.0","0.0","24.105599284172058","27.410502750745124","380.4838972091675","0.0","380.4838972091675","95.12097430229187","230.00000000285613","230.00000000285613","230.00000000285613","3.112073841797207","26.867299211852416","3.112073841797207","32.92945898115906","","0.5374297805547552","6.949877210786397","3.4493195102589267","","1.0066192947928758","0.8999999999999998","5.670437240243419","working_net_combined_queue","20.251913131815904","0.8807497620582581"
"2025-01-08","weekly","EH5000","Plan","386233.44196532713","1322.7172670639998","24.0",,"576.0","0.0","576.0","0.0","32.256000995635986","115.7630962083172","427.9808921813965","0.0","427.9808921813965","72.75675243612687","291.9999999868749","291.9999999868749","291.9999999868749","2.078037071453705","23.69159228905241","2.078037071453705","29.05123839493282","","0.5813680663831634","5.26272032567589","2.3551156970624123","","0.5851777932707878","1.2200000000000002","4.291804108046892","working_net_combined_queue","16.113382255049583","0.7430223822593689"
"2025-01-09","weekly","CAT793","Plan","610475.3766875755","2543.6474028500006","54.0",,"1296.0","0.0","1296.0","0.0","99.53280472755432","156.9764967899469","1039.490704536438","0.0","1039.490704536438","178.02240511932624","240.0000000014056","240.0000000014056","240.0000000014056","2.801630615201832","24.864023344812846","2.801630615201832","29.850350675074566","","0.8221982107843229","6.760685291392257","2.981422273247624","","1.2923759266598354","0.7083137334553429","5.63135216540266","working_net_combined_queue","19.91450353536263","0.8020761609077454"
"2025-01-09","weekly","EH4000","Plan","157537.579349546","684.945997197","18.0",,"432.0","0.0","432.0","0.0","24.105599284172058","27.410502750745124","380.4838972091675","0.0","380.4838972091675","95.12097430229187","229.99999999158473","229.99999999158473","229.99999999158473","3.93873480340033","28.39819859509834","3.93873480340033","34.44493365310812","","0.5361988978891993","8.32179856101191","3.190405008580684","","0.9403354935149181","0.9","6.8609244710417725","working_net_combined_queue","22.544513128948495","0.8807497620582581"
"2025-01-09","weekly","EH5000","Plan","382834.2473307302","1311.0761894509997","24.0",,"576.0","0.0","576.0","0.0","32.256000995635986","115.7630962083172","427.9808921813965","0.0","427.9808921813965","72.75675243612687","292.00000000841925","292.00000000841925","292.00000000841925","2.0318457988840195","22.81460957927783","2.0318457988840195","27.95574784864427","","0.6483949396608667","5.343538643929761","2.1500169058920218","","0.599782893130258","1.2200000000000004","4.36084731458734","working_net_combined_queue","16.256453369654587","0.7430223822593689"
"2025-01-10","weekly","CAT793","Plan","592034.8338437998","2466.8118076819997","54.0",,"1296.0","0.0","1296.0","0.0","99.53280472755432","156.9764967899469","1039.490704536438","0.0","1039.490704536438","178.02240511932624","240.0000000000486","240.0000000000486","240.0000000000486","2.95321702768153","24.8902945418828","2.95321702768153","29.98607249318028","","0.8209005387302684","7.118960418999053","2.9081640828730597","","1.2702768460977947","0.7086777164354443","5.909177392310737","working_net_combined_queue","20.45637983881683","0.8020761609077454"
"2025-01-10","weekly","EH4000","Plan","167245.98773293704","727.1564683820002","18.0",,"432.0","0.0","432.0","0.0","24.105599284172058","27.410502750745124","380.4838972091675","0.0","380.4838972091675","95.12097430229187","230.000000006982","230.000000006982","230.000000006982","3.8299449814933295","27.670700454222896","3.8299449814933295","34.07927449277064","","0.5358935746926872","8.304693958498254","3.1455122070688835","","0.9226468910624998","0.8999999999999998","6.74300443040087","working_net_combined_queue","22.360646625179527","0.8807497620582581"
"2025-01-10","weekly","EH5000","Plan","368654.33687742","1262.5148523379999","24.0",,"576.0","0.0","576.0","0.0","32.256000995635986","115.7630962083172","427.9808921813965","0.0","427.9808921813965","72.75675243612687","291.9999999958211","291.9999999958211","291.9999999958211","2.149545336162828","22.98684951288299","2.149545336162828","28.310719971528936","","0.6628232477253788","5.6107175582059154","2.1633416661080442","","0.7102557846292507","1.2200000000000002","4.555614279660597","working_net_combined_queue","16.881741152706784","0.7430223822593689"
"2025-01-11","weekly","CAT793","Plan","605323.9196508275","2522.1829985451145","54.0",,"1296.0","0.0","1296.0","0.0","77.75999826192856","146.18879694099425","1072.051194190979","0.0","1072.051194190979","183.59869036638796","240.00000000000003","240.00000000000003","240.00000000000003","3.112283479345033","26.384986395613804","3.112283479345033","31.267869241608196","","0.8186582413202823","7.077396439050082","2.7186623303107367","","1.320816654345183","0.7100226863563235","5.972169299985776","working_net_combined_queue","20.37708941669116","0.8271999955177307"
"2025-01-11","weekly","EH4000","Plan","168509.70377352677","732.6508859718562","18.0",,"432.0","0.0","432.0","0.0","30.240000128746033","28.123200110721587","373.63679695129395","0.0","373.63679695129395","93.40919923782349","229.9999999999998","229.9999999999998","229.9999999999998","3.626145361853887","27.064666605829103","3.626145361853887","33.53074454519356","","0.537040738538149","8.038847286756303","3.1686220907611835","","0.965963209898645","0.8999999999999992","6.488633779604529","working_net_combined_queue","21.85523313280395","0.8648999929428101"
"2025-01-11","weekly","EH5000","Plan","391589.4900500575","1341.0598974317047","24.0",,"576.0","0.0","576.0","0.0","86.40000343322754","102.81599606895449","386.7840156555176","0.0","386.7840156555176","65.7532833530617","291.9999999999998","291.9999999999998","291.9999999999998","1.481437611860899","21.28098511920354","1.481437611860899","26.09834695541648","","0.6382265563466362","4.176792390660747","2.3485713813390454","","0.6575671601952189","1.2199999999999995","3.4058194131412747","working_net_combined_queue","14.36314905532336","0.671500027179718"
"2025-01-12","weekly","CAT793","Plan","562986.2118591706","2345.775882746542","54.0",,"1296.0","0.0","1296.0","0.0","77.75999826192856","146.18879694099425","1072.051194190979","0.0","1072.051194190979","183.59869036638796","240.00000000000023","240.00000000000023","240.00000000000023","3.2291628890134696","27.09664727605108","3.2291628890134696","32.242122276620314","","0.8126791227031965","7.150322745354946","2.6358595888301743","","1.3911554774771957","0.7099247856868932","6.009212783157939","working_net_combined_queue","20.534063666618202","0.8271999955177307"
"2025-01-12","weekly","EH4000","Plan","148517.71590500168","645.7291995869639","18.0",,"432.0","0.0","432.0","0.0","30.240000128746033","28.123200110721587","373.63679695129395","0.0","373.63679695129395","93.40919923782349","229.99999999999997","229.99999999999997","229.99999999999997","3.6050908454843804","28.30484218318957","3.6050908454843817","34.61532913191606","","0.538306528658947","7.641994586266517","3.2573623445110655","","1.0838386497709516","0.9","6.248834148152724","working_net_combined_queue","21.36823593904863","0.8648999929428101"
"2025-01-12","weekly","EH5000","Plan","387303.32044681016","1326.3812344068847","24.0",,"576.0","0.0","576.0","0.0","86.40000343322754","102.81599606895449","386.7840156555176","0.0","386.7840156555176","65.7532833530617","291.9999999999999","291.9999999999999","291.9999999999999","1.5192658679060376","21.325682012658845","1.5192658679060376","26.03482119315868","","0.6231177195737444","4.274468315726194","2.3454429046772094","","0.6678922536818827","1.22","3.501308935369828","working_net_combined_queue","14.522101714953527","0.671500027179718"
"2025-01-13","weekly","CAT793","Plan","578890.8734983649","2412.045306243188","54.0",,"1296.0","0.0","1296.0","0.0","77.75999826192856","146.18879694099425","1072.051194190979","0.0","1072.051194190979","183.59869036638796","239.99999999999991","239.99999999999991","239.99999999999991","3.292866929763265","27.48967869850263","3.2928669297632656","32.42610792300686","","0.8297313195320414","7.187134413344661","2.8644009968905357","","1.3942995645781657","0.7104605121612793","6.092991988274218","working_net_combined_queue","20.81570722542436","0.8271999955177307"
"2025-01-13","weekly","EH4000","Plan","156737.57784490008","681.4677297604355","18.0",,"432.0","0.0","432.0","0.0","30.240000128746033","28.123200110721587","373.63679695129395","0.0","373.63679695129395","93.40919923782349","229.99999999999986","229.99999999999986","229.99999999999986","3.5454416704806415","27.82589320869217","3.545441670480641","33.557882172331624","","0.5382258104641251","7.644911832062505","3.4193527897553135","","1.0083886816616445","0.9000000000000004","6.339091934837022","working_net_combined_queue","21.551583767430834","0.8648999929428101"
"2025-01-13","weekly","EH5000","Plan","360574.2688258558","1234.843386389918","24.0",,"576.0","0.0","576.0","0.0","86.40000343322754","102.81599606895449","386.7840156555176","0.0","386.7840156555176","65.7532833530617","291.99999999999983","291.99999999999983","291.99999999999983","1.8206150771743157","22.062413302266343","1.8206150771743164","27.5490461684731","","0.6354008573486113","4.9512672586564985","2.2278312294760805","","0.6876803883372785","1.22","3.965179192137286","working_net_combined_queue","15.598612270229268","0.671500027179718"
"2025-01-14","weekly","CAT793","Plan","575645.76664165","2398.524027673544","54.0",,"1296.0","0.0","1296.0","0.0","77.75999826192856","146.18879694099425","1072.051194190979","0.0","1072.051194190979","183.59869036638796","239.99999999999977","239.99999999999977","239.99999999999977","2.98003405147411","26.815787637539025","2.9800340514741124","31.498511716680532","","0.8339396773451018","6.667790090869614","2.779800952315858","","1.4115943780805777","0.7112828332204132","5.676523535356729","working_net_combined_queue","19.83382455229083","0.8271999955177307"
"2025-01-14","weekly","EH4000","Plan","150770.91519215","655.525718226739","18.0",,"432.0","0.0","432.0","0.0","30.240000128746033","28.123200110721587","373.63679695129395","0.0","373.63679695129395","93.40919923782349","230.00000000000006","230.00000000000006","230.00000000000006","3.3985722025765095","27.3704723273928","3.3985722025765095","32.7895016068192","","0.5381447681199196","7.450157590101574","3.44157899020825","","0.9874553021479296","0.9000000000000002","6.2188908693928635","working_net_combined_queue","21.241568186454224","0.8648999929428101"
"2025-01-14","weekly","EH5000","Plan","381977.82075291744","1308.143221756567","24.0",,"576.0","0.0","576.0","0.0","86.40000343322754","102.81599606895449","386.7840156555176","0.0","386.7840156555176","65.7532833530617","291.9999999999999","291.9999999999999","291.9999999999999","1.5449845771198651","20.38439486175631","1.5449845771198658","26.60288675268265","","0.6138747747627591","4.547550970036744","2.3326265863308384","","0.6521837185213671","1.2200000000000009","3.484549458447179","working_net_combined_queue","14.724567523426648","0.671500027179718"
"2025-01-15","weekly","CAT793","Plan","562012.9686723787","2341.7207028015764","54.0",,"1296.0","0.0","1296.0","0.0","77.75999826192856","146.18879694099425","1072.051194190979","0.0","1072.051194190979","183.59869036638796","240.00000000000014","240.00000000000014","240.00000000000014","3.0889225524244854","26.488062764651822","3.0889225524244863","31.739018336172858","","0.8286225203434928","6.996938764159006","2.8410038064047343","","1.4019916054902337","0.7100968479891042","5.839353668170734","working_net_combined_queue","20.347745246543948","0.8271999955177307"
"2025-01-15","weekly","EH4000","Plan","145275.20307493932","631.6313177171273","18.0",,"432.0","0.0","432.0","0.0","30.240000128746033","28.123200110721587","373.63679695129395","0.0","373.63679695129395","93.40919923782349","230.00000000000006","230.00000000000006","230.00000000000006","3.866094418327412","27.165564982704534","3.866094418327412","33.17714911814489","","0.5363649232584441","8.538959717838742","3.3087192455654435","","0.8443161361392938","0.9000000000000001","6.991729888351997","working_net_combined_queue","22.907303441265483","0.8648999929428101"
"2025-01-15","weekly","EH5000","Plan","359631.6180543038","1231.6151303229574","24.0",,"576.0","0.0","576.0","0.0","86.40000343322754","102.81599606895449","386.7840156555176","0.0","386.7840156555176","65.7532833530617","292.0000000000002","292.0000000000002","292.0000000000002","1.7668882617339985","21.29761128070066","1.7668882617339996","27.692411153020345","","0.6463101316274578","4.977708265344592","2.349559102110235","","0.6874340156539624","1.2199999999999998","3.8282435977943856","working_net_combined_queue","15.639498674993238","0.671500027179718"
"2025-01-16","weekly","CAT793","Plan","574441.6537287968","2393.5068905366556","54.0",,"1296.0","0.0","1296.0","0.0","77.75999826192856","146.18879694099425","1072.051194190979","0.0","1072.051194190979","183.59869036638796","239.99999999999974","239.99999999999974","239.99999999999974","3.3244891052152616","26.797524016380923","3.3244891052152625","32.17247614242513","","0.8192294448137647","7.443573749238291","2.779413274063486","","1.4147541731612783","0.7087850272384609","6.1999998206504205","working_net_combined_queue","21.07366160323585","0.8271999955177307"
"2025-01-16","weekly","EH4000","Plan","154443.78270016305","671.4947073920142","18.0",,"432.0","0.0","432.0","0.0","30.240000128746033","28.123200110721587","373.63679695129395","0.0","373.63679695129395","93.40919923782349","229.99999999999966","229.99999999999966","229.99999999999966","3.9516125888984193","27.19089717397187","3.9516125888984193","33.22902641444791","","0.5338030286959636","8.71971063760496","3.1322197062457264","","0.6858866493483704","0.8999999999999995","7.135230276587821","working_net_combined_queue","23.011910978468467","0.8648999929428101"
"2025-01-16","weekly","EH5000","Plan","338838.9682407284","1160.407425481949","24.0",,"576.0","0.0","576.0","0.0","86.40000343322754","102.81599606895449","386.7840156555176","0.0","386.7840156555176","65.7532833530617","291.9999999999994","291.9999999999994","291.9999999999994","2.0392018643339793","22.685303849750788","2.039201864333981","28.588434020914548","","0.6710997287777466","5.393452636579204","2.3702352617505618","","0.6912470364856363","1.2200000000000004","4.279776631715094","working_net_combined_queue","16.599207119476908","0.671500027179718"
"2025-01-17","weekly","CAT793","Plan","577221.5462499188","2405.089776041329","54.0",,"1296.0","0.0","1296.0","0.0","77.75999826192856","146.18879694099425","1072.051194190979","0.0","1072.051194190979","183.59869036638796","239.99999999999991","239.99999999999991","239.99999999999991","3.0932931401985577","26.160356683789313","3.0932931401985577","31.174164532601427","","0.8359908103209789","7.094612304232152","2.836863319165773","","1.4193179595685395","0.7109307613353547","5.953570566993658","working_net_combined_queue","20.569527413245797","0.8271999955177307"
"2025-01-17","weekly","EH4000","Plan","152678.1768823212","663.8181603579175","18.0",,"432.0","0.0","432.0","0.0","30.240000128746033","28.123200110721587","373.63679695129395","0.0","373.63679695129395","93.40919923782349","230.00000000000026","230.00000000000026","230.00000000000026","3.2371975897232117","25.364410701985136","3.2371975897232117","31.82375014151357","","0.5347071587254315","7.6576529873091514","3.2242923556735814","","0.7125394168639496","0.9","6.103361625191381","working_net_combined_queue","20.996024242393652","0.8648999929428101"
"2025-01-17","weekly","EH5000","Plan","362825.0080002065","1242.5513972609801","24.0",,"576.0","0.0","576.0","0.0","86.40000343322754","102.81599606895449","386.7840156555176","0.0","386.7840156555176","65.7532833530617","292.0000000000002","292.0000000000002","292.0000000000002","1.7754937075412427","21.779656727858672","1.7754937075412427","27.295503903461825","","0.6315476069863342","4.891244328759828","2.2849105809258106","","0.6667731577321944","1.2200000000000006","3.90282673766516","working_net_combined_queue","15.501848246452948","0.671500027179718"
"2025-01-18","weekly","CAT793","Plan","572011.6706131011","2383.3819608879185","54.0",,"1296.0","0.0","1296.0","0.0","97.28150975704193","115.67633652337034","1083.042140007019","0.0","1083.042140007019","185.48099157424744","240.00000000000028","240.00000000000028","240.00000000000028","3.2274890523122752","26.649760843850334","3.227489052312276","31.507061362413392","","0.8374139581655868","7.266457071543394","2.8836239138949513","","1.4557312527880666","0.7104569833441183","6.146220395208045","working_net_combined_queue","20.976842719723145","0.8356806635856628"
"2025-01-18","weekly","EH4000","Plan","138322.87970429","601.4038248012614","18.0",,"432.0","0.0","432.0","0.0","39.62571465969086","21.266686681739227","371.1076068878174","0.0","371.1076068878174","92.77690172195435","229.9999999999998","229.9999999999998","229.9999999999998","4.310860424679298","27.63988885259555","4.310860424679298","33.42329907182856","","0.5344181939064896","9.357911200734403","3.2144739872603743","","0.7463623610550916","0.8999999999999998","7.738662330277479","working_net_combined_queue","24.368591153535316","0.8590453863143921"
"2025-01-18","weekly","EH5000","Plan","436685.4523349665","1495.4981244348153","24.0",,"576.0","0.0","576.0","0.0","26.30714249610901","100.37391933185494","449.3189506530762","0.0","449.3189506530762","76.38422241446784","292.0000000000003","292.0000000000003","292.0000000000003","1.6088435871001052","21.03976255745329","1.6088435871001052","26.518257502030497","","0.630024167518915","4.588008774453139","2.3397229997639557","","0.6424877887803353","1.2199999999999998","3.640156794563707","working_net_combined_queue","14.962294446316687","0.7800676226615906"
"2025-01-19","weekly","CAT793","Plan","579776.0455444483","2415.7335231018683","54.0",,"1296.0","0.0","1296.0","0.0","97.28150975704193","115.67633652337034","1083.042140007019","0.0","1083.042140007019","185.48099157424744","239.99999999999997","239.99999999999997","239.99999999999997","3.0626515109699493","26.347174636730752","3.0626515109699497","31.030704558081823","","0.8664264052270324","6.974527371220188","2.857088824616129","","1.5302829565951945","0.7133653243435789","5.921847192165595","working_net_combined_queue","20.511228588536934","0.8356806635856628"
"2025-01-19","weekly","EH4000","Plan","136552.94128969588","593.7084403899823","18.0",,"432.0","0.0","432.0","0.0","39.62571465969086","21.266686681739227","371.1076068878174","0.0","371.1076068878174","92.77690172195435","229.99999999999991","229.99999999999991","229.99999999999991","4.3582837570085085","28.0542038181858","4.358283757008508","34.314125237895155","","0.5320057282816688","9.321135153762524","3.244114875856384","","0.5351926055146372","0.9000000000000001","7.6206816757701725","working_net_combined_queue","24.140866538228646","0.8590453863143921"
"2025-01-19","weekly","EH5000","Plan","449686.0993913248","1540.0208883264556","24.0",,"576.0","0.0","576.0","0.0","26.30714249610901","100.37391933185494","449.3189506530762","0.0","449.3189506530762","76.38422241446784","291.99999999999983","291.99999999999983","291.99999999999983","1.5525503039892579","21.277033460309855","1.5525503039892579","26.80214470224342","","0.6166422889860976","4.378101788161539","2.335542355535705","","0.6252604050615433","1.2199999999999995","3.4755807519969952","working_net_combined_queue","14.52972712982879","0.7800676226615906"
"2025-01-20","weekly","CAT793","Plan","601285.5649731456","2505.356520721438","54.0",,"1296.0","0.0","1296.0","0.0","97.28150975704193","115.67633652337034","1083.042140007019","0.0","1083.042140007019","185.48099157424744","240.0000000000002","240.0000000000002","240.0000000000002","3.107985023784746","26.582208967027395","3.107985023784746","31.203094781662553","","0.8722274955242024","7.015184541600499","2.8994547728903024","","1.4950710664426634","0.7135377560483841","5.976301476886673","working_net_combined_queue","20.59361273207935","0.8356806635856628"
"2025-01-20","weekly","EH4000","Plan","155329.82253112746","675.3470544831632","18.0",,"432.0","0.0","432.0","0.0","39.62571465969086","21.266686681739227","371.1076068878174","0.0","371.1076068878174","92.77690172195435","229.9999999999999","229.9999999999999","229.9999999999999","3.9379377872649024","27.55638610506859","3.9379377872649024","33.67949712881968","","0.5341878373673937","8.574283519435614","3.3534627690294667","","0.6077661105073597","0.9000000000000001","7.015433346055264","working_net_combined_queue","22.872493063494986","0.8590453863143921"
"2025-01-20","weekly","EH5000","Plan","441081.6880918264","1510.5537263418726","24.0",,"576.0","0.0","576.0","0.0","26.30714249610901","100.37391933185494","449.3189506530762","0.0","449.3189506530762","76.38422241446784","291.9999999999997","291.9999999999997","291.9999999999997","1.5915962716706775","20.954667921024832","1.5915962716706775","26.666055912149158","","0.6228793159869989","4.557255531805642","2.3103660102306445","","0.6320350428663436","1.2199999999999998","3.5811736319330376","working_net_combined_queue","14.813166119911154","0.7800676226615906"
"2025-01-21","weekly","CAT793","Plan","583025.7140860329","2429.2738086918034","54.0",,"1296.0","0.0","1296.0","0.0","97.28150975704193","115.67633652337034","1083.042140007019","0.0","1083.042140007019","185.48099157424744","240.00000000000006","240.00000000000006","240.00000000000006","3.3544544367328535","27.189329752549735","3.3544544367328535","32.75080840454663","","0.7917405785401638","7.40243573621365","2.802018750215406","","1.3284929402390218","0.7068606630767899","6.145413686216988","working_net_combined_queue","20.860273424757814","0.8356806635856628"
"2025-01-21","weekly","EH4000","Plan","147001.72066253278","639.1379159240558","18.0",,"432.0","0.0","432.0","0.0","39.62571465969086","21.266686681739227","371.1076068878174","0.0","371.1076068878174","92.77690172195435","229.99999999999991","229.99999999999991","229.99999999999991","3.9966968968790497","27.859477472258845","3.9966968968790497","34.57650188813786","","0.5373189142003317","8.607548869196355","3.2193754725813206","","0.9706248380338427","0.9000000000000002","6.935398340426439","working_net_combined_queue","22.91359638122303","0.8590453863143921"
"2025-01-21","weekly","EH5000","Plan","404646.2218149312","1385.7747322429163","24.0",,"576.0","0.0","576.0","0.0","26.30714249610901","100.37391933185494","449.3189506530762","0.0","449.3189506530762","76.38422241446784","291.9999999999997","291.9999999999997","291.9999999999997","1.9120881934487426","21.982768810379294","1.9120881934487426","27.572358905408997","","0.6417671100254514","5.218873591244627","2.329401732818926","","0.6537263016529911","1.2200000000000002","4.160880539837248","working_net_combined_queue","16.14698461525319","0.7800676226615906"
"2025-01-22","weekly","CAT793","Plan","565394.0625771881","2355.808594071616","54.0",,"1296.0","0.0","1296.0","0.0","97.28150975704193","115.67633652337034","1083.042140007019","0.0","1083.042140007019","185.48099157424744","240.0000000000001","240.0000000000001","240.0000000000001","3.320364321102538","26.173278665844503","3.320364321102538","31.696979945992837","","0.8049712393914874","7.611650867651213","2.8205082861913207","","1.3228523515683837","0.7080917605606729","6.28520002869668","working_net_combined_queue","21.256943387875918","0.8356806635856628"
"2025-01-22","weekly","EH4000","Plan","140468.3295534434","610.7318676236669","18.0",,"432.0","0.0","432.0","0.0","39.62571465969086","21.266686681739227","371.1076068878174","0.0","371.1076068878174","92.77690172195435","230.0","230.0","230.0","4.077707219107156","27.05116391851635","4.077707219107156","33.41481319119795","","0.5374187265077373","9.044432760209606","3.353380046311364","","0.9774496614595296","0.8999999999999999","7.321975189461114","working_net_combined_queue","23.873394964593434","0.8590453863143921"
"2025-01-22","weekly","EH5000","Plan","410550.50691250636","1405.9948866866641","24.0",,"576.0","0.0","576.0","0.0","26.30714249610901","100.37391933185494","449.3189506530762","0.0","449.3189506530762","76.38422241446784","292.0000000000003","292.0000000000003","292.0000000000003","1.8549564504721743","21.768648156446805","1.8549564504721743","27.263887924140228","","0.6421452062074902","5.112737650425465","2.3237039836672544","","0.6109609784988083","1.2200000000000002","4.082227279469725","working_net_combined_queue","15.914768605370673","0.7800676226615906"
"2025-01-23","weekly","CAT793","Plan","550383.1210811927","2293.263004504967","54.0",,"1296.0","0.0","1296.0","0.0","97.28150975704193","115.67633652337034","1083.042140007019","0.0","1083.042140007019","185.48099157424744","240.0000000000003","240.0000000000003","240.0000000000003","3.027927564032174","25.651046218779705","3.0279275640321734","30.767676433687498","","0.8114369064329051","7.082582608615847","3.0022534543868584","","1.3217379460344059","0.7084527496790801","5.904757034009039","working_net_combined_queue","20.55566834087414","0.8356806635856628"
"2025-01-23","weekly","EH4000","Plan","142184.4560401364","618.1932871310274","18.0",,"432.0","0.0","432.0","0.0","39.62571465969086","21.266686681739227","371.1076068878174","0.0","371.1076068878174","92.77690172195435","230.00000000000014","230.00000000000014","230.00000000000014","3.4270001912910564","25.316887690590026","3.4270001912910564","30.91937119715375","","0.5407598514157267","8.121851863880163","3.53058340832428","","1.1796524060009883","0.9000000000000004","6.650200295677148","working_net_combined_queue","22.50809466017489","0.8590453863143921"
"2025-01-23","weekly","EH5000","Plan","408890.070984684","1400.3084622763183","24.0",,"576.0","0.0","576.0","0.0","26.30714249610901","100.37391933185494","449.3189506530762","0.0","449.3189506530762","76.38422241446784","291.9999999999993","291.9999999999993","291.9999999999993","1.7985260377101928","21.702526095296804","1.7985260377101928","26.284228148360356","","0.6678280963282364","4.9723042280316525","2.3505989245065644","","0.6954005844442248","1.2199999999999998","4.105563292690534","working_net_combined_queue","15.979395886276288","0.7800676226615906"
"2025-01-24","weekly","CAT793","Plan","585019.3220691753","2437.5805086215664","54.0",,"1296.0","0.0","1296.0","0.0","97.28150975704193","115.67633652337034","1083.042140007019","0.0","1083.042140007019","185.48099157424744","239.99999999999974","239.99999999999974","239.99999999999974","3.048072879508327","26.573588520092937","3.048072879508327","31.68904718967353","","0.8001847134698352","6.8821857699879825","2.8816224306997076","","1.3376892425700957","0.7082402307541487","5.771217155121531","working_net_combined_queue","20.103904475404356","0.8356806635856628"
"2025-01-24","weekly","EH4000","Plan","146610.89401347024","637.4386696237833","18.0",,"432.0","0.0","432.0","0.0","39.62571465969086","21.266686681739227","371.1076068878174","0.0","371.1076068878174","92.77690172195435","230.0000000000001","230.0000000000001","230.0000000000001","3.721143223027827","25.976902304840248","3.721143223027827","32.35877195030137","","0.5384145239966498","8.594889058040929","3.336616109625323","","1.0164953905450267","0.8999999999999995","6.899785743556015","working_net_combined_queue","22.97913272191804","0.8590453863143921"
"2025-01-24","weekly","EH5000","Plan","427234.4553705333","1463.1316964744276","24.0",,"576.0","0.0","576.0","0.0","26.30714249610901","100.37391933185494","449.3189506530762","0.0","449.3189506530762","76.38422241446784","292.0000000000003","292.0000000000003","292.0000000000003","1.652337447262097","21.619944497139883","1.652337447262097","26.189207701658976","","0.6685770824815744","4.585592106808653","2.351244066125553","","0.7133243589862758","1.2200000000000004","3.7855382249477407","working_net_combined_queue","15.293280390336232","0.7800676226615906"
"2025-01-25","weekly","CAT793","Plan","549362.839008876","2289.0118292036473","54.0",,"1296.0","0.0","1296.0","0.0","98.4959968328476","141.30547323024558","1056.1985149383545","0.0","1056.1985149383545","180.88377230524378","240.00000000000028","240.00000000000028","240.00000000000028","2.684053611530639","24.44637064920779","2.684053611530639","29.22563903188062","","0.846668560955647","6.58761249277946","2.8788036828720376","","1.4524718038702618","0.7120556525348123","5.510340304831839","working_net_combined_queue","19.72614450562179","0.8149679899215698"
"2025-01-25","weekly","EH4000","Plan","133327.8412980266","579.6862665131591","18.0",,"432.0","0.0","432.0","0.0","34.1280015707016","22.280832599776264","375.5911617279053","0.0","375.5911617279053","93.89779043197632","229.99999999999997","229.99999999999997","229.99999999999997","3.096454419714484","23.827600022365754","3.096454419714484","30.195527848830217","","0.5364044937591936","7.797145537464117","3.3851038418796193","","0.8527379113599214","0.9000000000000001","6.152807333357032","working_net_combined_queue","21.409592404896976","0.8694239854812622"
"2025-01-25","weekly","EH5000","Plan","416122.3563017553","1425.0765626772443","24.0",,"576.0","0.0","576.0","0.0","41.47199821472168","90.33523217427063","444.19276428222656","0.0","444.19276428222656","75.51277072225707","292.0","292.0","292.0","1.739436860604965","21.147578296287598","1.7394368606049655","26.530930900459857","","0.6183736248641117","4.9351377341687925","2.3157404298427715","","0.6179130648539918","1.2200000000000002","3.9337561138681703","working_net_combined_queue","15.52253431458351","0.7711679935455322"
"2025-01-26","weekly","CAT793","Plan","565684.0223558757","2357.0167598161447","54.0",,"1296.0","0.0","1296.0","0.0","98.4959968328476","141.30547323024558","1056.1985149383545","0.0","1056.1985149383545","180.88377230524378","240.0000000000004","240.0000000000004","240.0000000000004","2.7117075748992265","25.009770128852733","2.711707574899226","30.158622116472873","","0.8367484070264576","6.505555775030916","2.87737919813364","","1.388639926730148","0.7112141154641727","5.394890186481173","working_net_combined_queue","19.451034704642897","0.8149679899215698"
"2025-01-26","weekly","EH4000","Plan","124815.87744950067","542.6777280413073","18.0",,"432.0","0.0","432.0","0.0","34.1280015707016","22.280832599776264","375.5911617279053","0.0","375.5911617279053","93.89779043197632","229.99999999999997","229.99999999999997","229.99999999999997","3.554563071985055","25.014225168023092","3.5545630719850547","31.74735290850171","","0.5384518510206036","8.526099964581018","3.4350979395037955","","0.9532046667303266","0.9","6.717844632079234","working_net_combined_queue","22.76191390696722","0.8694239854812622"
"2025-01-26","weekly","EH5000","Plan","406311.3707164528","1391.4772969741546","24.0",,"576.0","0.0","576.0","0.0","41.47199821472168","90.33523217427063","444.19276428222656","0.0","444.19276428222656","75.51277072225707","291.9999999999997","291.9999999999997","291.9999999999997","1.7850792150012034","20.60339680617294","1.7850792150012034","26.511912563712354","","0.6214703485713741","5.198402666689542","2.2820759193944693","","0.6485231174728086","1.2200000000000006","4.039872741835671","working_net_combined_queue","15.897348734069569","0.7711679935455322"
"2025-01-27","weekly","CAT793","Plan","622206.0112023985","2592.525046676661","54.0",,"1296.0","0.0","1296.0","0.0","98.4959968328476","141.30547323024558","1056.1985149383545","0.0","1056.1985149383545","180.88377230524378","239.99999999999991","239.99999999999991","239.99999999999991","2.6353578968603726","24.76345531593344","2.635357896860372","29.74366417772418","","0.8034686771484254","6.385275067404788","2.7477548649348695","","1.3187671278928528","0.7089034040928986","5.316139695056257","working_net_combined_queue","18.999003946168727","0.8149679899215698"
"2025-01-27","weekly","EH4000","Plan","166473.53036623073","723.7979581140469","18.0",,"432.0","0.0","432.0","0.0","34.1280015707016","22.280832599776264","375.5911617279053","0.0","375.5911617279053","93.89779043197632","229.99999999999991","229.99999999999991","229.99999999999991","3.10490029519878","23.901052098715457","3.10490029519878","30.253147369465587","","0.5363088979941941","7.794385658945073","3.2987315848627192","","0.8715574511530342","0.9000000000000002","6.157839230306093","working_net_combined_queue","21.348613515528168","0.8694239854812622"
"2025-01-27","weekly","EH5000","Plan","420588.3498830137","1440.3710612431994","24.0",,"576.0","0.0","576.0","0.0","41.47199821472168","90.33523217427063","444.19276428222656","0.0","444.19276428222656","75.51277072225707","291.99999999999966","291.99999999999966","291.99999999999966","1.6074477041642112","20.04077624492059","1.6074477041642112","25.831157783073543","","0.6532417880516698","4.812531264815528","2.298103868208056","","0.6977811004201739","1.2199999999999998","3.733741362264903","working_net_combined_queue","15.357709162961383","0.7711679935455322"
"2025-01-28","weekly","CAT793","Plan","619373.1818083673","2580.7215908681956","54.0",,"1296.0","0.0","1296.0","0.0","98.4959968328476","141.30547323024558","1056.1985149383545","0.0","1056.1985149383545","180.88377230524378","240.0000000000001","240.0000000000001","240.0000000000001","2.7674945192789724","25.607252369102916","2.7674945192789724","30.656765985354024","","0.7791528091360076","6.484478254960686","2.7856342227982926","","1.3539086652114545","0.7071502275450273","5.416411869277633","working_net_combined_queue","19.1946946135714","0.8149679899215698"
"2025-01-28","weekly","EH4000","Plan","150179.77808377173","652.9555568859641","18.0",,"432.0","0.0","432.0","0.0","34.1280015707016","22.280832599776264","375.5911617279053","0.0","375.5911617279053","93.89779043197632","229.99999999999997","229.99999999999997","229.99999999999997","3.911263350957406","26.169421097061353","3.911263350957406","33.271792316377955","","0.5354651677810318","8.967557982541573","3.054024640216227","","0.850021118819284","0.8999999999999998","7.053296042062807","working_net_combined_queue","23.188967233493457","0.8694239854812622"
"2025-01-28","weekly","EH5000","Plan","422765.6944283198","1447.8277206449277","24.0",,"576.0","0.0","576.0","0.0","41.47199821472168","90.33523217427063","444.19276428222656","0.0","444.19276428222656","75.51277072225707","292.0000000000006","292.0000000000006","292.0000000000006","1.575061118107685","19.993102945096247","1.575061118107685","25.700722620568932","","0.6502266998176205","4.726813408903105","2.3563928057107533","","0.7110369778186109","1.2200000000000004","3.6770820992724715","working_net_combined_queue","15.278613283797679","0.7711679935455322"
"2025-01-29","weekly","CAT793","Plan","590482.4500488283","2460.3435418701165","54.0",,"1296.0","0.0","1296.0","0.0","98.4959968328476","141.30547323024558","1056.1985149383545","0.0","1056.1985149383545","180.88377230524378","240.0000000000001","240.0000000000001","240.0000000000001","2.675313400776693","25.150786319023872","2.675313400776693","29.798409361628835","","0.7855095950402513","6.382257874982872","2.7410409354621716","","1.3908314390535503","0.7076597718178866","5.3868245817610765","working_net_combined_queue","19.054860048236325","0.8149679899215698"
"2025-01-29","weekly","EH4000","Plan","162154.71454605222","705.020498026314","18.0",,"432.0","0.0","432.0","0.0","34.1280015707016","22.280832599776264","375.5911617279053","0.0","375.5911617279053","93.89779043197632","229.99999999999997","229.99999999999997","229.99999999999997","3.107072227762896","24.66383616407743","3.107072227762897","30.72531477795387","","0.5336067055665477","7.558610608081256","3.0293242248192964","","0.7601549636083915","0.9000000000000001","6.067450732824962","working_net_combined_queue","20.76323877883926","0.8694239854812622"
"2025-01-29","weekly","EH5000","Plan","421497.1493871758","1443.483388312247","24.0",,"576.0","0.0","576.0","0.0","41.47199821472168","90.33523217427063","444.19276428222656","0.0","444.19276428222656","75.51277072225707","291.9999999999998","291.9999999999998","291.9999999999998","1.5762709650580837","19.894529109798885","1.5762709650580837","25.672093714295173","","0.647109200742387","4.753882707226394","2.3814877513266977","","0.7064715567470408","1.22","3.6840103092495906","working_net_combined_queue","15.324596059917747","0.7711679935455322"
"2025-01-30","weekly","CAT793","Plan","638306.2141615553","2659.6092256731486","54.0",,"1296.0","0.0","1296.0","0.0","98.4959968328476","141.30547323024558","1056.1985149383545","0.0","1056.1985149383545","180.88377230524378","239.99999999999986","239.99999999999986","239.99999999999986","2.804536454212178","25.09945198647777","2.8045364542121787","30.19196285549971","","0.7608601805423454","6.704217579865355","2.771746211064457","","1.3487179547960777","0.7044610110210804","5.573409985236471","working_net_combined_queue","19.485320853471954","0.8149679899215698"
"2025-01-30","weekly","EH4000","Plan","157024.82760854304","682.7166417762746","18.0",,"432.0","0.0","432.0","0.0","34.1280015707016","22.280832599776264","375.5911617279053","0.0","375.5911617279053","93.89779043197632","229.99999999999983","229.99999999999983","229.99999999999983","4.077237764607068","26.53302115117236","4.077237764607068","32.4276424592655","","0.5373565683935457","9.219992871622722","3.3807403710825232","","0.7395599872071804","0.9","7.54400404481224","working_net_combined_queue","24.063251697015097","0.8694239854812622"
"2025-01-30","weekly","EH5000","Plan","420425.9274173172","1439.814819922322","24.0",,"576.0","0.0","576.0","0.0","41.47199821472168","90.33523217427063","444.19276428222656","0.0","444.19276428222656","75.51277072225707","291.99999999999943","291.99999999999943","291.99999999999943","1.564266245020909","19.77215988809078","1.564266245020909","24.3726019087653","","0.6894937105219238","4.7468751634861155","2.2211137146285784","","0.6298643269937049","1.2200000000000004","3.8508803882567992","working_net_combined_queue","15.363642281462313","0.7711679935455322"
"2025-01-31","weekly","CAT793","Plan","659540.5621149217","2748.0856754788388","54.0",,"1296.0","0.0","1296.0","0.0","98.4959968328476","141.30547323024558","1056.1985149383545","0.0","1056.1985149383545","180.88377230524378","240.00000000000017","240.00000000000017","240.00000000000017","2.6479181991381324","25.610342536718516","2.647918199138133","30.16439781648249","","0.7881701818797308","6.203552011087034","2.8224832594928975","","1.3748624831553777","0.7067861732584707","5.266973765392893","working_net_combined_queue","18.826584962232413","0.8149679899215698"
"2025-01-31","weekly","EH4000","Plan","145700.9961284772","633.4825918629446","18.0",,"432.0","0.0","432.0","0.0","34.1280015707016","22.280832599776264","375.5911617279053","0.0","375.5911617279053","93.89779043197632","229.99999999999994","229.99999999999994","229.99999999999994","4.709649621642279","28.191602240374166","4.70964962164228","33.738432690842075","","0.5406354776481742","10.023516041732655","3.484025345009511","","0.8014031882863486","0.8999999999999999","8.375581043965914","working_net_combined_queue","25.715929124826573","0.8694239854812622"
"2025-01-31","weekly","EH5000","Plan","416488.57780484564","1426.330745907005","24.0",,"576.0","0.0","576.0","0.0","41.47199821472168","90.33523217427063","444.19276428222656","0.0","444.19276428222656","75.51277072225707","292.0000000000001","292.0000000000001","292.0000000000001","1.6112674120241648","20.184506774860825","1.611267412024165","24.623798965414057","","0.6802539876642905","4.78961640231194","2.264337466041459","","0.6392241243622707","1.2199999999999998","3.926122238783648","working_net_combined_queue","15.508885234727357","0.7711679935455322"
"2025-02-01","weekly","CAT793","Plan","560292.9899740475","2334.554124891863","54.0",,"1296.0","0.0","1296.0","0.0","107.56799590587616","140.23497733313943","1048.1970520019531","0.0","1048.1970520019531","179.51344771244567","240.00000000000017","240.00000000000017","240.00000000000017","3.1824290901858774","25.882452723465214","3.1824290901858774","31.063564035723974","","0.7926157342743722","7.377420812906186","2.977098836608528","","1.3235164552428533","0.706320734798456","6.1469361722808","working_net_combined_queue","20.97032435080461","0.8087940216064453"
"2025-02-01","weekly","EH4000","Plan","145209.88387936054","631.3473212146106","18.0",,"432.0","0.0","432.0","0.0","30.240000128746033","22.49856068724632","379.2614278793335","0.0","379.2614278793335","94.81535696983337","230.00000000000017","230.00000000000017","230.00000000000017","4.014365609528919","26.403704694710722","4.014365609528919","32.444259965620205","","0.5374655165602338","9.122278080165977","3.182225187468609","","0.9402896581605098","0.9000000000000006","7.423869024196152","working_net_combined_queue","23.842713704780742","0.8779199719429016"
"2025-02-01","weekly","EH5000","Plan","452572.7371106161","1549.9066339404646","24.0",,"576.0","0.0","576.0","0.0","45.5040020942688","64.72051247175979","465.77547454833984","0.0","465.77547454833984","79.18183150608922","292.0000000000003","292.0000000000003","292.0000000000003","1.585240186026795","21.29795450179523","1.5852401860267955","25.894751347436564","","0.6435440175880781","4.46589418498337","2.3708766846294504","","0.6669583525219533","1.2200000000000004","3.6731154466568583","working_net_combined_queue","14.965817161440446","0.8086379766464233"
"2025-02-02","weekly","CAT793","Plan","562879.8160088931","2345.3325667037216","54.0",,"1296.0","0.0","1296.0","0.0","107.56799590587616","140.23497733313943","1048.1970520019531","0.0","1048.1970520019531","179.51344771244567","239.99999999999994","239.99999999999994","239.99999999999994","2.903110299074951","25.34416271715028","2.9031102990749527","30.198420213371577","","0.8109930810223777","6.872849574416035","3.027047385908382","","1.3853362353018546","0.707413856463857","5.768070538582974","working_net_combined_queue","20.15125430185525","0.8087940216064453"
"2025-02-02","weekly","EH4000","Plan","142344.2753076587","618.8881535115606","18.0",,"432.0","0.0","432.0","0.0","30.240000128746033","22.49856068724632","379.2614278793335","0.0","379.2614278793335","94.81535696983337","229.99999999999963","229.99999999999963","229.99999999999963","4.017010217279142","26.481150208441477","4.017010217279144","32.27050254283523","","0.5365090125046603","9.101591552466541","3.1266601971397843","","0.9104448943045462","0.9","7.468759208717701","working_net_combined_queue","23.824550289918854","0.8779199719429016"
"2025-02-02","weekly","EH5000","Plan","448682.1168190124","1536.5825918459325","24.0",,"576.0","0.0","576.0","0.0","45.5040020942688","64.72051247175979","465.77547454833984","0.0","465.77547454833984","79.18183150608922","292.00000000000006","292.00000000000006","292.00000000000006","1.6127552468633166","21.56749384673458","1.6127552468633166","26.05558976336745","","0.6405037347541499","4.4866276767919295","2.4186487697166688","","0.6958701915807348","1.22","3.7138025157214076","working_net_combined_queue","15.09558901943322","0.8086379766464233"
"2025-02-03","weekly","CAT793","Plan","679762.7432117945","2832.3447633824767","54.0",,"1296.0","0.0","1296.0","0.0","107.56799590587616","140.23497733313943","1048.1970520019531","0.0","1048.1970520019531","179.51344771244567","240.00000000000006","240.00000000000006","240.00000000000006","2.3544212705580696","23.663790453433688","2.3544212705580723","27.988066078355914","","0.8019139579943696","5.96968082993594","2.7861209111193777","","1.309572423442592","0.7077831592215827","5.047339671058208","working_net_combined_queue","18.25330129144022","0.8087940216064453"
"2025-02-03","weekly","EH4000","Plan","155595.9663278021","676.5042014252272","18.0",,"432.0","0.0","432.0","0.0","30.240000128746033","22.49856068724632","379.2614278793335","0.0","379.2614278793335","94.81535696983337","229.99999999999977","229.99999999999977","229.99999999999977","4.286237734887443","26.778928512372275","4.286237734887446","32.46935434243347","","0.5357677408204734","9.603605460704976","3.1468076679562227","","0.839355042756867","0.8999999999999998","7.920522883855176","working_net_combined_queue","24.76074271835191","0.8779199719429016"
"2025-02-03","weekly","EH5000","Plan","411518.8219223321","1409.311033980591","24.0",,"576.0","0.0","576.0","0.0","45.5040020942688","64.72051247175979","465.77547454833984","0.0","465.77547454833984","79.18183150608922","291.99999999999966","291.99999999999966","291.99999999999966","1.9499164060656926","22.46974739773965","1.9499164060656926","27.09088219094664","","0.6646107274827693","5.206777908669801","2.3532382379247454","","0.7334979620794833","1.22","4.318611093552335","working_net_combined_queue","16.458836084956907","0.8086379766464233"
"2025-02-04","weekly","CAT793","Plan","667650.5298312099","2781.877207630043","54.0",,"1296.0","0.0","1296.0","0.0","107.56799590587616","140.23497733313943","1048.1970520019531","0.0","1048.1970520019531","179.51344771244567","239.99999999999986","239.99999999999986","239.99999999999986","2.560889952220676","25.631314374129747","2.560889952220676","29.873857129895363","","0.8056410564390137","5.9947529373806265","2.814181759891142","","1.3282804440122873","0.707931601802137","5.143406707246938","working_net_combined_queue","18.48557173963397","0.8087940216064453"
"2025-02-04","weekly","EH4000","Plan","135938.6900627552","591.0377828815435","18.0",,"432.0","0.0","432.0","0.0","30.240000128746033","22.49856068724632","379.2614278793335","0.0","379.2614278793335","94.81535696983337","230.0000000000003","230.0000000000003","230.0000000000003","5.233340380876491","28.81853725761696","5.233340380876491","34.137768612428346","","0.5360257249945353","10.895779339723315","3.3802401563099074","","0.9073444445530109","0.9000000000000005","9.198035947149549","working_net_combined_queue","27.62024226298172","0.8779199719429016"
"2025-02-04","weekly","EH5000","Plan","376728.13122933375","1290.164832977168","24.0",,"576.0","0.0","576.0","0.0","45.5040020942688","64.72051247175979","465.77547454833984","0.0","465.77547454833984","79.18183150608922","292.0000000000005","292.0000000000005","292.0000000000005","2.314223769021421","22.323620503004243","2.314223769021421","26.90460208401792","","0.6115711441480982","6.22002269401591","2.2634841139739534","","0.632998542178637","1.2199999999999995","5.160954460789741","working_net_combined_queue","17.97880294677152","0.8086379766464233"
"2025-02-05","weekly","CAT793","Plan","618292.1952829795","2576.217480345749","54.0",,"1296.0","0.0","1296.0","0.0","107.56799590587616","140.23497733313943","1048.1970520019531","0.0","1048.1970520019531","179.51344771244567","239.9999999999999","239.9999999999999","239.9999999999999","2.4517165952018134","24.73821320362383","2.451716595201814","28.73874719906891","","0.8104570016369641","5.946387255267091","2.8354256186588787","","1.3599821715856184","0.7090387448560296","5.118629378418929","working_net_combined_queue","18.456964596151426","0.8087940216064453"
"2025-02-05","weekly","EH4000","Plan","124016.14483739052","539.2006297277856","18.0",,"432.0","0.0","432.0","0.0","30.240000128746033","22.49856068724632","379.2614278793335","0.0","379.2614278793335","94.81535696983337","229.9999999999997","229.9999999999997","229.9999999999997","4.047257619603313","27.069914572169665","4.047257619603311","32.283533618403546","","0.5387322081706992","8.970676894039988","3.3892368373773083","","1.0185625547344281","0.8999999999999996","7.521960267625968","working_net_combined_queue","24.017487186096222","0.8779199719429016"
"2025-02-05","weekly","EH5000","Plan","414286.9541787116","1418.790938968192","24.0",,"576.0","0.0","576.0","0.0","45.5040020942688","64.72051247175979","465.77547454833984","0.0","465.77547454833984","79.18183150608922","291.99999999999966","291.99999999999966","291.99999999999966","1.8996034951046215","21.36513756669322","1.8996034951046217","26.18440767787653","","0.6152523458563114","5.334681761373648","2.3286975205675207","","0.6212242998063688","1.22","4.352827495982541","working_net_combined_queue","16.348863433039963","0.8086379766464233"
"2025-02-06","weekly","CAT793","Plan","566630.3635321159","2360.9598480504837","54.0",,"1296.0","0.0","1296.0","0.0","107.56799590587616","140.23497733313943","1048.1970520019531","0.0","1048.1970520019531","179.51344771244567","239.99999999999994","239.99999999999994","239.99999999999994","3.0308723751007416","27.017624136746257","3.0308723751007416","30.964581382854153","","0.8426801615708466","6.730878392031145","2.867503773088459","","1.3992036988921157","0.712118684596998","5.872914613557172","working_net_combined_queue","20.07022334175118","0.8087940216064453"
"2025-02-06","weekly","EH4000","Plan","141080.8769071515","613.395116987616","18.0",,"432.0","0.0","432.0","0.0","30.240000128746033","22.49856068724632","379.2614278793335","0.0","379.2614278793335","94.81535696983337","229.99999999999972","229.99999999999972","229.99999999999972","3.9163719126196286","28.913332943269634","3.9163719126196295","33.99654165970334","","0.5381469797687729","8.127126513509618","3.4821709666413225","","0.9105245564221144","0.8999999999999996","6.91194760659159","working_net_combined_queue","22.575155553569854","0.8779199719429016"
"2025-02-06","weekly","EH5000","Plan","449120.2017554254","1538.0828827240584","24.0",,"576.0","0.0","576.0","0.0","45.5040020942688","64.72051247175979","465.77547454833984","0.0","465.77547454833984","79.18183150608922","292.0000000000002","292.0000000000002","292.0000000000002","1.6398337698124665","20.85631999324302","1.6398337698124665","25.638338509736137","","0.60336580453506","4.71751613998175","2.362065559909961","","0.48481501895426526","1.2200000000000004","3.837613196010516","working_net_combined_queue","15.08086434210074","0.8086379766464233"
"2025-02-07","weekly","CAT793","Plan","589990.0997657891","2458.2920823574536","54.0",,"1296.0","0.0","1296.0","0.0","107.56799590587616","140.23497733313943","1048.1970520019531","0.0","1048.1970520019531","179.51344771244567","240.00000000000009","240.00000000000009","240.00000000000009","2.9349908769594384","26.419631593163484","2.9349908769594384","30.574769047790692","","0.8226832292864141","6.665477222745792","2.9451911177813304","","1.4295213380183691","0.7097601402096224","5.759633125676582","working_net_combined_queue","19.956100480536108","0.8087940216064453"
"2025-02-07","weekly","EH4000","Plan","130260.21023502747","566.3487401522934","18.0",,"432.0","0.0","432.0","0.0","30.240000128746033","22.49856068724632","379.2614278793335","0.0","379.2614278793335","94.81535696983337","229.99999999999997","229.99999999999997","229.99999999999997","4.838283477381042","28.271598006414546","4.838283477381043","33.79394443721612","","0.5343651828220942","10.268149984907007","3.176824843034699","","0.7061662478356011","0.9","8.590207904915898","working_net_combined_queue","26.054915753699007","0.8779199719429016"
"2025-02-07","weekly","EH5000","Plan","429209.5421017783","1469.8956921293782","24.0",,"576.0","0.0","576.0","0.0","45.5040020942688","64.72051247175979","465.77547454833984","0.0","465.77547454833984","79.18183150608922","291.99999999999994","291.99999999999994","291.99999999999994","1.864698171204253","21.844266258708302","1.864698171204253","27.11971633311364","","0.6252141000294595","5.121796674111359","2.284223367034289","","0.5102160377738983","1.22","4.125481583140509","working_net_combined_queue","15.780452602881534","0.8086379766464233"
"2025-02-08","weekly","CAT793","Plan","613533.5431615285","2556.389763173038","54.0",,"1296.0","0.0","1296.0","0.0","107.56799590587616","140.23497733313943","1048.1970520019531","0.0","1048.1970520019531","179.51344771244567","239.99999999999977","239.99999999999977","239.99999999999977","2.6012588540711428","25.90211149873628","2.601258854071145","29.99056992551905","","0.8320337306885877","6.02559105082546","2.884553430874985","","1.4631926610231258","0.7110330693192309","5.204153559998326","working_net_combined_queue","18.75832847559553","0.8087940216064453"
"2025-02-08","weekly","EH4000","Plan","145140.32429336887","631.0448882320387","18.0",,"432.0","0.0","432.0","0.0","30.240000128746033","22.49856068724632","379.2614278793335","0.0","379.2614278793335","94.81535696983337","229.99999999999994","229.99999999999994","229.99999999999994","3.9339756779523767","26.29525233088322","3.9339756779523882","30.983675622829022","","0.5373701869184485","8.976469885399057","3.3580137380467674","","0.7695386399207704","0.8999999999999999","7.618158140773595","working_net_combined_queue","23.90052199281","0.8779199719429016"
"2025-02-08","weekly","EH5000","Plan","431963.97396513826","1479.328677962806","24.0",,"576.0","0.0","576.0","0.0","45.5040020942688","64.72051247175979","465.77547454833984","0.0","465.77547454833984","79.18183150608922","291.99999999999926","291.99999999999926","291.99999999999926","1.7330617102907657","20.341698374031452","1.7330617102907657","25.531015185301136","","0.607278653332575","5.111849596108123","2.342564543914387","","0.46299683913376727","1.2199999999999995","4.072838540212535","working_net_combined_queue","15.679828050724758","0.8086379766464233"
"2025-02-09","weekly","CAT793","Plan","598495.913991225","2493.732974963436","54.0",,"1296.0","0.0","1296.0","0.0","107.56799590587616","140.23497733313943","1048.1970520019531","0.0","1048.1970520019531","179.51344771244567","240.00000000000014","240.00000000000014","240.00000000000014","2.8460489680331467","26.61737078656778","2.846048968033148","31.16170619307621","","0.8198629635098748","6.4154697866764065","3.0850623199715055","","1.4519559498264585","0.7088694894297228","5.479896929389911","working_net_combined_queue","19.550774644826024","0.8087940216064453"
"2025-02-09","weekly","EH4000","Plan","127778.69439990893","555.5595408691697","18.0",,"432.0","0.0","432.0","0.0","30.240000128746033","22.49856068724632","379.2614278793335","0.0","379.2614278793335","94.81535696983337","229.9999999999998","229.9999999999998","229.9999999999998","5.139740682457784","28.030537283724684","5.139740682457785","33.55041293846567","","0.536381405453753","11.001731355557132","3.3276871110718993","","0.8035179760616844","0.8999999999999999","9.191673482918693","working_net_combined_queue","27.5474466801905","0.8779199719429016"
"2025-02-09","weekly","EH5000","Plan","419981.311261075","1438.2921618529965","24.0",,"576.0","0.0","576.0","0.0","45.5040020942688","64.72051247175979","465.77547454833984","0.0","465.77547454833984","79.18183150608922","292.00000000000006","292.00000000000006","292.00000000000006","1.9117272900301199","21.397850744612654","1.9117272900301212","27.07645376133579","","0.642416840135976","5.360521426699182","2.198170653557197","","0.5463332130254429","1.2200000000000002","4.236287307520306","working_net_combined_queue","16.127195792285907","0.8086379766464233"
"2025-02-10","weekly","CAT793","Plan","573344.2495760942","2388.9343732337247","54.0",,"1296.0","0.0","1296.0","0.0","107.56799590587616","140.23497733313943","1048.1970520019531","0.0","1048.1970520019531","179.51344771244567","240.0000000000001","240.0000000000001","240.0000000000001","2.498511407275196","24.9392208762918","2.4985114072751973","29.23163648084454","","0.8349715678734524","6.011041210153551","3.1276980244413046","","1.4831981512002663","0.7104582573933726","5.128371260868277","working_net_combined_queue","18.89192006266596","0.8087940216064453"
"2025-02-10","weekly","EH4000","Plan","129767.77436017443","564.2077146094535","18.0",,"432.0","0.0","432.0","0.0","30.240000128746033","22.49856068724632","379.2614278793335","0.0","379.2614278793335","94.81535696983337","230.0000000000002","230.0000000000002","230.0000000000002","3.6527492361840457","27.76440686280255","3.652749236184046","32.2063142666484","","0.5375386496342813","7.8937380241560176","3.484722758211286","","0.7148957984434383","0.8999999999999997","6.80503060227545","working_net_combined_queue","22.06914794954352","0.8779199719429016"
"2025-02-10","weekly","EH5000","Plan","433009.9756921611","1482.910875658084","24.0",,"576.0","0.0","576.0","0.0","45.5040020942688","64.72051247175979","465.77547454833984","0.0","465.77547454833984","79.18183150608922","292.0000000000004","292.0000000000004","292.0000000000004","1.8036019185191514","21.19098359556546","1.8036019185191514","26.67517049480229","","0.6328903075701279","5.106705624263471","2.2350026500252924","","0.4836586957453797","1.2199999999999998","4.056810625905285","working_net_combined_queue","15.641951031502003","0.8086379766464233"
"2025-02-11","weekly","CAT793","Plan","555484.0017058206","2314.516673774251","54.0",,"1296.0","0.0","1296.0","0.0","107.56799590587616","140.23497733313943","1048.1970520019531","0.0","1048.1970520019531","179.51344771244567","240.0000000000001","240.0000000000001","240.0000000000001","2.8129788758637235","26.468987826522174","2.8129788758637244","30.70798584369867","","0.8255370114247259","6.376470972671858","3.0908290399860068","","1.5128478358578659","0.7100578148316466","5.496248871902393","working_net_combined_queue","19.6663584290045","0.8087940216064453"
"2025-02-11","weekly","EH4000","Plan","132253.4195593088","575.0148676491691","18.0",,"432.0","0.0","432.0","0.0","30.240000128746033","22.49856068724632","379.2614278793335","0.0","379.2614278793335","94.81535696983337","229.99999999999983","229.99999999999983","229.99999999999983","4.096064546353665","29.201016379764905","4.096064546353665","34.102414822704574","","0.5387945366297675","8.416278035840016","3.4683553450269047","","0.900136758149171","0.9000000000000008","7.20664134956203","working_net_combined_queue","23.105657340238594","0.8779199719429016"
"2025-02-11","weekly","EH5000","Plan","440184.18156494194","1507.4800738525414","24.0",,"576.0","0.0","576.0","0.0","45.5040020942688","64.72051247175979","465.77547454833984","0.0","465.77547454833984","79.18183150608922","291.9999999999999","291.9999999999999","291.9999999999999","1.7672676887321344","21.368602285393575","1.7672676887321344","26.8273709232018","","0.6248554636071973","4.962236645510904","2.2739068377079126","","0.460587312067535","1.2200000000000002","3.9525327184492083","working_net_combined_queue","15.387015525103422","0.8086379766464233"
"2025-02-12","weekly","CAT793","Plan","583174.3708102958","2429.893211709564","54.0",,"1296.0","0.0","1296.0","0.0","107.56799590587616","140.23497733313943","1048.1970520019531","0.0","1048.1970520019531","179.51344771244567","240.00000000000017","240.00000000000017","240.00000000000017","2.6421055225956125","25.63196623376546","2.642105522595613","30.28988212313658","","0.8578553677774884","6.184712086071146","3.051833471988559","","1.4642117044210106","0.7128594636681437","5.233639758361696","working_net_combined_queue","19.11550956692195","0.8087940216064453"
"2025-02-12","weekly","EH4000","Plan","124924.34623260284","543.1493314460996","18.0",,"432.0","0.0","432.0","0.0","30.240000128746033","22.49856068724632","379.2614278793335","0.0","379.2614278793335","94.81535696983337","229.99999999999986","229.99999999999986","229.99999999999986","4.476857494961982","30.12714998315256","4.4768574949619815","35.33878076472148","","0.5374497035968333","8.915926327180946","3.5595259648977398","","0.6627429924776519","0.9000000000000006","7.60103896866392","working_net_combined_queue","23.913997591362772","0.8779199719429016"
"2025-02-12","weekly","EH5000","Plan","433885.5415908468","1485.9093890097513","24.0",,"576.0","0.0","576.0","0.0","45.5040020942688","64.72051247175979","465.77547454833984","0.0","465.77547454833984","79.18183150608922","291.9999999999996","291.9999999999996","291.9999999999996","1.9019248891501688","22.052959761193677","1.9019248891501694","28.49333528334359","","0.6116958760125821","5.174611235169339","2.4313880586976575","","0.29771286832463195","1.22","4.0049889637075555","working_net_combined_queue","15.610386119415157","0.8086379766464233"
"2025-02-13","weekly","CAT793","Plan","575272.8076239243","2396.9700317663523","54.0",,"1296.0","0.0","1296.0","0.0","107.56799590587616","140.23497733313943","1048.1970520019531","0.0","1048.1970520019531","179.51344771244567","239.99999999999991","239.99999999999991","239.99999999999991","2.3662305658126837","25.192290657318836","2.3662305658126837","29.840526755715683","","0.8440004531967725","5.63560637974439","3.1048191233289826","","1.4139488245442644","0.7112499803191817","4.757752271298871","working_net_combined_queue","18.081214890226327","0.8087940216064453"
"2025-02-13","weekly","EH4000","Plan","120858.74857110274","525.4728198743603","18.0",,"432.0","0.0","432.0","0.0","30.240000128746033","22.49856068724632","379.2614278793335","0.0","379.2614278793335","94.81535696983337","229.99999999999974","229.99999999999974","229.99999999999974","3.782298673644586","27.587359192711414","3.7822986736445854","32.65724347833886","","0.5398410486761018","8.226156002588032","3.628880785116408","","0.8116490048646524","0.8999999999999997","6.949083763582196","working_net_combined_queue","22.682922365726714","0.8779199719429016"
"2025-02-13","weekly","EH5000","Plan","428197.50958049676","1466.429827330468","24.0",,"576.0","0.0","576.0","0.0","45.5040020942688","64.72051247175979","465.77547454833984","0.0","465.77547454833984","79.18183150608922","292.00000000000006","292.00000000000006","292.00000000000006","1.8980963792001506","22.12799204246266","1.8980963792001506","28.109012957609888","","0.6305111473217168","5.1466840070019515","2.4254014574254428","","0.4408357060516114","1.2199999999999995","4.05157530517901","working_net_combined_queue","15.817749249799027","0.8086379766464233"
"2025-02-14","weekly","CAT793","Plan","520169.2416116208","2167.371840048422","54.0",,"1296.0","0.0","1296.0","0.0","107.56799590587616","140.23497733313943","1048.1970520019531","0.0","1048.1970520019531","179.51344771244567","239.99999999999977","239.99999999999977","239.99999999999977","2.772788123519227","26.18022978269505","2.7727881235192267","31.02670065998793","","0.8229312669135633","6.3546916429710345","3.155143721517679","","1.3986872535931394","0.7092654943055102","5.362068279006573","working_net_combined_queue","19.46011748786624","0.8087940216064453"
"2025-02-14","weekly","EH4000","Plan","125563.29592034062","545.9273735666982","18.0",,"432.0","0.0","432.0","0.0","30.240000128746033","22.49856068724632","379.2614278793335","0.0","379.2614278793335","94.81535696983337","230.00000000000009","230.00000000000009","230.00000000000009","3.8575728510389182","27.653508232630113","3.8575728510389173","33.30192808009827","","0.5376824306947342","8.369801368971606","3.4411717330334515","","1.1048918501006781","0.8999999999999999","6.950179296094739","working_net_combined_queue","23.030334866937423","0.8779199719429016"
"2025-02-14","weekly","EH5000","Plan","423632.23088091967","1450.7953112360278","24.0",,"576.0","0.0","576.0","0.0","45.5040020942688","64.72051247175979","465.77547454833984","0.0","465.77547454833984","79.18183150608922","291.99999999999966","291.99999999999966","291.99999999999966","1.9631608543637433","22.565121581792337","1.9631608543637433","28.46618971104197","","0.6449715792180725","5.219987441010217","2.363109822644983","","0.47434802177098323","1.22","4.137879092969519","working_net_combined_queue","15.988209447363738","0.8086379766464233"
"2025-02-15","weekly","CAT793","Plan","593684.9446117259","2473.687269215524","53.0",,"1272.0","0.0","1272.0","0.0","105.57599598169327","137.63803330845167","1028.7859954833984","0.0","1028.7859954833984","176.40767873889627","240.00000000000006","240.00000000000006","240.00000000000006","2.505679524281778","25.987674758185378","2.5056795242817786","30.929445629486263","","0.8106930700452648","5.785079767844702","2.9278060581168512","","1.4589811404567952","0.708911421092372","4.860765151043668","working_net_combined_queue","18.22061896078464","0.8087940216064453"
"2025-02-15","weekly","EH4000","Plan","143228.04699708134","622.7306391177448","18.0",,"432.0","0.0","432.0","0.0","30.240000128746033","22.49856068724632","379.2614278793335","0.0","379.2614278793335","94.81535696983337","230.00000000000009","230.00000000000009","230.00000000000009","3.79476941059729","28.497351414858734","3.7947694105972904","34.5539503621892","","0.5366707149110215","7.989730740981077","3.284127751428203","","0.8125496879024439","0.8999999999999999","6.589294776697485","working_net_combined_queue","21.885520786013252","0.8779199719429016"
"2025-02-15","weekly","EH5000","Plan","396474.39456669707","1357.789022488689","24.0",,"576.0","0.0","576.0","0.0","45.5040020942688","64.72051247175979","465.77547454833984","0.0","465.77547454833984","79.18183150608922","291.99999999999994","291.99999999999994","291.99999999999994","2.218833397367264","23.295919269951337","2.218833397367264","28.585676566873413","","0.6249549062083761","5.714734941314636","2.4506441831905565","","0.522743839473201","1.2200000000000006","4.6572276689198215","working_net_combined_queue","17.083375190654504","0.8086379766464233"
"2025-02-16","weekly","CAT793","Plan","658476.137822926","2743.6505742621944","53.0",,"1272.0","0.0","1272.0","0.0","105.57599598169327","137.63803330845167","1028.7859954833984","0.0","1028.7859954833984","176.40767873889627","239.99999999999977","239.99999999999977","239.99999999999977","2.587836494367216","25.651544647216966","2.5878364943672154","30.716728696220645","","0.7865986939578614","6.05305418435606","2.967314764710538","","1.359958285789825","0.7057828228595404","5.054906438690433","working_net_combined_queue","18.553142069620996","0.8087940216064453"
"2025-02-16","weekly","EH4000","Plan","144660.27549426685","628.9577195402914","18.0",,"432.0","0.0","432.0","0.0","30.240000128746033","22.49856068724632","379.2614278793335","0.0","379.2614278793335","94.81535696983337","229.99999999999974","229.99999999999974","229.99999999999974","5.333400561611653","29.28295934048442","5.333400561611653","35.07837558392124","","0.5374433719338476","10.9279950149808","3.1392845143340278","","0.6866802044876478","0.9","9.12254425610798","working_net_combined_queue","27.051552252887298","0.8779199719429016"
"2025-02-16","weekly","EH5000","Plan","397236.24796527205","1360.398109470108","24.0",,"576.0","0.0","576.0","0.0","45.5040020942688","64.72051247175979","465.77547454833984","0.0","465.77547454833984","79.18183150608922","292.0000000000004","292.0000000000004","292.0000000000004","2.219242509016384","23.218741084808475","2.219242509016384","28.48339737346044","","0.6341386035043953","5.7347876895919745","2.309929645925157","","0.5678864200771093","1.2199999999999998","4.674812796912018","working_net_combined_queue","17.050611243592403","0.8086379766464233"
"2025-02-17","weekly","CAT793","Plan","616661.0999622239","2569.4212498425986","53.0",,"1272.0","0.0","1272.0","0.0","105.57599598169327","137.63803330845167","1028.7859954833984","0.0","1028.7859954833984","176.40767873889627","240.00000000000009","240.00000000000009","240.00000000000009","2.6952719965170444","26.026488252817103","2.695271996517045","30.762925087550034","","0.8105001645552072","6.213528241695017","2.9469819488870814","","1.393578935377214","0.7083004447184423","5.256857705526526","working_net_combined_queue","18.956643389349136","0.8087940216064453"
"2025-02-17","weekly","EH4000","Plan","174979.58001280407","760.7807826643666","18.0",,"432.0","0.0","432.0","0.0","30.240000128746033","22.49856068724632","379.2614278793335","0.0","379.2614278793335","94.81535696983337","229.9999999999997","229.9999999999997","229.9999999999997","3.3540359825544814","26.93895812472721","3.3540359825544805","32.53346646154139","","0.5366774906174856","7.470302230009005","3.07531365059728","","0.7353473411789824","0.8999999999999998","6.1856967867584025","working_net_combined_queue","20.6761729307568","0.8779199719429016"
"2025-02-17","weekly","EH5000","Plan","397294.59082934016","1360.5979137991137","24.0",,"576.0","0.0","576.0","0.0","45.5040020942688","64.72051247175979","465.77547454833984","0.0","465.77547454833984","79.18183150608922","291.9999999999992","291.9999999999992","291.9999999999992","2.1553794280751744","22.666797063787005","2.1553794280751744","27.580151139466174","","0.6458915530961438","5.705383311130423","2.3230741773028254","","0.5352638010554003","1.2200000000000004","4.6889795864626125","working_net_combined_queue","17.048107354807353","0.8086379766464233"
"2025-02-18","weekly","CAT793","Plan","636777.6033226014","2653.24001384417","53.0",,"1272.0","0.0","1272.0","0.0","105.57599598169327","137.63803330845167","1028.7859954833984","0.0","1028.7859954833984","176.40767873889627","240.00000000000023","240.00000000000023","240.00000000000023","2.665918235697374","25.25796497232841","2.6659182356973745","29.705718029961044","","0.7908542274419519","6.332857548780462","2.9444244707454894","","1.345913057405128","0.7065112867034427","5.384656717622935","working_net_combined_queue","19.15417634132458","0.8087940216064453"
"2025-02-18","weekly","EH4000","Plan","173171.15186760586","752.9180515982869","18.0",,"432.0","0.0","432.0","0.0","30.240000128746033","22.49856068724632","379.2614278793335","0.0","379.2614278793335","94.81535696983337","229.99999999999986","229.99999999999986","229.99999999999986","3.770687191217479","27.139686149224126","3.770687191217479","32.63541136007973","","0.5356389114502385","8.336177147705024","3.0849718965091446","","0.7769668380832674","0.9","6.932384855727341","working_net_combined_queue","22.386749722764037","0.8779199719429016"
"2025-02-18","weekly","EH5000","Plan","389478.7825171328","1333.831446976482","24.0",,"576.0","0.0","576.0","0.0","45.5040020942688","64.72051247175979","465.77547454833984","0.0","465.77547454833984","79.18183150608922","292.00000000000006","292.00000000000006","292.00000000000006","2.3382757837013908","23.4672936508626","2.3382757837013908","28.44215412534333","","0.6386728145298413","5.978386306889993","2.2772821551585265","","0.42622984011991083","1.2200000000000009","4.932697657280201","working_net_combined_queue","17.39021774741929","0.8086379766464233"
"2025-02-19","weekly","CAT793","Plan","644016.373021591","2683.4015542566276","53.0",,"1272.0","0.0","1272.0","0.0","105.57599598169327","137.63803330845167","1028.7859954833984","0.0","1028.7859954833984","176.40767873889627","240.00000000000014","240.00000000000014","240.00000000000014","2.5828642296078486","25.045931308055643","2.582864229607849","30.07044254593426","","0.7703941496136684","6.187506141032439","2.832900271401533","","1.3495092731707863","0.7054090578008314","5.153627304943813","working_net_combined_queue","18.60542361861758","0.8087940216064453"
"2025-02-19","weekly","EH4000","Plan","163627.21078638235","711.4226555929675","18.0",,"432.0","0.0","432.0","0.0","30.240000128746033","22.49856068724632","379.2614278793335","0.0","379.2614278793335","94.81535696983337","229.99999999999974","229.99999999999974","229.99999999999974","3.817424199210356","26.184449178119124","3.8174241992103575","31.713042414058727","","0.5373677837913095","8.747384770042128","3.1750276492053127","","0.7379325429373785","0.8999999999999998","7.222437032754801","working_net_combined_queue","23.061231724330685","0.8779199719429016"
"2025-02-19","weekly","EH5000","Plan","404358.612317826","1384.7897682117318","24.0",,"576.0","0.0","576.0","0.0","45.5040020942688","64.72051247175979","465.77547454833984","0.0","465.77547454833984","79.18183150608922","292.0000000000002","292.0000000000002","292.0000000000002","2.2269820192133793","23.343409427587755","2.2269820192133793","28.603511240485954","","0.6371559150247914","5.724053359355852","2.2862221948091386","","0.29712547378488186","1.2199999999999995","4.671416737245741","working_net_combined_queue","16.750282124893175","0.8086379766464233"
"2025-02-20","weekly","CAT793","Plan","613206.3862711682","2555.0266094632025","53.0",,"1272.0","0.0","1272.0","0.0","105.57599598169327","137.63803330845167","1028.7859954833984","0.0","1028.7859954833984","176.40767873889627","239.99999999999986","239.99999999999986","239.99999999999986","2.7567639646178836","25.576594850162696","2.7567639646178836","30.627227734354218","","0.7911165973295786","6.467078156653869","2.8601462375312297","","1.3925504847457106","0.7075728339974945","5.400614097747383","working_net_combined_queue","19.223590061193136","0.8087940216064453"
"2025-02-20","weekly","EH4000","Plan","167645.24375240854","728.8923641409066","18.0",,"432.0","0.0","432.0","0.0","30.240000128746033","22.49856068724632","379.2614278793335","0.0","379.2614278793335","94.81535696983337","230.00000000000003","230.00000000000003","230.00000000000003","3.4064979066318406","25.076551736121004","3.40649790663184","30.683338164366067","","0.5375706708053918","8.15063715891612","3.2271553828617723","","0.7740761689345932","0.9000000000000004","6.661265906044001","working_net_combined_queue","21.982454430513858","0.8779199719429016"
"2025-02-20","weekly","EH5000","Plan","430920.6732216728","1475.755730211207","24.0",,"576.0","0.0","576.0","0.0","45.5040020942688","64.72051247175979","465.77547454833984","0.0","465.77547454833984","79.18183150608922","292.0000000000002","292.0000000000002","292.0000000000002","1.8672117987664154","21.433308947607635","1.8672117987664154","27.14926246755182","","0.6182433485115201","5.2270374210459885","2.303796704403299","","0.3407793793074761","1.220000000000001","4.12654701246061","working_net_combined_queue","15.71779043536005","0.8086379766464233"
"2025-02-21","weekly","CAT793","Plan","618638.8066626412","2577.661694427675","53.0",,"1272.0","0.0","1272.0","0.0","105.57599598169327","137.63803330845167","1028.7859954833984","0.0","1028.7859954833984","176.40767873889627","239.99999999999972","239.99999999999972","239.99999999999972","2.6817106238823083","25.502378639267423","2.6817106238823087","30.305891771237015","","0.8263064087400988","6.309318817233299","2.8904178883520917","","1.4077066467044625","0.7103903654971364","5.3092856876645165","working_net_combined_queue","19.09435550143041","0.8087940216064453"
"2025-02-21","weekly","EH4000","Plan","183196.9308995394","796.5083952153882","18.0",,"432.0","0.0","432.0","0.0","30.240000128746033","22.49856068724632","379.2614278793335","0.0","379.2614278793335","94.81535696983337","230.00000000000017","230.00000000000017","230.00000000000017","2.94053213713684","24.462601498547894","2.9405321371368403","30.038178188896005","","0.5356415677093961","7.212312567765266","3.035092572609036","","0.622780414709911","0.9000000000000004","5.873589507283459","working_net_combined_queue","19.99990451544484","0.8779199719429016"
"2025-02-21","weekly","EH5000","Plan","434337.2976036645","1487.4564986426883","24.0",,"576.0","0.0","576.0","0.0","45.5040020942688","64.72051247175979","465.77547454833984","0.0","465.77547454833984","79.18183150608922","291.99999999999966","291.99999999999966","291.99999999999966","1.80951709125835","21.068080350858803","1.80951709125835","26.761168731566556","","0.6121060009205593","5.153342101767487","2.3295760373601118","","0.3513864942142821","1.2199999999999998","4.05703601978468","working_net_combined_queue","15.594149692686598","0.8086379766464233"
"2025-02-22","weekly","CAT793","Plan","584412.7122027652","2435.052967511524","53.0",,"1272.0","0.0","1272.0","0.0","161.45571613311768","131.04422629061528","979.5000228881836","0.0","979.5000228881836","167.95652946384666","239.99999999999974","239.99999999999974","239.99999999999974","2.6415777485753047","25.306274082372923","2.6415777485753043","30.008943338873777","","0.8379329392809779","6.263058101663322","2.903755803026907","","1.4571543874741992","0.7114713529573856","5.281580998195403","working_net_combined_queue","19.10521939021388","0.7700471878051758"
"2025-02-22","weekly","EH4000","Plan","150659.81044057303","655.0426540894482","18.0",,"432.0","0.0","432.0","0.0","50.73571515083313","44.60792082739984","336.6563529968262","0.0","336.6563529968262","84.16408824920654","229.99999999999991","229.99999999999991","229.99999999999991","2.938210085941291","23.59096690953475","2.938210085941291","30.070668187445076","","0.5365695107244642","7.472885949631228","3.2463183209840527","","0.6824493455509609","0.9","5.862610170733821","working_net_combined_queue","20.478635804299174","0.7792971134185791"
"2025-02-22","weekly","EH5000","Plan","438155.6752538355","1500.533134430942","24.0",,"576.0","0.0","576.0","0.0","47.768571853637695","64.44423495801227","463.7871894836426","0.0","463.7871894836426","78.84382304153536","292.0000000000003","292.0000000000003","292.0000000000003","1.6850397613054786","20.438978785497394","1.6850397613054788","25.887038124868265","","0.6102508923134987","4.946547806491513","2.3591436260488416","","0.48332641907680995","1.2200000000000006","3.905521566069205","working_net_combined_queue","15.392264085508538","0.8051860928535461"
"2025-02-23","weekly","CAT793","Plan","623407.3349363197","2597.5305622346664","53.0",,"1272.0","0.0","1272.0","0.0","161.45571613311768","131.04422629061528","979.5000228881836","0.0","979.5000228881836","167.95652946384666","239.99999999999991","239.99999999999991","239.99999999999991","2.5439211750527635","25.615938193067542","2.5439211750527635","30.68291766349947","","0.8080788429358907","5.95860551164484","2.9069810277374657","","1.3847142381178172","0.7082347430001952","4.974600922152243","working_net_combined_queue","18.36374176460239","0.7700471878051758"
"2025-02-23","weekly","EH4000","Plan","151854.4953286179","660.2369362113809","18.0",,"432.0","0.0","432.0","0.0","50.73571515083313","44.60792082739984","336.6563529968262","0.0","336.6563529968262","84.16408824920654","230.00000000000043","230.00000000000043","230.00000000000043","3.5852320175320975","25.685051896479827","3.5852320175320975","32.06226570018199","","0.5370977724593539","8.375062737615396","3.3564510150133815","","0.6335726678349941","0.8999999999999998","6.709255143210445","working_net_combined_queue","22.264941803003268","0.7792971134185791"
"2025-02-23","weekly","EH5000","Plan","414730.946610379","1420.3114609944491","24.0",,"576.0","0.0","576.0","0.0","47.768571853637695","64.44423495801227","463.7871894836426","0.0","463.7871894836426","78.84382304153536","291.9999999999999","291.9999999999999","291.9999999999999","1.992363075840482","22.132822219402513","1.9923630758404824","27.763094638709813","","0.6325673791306637","5.401108966828181","2.310900281457462","","0.48496819071041497","1.2200000000000004","4.305780249142435","working_net_combined_queue","16.26164606057067","0.8051860928535461"
"2025-02-24","weekly","CAT793","Plan","647094.9475656489","2696.228948190203","53.0",,"1272.0","0.0","1272.0","0.0","161.45571613311768","131.04422629061528","979.5000228881836","0.0","979.5000228881836","167.95652946384666","240.00000000000009","240.00000000000009","240.00000000000009","2.351791012103908","25.037296410447226","2.351791012103908","30.312664742601388","","0.7628422968914677","5.635890489651873","2.8347561062525473","","1.2927821693711166","0.704352117575986","4.6550661884872895","working_net_combined_queue","17.502224799582876","0.7700471878051758"
"2025-02-24","weekly","EH4000","Plan","150121.71426749128","652.7031055108305","18.0",,"432.0","0.0","432.0","0.0","50.73571515083313","44.60792082739984","336.6563529968262","0.0","336.6563529968262","84.16408824920654","230.0000000000004","230.0000000000004","230.0000000000004","3.578276542037801","26.42686451790535","3.578276542037801","32.028043447827784","","0.5378315795391923","8.124179558903093","3.3903591149770005","","0.6978482596308074","0.9000000000000005","6.703393945121842","working_net_combined_queue","22.073359799369072","0.7792971134185791"
"2025-02-24","weekly","EH5000","Plan","394263.952533456","1350.2190155255335","24.0",,"576.0","0.0","576.0","0.0","47.768571853637695","64.44423495801227","463.7871894836426","0.0","463.7871894836426","78.84382304153536","292.00000000000017","292.00000000000017","292.00000000000017","2.2084066277215455","23.03637071429129","2.2084066277215455","28.334458419192284","","0.6434167214361862","5.751964982100662","2.33532217657838","","0.5534682670170504","1.2200000000000004","4.676440103529248","working_net_combined_queue","17.105819136124502","0.8051860928535461"
"2025-02-25","weekly","CAT793","Plan","644445.5075287857","2685.189614703275","53.0",,"1272.0","0.0","1272.0","0.0","161.45571613311768","131.04422629061528","979.5000228881836","0.0","979.5000228881836","167.95652946384666","239.99999999999991","239.99999999999991","239.99999999999991","2.237139468723643","23.684059961568476","2.237139468723643","28.799379024594725","","0.7750817898483432","5.66745601646118","2.9142022021044736","","1.3172651668041881","0.7055538898707643","4.660807721193825","working_net_combined_queue","17.67216832606795","0.7700471878051758"
"2025-02-25","weekly","EH4000","Plan","153441.47969442303","667.1368682366209","18.0",,"432.0","0.0","432.0","0.0","50.73571515083313","44.60792082739984","336.6563529968262","0.0","336.6563529968262","84.16408824920654","230.00000000000034","230.00000000000034","230.00000000000034","3.566179023918612","25.527268539551546","3.566179023918612","31.37947175406891","","0.5375723126035281","8.382046089404115","3.2239743021427203","","0.7134121073142495","0.9","6.818812729292411","working_net_combined_queue","22.307491160994715","0.7792971134185791"
"2025-02-25","weekly","EH5000","Plan","408882.19641460234","1400.2814945705536","24.0",,"576.0","0.0","576.0","0.0","47.768571853637695","64.44423495801227","463.7871894836426","0.0","463.7871894836426","78.84382304153536","292.0000000000005","292.0000000000005","292.0000000000005","2.0420707089217265","22.262394859242054","2.0420707089217265","27.575359265994603","","0.642590609999281","5.503641603250004","2.225525171375651","","0.5354793725251565","1.2200000000000004","4.443250996421218","working_net_combined_queue","16.49425659319969","0.8051860928535461"
"2025-02-26","weekly","CAT793","Plan","610232.8056654057","2542.6366902725244","53.0",,"1272.0","0.0","1272.0","0.0","161.45571613311768","131.04422629061528","979.5000228881836","0.0","979.5000228881836","167.95652946384666","239.99999999999994","239.99999999999994","239.99999999999994","2.5007906946039924","24.991801726352552","2.5007906946039924","29.969903729861624","","0.7845188665030925","6.003866520676752","2.931972589575141","","1.3724540808256818","0.705700935652013","5.006604059482988","working_net_combined_queue","18.44444808029961","0.7700471878051758"
"2025-02-26","weekly","EH4000","Plan","149596.03589764016","650.4175473810457","18.0",,"432.0","0.0","432.0","0.0","50.73571515083313","44.60792082739984","336.6563529968262","0.0","336.6563529968262","84.16408824920654","229.9999999999995","229.9999999999995","229.9999999999995","3.5629521702965055","25.821726951027195","3.5629521702965055","31.36269434238597","","0.537302771950901","8.278963317334831","3.2942717443910543","","0.7143705129031291","0.9000000000000001","6.816287143062048","working_net_combined_queue","22.285267979900485","0.7792971134185791"
"2025-02-26","weekly","EH5000","Plan","378886.9563377314","1297.558069649765","24.0",,"576.0","0.0","576.0","0.0","47.768571853637695","64.44423495801227","463.7871894836426","0.0","463.7871894836426","78.84382304153536","292.0","292.0","292.0","2.3696986073430506","22.865838244169666","2.369698607343051","28.523807162980386","","0.650945509516975","6.218093337419484","2.240949567377374","","0.5470766475647694","1.2200000000000015","4.984675279431626","working_net_combined_queue","17.80005289491384","0.8051860928535461"
"2025-02-27","weekly","CAT793","Plan","616961.679873424","2570.6736661392656","53.0",,"1272.0","0.0","1272.0","0.0","161.45571613311768","131.04422629061528","979.5000228881836","0.0","979.5000228881836","167.95652946384666","240.00000000000009","240.00000000000009","240.00000000000009","2.3978584601804593","24.537488263441684","2.3978584601804593","29.19887248130396","","0.7898766910376172","5.863334749921457","2.8990444955641674","","1.3571076207454598","0.7065957745878155","4.927296685957599","working_net_combined_queue","18.21220879772423","0.7700471878051758"
"2025-02-27","weekly","EH4000","Plan","149857.52954010636","651.5544762613322","18.0",,"432.0","0.0","432.0","0.0","50.73571515083313","44.60792082739984","336.6563529968262","0.0","336.6563529968262","84.16408824920654","229.99999999999994","229.99999999999994","229.99999999999994","3.3413012362126535","25.47457334441664","3.3413012362126535","30.489365568599567","","0.5379354733322981","7.869732358704989","3.380785849595185","","0.7587694307240378","0.8999999999999995","6.575344236720618","working_net_combined_queue","21.73753557579141","0.7792971134185791"
"2025-02-27","weekly","EH5000","Plan","407648.53236636444","1396.0566176930292","24.0",,"576.0","0.0","576.0","0.0","47.768571853637695","64.44423495801227","463.7871894836426","0.0","463.7871894836426","78.84382304153536","291.99999999999994","291.99999999999994","291.99999999999994","2.056572429387484","21.90852350607667","2.0565724293874865","27.171376524292924","","0.6394689810311344","5.632252932472775","2.2667539474084135","","0.3260264683580872","1.2200000000000002","4.541335830112503","working_net_combined_queue","16.54417305228896","0.8051860928535461"
"2025-02-28","weekly","CAT793","Plan","656794.8594564836","2736.6452477353528","53.0",,"1272.0","0.0","1272.0","0.0","161.45571613311768","131.04422629061528","979.5000228881836","0.0","979.5000228881836","167.95652946384666","239.99999999999963","239.99999999999963","239.99999999999963","2.3781341362804196","25.49695054941501","2.3781341362804196","29.90976214085666","","0.7786821127261226","5.596278970706124","2.9726862646994037","","1.3097453001621928","0.7050572206046478","4.770617950916891","working_net_combined_queue","17.770625449637553","0.7700471878051758"
"2025-02-28","weekly","EH4000","Plan","143121.5047343229","622.2674118883597","18.0",,"432.0","0.0","432.0","0.0","50.73571515083313","44.60792082739984","336.6563529968262","0.0","336.6563529968262","84.16408824920654","230.00000000000028","230.00000000000028","230.00000000000028","4.2600795742867765","27.56228009671788","4.2600795742867765","32.60081885914822","","0.5378821728065153","9.273716599652582","3.3629559937426214","","0.6718099282455723","0.9","7.840440314138935","working_net_combined_queue","24.304225059486505","0.7792971134185791"
"2025-02-28","weekly","EH5000","Plan","378821.7610660883","1297.3347981715367","24.0",,"576.0","0.0","576.0","0.0","47.768571853637695","64.44423495801227","463.7871894836426","0.0","463.7871894836426","78.84382304153536","291.99999999999966","291.99999999999966","291.99999999999966","2.3559309719512145","22.548924999320082","2.355930971951217","27.847163712723013","","0.6556239301044516","6.26885132312672","2.241273084733315","","0.39478021415105374","1.2199999999999998","5.07613126332465","working_net_combined_queue","17.803116286362762","0.8051860928535461"
"2025-03-01","weekly","CAT793","Plan","592238.5678904697","2467.6606995436237","53.0",,"1272.0","0.0","1272.0","0.0","59.78399795293808","109.09944451945782","1103.116557598114","0.0","1103.116557598114","189.15326623676373","240.0","240.0","240.0","2.8592537257012354","26.19552856873769","2.8592537257012354","31.09608952950704","","0.7970128845758936","6.549026987255063","3.1154474975725126","","1.3644739729604796","0.7066306954556284","5.516938822139857","working_net_combined_queue","19.70312957611377","0.8672299981117249"
"2025-03-01","weekly","EH4000","Plan","170077.76456211036","739.4685415743928","18.0",,"432.0","0.0","432.0","0.0","19.007999897003174","23.127552719638825","389.86443614959717","0.0","389.86443614959717","97.46610903739929","230.00000000000003","230.00000000000003","230.00000000000003","3.0745581373375215","25.776160906401138","3.0745581373375215","31.547332238944673","","0.5400111465850679","7.156748008755639","3.4068996963437286","","0.9856828396270406","0.9000000000000002","5.8475146755046925","working_net_combined_queue","20.456343623903056","0.902463972568512"
"2025-03-01","weekly","EH5000","Plan","425123.6211840981","1455.9028122743102","24.0",,"576.0","0.0","576.0","0.0","58.17600202560425","63.17452846276474","454.6494827270508","0.0","454.6494827270508","77.29041287657526","291.99999999999966","291.99999999999966","291.99999999999966","1.7951501813990327","21.16921025329498","1.7951501813990327","27.837100973367136","","0.6111324316722238","5.088003264891617","2.330677611019773","","0.5634661718693278","1.2200000000000004","3.8692610623136177","working_net_combined_queue","15.551548848751539","0.789322018623352"
"2025-03-02","weekly","CAT793","Plan","586833.1568237873","2445.1381534324482","53.0",,"1272.0","0.0","1272.0","0.0","59.78399795293808","109.09944451945782","1103.116557598114","0.0","1103.116557598114","189.15326623676373","239.99999999999986","239.99999999999986","239.99999999999986","3.1118518550139864","26.397027265696295","3.111851855013987","31.30092391780319","","0.7904958550498473","7.073187045704791","3.1373243528137444","","1.4333807159422207","0.7057871891287387","5.965035146922374","working_net_combined_queue","20.740773802535095","0.8672299981117249"
"2025-03-02","weekly","EH4000","Plan","144569.4821181404","628.5629657310453","18.0",,"432.0","0.0","432.0","0.0","19.007999897003174","23.127552719638825","389.86443614959717","0.0","389.86443614959717","97.46610903739929","229.99999999999997","229.99999999999997","229.99999999999997","4.19570263821238","26.426375331021696","4.195702638212377","32.683455135913604","","0.536527679721459","9.526170545122955","3.1591430150514106","","0.7463231933495771","0.9","7.702434067814344","working_net_combined_queue","24.35032523387265","0.902463972568512"
"2025-03-02","weekly","EH5000","Plan","422368.7946514277","1446.4684748336556","24.0",,"576.0","0.0","576.0","0.0","58.17600202560425","63.17452846276474","454.6494827270508","0.0","454.6494827270508","77.29041287657526","292.00000000000017","292.00000000000017","292.00000000000017","1.7938074539949371","20.666384778699392","1.7938074539949371","27.389103347406902","","0.6050135527044539","5.207899126635232","2.3384072951955206","","0.4936959264461783","1.2199999999999989","3.929608277953579","working_net_combined_queue","15.652981104013065","0.789322018623352"
"2025-03-03","weekly","CAT793","Plan","625600.7791572902","2606.6699131553783","53.0",,"1272.0","0.0","1272.0","0.0","59.78399795293808","109.09944451945782","1103.116557598114","0.0","1103.116557598114","189.15326623676373","239.9999999999998","239.9999999999998","239.9999999999998","3.1952125599570245","26.763241146836847","3.195212559957025","31.54293004383772","","0.7906864435161164","7.163286111184632","3.0176452336341404","","1.3189895421121833","0.7065731744510593","6.077835931252519","working_net_combined_queue","20.753446349996192","0.8672299981117249"
"2025-03-03","weekly","EH4000","Plan","168376.89083849234","732.073438428227","18.0",,"432.0","0.0","432.0","0.0","19.007999897003174","23.127552719638825","389.86443614959717","0.0","389.86443614959717","97.46610903739929","230.0000000000002","230.0000000000002","230.0000000000002","3.7582986486157255","26.168622727556137","3.7582986486157255","31.772879402940266","","0.5394536451628111","8.617110700269649","3.4006725839047487","","0.9294865059222609","0.9000000000000007","7.097182350305838","working_net_combined_queue","23.129038108076003","0.902463972568512"
"2025-03-03","weekly","EH5000","Plan","407531.9786692124","1395.6574611959304","24.0",,"576.0","0.0","576.0","0.0","58.17600202560425","63.17452846276474","454.6494827270508","0.0","454.6494827270508","77.29041287657526","292.0000000000005","292.0000000000005","292.0000000000005","2.0353395098979408","21.87283517164941","2.0353395098979408","28.31548484306967","","0.6038001446983147","5.58319804613914","2.218795866381286","","0.4279651312059297","1.2199999999999998","4.312847591015766","working_net_combined_queue","16.222851475767115","0.789322018623352"
"2025-03-04","weekly","CAT793","Plan","593134.4414404909","2471.3935060020463","53.0",,"1272.0","0.0","1272.0","0.0","59.78399795293808","109.09944451945782","1103.116557598114","0.0","1103.116557598114","189.15326623676373","239.99999999999991","239.99999999999991","239.99999999999991","3.1268386237286236","26.01462805817267","3.1268386237286245","30.93927480653189","","0.7899672136917891","7.211723996368205","2.992598542647629","","1.3205783057038354","0.7063101642531608","6.063824009996163","working_net_combined_queue","20.76989032432393","0.8672299981117249"
"2025-03-04","weekly","EH4000","Plan","161455.5035845906","701.980450367784","18.0",,"432.0","0.0","432.0","0.0","19.007999897003174","23.127552719638825","389.86443614959717","0.0","389.86443614959717","97.46610903739929","230.0000000000004","230.0000000000004","230.0000000000004","3.47980597772866","25.404142604958277","3.47980597772866","31.084810986365056","","0.5377914482160575","8.218673698634062","3.3049414043649756","","0.9494707812493276","0.9000000000000006","6.71673245030513","working_net_combined_queue","22.349203164830914","0.902463972568512"
"2025-03-04","weekly","EH5000","Plan","400911.1786726413","1372.9834886049346","24.0",,"576.0","0.0","576.0","0.0","58.17600202560425","63.17452846276474","454.6494827270508","0.0","454.6494827270508","77.29041287657526","292.0000000000003","292.0000000000003","292.0000000000003","2.094288128933027","22.49016887549841","2.0942881289330275","28.66151472616728","","0.61285072720401","5.587209612857872","2.2722280054691923","","0.5422923899683274","1.2200000000000004","4.384181678341639","working_net_combined_queue","16.49076182786284","0.789322018623352"
"2025-03-05","weekly","CAT793","Plan","575638.7032177281","2398.4945967405342","53.0",,"1272.0","0.0","1272.0","0.0","59.78399795293808","109.09944451945782","1103.116557598114","0.0","1103.116557598114","189.15326623676373","239.99999999999994","239.99999999999994","239.99999999999994","3.131992120979262","26.615288328877945","3.131992120979264","31.32924013203537","","0.8101916435562414","7.060585815817014","2.986532252300748","","1.3178953325973533","0.7086425098054784","5.9982152923843435","working_net_combined_queue","20.635752982212033","0.8672299981117249"
"2025-03-05","weekly","EH4000","Plan","150054.12576742657","652.4092424670725","18.0",,"432.0","0.0","432.0","0.0","19.007999897003174","23.127552719638825","389.86443614959717","0.0","389.86443614959717","97.46610903739929","229.99999999999983","229.99999999999983","229.99999999999983","3.89755267486425","27.152011919095983","3.89755267486425","33.37344183975923","","0.5370594828283979","8.61273784015196","3.362009357282745","","0.9912116388671881","0.9","7.007163408997137","working_net_combined_queue","23.16544551802114","0.902463972568512"
"2025-03-05","weekly","EH5000","Plan","417908.6197100113","1431.1939031164757","24.0",,"576.0","0.0","576.0","0.0","58.17600202560425","63.17452846276474","454.6494827270508","0.0","454.6494827270508","77.29041287657526","292.0000000000003","292.0000000000003","292.0000000000003","1.8932188453719627","21.38771517339552","1.8932188453719636","27.119036901761046","","0.5887060290972368","5.311139118947024","2.321191700746344","","0.36034661535594853","1.2200000000000013","4.188686019116753","working_net_combined_queue","15.820039237617753","0.789322018623352"
"2025-03-06","weekly","CAT793","Plan","567448.0562091912","2364.366900871633","53.0",,"1272.0","0.0","1272.0","0.0","59.78399795293808","109.09944451945782","1103.116557598114","0.0","1103.116557598114","189.15326623676373","239.99999999999972","239.99999999999972","239.99999999999972","2.6438399098558683","24.965336042615018","2.64383990985587","29.376075007060823","","0.8234473794715412","6.3540260111289975","2.999520859193029","","1.308320270376727","0.7096655815109114","5.399986027855112","working_net_combined_queue","19.31866831889927","0.8672299981117249"
"2025-03-06","weekly","EH4000","Plan","142022.88302082435","617.4907957427154","18.0",,"432.0","0.0","432.0","0.0","19.007999897003174","23.127552719638825","389.86443614959717","0.0","389.86443614959717","97.46610903739929","229.9999999999997","229.9999999999997","229.9999999999997","3.043779293374189","24.797410101551108","3.0437792933741896","30.41247072575656","","0.5392223464323854","7.364751272594706","3.1317143339015794","","1.0521448582941197","0.9","6.004995754842875","working_net_combined_queue","20.648600630175924","0.902463972568512"
"2025-03-06","weekly","EH5000","Plan","404467.2493748041","1385.161812927412","24.0",,"576.0","0.0","576.0","0.0","58.17600202560425","63.17452846276474","454.6494827270508","0.0","454.6494827270508","77.29041287657526","291.99999999999983","291.99999999999983","291.99999999999983","1.99981425409961","21.877486970312265","1.99981425409961","27.205323459452313","","0.6218872108682114","5.484581268808497","2.3059474638191646","","0.41513796442983186","1.2200000000000002","4.410491771024588","working_net_combined_queue","16.34577526823939","0.789322018623352"
"2025-03-07","weekly","CAT793","Plan","580239.8629155238","2417.6660954813497","53.0",,"1272.0","0.0","1272.0","0.0","59.78399795293808","109.09944451945782","1103.116557598114","0.0","1103.116557598114","189.15326623676373","239.99999999999997","239.99999999999997","239.99999999999997","3.0813654325047324","26.876332129201106","3.0813654325047337","31.399921029939307","","0.8218468166723784","6.878986502381027","2.859485110554486","","1.3437731354053983","0.7101134651280934","5.887974233247344","working_net_combined_queue","20.271124951161205","0.8672299981117249"
"2025-03-07","weekly","EH4000","Plan","151356.82483199498","658.0731514434563","18.0",,"432.0","0.0","432.0","0.0","19.007999897003174","23.127552719638825","389.86443614959717","0.0","389.86443614959717","97.46610903739929","230.00000000000006","230.00000000000006","230.00000000000006","3.8812929392785795","28.2035383837043","3.8812929392785795","33.80955473902232","","0.5391310389449419","8.257034035533248","3.185515179090816","","1.0812097327020775","0.9000000000000005","6.8879220135937524","working_net_combined_queue","22.51078420839752","0.902463972568512"
"2025-03-07","weekly","EH5000","Plan","401188.9387109974","1373.9347216130043","24.0",,"576.0","0.0","576.0","0.0","58.17600202560425","63.17452846276474","454.6494827270508","0.0","454.6494827270508","77.29041287657526","292.0000000000001","292.0000000000001","292.0000000000001","1.9827607333404702","21.582328263601166","1.9827607333404706","26.63356829222675","","0.6182089425347325","5.512178415016747","2.3920373401488133","","0.3888374634244189","1.2200000000000004","4.466755738289467","working_net_combined_queue","16.479344577159818","0.789322018623352"
"2025-03-08","weekly","CAT793","Plan","608503.8555842212","2535.4327316009226","53.0",,"1272.0","0.0","1272.0","0.0","76.31999829411507","118.37231952746987","1077.3076558113098","0.0","1077.3076558113098","184.72777009373834","239.99999999999991","239.99999999999991","239.99999999999991","2.946536689183948","25.789102966591308","2.946536689183948","31.02162003873213","","0.810819969385671","6.855306350905796","2.917767040075876","","1.3741136622405725","0.7084625523074434","5.698999637359444","working_net_combined_queue","20.0743928757724","0.8469399809837341"
"2025-03-08","weekly","EH4000","Plan","154710.69244701","672.6551845522172","18.0",,"432.0","0.0","432.0","0.0","14.688000798225403","50.91206447471237","366.3999309539795","0.0","366.3999309539795","91.59998273849487","230.00000000000006","230.00000000000006","230.00000000000006","3.713877735438138","25.524844398174505","3.713877735438138","31.839073362329188","","0.537576277441715","8.73003026581525","3.056569457423136","","0.7947793158694115","0.9","6.998717003803749","working_net_combined_queue","22.74916355803437","0.848147988319397"
"2025-03-08","weekly","EH5000","Plan","373624.31406135455","1279.5353221279256","24.0",,"576.0","0.0","576.0","0.0","40.89600133895874","85.61663787208558","449.4873504638672","0.0","449.4873504638672","76.41285038260344","292.0000000000002","292.0000000000002","292.0000000000002","2.273415765228226","21.49330905415539","2.2734157652282265","28.802473517413233","","0.6469559058008866","6.346391128978897","2.23797425445394","","0.37565344190036754","1.2200000000000002","4.735876098670022","working_net_combined_queue","17.494218517679723","0.7803599834442139"
"2025-03-09","weekly","CAT793","Plan","615428.3892030069","2564.2849550125275","53.0",,"1272.0","0.0","1272.0","0.0","76.31999829411507","118.37231952746987","1077.3076558113098","0.0","1077.3076558113098","184.72777009373834","240.0000000000001","240.0000000000001","240.0000000000001","3.097185672359287","26.351547766728075","3.097185672359288","31.57158277273732","","0.8100006671007873","7.052000967328032","2.8522969352575505","","1.384072639163318","0.7084110955032566","5.886025470412149","working_net_combined_queue","20.38938743236286","0.8469399809837341"
"2025-03-09","weekly","EH4000","Plan","150150.94528481204","652.830196890487","18.0",,"432.0","0.0","432.0","0.0","14.688000798225403","50.91206447471237","366.3999309539795","0.0","366.3999309539795","91.59998273849487","230.00000000000006","230.00000000000006","230.00000000000006","4.263691576026494","27.170322374101843","4.263691576026495","32.96345615182678","","0.5394320608017765","9.415475129048637","3.3610071183832853","","0.7569778621555041","0.8999999999999998","7.760760685508775","working_net_combined_queue","24.379778059016274","0.848147988319397"
"2025-03-09","weekly","EH5000","Plan","375130.3633051078","1284.6930250174942","24.0",,"576.0","0.0","576.0","0.0","40.89600133895874","85.61663787208558","449.4873504638672","0.0","449.4873504638672","76.41285038260344","291.9999999999996","291.9999999999996","291.9999999999996","2.254768743234248","21.56059175437004","2.2547687432342483","28.606121892040136","","0.6420187985237771","6.274694411698333","2.2822829724056786","","0.35294244200758945","1.2200000000000002","4.729271765834825","working_net_combined_queue","17.42398385456714","0.7803599834442139"
"2025-03-10","weekly","CAT793","Plan","622955.4287122592","2595.647619634414","53.0",,"1272.0","0.0","1272.0","0.0","76.31999829411507","118.37231952746987","1077.3076558113098","0.0","1077.3076558113098","184.72777009373834","239.99999999999994","239.99999999999994","239.99999999999994","3.0252355494386136","26.369952840350837","3.0252355494386136","31.750987489706734","","0.8154540496478767","6.883369646705135","2.954572918811736","","1.443841600026571","0.7087834687788651","5.716802761651473","working_net_combined_queue","20.216202453325497","0.8469399809837341"
"2025-03-10","weekly","EH4000","Plan","150898.50768658714","656.0804682025522","18.0",,"432.0","0.0","432.0","0.0","14.688000798225403","50.91206447471237","366.3999309539795","0.0","366.3999309539795","91.59998273849487","230.0000000000002","230.0000000000002","230.0000000000002","4.048401740622267","26.475861325489696","4.048401740622267","32.97702557318009","","0.5380059783238901","9.174549656803027","3.323757372998761","","0.7463603746386213","0.9000000000000002","7.365858509534214","working_net_combined_queue","23.76025688939959","0.848147988319397"
"2025-03-10","weekly","EH5000","Plan","369337.5361854792","1264.8545759776694","24.0",,"576.0","0.0","576.0","0.0","40.89600133895874","85.61663787208558","449.4873504638672","0.0","449.4873504638672","76.41285038260344","291.9999999999998","291.9999999999998","291.9999999999998","2.3564963421533025","22.294462261986677","2.3564963421533025","29.17774909973371","","0.6436996384146108","6.34192378662013","2.2799792408106185","","0.440157693227964","1.2200000000000004","4.845808360538975","working_net_combined_queue","17.697268090185876","0.7803599834442139"
"2025-03-11","weekly","CAT793","Plan","623045.6898751175","2596.0237078129862","53.0",,"1272.0","0.0","1272.0","0.0","76.31999829411507","118.37231952746987","1077.3076558113098","0.0","1077.3076558113098","184.72777009373834","240.0000000000003","240.0000000000003","240.0000000000003","3.054797760699125","26.234939033252065","3.054797760699125","31.51302019471246","","0.813004565740572","6.986403338297648","2.9020788915243156","","1.442226480573814","0.7086637003523681","5.816258311943747","working_net_combined_queue","20.373549660627216","0.8469399809837341"
"2025-03-11","weekly","EH4000","Plan","155162.60474180873","674.6200206165585","18.0",,"432.0","0.0","432.0","0.0","14.688000798225403","50.91206447471237","366.3999309539795","0.0","366.3999309539795","91.59998273849487","230.00000000000043","230.00000000000043","230.00000000000043","4.203915954162049","27.49325493113268","4.203915954162047","33.490818937219686","","0.538275044871587","9.17443052419735","3.3643972842658507","","0.7480651820645756","0.9000000000000002","7.531465794328608","working_net_combined_queue","23.955981765634977","0.848147988319397"
"2025-03-11","weekly","EH5000","Plan","374620.72045306716","1282.947672784478","24.0",,"576.0","0.0","576.0","0.0","40.89600133895874","85.61663787208558","449.4873504638672","0.0","449.4873504638672","76.41285038260344","291.99999999999966","291.99999999999966","291.99999999999966","2.2608898500679318","21.51946896630049","2.2608898500679318","28.60686218258443","","0.6445089897968385","6.303751789438171","2.223691831049395","","0.3866392175320185","1.2199999999999998","4.7419877838493","working_net_combined_queue","17.447687853163927","0.7803599834442139"
"2025-03-12","weekly","CAT793","Plan","621683.1593418464","2590.346497257693","53.0",,"1272.0","0.0","1272.0","0.0","76.31999829411507","118.37231952746987","1077.3076558113098","0.0","1077.3076558113098","184.72777009373834","240.0","240.0","240.0","2.945006739420732","26.233700464435646","2.945006739420732","31.25104949150186","","0.8140764712618804","6.735626359872185","2.960951828756644","","1.4364926319857405","0.7084323332015888","5.654223049798513","working_net_combined_queue","19.992066440003253","0.8469399809837341"
"2025-03-12","weekly","EH4000","Plan","129583.55562206641","563.4067635742014","18.0",,"432.0","0.0","432.0","0.0","14.688000798225403","50.91206447471237","366.3999309539795","0.0","366.3999309539795","91.59998273849487","230.00000000000017","230.00000000000017","230.00000000000017","5.069565202719798","27.911933313859628","5.069565202719796","33.81734296835219","","0.5381917138021285","10.89762965334081","3.3325208739130283","","0.7476759328544768","0.9000000000000002","8.994612984463256","working_net_combined_queue","27.113812323475784","0.848147988319397"
"2025-03-12","weekly","EH5000","Plan","351522.68165090337","1203.844800174325","24.0",,"576.0","0.0","576.0","0.0","40.89600133895874","85.61663787208558","449.4873504638672","0.0","449.4873504638672","76.41285038260344","292.0000000000004","292.0000000000004","292.0000000000004","2.519795300805503","22.370902096844084","2.5197953008055025","29.179843045249367","","0.6602063048281847","6.758230731770919","2.3454780005524243","","0.47456332548329727","1.2200000000000002","5.181238220297566","working_net_combined_queue","18.594149780225905","0.7803599834442139"
"2025-03-13","weekly","CAT793","Plan","578527.1761382944","2410.5299005762254","53.0",,"1272.0","0.0","1272.0","0.0","76.31999829411507","118.37231952746987","1077.3076558113098","0.0","1077.3076558113098","184.72777009373834","240.0000000000001","240.0000000000001","240.0000000000001","3.3787928025328955","27.235831737824924","3.3787928025328955","32.183273858619486","","0.8091406920922285","7.443413885922461","2.8951170356516434","","1.40888994856678","0.7088994650347104","6.299159278902206","working_net_combined_queue","21.337858066921676","0.8469399809837341"
"2025-03-13","weekly","EH4000","Plan","152145.16684485684","661.5007254124217","18.0",,"432.0","0.0","432.0","0.0","14.688000798225403","50.91206447471237","366.3999309539795","0.0","366.3999309539795","91.59998273849487","229.99999999999974","229.99999999999974","229.99999999999974","3.83209036041635","26.40822443817973","3.8320903604163497","32.27913747568448","","0.5390459334331247","8.706583896362453","3.432996112881388","","1.0502363412119615","0.8999999999999992","7.123034864180658","working_net_combined_queue","23.415784210145823","0.848147988319397"
"2025-03-13","weekly","EH5000","Plan","375144.6593249106","1284.7419839894235","24.0",,"576.0","0.0","576.0","0.0","40.89600133895874","85.61663787208558","449.4873504638672","0.0","449.4873504638672","76.41285038260344","291.9999999999992","291.9999999999992","291.9999999999992","2.1547225676402535","20.929926438678827","2.1547225676402535","27.73985497333014","","0.6318896299954736","6.176961703004249","2.4481636700060663","","0.38060020539902695","1.2199999999999998","4.660563445004013","working_net_combined_queue","17.423319861178737","0.7803599834442139"
"2025-03-14","weekly","CAT793","Plan","625471.5611352923","2606.1315047303847","53.0",,"1272.0","0.0","1272.0","0.0","76.31999829411507","118.37231952746987","1077.3076558113098","0.0","1077.3076558113098","184.72777009373834","240.0","240.0","240.0","3.0391525505218864","26.65626198533413","3.0391525505218864","31.541657820253924","","0.8066129735907667","6.840762336881252","2.8597521481477384","","1.4314866997514768","0.7082775413126663","5.781216512792833","working_net_combined_queue","20.14551740713441","0.8469399809837341"
"2025-03-14","weekly","EH4000","Plan","141190.84487644196","613.8732385932263","18.0",,"432.0","0.0","432.0","0.0","14.688000798225403","50.91206447471237","366.3999309539795","0.0","366.3999309539795","91.59998273849487","229.99999999999983","229.99999999999983","229.99999999999983","4.82204750532769","27.572678214754518","4.822047505327689","33.56096099937518","","0.5365315202235816","10.49309929438921","3.2975339990352395","","0.7401601322707568","0.8999999999999997","8.620815426740844","working_net_combined_queue","26.367690442374872","0.848147988319397"
"2025-03-14","weekly","EH5000","Plan","375305.0838733518","1285.2913831279186","24.0",,"576.0","0.0","576.0","0.0","40.89600133895874","85.61663787208558","449.4873504638672","0.0","449.4873504638672","76.41285038260344","291.99999999999966","291.99999999999966","291.99999999999966","2.18336526517334","20.814709837676713","2.18336526517334","27.3494040246405","","0.6357030919182711","6.293718093214722","2.2693995568342022","","0.29533527939846765","1.22","4.789936767630255","working_net_combined_queue","17.41587224529811","0.7803599834442139"
"2025-03-15","weekly","CAT793","Plan","671440.5592751466","2797.6689969797812","53.0",,"1272.0","0.0","1272.0","0.0","54.69600185751915","133.90343907010316","1083.4005460739136","0.0","1083.4005460739136","192.76352852699534","239.99999999999966","239.99999999999966","239.99999999999966","2.335184274570028","23.04065444094436","2.335184274570029","27.87369208369776","","0.8001223153673134","6.081036319229611","2.817645388390958","","1.2194042351000445","0.7065091736525481","5.026641467283311","working_net_combined_queue","18.389618127636094","0.8517299890518188"
"2025-03-15","weekly","EH4000","Plan","113139.46329007097","491.91070995683066","18.0",,"432.0","0.0","432.0","0.0","23.84639972448349","49.95800095592629","358.1955900192261","0.0","358.1955900192261","89.54889750480652","229.99999999999983","229.99999999999983","229.99999999999983","5.93568452231809","27.733341764820167","5.93568452231809","33.89939265906395","","0.5325016461766422","12.84162126436748","2.963007035134438","","0.9795749987015083","0.8999999999999999","10.50582454148662","working_net_combined_queue","30.687453761741118","0.8291564583778381"
"2025-03-15","weekly","EH5000","Plan","312370.39131438493","1069.7616140903608","24.0",,"576.0","0.0","576.0","0.0","62.668800830841064","78.64233998196808","434.68886947631836","0.0","434.68886947631836","80.4174402701557","291.9999999999996","291.9999999999996","291.9999999999996","2.914908179648065","23.604436957315606","2.914908179648066","29.375481265712445","","0.6091649843040915","7.409390492776813","2.3553243159805772","","0.4568932871088591","1.2199999999999995","5.953757461772167","working_net_combined_queue","19.870114033138513","0.7546681761741638"
"2025-03-16","weekly","CAT793","Plan","644616.5944058502","2685.902476691038","53.0",,"1272.0","0.0","1272.0","0.0","54.69600185751915","133.90343907010316","1083.4005460739136","0.0","1083.4005460739136","192.76352852699534","240.0000000000004","240.0000000000004","240.0000000000004","2.575649734274533","24.417351895301923","2.575649734274533","29.28634831019553","","0.7957963322722066","6.329064049169329","2.893593854454257","","1.2468149260120998","0.7061847249204155","5.276826677727927","working_net_combined_queue","18.934977167704783","0.8517299890518188"
"2025-03-16","weekly","EH4000","Plan","131085.07581058028","569.9351122199143","18.0",,"432.0","0.0","432.0","0.0","23.84639972448349","49.95800095592629","358.1955900192261","0.0","358.1955900192261","89.54889750480652","229.99999999999997","229.99999999999997","229.99999999999997","4.359237441439443","26.130738914261876","4.359237441439442","32.476815037299104","","0.5339805782561198","10.009447009690685","2.799355558093395","","0.8769351155316263","0.8999999999999998","8.053568251257877","working_net_combined_queue","25.07017991304818","0.8291564583778381"
"2025-03-16","weekly","EH5000","Plan","338982.1552348641","1160.8977919002211","24.0",,"576.0","0.0","576.0","0.0","62.668800830841064","78.64233998196808","434.68886947631836","0.0","434.68886947631836","80.4174402701557","291.9999999999996","291.9999999999996","291.9999999999996","2.5296008695797463","23.6916786870596","2.529600869579746","28.460998507020967","","0.638708492808054","6.406302152733689","2.1764166641189466","","0.6190008366484522","1.2199999999999998","5.332773273479619","working_net_combined_queue","18.310212499862057","0.7546681761741638"
"2025-03-17","weekly","CAT793","Plan","624198.0933994347","2600.825389164308","53.0",,"1272.0","0.0","1272.0","0.0","54.69600185751915","133.90343907010316","1083.4005460739136","0.0","1083.4005460739136","192.76352852699534","240.00000000000028","240.00000000000028","240.00000000000028","2.702442214490631","24.926940317423067","2.7024422144906315","29.668374430676995","","0.8348566225932607","6.504871067393019","2.933780615060352","","1.2894533047992804","0.7091142466944947","5.465298857148673","working_net_combined_queue","19.47487809179234","0.8517299890518188"
"2025-03-17","weekly","EH4000","Plan","152648.30283032113","663.6882731753099","18.0",,"432.0","0.0","432.0","0.0","23.84639972448349","49.95800095592629","358.1955900192261","0.0","358.1955900192261","89.54889750480652","229.9999999999998","229.9999999999998","229.9999999999998","3.790890934644428","25.327931364218465","3.79089093464443","32.12231440121457","","0.5343240462803941","8.980340826412538","2.9821873483943357","","0.8311878115301222","0.8999999999999994","7.0808551724425435","working_net_combined_queue","23.189989076161794","0.8291564583778381"
"2025-03-17","weekly","EH5000","Plan","336302.9625026177","1151.7224743240347","24.0",,"576.0","0.0","576.0","0.0","62.668800830841064","78.64233998196808","434.68886947631836","0.0","434.68886947631836","80.4174402701557","291.9999999999996","291.9999999999996","291.9999999999996","2.5639256596331355","23.662913939847538","2.5639256596331355","28.660394062939375","","0.6421768641476027","6.501124078338227","2.201741379218359","","0.600461275590065","1.2199999999999995","5.367530510577039","working_net_combined_queue","18.456082723239348","0.7546681761741638"
"2025-03-18","weekly","CAT793","Plan","605796.9179149466","2524.153824645612","53.0",,"1272.0","0.0","1272.0","0.0","54.69600185751915","133.90343907010316","1083.4005460739136","0.0","1083.4005460739136","192.76352852699534","239.99999999999986","239.99999999999986","239.99999999999986","2.8567396235514293","24.991463045153946","2.8567396235514293","29.61477335486993","","0.8257210136144116","6.858517130565612","2.902414166403944","","1.2891960389395802","0.7084290760210811","5.787799736272491","working_net_combined_queue","20.144328289060116","0.8517299890518188"
"2025-03-18","weekly","EH4000","Plan","136613.18664526645","593.9703767185504","18.0",,"432.0","0.0","432.0","0.0","23.84639972448349","49.95800095592629","358.1955900192261","0.0","358.1955900192261","89.54889750480652","229.99999999999977","229.99999999999977","229.99999999999977","4.241675503584999","26.067077211258503","4.241675503584999","32.693798723224006","","0.5340226255600345","9.763293680857318","3.0048411794245946","","0.8260229186469754","0.9000000000000004","7.784367071248767","working_net_combined_queue","24.707506699976108","0.8291564583778381"
"2025-03-18","weekly","EH5000","Plan","313933.9425759335","1075.1162416984039","24.0",,"576.0","0.0","576.0","0.0","62.668800830841064","78.64233998196808","434.68886947631836","0.0","434.68886947631836","80.4174402701557","291.9999999999996","291.9999999999996","291.9999999999996","2.854920421974552","23.769971025441716","2.8549204219745516","29.290974946955654","","0.6487532943043801","7.206370808577373","2.3195158217153886","","0.5939595686542504","1.2200000000000002","5.848054755045858","working_net_combined_queue","19.771150723567835","0.7546681761741638"
"2025-03-19","weekly","CAT793","Plan","615298.2975408603","2563.7429064202506","53.0",,"1272.0","0.0","1272.0","0.0","54.69600185751915","133.90343907010316","1083.4005460739136","0.0","1083.4005460739136","192.76352852699534","240.00000000000003","240.00000000000003","240.00000000000003","2.751097563226481","24.92205961998642","2.751097563226482","29.17833240768011","","0.832481175650335","6.623282999500296","2.9572149003644896","","1.2404109882270118","0.7089360881737755","5.657138025822938","working_net_combined_queue","19.761556301248895","0.8517299890518188"
"2025-03-19","weekly","EH4000","Plan","130202.8529223455","566.0993605319371","18.0",,"432.0","0.0","432.0","0.0","23.84639972448349","49.95800095592629","358.1955900192261","0.0","358.1955900192261","89.54889750480652","229.99999999999991","229.99999999999991","229.99999999999991","4.948217474277686","27.303560613578473","4.948217474277686","33.459938800979494","","0.5349314511814954","10.873785022346564","3.120874239213666","","0.9006421339569878","0.9000000000000002","8.873090002423139","working_net_combined_queue","27.05647609477305","0.8291564583778381"
"2025-03-19","weekly","EH5000","Plan","322230.58413673006","1103.5293977285276","24.0",,"576.0","0.0","576.0","0.0","62.668800830841064","78.64233998196808","434.68886947631836","0.0","434.68886947631836","80.4174402701557","292.0","292.0","292.0","2.748193503227993","23.640886197849895","2.748193503227993","28.997635941394915","","0.6292276382920806","6.974848946596437","2.343306478109072","","0.5078208558311007","1.22","5.6863811424810775","working_net_combined_queue","19.262092431670055","0.7546681761741638"
"2025-03-20","weekly","CAT793","Plan","646828.0115767161","2695.1167149029834","53.0",,"1272.0","0.0","1272.0","0.0","54.69600185751915","133.90343907010316","1083.4005460739136","0.0","1083.4005460739136","192.76352852699534","240.00000000000003","240.00000000000003","240.00000000000003","2.38693342914536","24.185936998193974","2.38693342914536","28.41785895117481","","0.8103783264771103","5.921457819038226","2.923883593351587","","1.264347467432186","0.7072783744857833","5.039647990187556","working_net_combined_queue","18.38170306340033","0.8517299890518188"
"2025-03-20","weekly","EH4000","Plan","149673.7455500219","650.7554154348785","18.0",,"432.0","0.0","432.0","0.0","23.84639972448349","49.95800095592629","358.1955900192261","0.0","358.1955900192261","89.54889750480652","229.99999999999977","229.99999999999977","229.99999999999977","3.4337684430039648","24.804991724703513","3.4337684430039648","31.104287101526108","","0.533010036771362","8.30583250608605","2.8470546136212302","","0.8068726638818843","0.9000000000000002","6.623720579345134","working_net_combined_queue","21.958028708223026","0.8291564583778381"
"2025-03-20","weekly","EH5000","Plan","352817.3333872131","1208.278538997307","24.0",,"576.0","0.0","576.0","0.0","62.668800830841064","78.64233998196808","434.68886947631836","0.0","434.68886947631836","80.4174402701557","291.9999999999996","291.9999999999996","291.9999999999996","2.3766955395902856","22.72083212163284","2.3766955395902856","28.181756356655878","","0.6386477377188399","6.276254831337973","2.111040013839461","","0.36928576965299315","1.2200000000000002","5.060072572153151","working_net_combined_queue","17.59220624591667","0.7546681761741638"
"2025-03-21","weekly","CAT793","Plan","645267.4622267793","2688.6144259449115","53.0",,"1272.0","0.0","1272.0","0.0","54.69600185751915","133.90343907010316","1083.4005460739136","0.0","1083.4005460739136","192.76352852699534","240.0000000000002","240.0000000000002","240.0000000000002","2.3791013521699265","24.265868326067483","2.3791013521699265","29.348640676008756","","0.7878374060572566","5.882586982343893","2.801352445889573","","1.2041965435968705","0.705587805454294","4.863805540639037","working_net_combined_queue","17.951084374925667","0.8517299890518188"
"2025-03-21","weekly","EH4000","Plan","127378.91810966216","553.8213830854883","18.0",,"432.0","0.0","432.0","0.0","23.84639972448349","49.95800095592629","358.1955900192261","0.0","358.1955900192261","89.54889750480652","229.99999999999974","229.99999999999974","229.99999999999974","4.284029432037106","26.298463417675247","4.284029432037107","32.69803445714673","","0.5345105597452404","9.774022224791587","2.955736762275529","","0.8311294845039865","0.8999999999999995","7.861076978773732","working_net_combined_queue","24.728990261809006","0.8291564583778381"
"2025-03-21","weekly","EH5000","Plan","345558.26151635713","1183.4187038231416","24.0",,"576.0","0.0","576.0","0.0","62.668800830841064","78.64233998196808","434.68886947631836","0.0","434.68886947631836","80.4174402701557","291.99999999999983","291.99999999999983","291.99999999999983","2.4530793155584774","22.81977999156482","2.4530793155584774","28.199304408451027","","0.6401047838144501","6.449876334825074","2.096153963260706","","0.41673895186990434","1.2199999999999998","5.219446437458895","working_net_combined_queue","17.961762131943054","0.7546681761741638"
"2025-03-22","weekly","CAT793","Plan","642318.930798119","2676.328878325496","53.0",,"1272.0","0.0","1272.0","0.0","96.67199689149857","135.16272280940296","1040.1653094291687","0.0","1040.1653094291687","185.07091954452574","240.0","240.0","240.0","2.5203940503215616","23.789128845282054","2.5203940503215616","29.002099479417414","","0.8197059201001435","6.356838201298191","2.823335103966366","","1.2339069023460516","0.7079779440075109","5.214230891339989","working_net_combined_queue","18.891286542290057","0.8177400231361389"
"2025-03-22","weekly","EH4000","Plan","159905.39147978736","695.2408325208147","18.0",,"432.0","0.0","432.0","0.0","31.535999536514282","22.425984718171122","378.0380058288574","0.0","378.0380058288574","94.50950145721436","229.99999999999997","229.99999999999997","229.99999999999997","4.204936097054179","26.783966505199434","4.20493609705418","33.36571649616614","","0.5364555246314374","9.419671495417745","2.995953473000055","","0.7070335837354363","0.8999999999999998","7.561538978257538","working_net_combined_queue","23.903698921996057","0.8750879764556885"
"2025-03-22","weekly","EH5000","Plan","338996.39944290905","1160.94657343462","24.0",,"576.0","0.0","576.0","0.0","69.11999845504761","74.00447913791656","432.8755073547363","0.0","432.8755073547363","80.08196828009493","292.0","292.0","292.0","2.428961405740158","22.499004334086102","2.428961405740158","27.25545423679541","","0.6313556741225839","6.477517057215557","2.2084663508820577","","0.44441132478136497","1.2200000000000006","5.347101650856389","working_net_combined_queue","18.233063786886163","0.7515199780464172"
"2025-03-23","weekly","CAT793","Plan","632170.8947332278","2634.0453947217816","53.0",,"1272.0","0.0","1272.0","0.0","96.67199689149857","135.16272280940296","1040.1653094291687","0.0","1040.1653094291687","185.07091954452574","240.00000000000009","240.00000000000009","240.00000000000009","2.7024711721791066","24.759283537445455","2.7024711721791066","29.970724348525103","","0.8234854888677147","6.548988789821665","2.7565451954946507","","1.2462060658117768","0.7082614116650783","5.410221936752286","working_net_combined_queue","19.21286197355484","0.8177400231361389"
"2025-03-23","weekly","EH4000","Plan","138363.84870368242","601.5819508855751","18.0",,"432.0","0.0","432.0","0.0","31.535999536514282","22.425984718171122","378.0380058288574","0.0","378.0380058288574","94.50950145721436","230.00000000000026","230.00000000000026","230.00000000000026","5.28812045853472","29.132163591954125","5.28812045853472","35.2617569940369","","0.5366490808407925","10.891303232957036","3.1887036090794525","","0.6814084007960326","0.9","8.998054962653718","working_net_combined_queue","26.97026156765058","0.8750879764556885"
"2025-03-23","weekly","EH5000","Plan","351998.2881160952","1205.4735894386802","24.0",,"576.0","0.0","576.0","0.0","69.11999845504761","74.00447913791656","432.8755073547363","0.0","432.8755073547363","80.08196828009493","292.00000000000045","292.00000000000045","292.00000000000045","2.3053043936927593","22.529513428955514","2.3053043936927593","27.44774466935602","","0.6261379552385218","6.139425250249539","2.2436292308786854","","0.3959302689080772","1.2199999999999998","5.039330746033597","working_net_combined_queue","17.559582484501387","0.7515199780464172"
"2025-03-24","weekly","CAT793","Plan","653721.7763742482","2723.840734892702","53.0",,"1272.0","0.0","1272.0","0.0","96.67199689149857","135.16272280940296","1040.1653094291687","0.0","1040.1653094291687","185.07091954452574","239.9999999999999","239.9999999999999","239.9999999999999","2.440463886695056","23.733717854195667","2.440463886695056","28.861255798314847","","0.8223261555508063","6.169612114766828","2.801231509357612","","1.1877788401124394","0.7081744616663097","5.073508728274152","working_net_combined_queue","18.484119077241072","0.8177400231361389"
"2025-03-24","weekly","EH4000","Plan","150593.33786994446","654.7536429128016","18.0",,"432.0","0.0","432.0","0.0","31.535999536514282","22.425984718171122","378.0380058288574","0.0","378.0380058288574","94.50950145721436","230.0000000000001","230.0000000000001","230.0000000000001","4.764643032323126","27.82055505584012","4.764643032323127","33.85509934866828","","0.5361284753575872","10.275804395907464","3.0177180383451963","","0.6768350897923779","0.9","8.444180860176175","working_net_combined_queue","25.64875699312978","0.8750879764556885"
"2025-03-24","weekly","EH5000","Plan","343999.8489086725","1178.0816743447697","24.0",,"576.0","0.0","576.0","0.0","69.11999845504761","74.00447913791656","432.8755073547363","0.0","432.8755073547363","80.08196828009493","291.99999999999983","291.99999999999983","291.99999999999983","2.4117789747934126","22.895367978437978","2.411778974793414","27.43346554174123","","0.6181278294385809","6.320349977510048","2.2813239188533516","","0.3720528555939596","1.2200000000000002","5.274825313900904","working_net_combined_queue","17.9678653761714","0.7515199780464172"
"2025-03-25","weekly","CAT793","Plan","631356.4579977536","2630.6519083239727","53.0",,"1272.0","0.0","1272.0","0.0","96.67199689149857","135.16272280940296","1040.1653094291687","0.0","1040.1653094291687","185.07091954452574","240.00000000000006","240.00000000000006","240.00000000000006","2.5944540397808122","24.02644697726108","2.5944540397808122","29.234282294914888","","0.8367179323973477","6.478995522482958","2.930459519959486","","1.2847696275027147","0.7092538449298006","5.324818335421425","working_net_combined_queue","19.23299530877816","0.8177400231361389"
"2025-03-25","weekly","EH4000","Plan","156758.1720074865","681.557269597768","18.0",,"432.0","0.0","432.0","0.0","31.535999536514282","22.425984718171122","378.0380058288574","0.0","378.0380058288574","94.50950145721436","229.99999999999977","229.99999999999977","229.99999999999977","4.180515669951557","26.168761484143342","4.180515669951557","32.18674608028643","","0.5328021157616472","9.585128449777095","2.8638732457383864","","0.6174434660337466","0.8999999999999999","7.7929884422433435","working_net_combined_queue","24.243338394518435","0.8750879764556885"
"2025-03-25","weekly","EH5000","Plan","341245.32535532763","1168.6483745045464","24.0",,"576.0","0.0","576.0","0.0","69.11999845504761","74.00447913791656","432.8755073547363","0.0","432.8755073547363","80.08196828009493","292.00000000000006","292.00000000000006","292.00000000000006","2.4743860752151874","23.218986975764693","2.4743860752151874","27.61243404238868","","0.6292622118361855","6.394041422559598","2.1984723512272453","","0.3938800639817157","1.2200000000000004","5.376677922887962","working_net_combined_queue","18.112901526429752","0.7515199780464172"
"2025-03-26","weekly","CAT793","Plan","596402.1009630418","2485.008754012671","53.0",,"1272.0","0.0","1272.0","0.0","96.67199689149857","135.16272280940296","1040.1653094291687","0.0","1040.1653094291687","185.07091954452574","240.00000000000028","240.00000000000028","240.00000000000028","3.0268251980746608","24.823002315340386","3.0268251980746608","30.50588654571749","","0.8181361966609808","7.3161783404518586","2.823950637101475","","0.9703247021944422","0.7078602147495738","5.953261237378284","working_net_combined_queue","20.322088172944348","0.8177400231361389"
"2025-03-26","weekly","EH4000","Plan","153436.4517432555","667.1150075793728","18.0",,"432.0","0.0","432.0","0.0","31.535999536514282","22.425984718171122","378.0380058288574","0.0","378.0380058288574","94.50950145721436","229.99999999999963","229.99999999999963","229.99999999999963","4.40811027865081","26.713098455457132","4.408110278650811","32.456467721866","","0.5334872428504821","9.90100856926305","2.96043910006001","","0.5619015860406255","0.8999999999999998","8.148964914652847","working_net_combined_queue","24.92538824174483","0.8750879764556885"
"2025-03-26","weekly","EH5000","Plan","341949.9227974132","1171.0613794431938","24.0",,"576.0","0.0","576.0","0.0","69.11999845504761","74.00447913791656","432.8755073547363","0.0","432.8755073547363","80.08196828009493","292.0000000000005","292.0000000000005","292.0000000000005","2.4151159990023574","23.02937396330514","2.4151159990023574","26.92836480660122","","0.6374667075294473","6.292266570990392","2.2193626066000465","","0.41043243823689207","1.2200000000000002","5.381201605847933","working_net_combined_queue","18.075579383052247","0.7515199780464172"
"2025-03-27","weekly","CAT793","Plan","542711.5869973763","2261.2982791557374","53.0",,"1272.0","0.0","1272.0","0.0","96.67199689149857","135.16272280940296","1040.1653094291687","0.0","1040.1653094291687","185.07091954452574","239.9999999999997","239.9999999999997","239.9999999999997","3.7749517788876656","26.183849771626615","3.7749517788876656","31.678228113083552","","0.7609784658026721","8.65025993918958","2.5553395951748583","","0.47560844942144187","0.7035733849352002","7.1499297853630095","working_net_combined_queue","22.241982612196228","0.8177400231361389"
"2025-03-27","weekly","EH4000","Plan","125634.45249552865","546.2367499805604","18.0",,"432.0","0.0","432.0","0.0","31.535999536514282","22.425984718171122","378.0380058288574","0.0","378.0380058288574","94.50950145721436","229.99999999999957","229.99999999999957","229.99999999999957","6.1571324853927925","29.656935529062586","6.157132485392794","34.82006503974397","","0.5466592500542918","12.456713498316212","3.943975403782279","","0.7034165663068073","0.8999999999999998","10.609628347962557","working_net_combined_queue","30.474067563924727","0.8750879764556885"
"2025-03-27","weekly","EH5000","Plan","351846.7164783289","1204.9545084874296","24.0",,"576.0","0.0","576.0","0.0","69.11999845504761","74.00447913791656","432.8755073547363","0.0","432.8755073547363","80.08196828009493","291.99999999999955","291.99999999999955","291.99999999999955","2.227957492132935","22.380703325211414","2.227957492132935","25.870998367472016","","0.6341993328712511","5.97288867939155","2.23988845239054","","0.423931346558329","1.2200000000000002","5.167077343874394","working_net_combined_queue","17.567146956750836","0.7515199780464172"
"2025-03-28","weekly","CAT793","Plan","592774.8738442463","2469.8953076843577","53.0",,"1272.0","0.0","1272.0","0.0","96.67199689149857","135.16272280940296","1040.1653094291687","0.0","1040.1653094291687","185.07091954452574","240.00000000000017","240.00000000000017","240.00000000000017","3.0437762641486157","24.82134779720007","3.043776264148615","29.687782399898598","","0.7588732463046978","7.357641387609009","2.632250497844667","","0.4068325869380774","0.7034154934728521","6.1515735122587225","working_net_combined_queue","19.84896636487332","0.8177400231361389"
"2025-03-28","weekly","EH4000","Plan","147663.24238850948","642.0140973413464","18.0",,"432.0","0.0","432.0","0.0","31.535999536514282","22.425984718171122","378.0380058288574","0.0","378.0380058288574","94.50950145721436","229.9999999999997","229.9999999999997","229.9999999999997","4.418715616243917","27.86376810200503","4.418715616243917","32.80992130532267","","0.5385892509705339","9.5149706961406","3.1789738494376616","","0.5938616972105984","0.8999999999999996","8.080572169236651","working_net_combined_queue","24.49186211835147","0.8750879764556885"
"2025-03-28","weekly","EH5000","Plan","359074.50420116173","1229.7072061683589","24.0",,"576.0","0.0","576.0","0.0","69.11999845504761","74.00447913791656","432.8755073547363","0.0","432.8755073547363","80.08196828009493","292.00000000000074","292.00000000000074","292.00000000000074","2.1572411303750805","21.63886407850078","2.1572411303750805","25.750276646525368","","0.6340393210119876","5.981574049032638","2.128009513124753","","0.3145055621691272","1.22","5.026527271891277","working_net_combined_queue","17.21353897973214","0.7515199780464172"
"2025-03-29","weekly","CAT793","Plan","581066.4496092874","2421.1102067053653","54.0",,"1296.0","0.0","1296.0","0.0","92.52142453193665","132.38264258415785","1071.095950126648","0.0","1071.095950126648","190.97243834603927","239.99999999999991","239.99999999999991","239.99999999999991","3.102940183964446","24.069433244805044","3.1029401839644453","29.20478012136091","","0.7545725415405498","7.73497278246257","2.5451641230542443","","0.7059221646834805","0.7030929406155415","6.374860905105527","working_net_combined_queue","20.75515044251101","0.8264629244804382"
"2025-03-29","weekly","EH4000","Plan","141777.76628114659","616.4250707875935","18.0",,"432.0","0.0","432.0","0.0","44.88714337348938","43.3566412804452","343.7562074661255","0.0","343.7562074661255","85.93905186653137","230.0000000000001","230.0000000000001","230.0000000000001","3.9575202806381284","26.15738201816563","3.957520280638127","32.02867124685493","","0.5359218350659041","9.077789844311786","2.8941349604711437","","0.6066618707695921","0.9","7.413708018299519","working_net_combined_queue","23.235812115886343","0.7957319617271423"
"2025-03-29","weekly","EH5000","Plan","339634.7173816165","1163.132593772661","24.0",,"576.0","0.0","576.0","0.0","66.20714092254639","62.19472950632785","447.5981140136719","0.0","447.5981140136719","82.80565049225345","291.99999999999955","291.99999999999955","291.99999999999955","2.6659430613024853","24.360643930758318","2.6659430613024853","29.339759852858545","","0.6428717835357493","6.566188649725478","2.3128982885110774","","0.6996707636993509","1.2200000000000004","5.451870924654644","working_net_combined_queue","18.817758699984847","0.7770800590515137"
"2025-03-30","weekly","CAT793","Plan","509319.43232811854","2122.164301367161","54.0",,"1296.0","0.0","1296.0","0.0","92.52142453193665","132.38264258415785","1071.095950126648","0.0","1071.095950126648","190.97243834603927","239.99999999999994","239.99999999999994","239.99999999999994","3.153771629784565","23.96520662946536","3.153771629784565","29.125021776274107","","0.7763265078140389","7.895875913476125","2.618072447187018","","0.724793919140151","0.7047244880860527","6.4970354096429155","working_net_combined_queue","21.17484884521375","0.8264629244804382"
"2025-03-30","weekly","EH4000","Plan","125696.63134857678","546.5070928198993","18.0",,"432.0","0.0","432.0","0.0","44.88714337348938","43.3566412804452","343.7562074661255","0.0","343.7562074661255","85.93905186653137","229.9999999999999","229.9999999999999","229.9999999999999","3.551201352757854","24.84168821342662","3.551201352757854","30.29992506199982","","0.5374741687875507","8.577198108875242","3.0540484712232647","","0.611859100133229","0.9","7.032099278446476","working_net_combined_queue","22.448867363238417","0.7957319617271423"
"2025-03-30","weekly","EH5000","Plan","350360.98873243644","1199.8663997686185","24.0",,"576.0","0.0","576.0","0.0","66.20714092254639","62.19472950632785","447.5981140136719","0.0","447.5981140136719","82.80565049225345","291.9999999999999","291.9999999999999","291.9999999999999","2.2682595085813624","22.818774057642283","2.2682595085813624","28.54389690310549","","0.6230943317827783","5.964192912866048","2.3485990150152345","","0.6679291744661874","1.22","4.767939394430582","working_net_combined_queue","17.481585702404935","0.7770800590515137"
"2025-03-31","weekly","CAT793","Plan","581045.460718898","2421.022752995405","54.0",,"1296.0","0.0","1296.0","0.0","92.52142453193665","132.38264258415785","1071.095950126648","0.0","1071.095950126648","190.97243834603927","240.00000000000034","240.00000000000034","240.00000000000034","3.2867692444187244","24.66769320029721","3.2867692444187244","30.072364652441095","","0.7637439333556939","7.994511406633977","2.634386650533776","","0.7140449739699073","0.7037807950016778","6.557720250612731","working_net_combined_queue","21.308763007832813","0.8264629244804382"
"2025-03-31","weekly","EH4000","Plan","125947.99458457716","547.5999764546833","18.0",,"432.0","0.0","432.0","0.0","44.88714337348938","43.3566412804452","343.7562074661255","0.0","343.7562074661255","85.93905186653137","230.0","230.0","230.0","4.4165064405536185","26.212528268074042","4.416506440553619","31.52310950604365","","0.5410692568373249","10.109302838824833","3.42655221809136","","0.6299825723836321","0.9","8.406226117458777","working_net_combined_queue","25.58394718907899","0.7957319617271423"
"2025-03-31","weekly","EH5000","Plan","352450.6300686625","1207.0227057145987","24.0",,"576.0","0.0","576.0","0.0","66.20714092254639","62.19472950632785","447.5981140136719","0.0","447.5981140136719","82.80565049225345","291.9999999999998","291.9999999999998","291.9999999999998","2.35388651659709","22.213564453557552","2.35388651659709","27.90340041521535","","0.6349517880440221","6.357970657572994","2.2616434775408627","","0.6869596598237395","1.2199999999999995","5.061504651555401","working_net_combined_queue","18.133501865576612","0.7770800590515137"
"2025-04-01","weekly","CAT793","Plan","518689.1920735221","2161.204966973012","54.0",,"1296.0","0.0","1296.0","0.0","92.52142453193665","132.38264258415785","1071.095950126648","0.0","1071.095950126648","190.97243834603927","239.99999999999966","239.99999999999966","239.99999999999966","3.400789722854198","24.17408631942458","3.4007897228541983","29.216176630613496","","0.7985926592990874","8.440748521994559","2.739627613917737","","0.7404439455356431","0.706394449447432","6.984054962121414","working_net_combined_queue","22.32890327288426","0.8264629244804382"
"2025-04-01","weekly","EH4000","Plan","126797.89688275149","551.29520383805","18.0",,"432.0","0.0","432.0","0.0","44.88714337348938","43.3566412804452","343.7562074661255","0.0","343.7562074661255","85.93905186653137","229.99999999999997","229.99999999999997","229.99999999999997","4.296168964830456","26.309163943232733","4.296168964830456","32.04654904376877","","0.5395775837312833","9.797732016342968","3.2625169498587474","","0.5962816291395601","0.8999999999999999","8.043616101620433","working_net_combined_queue","24.779155429053958","0.7957319617271423"
"2025-04-01","weekly","EH5000","Plan","364156.5940833255","1247.1116235730333","24.0",,"576.0","0.0","576.0","0.0","66.20714092254639","62.19472950632785","447.5981140136719","0.0","447.5981140136719","82.80565049225345","291.99999999999983","291.99999999999983","291.99999999999983","2.1207717556936747","21.898675008638445","2.1207717556936743","27.764292334134435","","0.6373268518424661","5.810685134667974","2.2941347751926187","","0.6907714906113654","1.2200000000000004","4.583091973325003","working_net_combined_queue","17.150616226994845","0.7770800590515137"
"2025-04-02","weekly","CAT793","Plan","494622.3084259835","2060.926285108262","54.0",,"1296.0","0.0","1296.0","0.0","92.52142453193665","132.38264258415785","1071.095950126648","0.0","1071.095950126648","190.97243834603927","240.00000000000026","240.00000000000026","240.00000000000026","3.318214805348738","23.784363384345586","3.318214805348738","28.588153535386645","","0.7852708959278808","8.370746994723577","2.6677181113248056","","0.7212248006950285","0.7053953171945906","6.964174446400867","working_net_combined_queue","22.14800939695168","0.8264629244804382"
"2025-04-02","weekly","EH4000","Plan","150586.722622805","654.7248809687183","18.0",,"432.0","0.0","432.0","0.0","44.88714337348938","43.3566412804452","343.7562074661255","0.0","343.7562074661255","85.93905186653137","229.99999999999972","229.99999999999972","229.99999999999972","3.007091187642327","23.466219441223096","3.007091187642327","29.66361151118945","","0.538162583283013","7.688731954052483","3.056788014282231","","0.5857616653984482","0.9000000000000001","6.08238383888223","working_net_combined_queue","20.556349224879792","0.7957319617271423"
"2025-04-02","weekly","EH5000","Plan","383488.95307405613","1313.3183324453964","24.0",,"576.0","0.0","576.0","0.0","66.20714092254639","62.19472950632785","447.5981140136719","0.0","447.5981140136719","82.80565049225345","292.0000000000003","292.0000000000003","292.0000000000003","2.040056037009786","22.350490793561026","2.040056037009786","28.30895906988809","","0.6288393762055915","5.476540240264007","2.3690777555105176","","0.6771496161324311","1.2200000000000002","4.323838326884516","working_net_combined_queue","16.595276821725317","0.7770800590515137"
"2025-04-03","weekly","CAT793","Plan","486228.8844027296","2025.9536850113745","54.0",,"1296.0","0.0","1296.0","0.0","92.52142453193665","132.38264258415785","1071.095950126648","0.0","1071.095950126648","190.97243834603927","239.99999999999986","239.99999999999986","239.99999999999986","3.440486887503062","24.09820224865594","3.440486887503061","29.267757559312678","","0.781516804611565","8.566166518155816","2.5254766909641826","","0.712076205682612","0.7051137603458674","7.0531270744553565","working_net_combined_queue","22.332229291055747","0.8264629244804382"
"2025-04-03","weekly","EH4000","Plan","106984.95568105178","465.15198122196364","18.0",,"432.0","0.0","432.0","0.0","44.88714337348938","43.3566412804452","343.7562074661255","0.0","343.7562074661255","85.93905186653137","230.0000000000003","230.0000000000003","230.0000000000003","3.2285796371513094","23.412559639168393","3.2285796371513094","29.41866751240486","","0.5382480067079188","8.273968383405654","3.0852477973411916","","0.566666666666667","0.8999999999999999","6.584757047456197","working_net_combined_queue","21.649479593013375","0.7957319617271423"
"2025-04-03","weekly","EH5000","Plan","386222.47643028176","1322.6797138023362","24.0",,"576.0","0.0","576.0","0.0","66.20714092254639","62.19472950632785","447.5981140136719","0.0","447.5981140136719","82.80565049225345","291.9999999999997","291.9999999999997","291.9999999999997","2.051452831011647","22.83709241702532","2.051452831011647","28.557161378443787","","0.6329089701325423","5.38979164304366","2.4043819539470452","","0.6836810631756852","1.22","4.310203252680796","working_net_combined_queue","16.547882497654882","0.7770800590515137"
"2025-04-04","weekly","CAT793","Plan","537330.9769905022","2238.8790707937583","54.0",,"1296.0","0.0","1296.0","0.0","92.52142453193665","132.38264258415785","1071.095950126648","0.0","1071.095950126648","190.97243834603927","240.0000000000001","240.0000000000001","240.0000000000001","2.891627702195536","24.364068924941584","2.891627702195536","29.386367249497695","","0.8064536740901617","7.121046269661551","2.7095256203158518","","1.341475373370354","0.706984025556762","5.904018712442171","working_net_combined_queue","20.45184396569237","0.8264629244804382"
"2025-04-04","weekly","EH4000","Plan","122089.63120773788","530.8244835119037","18.0",,"432.0","0.0","432.0","0.0","44.88714337348938","43.3566412804452","343.7562074661255","0.0","343.7562074661255","85.93905186653137","230.00000000000006","230.00000000000006","230.00000000000006","2.597381683771286","22.45384631341268","2.597381683771286","28.553031111330302","","0.5341080376971923","6.940588211525491","2.5106978986423845","","0.7979480692269584","0.9000000000000004","5.458016013033244","working_net_combined_queue","19.032388496054438","0.7957319617271423"
"2025-04-04","weekly","EH5000","Plan","370641.51927664666","1269.3202714953661","24.0",,"576.0","0.0","576.0","0.0","66.20714092254639","62.19472950632785","447.5981140136719","0.0","447.5981140136719","82.80565049225345","291.99999999999983","291.99999999999983","291.99999999999983","2.173864676924361","22.785985039837765","2.1738646769243615","28.004473611641792","","0.6359739034470638","5.724215143098783","2.40494189625013","","0.688600091952078","1.2199999999999998","4.6575373072265","working_net_combined_queue","17.243519210937958","0.7770800590515137"
"2025-04-05","weekly","CAT793","Plan","587454.2764384563","2447.7261518268997","54.0",,"1296.0","0.0","1296.0","0.0","96.92142963409424","131.8986420255431","1067.1799592971802","0.0","1067.1799592971802","189.1477638850754","240.00000000000014","240.00000000000014","240.00000000000014","2.6975129304118344","24.21110545220895","2.6975129304118344","29.739831707782542","","0.8218675060034937","6.684980830148062","2.8157339873219946","","1.364624096767586","0.7081400629502623","5.442222317026621","working_net_combined_queue","19.591936948129213","0.8234413266181946"
"2025-04-05","weekly","EH4000","Plan","144625.8794273181","628.8081714231224","18.0",,"432.0","0.0","432.0","0.0","59.96571135520935","40.92377152917726","331.1105146408081","0.0","331.1105146408081","82.77762866020203","229.99999999999994","229.99999999999994","229.99999999999994","2.7745167396373502","24.017755734689903","2.7745167396373502","31.27969368066784","","0.5320137513099574","6.931164019534082","2.266182581755832","","0.6210272744595411","0.9","5.322015173093816","working_net_combined_queue","18.55977023989517","0.7664595246315002"
"2025-04-05","weekly","EH5000","Plan","338701.3835562789","1159.9362450557499","23.0",,"552.0","0.0","552.0","0.0","84.49761915206909","56.10028444781261","411.4021096229553","0.0","411.4021096229553","73.51576827413615","291.99999999999994","291.99999999999994","291.99999999999994","2.319131896914038","24.034326044305608","2.319131896914038","28.692518537371235","","0.6431383760617392","5.789549228812691","2.3816485624245964","","0.6691576319831702","1.22","4.849623557221228","working_net_combined_queue","17.47783971483309","0.7452936768531799"
"2025-04-06","weekly","CAT793","Plan","576345.7726560221","2401.440719400093","54.0",,"1296.0","0.0","1296.0","0.0","96.92142963409424","131.8986420255431","1067.1799592971802","0.0","1067.1799592971802","188.77227461540073","239.99999999999994","239.99999999999994","239.99999999999994","2.7635239533419007","24.589660151890335","2.7635239533419007","30.21700540404321","","0.8094318506745275","6.743136593848664","2.828276722845521","","1.3404290782884598","0.7072073888005893","5.48735505002516","working_net_combined_queue","19.673804755036254","0.8234413266181946"
"2025-04-06","weekly","EH4000","Plan","148623.08701031646","646.1873348274621","18.0",,"432.0","0.0","432.0","0.0","59.96571135520935","40.92377152917726","331.1105146408081","0.0","331.1105146408081","82.77762866020203","230.00000000000028","230.00000000000028","230.00000000000028","2.9652321748656094","24.637711781493103","2.96523217486561","31.524463789888408","","0.5314911938461221","7.221203497703818","2.4950422691682332","","0.6192416797189264","0.9000000000000005","5.643678245496539","working_net_combined_queue","19.422061969012024","0.7664595246315002"
"2025-04-06","weekly","EH5000","Plan","318374.7831998662","1090.3245999995438","23.0",,"552.0","0.0","552.0","0.0","84.49761915206909","56.10028444781261","411.4021096229553","0.0","411.4021096229553","73.51576827413615","291.99999999999943","291.99999999999943","291.99999999999943","2.4107379245296157","23.879235501958036","2.4107379245296157","29.448199284372823","","0.6447610718491597","6.057324383769174","2.3578528822454734","","0.6996662820291477","1.2199999999999998","4.911820722041053","working_net_combined_queue","17.818972392930668","0.7452936768531799"
"2025-04-07","weekly","CAT793","Plan","671780.3582189512","2799.084825912299","54.0",,"1296.0","0.0","1296.0","0.0","96.92142963409424","131.8986420255431","1067.1799592971802","0.0","1067.1799592971802","188.77227461540073","239.99999999999977","239.99999999999977","239.99999999999977","2.4183269359629933","24.094084775066467","2.4183269359629938","29.7027117138424","","0.7834134441683379","6.022209082120212","2.7957844435347634","","1.260488498779095","0.7052560083126246","4.88506293821512","working_net_combined_queue","18.195167184132096","0.8234413266181946"
"2025-04-07","weekly","EH4000","Plan","175708.37310152463","763.9494482674984","18.0",,"432.0","0.0","432.0","0.0","59.96571135520935","40.92377152917726","331.1105146408081","0.0","331.1105146408081","82.77762866020203","230.0","230.0","230.0","2.6304583098909498","24.634856935175172","2.6304583098909493","30.759478486812718","","0.5358342421853383","6.406674047621568","2.9225023127909067","","0.8528087342892388","0.9000000000000004","5.1310199768543265","working_net_combined_queue","18.56046417321582","0.7664595246315002"
"2025-04-07","weekly","EH5000","Plan","340017.4651675299","1164.4433738614034","23.0",,"552.0","0.0","552.0","0.0","84.49761915206909","56.10028444781261","411.4021096229553","0.0","411.4021096229553","73.51576827413615","292.00000000000006","292.00000000000006","292.00000000000006","2.2770969429236425","23.339575141323433","2.2770969429236425","29.05779906365522","","0.642355608661275","5.853826204981699","2.3804742315371454","","0.6883097603940987","1.2200000000000002","4.701863904975059","working_net_combined_queue","17.410189473774462","0.7452936768531799"
"2025-04-08","weekly","CAT793","Plan","631162.2538402891","2629.8427243345404","54.0",,"1296.0","0.0","1296.0","0.0","96.92142963409424","131.8986420255431","1067.1799592971802","0.0","1067.1799592971802","188.77227461540073","239.99999999999977","239.99999999999977","239.99999999999977","2.7583514611857343","25.26023299084641","2.7583514611857343","30.160682478902253","","0.7651761025967776","6.551843275994997","2.9061801443877617","","1.286584456599817","0.7038882076947582","5.487312423613557","working_net_combined_queue","19.389568273943038","0.8234413266181946"
"2025-04-08","weekly","EH4000","Plan","129373.43794641219","562.4932084626614","18.0",,"432.0","0.0","432.0","0.0","59.96571135520935","40.92377152917726","331.1105146408081","0.0","331.1105146408081","82.77762866020203","230.0000000000001","230.0000000000001","230.0000000000001","3.8619936293175527","26.617443724957045","3.861993629317549","32.135788111477346","","0.5365818596226216","8.705554904274607","3.2149600810762538","","0.9232193442513155","0.9","7.210640577888734","working_net_combined_queue","23.26819122447292","0.7664595246315002"
"2025-04-08","weekly","EH5000","Plan","343818.99679153523","1177.46231777923","23.0",,"552.0","0.0","552.0","0.0","84.49761915206909","56.10028444781261","411.4021096229553","0.0","411.4021096229553","73.51576827413615","292.00000000000006","292.00000000000006","292.00000000000006","2.164842728775014","22.055260071014303","2.164842728775014","28.30990220856623","","0.617897096204915","5.8893236039055825","2.367882408628436","","0.6536347009274033","1.22","4.588167163897781","working_net_combined_queue","17.217688807698604","0.7452936768531799"
"2025-04-09","weekly","CAT793","Plan","541731.9867882297","2257.216611617623","54.0",,"1296.0","0.0","1296.0","0.0","96.92142963409424","131.8986420255431","1067.1799592971802","0.0","1067.1799592971802","185.76836045800326","240.00000000000006","240.00000000000006","240.00000000000006","2.549310534818809","24.658357577975792","2.549310534818809","29.35834458486096","","0.8580113341662289","6.20311517526809","3.2078705500781335","","1.431845524058308","0.710850850062467","5.210056433767856","working_net_combined_queue","19.322615595169104","0.8234413266181946"
"2025-04-09","weekly","EH4000","Plan","108943.07312635217","473.665535331966","18.0",,"432.0","0.0","432.0","0.0","59.96571135520935","40.92377152917726","331.1105146408081","0.0","331.1105146408081","82.77762866020203","230.0","230.0","230.0","2.6680562975914746","24.307842923675913","2.668056297591474","30.091557371118373","","0.53896325483989","6.585667776368868","3.487874089902618","","1.1279808829839555","0.8999999999999998","5.3198767973749055","working_net_combined_queue","19.62805307883528","0.7664595246315002"
"2025-04-09","weekly","EH5000","Plan","367016.31130159256","1256.9051756903873","24.0",,"576.0","0.0","576.0","0.0","88.17142868041992","58.53942724989142","429.28915786743164","0.0","429.28915786743164","74.05238027586904","291.9999999999996","291.9999999999996","291.9999999999996","2.098468861239031","21.237607747908868","2.098468861239031","28.50088980793571","","0.6007682399330417","5.928545868672014","2.36605719218522","","0.5428778979264384","1.2200000000000002","4.4176912553545735","working_net_combined_queue","16.92690739025101","0.7452936768531799"
"2025-04-10","weekly","CAT793","Plan","556147.4144194808","2317.2808934145023","54.0",,"1296.0","0.0","1296.0","0.0","96.92142963409424","131.8986420255431","1067.1799592971802","0.0","1067.1799592971802","185.76836045800326","240.0000000000001","240.0000000000001","240.0000000000001","2.3332331611253467","24.93975660743736","2.3332331611253463","29.622204441224355","","0.8783748898185662","5.613286122679031","3.1100329751233433","","1.4229245078120865","0.7123781167363924","4.725981482752014","working_net_combined_queue","18.247110932092607","0.8234413266181946"
"2025-04-10","weekly","EH4000","Plan","99747.10114385838","433.68304845155865","18.0",,"432.0","0.0","432.0","0.0","59.96571135520935","40.92377152917726","331.1105146408081","0.0","331.1105146408081","82.77762866020203","229.99999999999974","229.99999999999974","229.99999999999974","3.5198615461438005","26.941446627874345","3.519861546143799","32.50239983326076","","0.5387283628140506","7.838914356964166","3.6120517423766416","","1.1517067241181727","0.9000000000000004","6.497726132594943","working_net_combined_queue","22.217622629421655","0.7664595246315002"
"2025-04-10","weekly","EH5000","Plan","324489.28273993987","1111.264666917602","24.0",,"576.0","0.0","576.0","0.0","88.17142868041992","58.53942724989142","429.28915786743164","0.0","429.28915786743164","74.05238027586904","292.00000000000006","292.00000000000006","292.00000000000006","2.402609627698307","21.9152824795936","2.402609627698307","28.81872041050269","","0.6207457908386796","6.577901872637495","2.2546414496681604","","0.5403810756173089","1.22","5.002185232671262","working_net_combined_queue","18.101598094374317","0.7452936768531799"
"2025-04-11","weekly","CAT793","Plan","600000.52721153","2500.0021967147086","54.0",,"1296.0","0.0","1296.0","0.0","96.92142963409424","131.8986420255431","1067.1799592971802","0.0","1067.1799592971802","185.76836045800326","239.99999999999997","239.99999999999997","239.99999999999997","2.1888508145823464","25.04756439179377","2.1888508145823464","29.49172589187601","","0.8891976411944987","5.243266244200902","3.086229046647521","","1.374493980413516","0.7131898230895873","4.453148973255517","working_net_combined_queue","17.547543663621738","0.8234413266181946"
"2025-04-11","weekly","EH4000","Plan","95142.17822002673","413.66164443489964","18.0",,"432.0","0.0","432.0","0.0","59.96571135520935","40.92377152917726","331.1105146408081","0.0","331.1105146408081","82.77762866020203","229.99999999999955","229.99999999999955","229.99999999999955","3.119631740439814","27.379951843122843","3.1196317404398135","33.35451205449771","","0.5406612507928905","6.836312404742349","3.770017043425985","","1.2394252365328553","0.8999999999999995","5.611771628394987","working_net_combined_queue","20.487770027416072","0.7664595246315002"
"2025-04-11","weekly","EH5000","Plan","319139.7235810034","1092.9442588390532","24.0",,"576.0","0.0","576.0","0.0","88.17142868041992","58.53942724989142","429.28915786743164","0.0","429.28915786743164","74.05238027586904","291.99999999999983","291.99999999999983","291.99999999999983","2.2991714914377104","20.25500156162032","2.2991714914377104","26.934278641886088","","0.62176403826458","6.810677800571206","2.247136398474689","","0.5666666666666671","1.2200000000000004","5.121736925663682","working_net_combined_queue","18.47549700736066","0.7452936768531799"
"2025-04-12","weekly","CAT793","Plan","617651.9525393039","2573.549802247103","54.0",,"1296.0","0.0","1296.0","0.0","107.45857465267181","130.7395560797802","1057.801866531372","0.0","1057.801866531372","184.1358776680579","239.9999999999997","239.9999999999997","239.9999999999997","2.156142737673528","24.01901202222954","2.1561427376735285","28.476725759312316","","0.8684374239594346","5.386090158108143","2.945561678639834","","1.2399882650920357","0.7116328067969577","4.542957829978267","working_net_combined_queue","17.422014883459394","0.8162051439285278"
"2025-04-12","weekly","EH4000","Plan","118997.47900609185","517.3803435047474","18.0",,"432.0","0.0","432.0","0.0","41.204285860061646","43.769121334681","347.0265884399414","0.0","347.0265884399414","86.75664710998535","229.9999999999999","229.9999999999999","229.9999999999999","2.322375019819312","22.901924828044706","2.322375019819312","29.590250494769094","","0.5361106963131967","6.084313970785806","3.180362105000967","","0.8447587547373778","0.9","4.709067982164984","working_net_combined_queue","18.05352147859529","0.8033022880554199"
"2025-04-12","weekly","EH5000","Plan","376478.9721675898","1289.311548519141","24.0",,"576.0","0.0","576.0","0.0","32.18571424484253","66.34534360764793","477.46894454956055","0.0","477.46894454956055","82.36339353956075","292.0000000000005","292.0000000000005","292.0000000000005","2.3846269295953824","21.840106977647423","2.384626929595383","27.80612420994088","","0.6123571289662706","6.55114079441817","2.4199670061134855","","0.5666666666666668","1.2200000000000006","5.145543287351487","working_net_combined_queue","18.386815070975906","0.8289391398429871"
"2025-04-13","weekly","CAT793","Plan","590453.250811122","2460.221878379674","54.0",,"1296.0","0.0","1296.0","0.0","107.45857465267181","130.7395560797802","1057.801866531372","0.0","1057.801866531372","184.1358776680579","240.0000000000001","240.0000000000001","240.0000000000001","2.3022944026920853","24.57056624595894","2.302294402692085","28.77796822817707","","0.8740132358773711","5.62207898583714","2.958395445235452","","1.2667760041869978","0.7120509926908032","4.800118725069402","working_net_combined_queue","18.004086846909072","0.8162051439285278"
"2025-04-13","weekly","EH4000","Plan","128349.46296742669","558.041143336638","18.0",,"432.0","0.0","432.0","0.0","41.204285860061646","43.769121334681","347.0265884399414","0.0","347.0265884399414","86.75664710998535","229.99999999999991","229.99999999999991","229.99999999999991","2.627130630214864","24.63203986896225","2.627130630214863","30.449518505843677","","0.537758402515983","6.399301018163411","3.5011362487080278","","0.8349067675489724","0.9000000000000004","5.176693936314325","working_net_combined_queue","19.072909857515512","0.8033022880554199"
"2025-04-13","weekly","EH5000","Plan","369851.02415192086","1266.6130964106896","24.0",,"576.0","0.0","576.0","0.0","32.18571424484253","66.34534360764793","477.46894454956055","0.0","477.46894454956055","82.36339353956075","291.9999999999996","291.9999999999996","291.9999999999996","2.28654694680136","21.272445561873067","2.2865469468013613","28.06488248202112","","0.611074757883465","6.449320385333335","2.3320854626878593","","0.566666666666667","1.2199999999999998","4.8884158661975485","working_net_combined_queue","17.93647105064009","0.8289391398429871"
"2025-04-14","weekly","CAT793","Plan","619283.8221194257","2580.3492588309396","54.0",,"1296.0","0.0","1296.0","0.0","107.45857465267181","130.7395560797802","1057.801866531372","0.0","1057.801866531372","184.1358776680579","240.00000000000009","240.00000000000009","240.00000000000009","2.488475166468299","25.255492280756965","2.488475166468298","29.671917551127983","","0.871479195231094","5.911922378240921","3.004070711082562","","1.2638764619941647","0.7118609396423322","5.031980482246315","working_net_combined_queue","18.581773988522105","0.8162051439285278"
"2025-04-14","weekly","EH4000","Plan","146857.23222748085","638.5097053368728","18.0",,"432.0","0.0","432.0","0.0","41.204285860061646","43.769121334681","347.0265884399414","0.0","347.0265884399414","86.75664710998535","230.00000000000017","230.00000000000017","230.00000000000017","3.17369637920089","26.214409769888288","3.173696379200889","31.892377710631447","","0.5402704421028408","7.264011832560321","3.5725353929987906","","0.9349771091727441","0.9000000000000002","5.970761555623227","working_net_combined_queue","20.790115995727238","0.8033022880554199"
"2025-04-14","weekly","EH5000","Plan","386834.5306722856","1324.77578997358","24.0",,"576.0","0.0","576.0","0.0","32.18571424484253","66.34534360764793","477.46894454956055","0.0","477.46894454956055","82.36339353956075","292.00000000000017","292.00000000000017","292.00000000000017","2.252650351744036","21.069208544549557","2.252650351744036","27.77064570319629","","0.6109555288780736","6.415002292034684","2.3463008899029014","","0.566666666666667","1.22","4.866974378240183","working_net_combined_queue","17.89460012080656","0.8289391398429871"
"2025-04-15","weekly","CAT793","Plan","602776.6564954837","2511.569402064518","54.0",,"1296.0","0.0","1296.0","0.0","107.45857465267181","130.7395560797802","1057.801866531372","0.0","1057.801866531372","184.1358776680579","239.99999999999977","239.99999999999977","239.99999999999977","2.5911193480672594","25.940469655663385","2.5911193480672594","30.444869319572575","","0.871053930441863","5.993228455294895","2.9765272825596583","","1.244170849421696","0.7118290447831391","5.1065143112336475","working_net_combined_queue","18.714198527278754","0.8162051439285278"
"2025-04-15","weekly","EH4000","Plan","133887.52677232146","582.1196816187892","18.0",,"432.0","0.0","432.0","0.0","41.204285860061646","43.769121334681","347.0265884399414","0.0","347.0265884399414","86.75664710998535","229.99999999999991","229.99999999999991","229.99999999999991","2.9341560840454686","26.54549627033953","2.9341560840454686","32.40238721882414","","0.5428282261804127","6.631986203981273","3.7014421143198573","","1.1246313898689972","0.8999999999999999","5.433222060270065","working_net_combined_queue","19.82401159032161","0.8033022880554199"
"2025-04-15","weekly","EH5000","Plan","379117.95253980375","1298.349152533573","24.0",,"576.0","0.0","576.0","0.0","32.18571424484253","66.34534360764793","477.46894454956055","0.0","477.46894454956055","82.36339353956075","292.00000000000034","292.00000000000034","292.00000000000034","2.3339114909525183","21.44180127235675","2.3339114909525183","27.718385901090652","","0.6119926792358131","6.530920032249668","2.395398251397304","","0.5666666666666673","1.2200000000000004","5.052050648145463","working_net_combined_queue","18.24753405266096","0.8289391398429871"
"2025-04-16","weekly","CAT793","Plan","594271.3085969824","2476.1304524874286","54.0",,"1296.0","0.0","1296.0","0.0","107.45857465267181","130.7395560797802","1057.801866531372","0.0","1057.801866531372","184.1358776680579","239.9999999999998","239.9999999999998","239.9999999999998","2.440980473023673","25.708021782735067","2.440980473023673","30.33927586400772","","0.8668501739148035","5.697008879920074","3.0488053194018954","","1.3084296411005338","0.7115137630436099","4.827367305597702","working_net_combined_queue","18.20717732671851","0.8162051439285278"
"2025-04-16","weekly","EH4000","Plan","112230.41532603231","487.95832750448847","18.0",,"432.0","0.0","432.0","0.0","41.204285860061646","43.769121334681","347.0265884399414","0.0","347.0265884399414","86.75664710998535","229.99999999999991","229.99999999999991","229.99999999999991","3.8014164512148647","28.672073910851495","3.8014164512148643","34.36697356666326","","0.5398679228126511","7.954952536118037","3.5036649433522746","","0.9873737154587048","0.8999999999999999","6.636749279958112","working_net_combined_queue","22.148683948317828","0.8033022880554199"
"2025-04-16","weekly","EH5000","Plan","372063.2941723331","1274.1893636038797","24.0",,"576.0","0.0","576.0","0.0","32.18571424484253","66.34534360764793","477.46894454956055","0.0","477.46894454956055","82.36339353956075","292.00000000000017","292.00000000000017","292.00000000000017","2.493655537271155","23.120225127921945","2.493655537271155","28.345485561266937","","0.6571093944007111","6.471361390662945","2.3510693066441606","","0.6327599520284332","1.2199999999999993","5.278418389160304","working_net_combined_queue","18.55976071203851","0.8289391398429871"
"2025-04-17","weekly","CAT793","Plan","633570.199175704","2639.8758298987673","54.0",,"1296.0","0.0","1296.0","0.0","107.45857465267181","130.7395560797802","1057.801866531372","0.0","1057.801866531372","184.1358776680579","239.99999999999997","239.99999999999997","239.99999999999997","2.2834636592210873","25.115063374226715","2.283463659221087","29.691374426055905","","0.8382700988143958","5.455205010307233","2.9552749447447852","","1.288988635761733","0.7093702574110796","4.6143980264191775","working_net_combined_queue","17.590174513354135","0.8162051439285278"
"2025-04-17","weekly","EH4000","Plan","142611.6550435598","620.050674102434","18.0",,"432.0","0.0","432.0","0.0","41.204285860061646","43.769121334681","347.0265884399414","0.0","347.0265884399414","86.75664710998535","229.99999999999997","229.99999999999997","229.99999999999997","3.301380209149953","26.859704447865923","3.301380209149952","32.968465839766814","","0.5348836757561408","7.374720482627477","2.888155194155131","","0.7320389815040882","0.9000000000000002","6.008250839202476","working_net_combined_queue","20.293400088462835","0.8033022880554199"
"2025-04-17","weekly","EH5000","Plan","381091.0870405998","1305.1064624678093","24.0",,"576.0","0.0","576.0","0.0","32.18571424484253","66.34534360764793","477.46894454956055","0.0","477.46894454956055","82.36339353956075","291.9999999999996","291.9999999999996","291.9999999999996","2.450457575501116","23.73726218480506","2.450457575501116","28.37441505751811","","0.7003923091251031","6.193951660700941","2.1624778087376875","","0.6813910613324549","1.2199999999999998","5.181691119694482","working_net_combined_queue","18.164290571771385","0.8289391398429871"
"2025-04-18","weekly","CAT793","Plan","636033.9437874596","2650.141432447752","54.0",,"1296.0","0.0","1296.0","0.0","107.45857465267181","130.7395560797802","1057.801866531372","0.0","1057.801866531372","184.1358776680579","239.9999999999997","239.9999999999997","239.9999999999997","2.231627154011179","24.303813330197574","2.231627154011179","29.26896105975483","","0.8170587194653403","5.509325940810386","2.8526796938426715","","1.2613420286870618","0.7077794039599007","4.574731196208449","working_net_combined_queue","17.43252652087712","0.8162051439285278"
"2025-04-18","weekly","EH4000","Plan","145231.5609330733","631.4415692742325","18.0",,"432.0","0.0","432.0","0.0","41.204285860061646","43.769121334681","347.0265884399414","0.0","347.0265884399414","86.75664710998535","229.99999999999974","229.99999999999974","229.99999999999974","2.9744461047624764","24.695477718863497","2.9744461047624764","31.122327434921445","","0.5343013193609825","7.2266982772083725","2.9396309275305756","","0.6532009272658328","0.8999999999999999","5.734364393502791","working_net_combined_queue","19.870335154263365","0.8033022880554199"
"2025-04-18","weekly","EH5000","Plan","377816.54902808554","1293.8922911920736","24.0",,"576.0","0.0","576.0","0.0","32.18571424484253","66.34534360764793","477.46894454956055","0.0","477.46894454956055","82.36339353956075","292.00000000000006","292.00000000000006","292.00000000000006","2.430951039359434","23.095539052720024","2.430951039359434","27.999377248525075","","0.691966628943949","6.315378135518688","2.1890749811104837","","0.6862844814873249","1.2200000000000004","5.209296659240853","working_net_combined_queue","18.32172057372223","0.8289391398429871"
"2025-04-19","weekly","CAT793","Plan","670956.611529418","2795.65254803924","54.0",,"1296.0","0.0","1296.0","0.0","116.64000463485718","129.72959878721235","1049.6303815841675","0.0","1049.6303815841675","182.71343401371007","240.00000000000014","240.00000000000014","240.00000000000014","2.4158999254259235","24.15590469219809","2.415899925425923","29.137173523748288","","0.8602420131426359","6.000768647359868","2.9129853719436105","","1.2744258637206514","0.7110181509856974","4.974881843203167","working_net_combined_queue","18.436053996397522","0.8098999857902527"
"2025-04-19","weekly","EH4000","Plan","155801.03870814643","677.3958204702021","18.0",,"432.0","0.0","432.0","0.0","34.559999227523804","43.718399848079684","353.7215881347656","0.0","353.7215881347656","88.4303970336914","229.99999999999991","229.99999999999991","229.99999999999991","3.6734443343641563","25.2368559252968","3.6734443343641554","31.097928407952224","","0.5386407356270774","8.733522936227535","3.2646799141572584","","0.7406678180496915","0.9000000000000001","7.0875029735256545","working_net_combined_queue","22.947540538741663","0.8187999725341797"
"2025-04-19","weekly","EH5000","Plan","326930.7192408039","1119.625750824671","24.0",,"576.0","0.0","576.0","0.0","74.87999725341797","60.134398985481255","440.9856147766113","0.0","440.9856147766113","76.07001910751725","291.99999999999994","291.99999999999994","291.99999999999994","2.733910326866742","23.19441480152322","2.733910326866742","28.435123494486167","","0.6375184869669243","7.072160303058479","2.3755661657941984","","0.5666666666666671","1.22","5.768732449634423","working_net_combined_queue","19.555583660544574","0.7656000256538391"
"2025-04-20","weekly","CAT793","Plan","641626.2786865329","2673.4428278605515","54.0",,"1296.0","0.0","1296.0","0.0","116.64000463485718","129.72959878721235","1049.6303815841675","0.0","1049.6303815841675","182.71343401371007","240.0000000000002","240.0000000000002","240.0000000000002","2.165254175974539","23.591058420356745","2.165254175974539","28.364491886127958","","0.8772391386357741","5.5069699817439455","2.854893832930563","","1.1898884896683988","0.7122929353976833","4.580207221057577","working_net_combined_queue","17.483755764494667","0.8098999857902527"
"2025-04-20","weekly","EH4000","Plan","153826.9608907421","668.8128734380094","18.0",,"432.0","0.0","432.0","0.0","34.559999227523804","43.718399848079684","353.7215881347656","0.0","353.7215881347656","88.4303970336914","229.99999999999991","229.99999999999991","229.99999999999991","2.247716863836308","23.367130545764475","2.247716863836308","29.88096326943731","","0.53972171793898","5.771483647341703","3.165141666977899","","0.9422745633545245","0.9000000000000005","4.513342177563545","working_net_combined_queue","17.464764747983587","0.8187999725341797"
"2025-04-20","weekly","EH5000","Plan","320510.87502817553","1097.6399829732045","24.0",,"576.0","0.0","576.0","0.0","74.87999725341797","60.134398985481255","440.9856147766113","0.0","440.9856147766113","76.07001910751725","291.99999999999983","291.99999999999983","291.99999999999983","2.5696311615566185","22.43242007515652","2.5696311615566185","28.07155187771982","","0.6376449985000884","6.872993157976127","2.4080890744105408","","0.5699415854345726","1.2200000000000002","5.492317288513249","working_net_combined_queue","19.11614591703843","0.7656000256538391"
"2025-04-21","weekly","CAT793","Plan","657197.6902202141","2738.323709250893","54.0",,"1296.0","0.0","1296.0","0.0","116.64000463485718","129.72959878721235","1049.6303815841675","0.0","1049.6303815841675","182.71343401371007","239.99999999999991","239.99999999999991","239.99999999999991","2.292899131274732","24.156775526798732","2.292899131274732","28.675203439425484","","0.886755046209886","5.695046001643055","2.9788516479639413","","1.2113534095886198","0.7130066284657407","4.797662487978507","working_net_combined_queue","18.002985192964402","0.8098999857902527"
"2025-04-21","weekly","EH4000","Plan","138621.7223861866","602.7031408095075","18.0",,"432.0","0.0","432.0","0.0","34.559999227523804","43.718399848079684","353.7215881347656","0.0","353.7215881347656","88.4303970336914","229.99999999999977","229.99999999999977","229.99999999999977","2.7002167162024984","24.405498745300417","2.7002167162024984","30.803220077608966","","0.5369799740998408","6.638381155941242","3.0838646398024934","","0.7246196455132397","0.9000000000000002","5.259612552322673","working_net_combined_queue","18.902379159086824","0.8187999725341797"
"2025-04-21","weekly","EH5000","Plan","360405.1025147139","1234.264049707925","24.0",,"576.0","0.0","576.0","0.0","74.87999725341797","60.134398985481255","440.9856147766113","0.0","440.9856147766113","76.07001910751725","291.99999999999983","291.99999999999983","291.99999999999983","2.3352235038667466","22.78583791494097","2.3352235038667466","28.33487482708191","","0.6304705019272957","6.149144514897589","2.3097169024407664","","0.5823504178443368","1.2199999999999995","4.94491015354997","working_net_combined_queue","17.739263364385256","0.7656000256538391"
"2025-04-22","weekly","CAT793","Plan","694529.8786994584","2893.8744945810754","54.0",,"1296.0","0.0","1296.0","0.0","116.64000463485718","129.72959878721235","1049.6303815841675","0.0","1049.6303815841675","182.71343401371007","240.0000000000001","240.0000000000001","240.0000000000001","2.311960990826043","24.42756038020558","2.3119609908260443","28.971043720378944","","0.8867886787190707","5.678735710421981","3.001586186235643","","1.235571904175688","0.7130091509039304","4.788148497114215","working_net_combined_queue","17.964485615158676","0.8098999857902527"
"2025-04-22","weekly","EH4000","Plan","163671.47457359504","711.6151068417175","18.0",,"432.0","0.0","432.0","0.0","34.559999227523804","43.718399848079684","353.7215881347656","0.0","353.7215881347656","88.4303970336914","230.0","230.0","230.0","3.7783957879589707","26.823432326573244","3.778395787958971","33.07334688978852","","0.5392350095270261","8.45170537899242","3.271443381609142","","0.6959279697085965","0.9","6.854575318094995","working_net_combined_queue","22.368076619688956","0.8187999725341797"
"2025-04-22","weekly","EH5000","Plan","323983.64573781873","1109.5330333486918","24.0",,"576.0","0.0","576.0","0.0","74.87999725341797","60.134398985481255","440.9856147766113","0.0","440.9856147766113","76.07001910751725","292.0000000000007","292.0000000000007","292.0000000000007","2.6851910671977977","21.945784562158085","2.6851910671977977","28.453402830548654","","0.6454952219111042","7.341339908607242","2.2316354139111603","","0.7038812203511547","1.2200000000000004","5.662291606784285","working_net_combined_queue","19.733468387484287","0.7656000256538391"
"2025-04-23","weekly","CAT793","Plan","693401.0882354012","2889.171200980839","54.0",,"1296.0","0.0","1296.0","0.0","116.64000463485718","129.72959878721235","1049.6303815841675","0.0","1049.6303815841675","182.71343401371007","239.99999999999994","239.99999999999994","239.99999999999994","2.4220104434875234","25.140427482676213","2.4220104434875243","29.866652166151745","","0.8458013865964429","5.780356229399403","2.922384995757691","","1.1739679394311924","0.7099351039947333","4.865648342533187","working_net_combined_queue","17.998261525789374","0.8098999857902527"
"2025-04-23","weekly","EH4000","Plan","159961.03135504117","695.4827450219175","18.0",,"432.0","0.0","432.0","0.0","34.559999227523804","43.718399848079684","353.7215881347656","0.0","353.7215881347656","88.4303970336914","230.0000000000002","230.0000000000002","230.0000000000002","4.009591450719316","27.604182880173664","4.009591450719316","33.953519786152185","","0.5376449678772609","8.715182336223005","3.1656599068065985","","0.7427948044122389","0.9000000000000004","7.085435871107442","working_net_combined_queue","22.87504936407256","0.8187999725341797"
"2025-04-23","weekly","EH5000","Plan","301442.51118764473","1032.3373670809733","24.0",,"576.0","0.0","576.0","0.0","74.87999725341797","60.134398985481255","440.9856147766113","0.0","440.9856147766113","76.07001910751725","292.0000000000005","292.0000000000005","292.0000000000005","3.190290362596197","23.567274126660244","3.1902903625961985","29.96909983844761","","0.6534144387513641","8.122170630638728","2.16714294696879","","0.7165910745392267","1.22","6.387159533907685","working_net_combined_queue","21.209088944113745","0.7656000256538391"
"2025-04-24","weekly","CAT793","Plan","640330.4421257874","2668.0435088574504","54.0",,"1296.0","0.0","1296.0","0.0","116.64000463485718","129.72959878721235","1049.6303815841675","0.0","1049.6303815841675","182.71343401371007","239.99999999999972","239.99999999999972","239.99999999999972","2.388561691750492","24.213562821006068","2.3885616917504935","28.853193400854057","","0.8294026189821851","5.9187366421227425","2.7738547116288577","","1.2268747488485088","0.708705196423663","4.966996183541594","working_net_combined_queue","18.139575942826962","0.8098999857902527"
"2025-04-24","weekly","EH4000","Plan","133614.34122586017","580.9319183733047","18.0",,"432.0","0.0","432.0","0.0","34.559999227523804","43.718399848079684","353.7215881347656","0.0","353.7215881347656","88.4303970336914","230.00000000000017","230.00000000000017","230.00000000000017","4.035170409281236","26.441030496496538","4.035170409281236","33.14769640356629","","0.5324828856146874","9.156610767835014","2.89873893770233","","0.6827808801527464","0.9","7.303983408356125","working_net_combined_queue","23.440384141385255","0.8187999725341797"
"2025-04-24","weekly","EH5000","Plan","334216.11990848975","1144.5757531112665","24.0",,"576.0","0.0","576.0","0.0","74.87999725341797","60.134398985481255","440.9856147766113","0.0","440.9856147766113","74.69193934883025","291.99999999999994","291.99999999999994","291.99999999999994","2.5963646248190253","22.686637498869832","2.5963646248190257","27.788338523198917","","0.6632112893968984","6.866679890173324","2.1840815367887663","","0.7018893184337703","1.219999999999999","5.606016256030855","working_net_combined_queue","19.201542387181195","0.7656000256538391"
"2025-04-25","weekly","CAT793","Plan","639530.3928035985","2664.709970014994","54.0",,"1296.0","0.0","1296.0","0.0","116.64000463485718","129.72959878721235","1049.6303815841675","0.0","1049.6303815841675","182.71343401371007","240.0","240.0","240.0","2.494024915748951","24.373295447068593","2.494024915748952","29.657373956048325","","0.7838082296576697","6.139567596425891","2.7782827205315943","","1.2163640645520455","0.7052856172243254","5.045675829785301","working_net_combined_queue","18.36913063370658","0.8098999857902527"
"2025-04-25","weekly","EH4000","Plan","145619.90688300203","633.1300299260955","18.0",,"432.0","0.0","432.0","0.0","34.559999227523804","43.718399848079684","353.7215881347656","0.0","353.7215881347656","88.4303970336914","230.00000000000009","230.00000000000009","230.00000000000009","3.0686804365600158","24.82417476884118","3.068680436560015","31.43953267997414","","0.5329232642202798","7.416996855206878","2.6237534740264365","","0.7292490478335287","0.9000000000000006","5.8563474230925605","working_net_combined_queue","20.00479991024682","0.8187999725341797"
"2025-04-25","weekly","EH5000","Plan","311428.4774478272","1066.535881670641","24.0",,"576.0","0.0","576.0","0.0","74.87999725341797","60.134398985481255","440.9856147766113","0.0","440.9856147766113","70.55770007276922","292.0","292.0","292.0","2.969519590291356","23.357104858289635","2.969519590291356","27.665312296602767","","0.7317893688722714","7.628136128106086","2.0281374378052295","","0.7117837425613307","1.22","6.440237272845112","working_net_combined_queue","20.83912470341215","0.7656000256538391"
"2025-04-26","weekly","CAT793","Plan","681582.7959996908","2839.9283166653786","54.0",,"1296.0","0.0","1296.0","0.0","63.37440097332001","135.5888151582327","1097.0367822647095","0.0","1097.0367822647095","190.9656591917759","239.99999999999997","239.99999999999997","239.99999999999997","2.4132750317306693","24.119666380192236","2.413275031730669","29.361773438652175","","0.8232766805606825","6.003254755743687","2.900449152091859","","1.1639156006934812","0.7082457510420509","4.931463087758464","working_net_combined_queue","18.22396623194312","0.8464789986610413"
"2025-04-26","weekly","EH4000","Plan","170779.46351660023","742.519406593913","18.0",,"432.0","0.0","432.0","0.0","31.492798805236816","44.856807918394665","355.6503839492798","0.0","355.6503839492798","88.91259598731995","230.0000000000003","230.0000000000003","230.0000000000003","2.7285379859355423","25.00600582908749","2.7285379859355423","30.313350967267606","","0.5420585917031482","6.546918379331862","3.407321604706783","","0.9568002205751155","0.9000000000000002","5.400665843011195","working_net_combined_queue","19.279069420983298","0.8232647776603699"
"2025-04-26","weekly","EH5000","Plan","343228.892512648","1175.441412714548","24.0",,"576.0","0.0","576.0","0.0","87.4943962097168","59.59768433211022","428.90793228149414","0.0","428.90793228149414","68.62527082675788","292.0","292.0","292.0","2.3741978003454873","22.212341303704402","2.3741978003454873","27.255225204326926","","0.7158792364631255","6.413185628341314","2.0651651280246157","","0.6983385363236281","1.2200000000000002","5.226589285276358","working_net_combined_queue","18.390503151975974","0.744631826877594"
"2025-04-27","weekly","CAT793","Plan","630916.2383320276","2628.817659716784","54.0",,"1296.0","0.0","1296.0","0.0","63.37440097332001","135.5888151582327","1097.0367822647095","0.0","1097.0367822647095","190.9656591917759","239.99999999999977","239.99999999999977","239.99999999999977","2.627012062683844","25.46106424495761","2.627012062683844","30.292988577237725","","0.8220736167897403","6.190657320706709","2.902799937484109","","1.1561749326309112","0.7081555212592302","5.203208107352851","working_net_combined_queue","18.71156864672054","0.8464789986610413"
"2025-04-27","weekly","EH4000","Plan","160154.40061281205","696.3234809252693","18.0",,"432.0","0.0","432.0","0.0","31.492798805236816","44.856807918394665","355.6503839492798","0.0","355.6503839492798","88.91259598731995","230.00000000000014","230.00000000000014","230.00000000000014","3.0851448353538493","25.727099038091406","3.0851448353538493","29.876219945394503","","0.5461887742769961","7.195086000452675","3.7017415430583696","","1.066096040818164","0.9000000000000005","6.195853774659533","working_net_combined_queue","20.940282516523947","0.8232647776603699"
"2025-04-27","weekly","EH5000","Plan","331543.70880075643","1135.4236602765634","24.0",,"576.0","0.0","576.0","0.0","87.4943962097168","59.59768433211022","428.90793228149414","0.0","428.90793228149414","68.62527082675788","291.99999999999994","291.99999999999994","291.99999999999994","2.3015077087765135","21.24675460975998","2.3015077087765135","27.048089877867906","","0.7141100316352071","6.499367318110651","1.9618488466972432","","0.6964341238728343","1.2200000000000002","5.1053683698227905","working_net_combined_queue","18.245394300762968","0.744631826877594"
"2025-04-28","weekly","CAT793","Plan","683532.218355272","2848.050909813631","54.0",,"1296.0","0.0","1296.0","0.0","63.37440097332001","135.5888151582327","1097.0367822647095","0.0","1097.0367822647095","190.9656591917759","240.0000000000002","240.0000000000002","240.0000000000002","2.338301765381886","24.77343475234281","2.338301765381886","29.278690184981183","","0.8252067500213109","5.663248044748629","2.9066295813800833","","1.1664795410868865","0.7083905062515993","4.791816335926139","working_net_combined_queue","17.769618018861703","0.8464789986610413"
"2025-04-28","weekly","EH4000","Plan","156475.51388474973","680.3283212380422","18.0",,"432.0","0.0","432.0","0.0","31.492798805236816","44.856807918394665","355.6503839492798","0.0","355.6503839492798","88.91259598731995","230.00000000000003","230.00000000000003","230.00000000000003","2.7730365941526007","24.894596552652775","2.773036594152601","29.55704801562714","","0.5403349654752516","6.683466241248498","3.2707309712431973","","0.8673015131024194","0.8999999999999996","5.629188529287092","working_net_combined_queue","19.495613808494863","0.8232647776603699"
"2025-04-28","weekly","EH5000","Plan","340619.70151205454","1166.5058270960774","24.0",,"576.0","0.0","576.0","0.0","87.4943962097168","59.59768433211022","428.90793228149414","0.0","428.90793228149414","68.62527082675788","291.99999999999994","291.99999999999994","291.99999999999994","2.3702590372830796","21.511230783297737","2.370259037283079","26.99633408800495","","0.7146354825693781","6.611222931391129","1.9729459015593853","","0.6954346268919076","1.2200000000000006","5.267957559473757","working_net_combined_queue","18.531376786358187","0.744631826877594"
"2025-04-29","weekly","CAT793","Plan","706791.5572782299","2944.964821992625","54.0",,"1296.0","0.0","1296.0","0.0","63.37440097332001","135.5888151582327","1097.0367822647095","0.0","1097.0367822647095","190.9656591917759","239.99999999999997","239.99999999999997","239.99999999999997","2.4262675725731597","24.766639154948294","2.4262675725731593","29.149010450593227","","0.8320814668308504","5.877909127823828","2.874468004415894","","1.2076958345783801","0.7089061100123131","4.994202276648018","working_net_combined_queue","18.170188430046576","0.8464789986610413"
"2025-04-29","weekly","EH4000","Plan","173990.84656723242","756.4819415966645","18.0",,"432.0","0.0","432.0","0.0","31.492798805236816","44.856807918394665","355.6503839492798","0.0","355.6503839492798","88.91259598731995","229.99999999999946","229.99999999999946","229.99999999999946","3.130068277694529","26.007236719011207","3.130068277694529","30.379537812781077","","0.5411794848786434","7.221224564945324","3.407420179740512","","0.8168420522662528","0.9","6.181927382142729","working_net_combined_queue","20.634337359555868","0.8232647776603699"
"2025-04-29","weekly","EH5000","Plan","331587.308203733","1135.5729733004548","24.0",,"576.0","0.0","576.0","0.0","87.4943962097168","59.59768433211022","428.90793228149414","0.0","428.90793228149414","68.62527082675788","292.00000000000017","292.00000000000017","292.00000000000017","2.4767704676475044","21.991767760067027","2.4767704676475044","26.67095984665698","","0.7149066895727827","6.75735710199212","2.029799162521273","","0.6926171186139467","1.2200000000000004","5.57183651856748","working_net_combined_queue","19.036168976820253","0.744631826877594"
"2025-04-30","weekly","CAT793","Plan","720985.3264406362","3004.105526835984","54.0",,"1296.0","0.0","1296.0","0.0","63.37440097332001","135.5888151582327","1097.0367822647095","0.0","1097.0367822647095","190.9656591917759","240.0","240.0","240.0","2.369741740824851","24.715127785126903","2.369741740824851","29.337664060058465","","0.8267106802834616","5.7529342225394045","2.8056033687364677","","1.1838554934436005","0.7085033010212599","4.846483488202016","working_net_combined_queue","17.838953972163957","0.8464789986610413"
"2025-04-30","weekly","EH4000","Plan","147840.35265985384","642.7841419993642","18.0",,"432.0","0.0","432.0","0.0","31.492798805236816","44.856807918394665","355.6503839492798","0.0","355.6503839492798","88.91259598731995","230.0000000000001","230.0000000000001","230.0000000000001","4.4068632694037975","28.074293049131434","4.406863269403797","33.56275305720398","","0.5370073119713956","9.418288670759894","3.281952289523375","","0.7281842556578599","0.9000000000000006","7.878131919439603","working_net_combined_queue","24.501228096667937","0.8232647776603699"
"2025-04-30","weekly","EH5000","Plan","324385.3926121657","1110.9088788087886","24.0",,"576.0","0.0","576.0","0.0","87.4943962097168","59.59768433211022","428.90793228149414","0.0","428.90793228149414","71.30594484428492","291.9999999999995","291.9999999999995","291.9999999999995","2.542027770315978","22.13719870433327","2.542027770315978","26.753647759640245","","0.7148803322142981","6.8898358936943165","2.0488807233582107","","0.689851437018845","1.2200000000000002","5.700967120044405","working_net_combined_queue","19.31402201055499","0.744631826877594"
"2025-05-01","weekly","CAT793","Plan","699877.3198003514","2916.1554991681305","54.0",,"1296.0","0.0","1296.0","0.0","63.37440097332001","135.5888151582327","1097.0367822647095","0.0","1097.0367822647095","190.9656591917759","240.00000000000003","240.00000000000003","240.00000000000003","2.492272652418756","25.142136525236776","2.492272652418756","29.732307371917397","","0.8347982229596982","5.94763929449775","2.873665888312638","","1.207484692091264","0.7091098667219774","5.029423289440518","working_net_combined_queue","18.31160392046885","0.8464789986610413"
"2025-05-01","weekly","EH4000","Plan","134510.53861081792","584.8284287426872","18.0",,"432.0","0.0","432.0","0.0","31.492798805236816","44.856807918394665","355.6503839492798","0.0","355.6503839492798","88.91259598731995","229.9999999999998","229.9999999999998","229.9999999999998","4.888714018306333","27.90424752437246","4.888714018306333","32.56997624210378","","0.5383836732802042","10.511763158715619","3.484334040328638","","0.7076701652243486","0.8999999999999998","9.005927389016527","working_net_combined_queue","26.842429455675965","0.8232647776603699"
"2025-05-01","weekly","EH5000","Plan","322089.43593983725","1103.046013492591","24.0",,"576.0","0.0","576.0","0.0","87.4943962097168","59.59768433211022","428.90793228149414","0.0","428.90793228149414","73.98661886181196","292.00000000000057","292.00000000000057","292.00000000000057","2.534684009399347","21.89326499069408","2.534684009399347","26.914221943032604","","0.7001674298288215","6.946476034004255","2.0930038109668394","","0.671658447396873","1.2200000000000002","5.650582836310847","working_net_combined_queue","19.30588371413559","0.744631826877594"
"2025-05-02","weekly","CAT793","Plan","625938.1795539528","2608.075748141473","54.0",,"1296.0","0.0","1296.0","0.0","63.37440097332001","135.5888151582327","1097.0367822647095","0.0","1097.0367822647095","190.9656591917759","239.99999999999972","239.99999999999972","239.99999999999972","2.6169627788544187","25.009154192161898","2.6169627788544187","29.417463245463228","","0.840609739587538","6.278411717757171","2.988047114731312","","1.2950731983473158","0.709545730469065","5.337569912846937","working_net_combined_queue","19.168601573315154","0.8464789986610413"
"2025-05-02","weekly","EH4000","Plan","142798.49923679847","620.8630401599934","18.0",,"432.0","0.0","432.0","0.0","31.492798805236816","44.856807918394665","355.6503839492798","0.0","355.6503839492798","88.91259598731995","229.99999999999997","229.99999999999997","229.99999999999997","3.522015336185398","25.865246203526052","3.522015336185398","31.14148718639651","","0.5355643336706061","8.170071860453266","3.1527991149504437","","0.869051080798848","0.9000000000000002","6.785832638828979","working_net_combined_queue","22.23735967985428","0.8232647776603699"
"2025-05-02","weekly","EH5000","Plan","348071.15147838363","1192.0244913643264","24.0",,"576.0","0.0","576.0","0.0","87.4943962097168","59.59768433211022","428.90793228149414","0.0","428.90793228149414","73.98661886181196","292.0000000000003","292.0000000000003","292.0000000000003","2.2107074258578594","21.255347192287363","2.2107074258578594","26.440040565848445","","0.6473677846694711","6.24042714294508","2.218162780674709","","0.5900304860486616","1.2199999999999998","5.016726249762286","working_net_combined_queue","17.864799106302623","0.744631826877594"
"2025-05-03","weekly","CAT793","Plan","625927.6500322726","2608.0318751344676","54.0",,"1296.0","0.0","1296.0","0.0","97.71840298175812","131.8109749577751","1066.470594406128","0.0","1066.470594406128","185.64487842329186","240.00000000000014","240.00000000000014","240.00000000000014","2.543777370038368","25.125645133516336","2.543777370038368","29.318159524337645","","0.8335836134003749","6.0745362513580154","3.094257883391331","","1.3441185827360107","0.7090187710050287","5.205873925189723","working_net_combined_queue","18.91441426552658","0.8228939771652222"
"2025-05-03","weekly","EH4000","Plan","137812.53896874317","599.184952038013","18.0",,"432.0","0.0","432.0","0.0","29.419199109077454","41.465822539756395","361.1149835586548","0.0","361.1149835586548","90.2787458896637","230.0000000000003","230.0000000000003","230.0000000000003","4.006149164265841","25.767754750240947","4.00614916426584","30.87063838575217","","0.5343574188065507","9.328284601657147","3.0498333917307336","","0.6694077620109999","0.9000000000000002","7.78632909538044","working_net_combined_queue","24.147771004484547","0.8359143137931824"
"2025-05-03","weekly","EH5000","Plan","380007.27486815973","1301.3947769457523","24.0",,"576.0","0.0","576.0","0.0","37.094401359558105","53.890560667076116","485.01504135131836","0.0","485.01504135131836","77.60240849530564","292.00000000000006","292.00000000000006","292.00000000000006","2.386608038577357","21.24515358423381","2.386608038577357","26.525837975434598","","0.6791146204056243","6.740195204844676","2.1065426937387524","","0.6519295672272651","1.2200000000000002","5.398377327315908","working_net_combined_queue","18.78350708609018","0.8420400023460388"
"2025-05-04","weekly","CAT793","Plan","605262.4568060185","2521.9269033584114","54.0",,"1296.0","0.0","1296.0","0.0","97.71840298175812","131.8109749577751","1066.470594406128","0.0","1066.470594406128","185.64487842329186","239.9999999999999","239.9999999999999","239.9999999999999","2.657545254429461","25.653041623312298","2.657545254429461","30.090572047273323","","0.8198334759853741","6.215743053286297","3.0502593252311923","","1.323414176725971","0.707987510698903","5.2990921879205874","working_net_combined_queue","19.072392716912685","0.8228939771652222"
"2025-05-04","weekly","EH4000","Plan","137767.58107911158","598.9894829526594","18.0",,"432.0","0.0","432.0","0.0","29.419199109077454","41.465822539756395","361.1149835586548","0.0","361.1149835586548","90.2787458896637","229.99999999999986","229.99999999999986","229.99999999999986","4.475710919538672","28.22615135420322","4.475710919538671","33.67939356021162","","0.534452005786636","9.513966385372301","3.0704340542933606","","0.69933784796143","0.9000000000000002","7.973500315325539","working_net_combined_queue","24.566898342554026","0.8359143137931824"
"2025-05-04","weekly","EH5000","Plan","369726.9960176148","1266.188342526078","24.0",,"576.0","0.0","576.0","0.0","37.094401359558105","53.890560667076116","485.01504135131836","0.0","485.01504135131836","77.60240849530564","292.0","292.0","292.0","2.330366672274255","21.281527757128597","2.330366672274255","26.455785243407067","","0.6919338198768351","6.5701110339514806","2.0504540474437882","","0.6740943565787629","1.2199999999999993","5.285120023844303","working_net_combined_queue","18.501375857036333","0.8420400023460388"
"2025-05-05","weekly","CAT793","Plan","649725.3735581371","2707.189056492238","54.0",,"1296.0","0.0","1296.0","0.0","97.71840298175812","131.8109749577751","1066.470594406128","0.0","1066.470594406128","185.64487842329186","240.0","240.0","240.0","2.8401003698535416","26.654483551200524","2.8401003698535425","31.736844071808807","","0.8418512131871018","6.393146648813511","2.927865738906161","","1.294375301596241","0.7096388409890327","5.369343650101011","working_net_combined_queue","19.237636606740562","0.8228939771652222"
"2025-05-05","weekly","EH4000","Plan","133702.68527034987","581.316022914564","18.0",,"432.0","0.0","432.0","0.0","29.419199109077454","41.465822539756395","361.1149835586548","0.0","361.1149835586548","90.2787458896637","230.00000000000028","230.00000000000028","230.00000000000028","5.28443646788962","29.65331822783478","5.284436467889621","34.654062037474404","","0.5361602452808635","10.692435350312856","3.3613099247807683","","0.7397451603869414","0.9000000000000002","9.149466741604677","working_net_combined_queue","27.1757461394464","0.8359143137931824"
"2025-05-05","weekly","EH5000","Plan","381909.12879857223","1307.9079753375745","24.0",,"576.0","0.0","576.0","0.0","37.094401359558105","53.890560667076116","485.01504135131836","0.0","485.01504135131836","77.60240849530564","292.00000000000034","292.00000000000034","292.00000000000034","2.360490842149024","21.336699727625092","2.360490842149024","26.31280247369045","","0.6862571860719724","6.637833045265697","2.0996461704166673","","0.6639203547653613","1.2199999999999993","5.382530069556573","working_net_combined_queue","18.68996785368305","0.8420400023460388"
"2025-05-06","weekly","CAT793","Plan","625564.8075278783","2606.520031366156","54.0",,"1296.0","0.0","1296.0","0.0","97.71840298175812","131.8109749577751","1066.470594406128","0.0","1066.470594406128","185.64487842329186","240.0000000000003","240.0000000000003","240.0000000000003","2.738523385790445","25.91044499842899","2.738523385790445","30.816283832922277","","0.840941326693946","6.3415122031825115","2.9787127122193717","","1.326620865284105","0.7095705995020459","5.331966827612297","working_net_combined_queue","19.21646917336476","0.8228939771652222"
"2025-05-06","weekly","EH4000","Plan","148970.16653036218","647.6963762189664","18.0",,"432.0","0.0","432.0","0.0","29.419199109077454","41.465822539756395","361.1149835586548","0.0","361.1149835586548","90.2787458896637","229.99999999999986","229.99999999999986","229.99999999999986","3.9771476987029177","27.703979874112097","3.9771476987029186","33.331271356197135","","0.5374905856295984","8.61352278649181","3.2133202187200394","","0.8600444556510575","0.8999999999999999","7.159308727592472","working_net_combined_queue","23.01911983512347","0.8359143137931824"
"2025-05-06","weekly","EH5000","Plan","374057.34676377155","1281.018310834835","24.0",,"576.0","0.0","576.0","0.0","37.094401359558105","53.890560667076116","485.01504135131836","0.0","485.01504135131836","77.60240849530564","291.99999999999983","291.99999999999983","291.99999999999983","2.463765636754873","21.550229696617766","2.463765636754873","26.577077623418695","","0.6991283687414218","6.859599191580456","2.036847186544695","","0.682365765225724","1.2199999999999998","5.5621592524165955","working_net_combined_queue","19.082286184169888","0.8420400023460388"
"2025-05-07","weekly","CAT793","Plan","621542.9908380049","2589.7624618250215","54.0",,"1296.0","0.0","1296.0","0.0","97.71840298175812","131.8109749577751","1066.470594406128","0.0","1066.470594406128","185.64487842329186","239.9999999999999","239.9999999999999","239.9999999999999","2.7358917056429086","24.783646211183882","2.735891705642909","29.486586865915353","","0.8358666431652032","6.623460524726927","3.0195243006714185","","1.4072203207697227","0.7091899982373902","5.56705674634475","working_net_combined_queue","19.829491297483834","0.8228939771652222"
"2025-05-07","weekly","EH4000","Plan","139278.5106320033","605.5587418782756","18.0",,"432.0","0.0","432.0","0.0","29.419199109077454","41.465822539756395","361.1149835586548","0.0","361.1149835586548","90.2787458896637","229.9999999999999","229.9999999999999","229.9999999999999","4.948739517440803","28.51681406466358","4.948739517440805","33.685100649677416","","0.5380247712181814","10.412256094707999","3.290133339418196","","0.6973455865416194","0.9000000000000002","8.814709332011207","working_net_combined_queue","26.363329647860866","0.8359143137931824"
"2025-05-07","weekly","EH5000","Plan","347486.4697726827","1190.0221567557633","24.0",,"576.0","0.0","576.0","0.0","37.094401359558105","53.890560667076116","485.01504135131836","0.0","485.01504135131836","77.60240849530564","291.99999999999983","291.99999999999983","291.99999999999983","2.842952905898384","22.45146074518114","2.842952905898384","27.25097696872691","","0.7005439752430185","7.597598048960568","2.0627394407844815","","0.6764105007989414","1.2200000000000006","6.259488404751748","working_net_combined_queue","20.54143099410992","0.8420400023460388"
"2025-05-08","weekly","CAT793","Plan","675095.0802109188","2812.8961675454975","54.0",,"1296.0","0.0","1296.0","0.0","97.71840298175812","131.8109749577751","1066.470594406128","0.0","1066.470594406128","185.64487842329186","239.99999999999977","239.99999999999977","239.99999999999977","2.4038986949511147","23.67971970603337","2.4038986949511147","28.571059162826668","","0.8336051367658446","6.091031629074453","2.9492727844806175","","1.3203291228918235","0.7090203852574382","5.0482525297741585","working_net_combined_queue","18.648704246585016","0.8228939771652222"
"2025-05-08","weekly","EH4000","Plan","120821.96034101672","525.3128710478994","18.0",,"432.0","0.0","432.0","0.0","29.419199109077454","41.465822539756395","361.1149835586548","0.0","361.1149835586548","90.2787458896637","229.99999999999972","229.99999999999972","229.99999999999972","6.110032025868151","29.794229598292397","6.110032025868152","35.00141221273192","","0.5363245049046047","12.30446051114207","3.1915372703554237","","0.6851431144121296","0.9000000000000004","10.473918004335152","working_net_combined_queue","29.880456179537557","0.8359143137931824"
"2025-05-08","weekly","EH5000","Plan","313399.76682662783","1073.2868726939298","24.0",,"576.0","0.0","576.0","0.0","37.094401359558105","53.890560667076116","485.01504135131836","0.0","485.01504135131836","77.60240849530564","292.0000000000003","292.0000000000003","292.0000000000003","3.564379527973109","24.682286659185042","3.564379527973109","29.322814668764448","","0.6902656696967274","8.664625552381777","2.223312686884652","","0.6772508220974212","1.2199999999999993","7.293391650638492","working_net_combined_queue","22.775605140060065","0.8420400023460388"
"2025-05-09","weekly","CAT793","Plan","652403.3594180837","2718.347330908681","54.0",,"1296.0","0.0","1296.0","0.0","97.71840298175812","131.8109749577751","1066.470594406128","0.0","1066.470594406128","185.64487842329186","240.00000000000006","240.00000000000006","240.00000000000006","2.599578772678199","24.529597611190955","2.5995787726781994","28.857275484921015","","0.8597913810060337","6.358633713972249","3.0150135256449286","","1.3909030095391368","0.7109843535754531","5.405039933246452","working_net_combined_queue","19.441792317030128","0.8228939771652222"
"2025-05-09","weekly","EH4000","Plan","138040.97523337495","600.1781531885879","18.0",,"432.0","0.0","432.0","0.0","29.419199109077454","41.465822539756395","361.1149835586548","0.0","361.1149835586548","90.2787458896637","229.99999999999957","229.99999999999957","229.99999999999957","5.222257913724553","29.23070268932854","5.222257913724555","34.42057432718618","","0.5389205179103533","10.719395908941483","3.44894791122563","","0.6955185920384368","0.9000000000000002","9.103144876231585","working_net_combined_queue","27.07558398247121","0.8359143137931824"
"2025-05-09","weekly","EH5000","Plan","364696.97983203863","1248.9622596987629","24.0",,"576.0","0.0","576.0","0.0","37.094401359558105","53.890560667076116","485.01504135131836","0.0","485.01504135131836","77.60240849530564","291.9999999999999","291.9999999999999","291.9999999999999","2.6747866187826563","22.386227871475548","2.674786618782655","27.74651522775495","","0.628521602637044","7.169014719601402","2.2882404062511665","","0.5829511414144191","1.2199999999999995","5.784048764668772","working_net_combined_queue","19.572054979903974","0.8420400023460388"
"2025-05-10","weekly","CAT793","Plan","591200.6210890455","2463.3359212043592","54.0",,"1296.0","0.0","1296.0","0.0","129.6000019311905","128.30399909234046","1038.095998764038","0.0","1038.095998764038","176.32252475130272","239.99999999999972","239.99999999999972","239.99999999999972","3.081691363223513","25.420834848243206","3.081691363223513","30.050894455833536","","0.8297828469872045","7.273619568249114","2.9414827699848503","","1.3371072466013612","0.7087349169118788","6.152944367934357","working_net_combined_queue","20.963491132920385","0.8009999990463257"
"2025-05-10","weekly","EH4000","Plan","167001.3165593411","726.0926806927868","18.0",,"432.0","0.0","432.0","0.0","23.759999871253967","42.04872006192684","366.1912851333618","0.0","366.1912851333618","91.54782128334045","230.0000000000002","230.0000000000002","230.0000000000002","3.7790429276026156","28.34963589134576","3.779042927602617","34.04253875579158","","0.5427688162819955","7.998077171967284","3.638795877844243","","1.0693549327406113","0.8999999999999997","6.660565984303442","working_net_combined_queue","22.302197234165757","0.847665011882782"
"2025-05-10","weekly","EH5000","Plan","331181.1849101155","1134.1821401031343","24.0",,"576.0","0.0","576.0","0.0","52.992000102996826","52.30080076904297","470.70720291137695","0.0","470.70720291137695","75.31315428948213","292.0000000000002","292.0000000000002","292.0000000000002","3.063928888242092","24.193016588598695","3.063928888242092","28.168808191151676","","0.7219619590497894","7.598710670134487","2.1350638485847426","","0.6530738796630762","1.2199999999999995","6.526216233467471","working_net_combined_queue","20.916960371467738","0.8172000050544739"
"2025-05-11","weekly","CAT793","Plan","591630.4294230306","2465.126789262627","54.0",,"1296.0","0.0","1296.0","0.0","129.6000019311905","128.30399909234046","1038.095998764038","0.0","1038.095998764038","176.32252475130272","240.00000000000006","240.00000000000006","240.00000000000006","2.9894754589503534","25.943752337230297","2.989475458950352","30.588687475920484","","0.7979799090205596","6.913746523844986","2.7837743663298533","","1.3434764305187996","0.7064117339477249","5.8638844075353225","working_net_combined_queue","20.10118702738626","0.8009999990463257"
"2025-05-11","weekly","EH4000","Plan","145895.55663660032","634.3285071156535","18.0",,"432.0","0.0","432.0","0.0","23.759999871253967","42.04872006192684","366.1912851333618","0.0","366.1912851333618","91.54782128334045","230.00000000000003","230.00000000000003","230.00000000000003","4.600846815755956","29.541474716698254","4.600846815755958","35.3272384237182","","0.542854490560342","9.34451687306322","3.7063367975720514","","1.099107775967267","0.8999999999999996","7.814106657145919","working_net_combined_queue","24.89561602853306","0.847665011882782"
"2025-05-11","weekly","EH5000","Plan","307668.93269079167","1053.6607283931232","24.0",,"576.0","0.0","576.0","0.0","52.992000102996826","52.30080076904297","470.70720291137695","0.0","470.70720291137695","75.31315428948213","291.9999999999997","291.9999999999997","291.9999999999997","3.2173060220597627","24.319655757969826","3.2173060220597627","27.99266637964619","","0.7639809732435558","7.937544973691697","1.9920188727029762","","0.63264773903556","1.2200000000000004","6.896033364793941","working_net_combined_queue","21.57730391392875","0.8172000050544739"
"2025-05-12","weekly","CAT793","Plan","601670.9879037318","2506.962449598879","54.0",,"1296.0","0.0","1296.0","0.0","129.6000019311905","128.30399909234046","1038.095998764038","0.0","1038.095998764038","176.32252475130272","240.0000000000003","240.0000000000003","240.0000000000003","3.124495834396616","26.1241164238408","3.124495834396616","30.641899498490268","","0.8013879413810164","7.176118304721401","2.778954086319503","","1.3196908231538027","0.7067282673425425","6.118085142633982","working_net_combined_queue","20.602209525220346","0.8009999990463257"
"2025-05-12","weekly","EH4000","Plan","133984.6778617492","582.5420776597786","18.0",,"432.0","0.0","432.0","0.0","23.759999871253967","42.04872006192684","366.1912851333618","0.0","366.1912851333618","91.54782128334045","230.00000000000023","230.00000000000023","230.00000000000023","5.411676948533208","28.690892849517233","5.411676948533208","34.870829602005486","","0.5386371901583396","11.317201545976149","3.441114378952274","","1.0782079414762122","0.9","9.311525438824615","working_net_combined_queue","28.269375748103947","0.847665011882782"
"2025-05-12","weekly","EH5000","Plan","318414.3331265846","1090.4600449540553","24.0",,"576.0","0.0","576.0","0.0","52.992000102996826","52.30080076904297","470.70720291137695","0.0","470.70720291137695","75.31315428948213","292.0000000000004","292.0000000000004","292.0000000000004","3.256364237090133","24.31433746188238","3.256364237090133","27.965487113065418","","0.7540364682961286","8.035664328987306","2.0263338626728764","","0.6152909732931692","1.2199999999999998","6.986534989913549","working_net_combined_queue","21.755627808715538","0.8172000050544739"
"2025-05-13","weekly","CAT793","Plan","602699.5624491025","2511.24817687126","54.0",,"1296.0","0.0","1296.0","0.0","129.6000019311905","128.30399909234046","1038.095998764038","0.0","1038.095998764038","176.32252475130272","240.00000000000006","240.00000000000006","240.00000000000006","3.0535293441127815","25.727467989118143","3.0535293441127815","30.41815773590894","","0.8175332510556513","7.121251136110998","2.8535100948443977","","1.362658327007862","0.7078925266350128","6.0231050886583954","working_net_combined_queue","20.589923685636027","0.8009999990463257"
"2025-05-13","weekly","EH4000","Plan","131942.72188351364","573.6640081891906","18.0",,"432.0","0.0","432.0","0.0","23.759999871253967","42.04872006192684","366.1912851333618","0.0","366.1912851333618","91.54782128334045","229.9999999999997","229.9999999999997","229.9999999999997","5.752655122359629","30.037681441349683","5.752655122359629","35.97841659561138","","0.5406222478096916","11.490877150938609","3.497475719234532","","1.1113280042355944","0.8999999999999998","9.593510220893936","working_net_combined_queue","28.725189943866564","0.847665011882782"
"2025-05-13","weekly","EH5000","Plan","328101.4952025362","1123.6352575429357","24.0",,"576.0","0.0","576.0","0.0","52.992000102996826","52.30080076904297","470.70720291137695","0.0","470.70720291137695","75.31315428948213","291.9999999999991","291.9999999999991","291.9999999999991","3.083914205760591","23.93862035823444","3.083914205760591","27.776048032019414","","0.7477399955499805","7.729553732698171","2.055757907436046","","0.5917673835431241","1.2199999999999995","6.661669512247843","working_net_combined_queue","21.113295190395487","0.8172000050544739"
"2025-05-14","weekly","CAT793","Plan","575812.2798857777","2399.217832857407","54.0",,"1296.0","0.0","1296.0","0.0","129.6000019311905","128.30399909234046","1038.095998764038","0.0","1038.095998764038","176.32252475130272","240.00000000000003","240.00000000000003","240.00000000000003","3.222498797165093","25.65931574744216","3.222498797165093","30.19306078467945","","0.830608033921514","7.5352721691021545","2.954272090795805","","1.3598669697482344","0.7088425465687191","6.403786923385228","working_net_combined_queue","21.507589714577648","0.8009999990463257"
"2025-05-14","weekly","EH4000","Plan","141539.1450639526","615.3875872345769","18.0",,"432.0","0.0","432.0","0.0","23.759999871253967","42.04872006192684","366.1912851333618","0.0","366.1912851333618","91.54782128334045","229.99999999999986","229.99999999999986","229.99999999999986","5.0229320846877625","28.58442200999075","5.0229320846877625","34.497878890051126","","0.5381243764194893","10.54336256916196","3.3586947974335817","","0.9813190564696058","0.9","8.736071166629895","working_net_combined_queue","26.763850650817997","0.847665011882782"
"2025-05-14","weekly","EH5000","Plan","335710.66442678665","1149.694056256118","24.0",,"576.0","0.0","576.0","0.0","52.992000102996826","52.30080076904297","470.70720291137695","0.0","470.70720291137695","75.31315428948213","292.00000000000017","292.00000000000017","292.00000000000017","2.8992392721862257","23.287722062718764","2.8992392721862257","27.003215273744413","","0.7426955650767579","7.469788408788014","2.0723159886456286","","0.5899319285935167","1.2200000000000002","6.441986799265037","working_net_combined_queue","20.63474430365071","0.8172000050544739"
"2025-05-15","weekly","CAT793","Plan","608607.779041971","2535.865746008211","54.0",,"1296.0","0.0","1296.0","0.0","129.6000019311905","128.30399909234046","1038.095998764038","0.0","1038.095998764038","176.32252475130272","240.00000000000014","240.00000000000014","240.00000000000014","2.800406019559598","24.920333634392478","2.800406019559598","28.87856802931136","","0.8562141971392756","6.742460339362631","2.992088241375832","","1.4365262552004467","0.7111218632731079","5.818306538019247","working_net_combined_queue","20.27650338211639","0.8009999990463257"
"2025-05-15","weekly","EH4000","Plan","154615.10865948012","672.2396028673043","18.0",,"432.0","0.0","432.0","0.0","23.759999871253967","42.04872006192684","366.1912851333618","0.0","366.1912851333618","91.54782128334045","230.0000000000002","230.0000000000002","230.0000000000002","3.977200134621795","25.580239249545127","3.977200134621795","31.898980719519134","","0.5339509894887036","9.328763728492145","3.180601799735504","","0.8122960895750315","0.9","7.480866243832288","working_net_combined_queue","24.13473333464331","0.847665011882782"
"2025-05-15","weekly","EH5000","Plan","336617.29884743795","1152.7989686556095","24.0",,"576.0","0.0","576.0","0.0","52.992000102996826","52.30080076904297","470.70720291137695","0.0","470.70720291137695","75.31315428948213","291.99999999999994","291.99999999999994","291.99999999999994","2.833756900741005","22.844529808017118","2.833756900741004","26.508416989806943","","0.7384412560718281","7.442718912288191","2.08321560422181","","0.5901554708098032","1.2200000000000002","6.414016125890832","working_net_combined_queue","20.57916733355565","0.8172000050544739"
"2025-05-16","weekly","CAT793","Plan","611603.1683172897","2548.3465346553703","54.0",,"1296.0","0.0","1296.0","0.0","129.6000019311905","128.30399909234046","1038.095998764038","0.0","1038.095998764038","176.32252475130272","240.0000000000003","240.0000000000003","240.0000000000003","2.6334458020252387","24.017164786428896","2.633445802025239","28.395757282800318","","0.8691473036287987","6.578909272871266","2.9627529212655412","","1.4606602395893247","0.7129134521506958","5.564449172736841","working_net_combined_queue","19.872524640909237","0.8009999990463257"
"2025-05-16","weekly","EH4000","Plan","134130.30979068848","583.1752599595156","18.0",,"432.0","0.0","432.0","0.0","23.759999871253967","42.04872006192684","366.1912851333618","0.0","366.1912851333618","91.54782128334045","229.9999999999998","229.9999999999998","229.9999999999998","4.651935217052164","26.06921361975575","4.651935217052163","32.22136859003383","","0.5314893091785277","10.706733125682405","3.1261499668075867","","0.6626028997736543","0.8999999999999995","8.662453683282132","working_net_combined_queue","26.60092076251203","0.847665011882782"
"2025-05-16","weekly","EH5000","Plan","355456.6241695338","1217.3172060600455","24.0",,"576.0","0.0","576.0","0.0","52.992000102996826","52.30080076904297","470.70720291137695","0.0","470.70720291137695","75.31315428948213","292.0000000000004","292.0000000000004","292.0000000000004","2.557785672903136","22.416976875717378","2.557785672903136","25.921431598233287","","0.742602445227966","6.84602304873801","2.044346776490861","","0.6171553137021254","1.2199999999999995","5.920473172656402","working_net_combined_queue","19.48846427258257","0.8172000050544739"
"2025-05-17","weekly","CAT793","Plan","559354.643541652","2330.6443480902153","54.0",,"1296.0","0.0","1296.0","108.0","102.16800346970558","119.44151897112609","966.3904709815979","0.0","966.3904709815979","164.63779198730796","240.00000000000014","240.00000000000014","240.00000000000014","2.8931560330171355","25.18000199919815","2.8931560330171355","29.42367000265011","","0.8706559099717448","6.893937577390027","2.9329768609006606","","1.4498416521190287","0.7121912271512058","5.899650246396639","working_net_combined_queue","20.46411645866052","0.7456716597080231"
"2025-05-17","weekly","EH4000","Plan","154471.30648100964","671.6143760043898","18.0",,"432.0","0.0","432.0","0.0","29.376001596450806","41.47027188356209","361.15373611450195","0.0","361.15373611450195","90.28843402862549","229.99999999999997","229.99999999999997","229.99999999999997","3.770817399575642","25.488480337985195","3.770817399575641","31.32571117509699","","0.5368651044214191","8.87652150989018","3.3167261594576747","","0.8863173717692217","0.8999999999999999","7.222471110389338","working_net_combined_queue","23.503106452542543","0.8360040187835693"
"2025-05-17","weekly","EH5000","Plan","356014.01755330997","1219.2260875113382","24.0",,"576.0","0.0","576.0","0.0","36.864001750946045","53.91360062828064","485.22240829467773","0.0","485.22240829467773","77.63558720704654","291.9999999999994","291.9999999999994","291.9999999999994","2.646800293648932","22.19600712547434","2.646800293648932","25.83414460704857","","0.7341796258226257","7.154801164064868","2.091151979414257","","0.6274286866590165","1.22","6.147214085641018","working_net_combined_queue","20.057977112478195","0.8424000144004822"
"2025-05-18","weekly","CAT793","Plan","552706.6517597068","2302.944382332111","54.0",,"1296.0","0.0","1296.0","0.0","111.45600378513336","130.2998388775921","1054.2441501617432","0.0","1054.2441501617432","182.03282037071997","240.00000000000003","240.00000000000003","240.00000000000003","3.1413683802305665","25.686110240611523","3.141368380230568","29.975602377496497","","0.8513688326170996","7.337899785068691","2.8913829265632454","","1.4097464412066443","0.7108541250270694","6.287850380459168","working_net_combined_queue","21.242378276142","0.8134599924087524"
"2025-05-18","weekly","EH4000","Plan","144098.3866292909","626.5147244751766","18.0",,"432.0","0.0","432.0","0.0","29.376001596450806","41.47027188356209","361.15373611450195","0.0","361.15373611450195","90.28843402862549","230.00000000000045","230.00000000000045","230.00000000000045","3.833099573156837","26.148817750866797","3.8330995731568382","31.58890652787328","","0.5409190554544573","8.795272374476145","3.472629108758076","","1.074833321444639","0.9","7.280593083729451","working_net_combined_queue","23.641970392957745","0.8360040187835693"
"2025-05-18","weekly","EH5000","Plan","344101.9696008529","1178.4314027426476","24.0",,"576.0","0.0","576.0","0.0","36.864001750946045","53.91360062828064","485.22240829467773","0.0","485.22240829467773","77.63558720704654","291.99999999999983","291.99999999999983","291.99999999999983","2.5895094962814236","21.957029832583128","2.5895094962814236","25.62767491420511","","0.7411594609348423","7.076119628271548","2.0570235618314716","","0.6353958261662351","1.22","6.062608890468069","working_net_combined_queue","19.88765902189206","0.8424000144004822"
"2025-05-19","weekly","CAT793","Plan","606353.8132452574","2526.4742218552396","54.0",,"1296.0","0.0","1296.0","0.0","111.45600378513336","130.2998388775921","1054.2441501617432","0.0","1054.2441501617432","182.03282037071997","239.99999999999994","239.99999999999994","239.99999999999994","2.727431615370423","24.896633989762876","2.7274316153704232","29.29014841119066","","0.8580602505005525","6.573012921727256","2.8552300405513322","","1.3412233651889736","0.7117534419800623","5.587062742901722","working_net_combined_queue","19.674621984856753","0.8134599924087524"
"2025-05-19","weekly","EH4000","Plan","154995.62201330485","673.8940087534997","18.0",,"432.0","0.0","432.0","0.0","29.376001596450806","41.47027188356209","361.15373611450195","0.0","361.15373611450195","90.28843402862549","229.99999999999986","229.99999999999986","229.99999999999986","3.4217794615395465","25.509160383851487","3.4217794615395465","30.855799569633316","","0.5399584799158166","8.048354575493663","3.413995701867433","","1.052564174465295","0.8999999999999996","6.653749718235307","working_net_combined_queue","22.230532573849942","0.8360040187835693"
"2025-05-19","weekly","EH5000","Plan","365405.111886167","1251.3873694731753","24.0",,"576.0","0.0","576.0","0.0","36.864001750946045","53.91360062828064","485.22240829467773","0.0","485.22240829467773","77.63558720704654","291.9999999999999","291.9999999999999","291.9999999999999","2.5077427562776955","21.83633652917759","2.5077427562776955","25.483380860674387","","0.7383670403681736","6.890559008174829","2.063363485338565","","0.6352774659885935","1.2199999999999998","5.904419284054128","working_net_combined_queue","19.542477057898502","0.8424000144004822"
"2025-05-20","weekly","CAT793","Plan","606561.2312260208","2527.338463441752","54.0",,"1296.0","0.0","1296.0","0.0","111.45600378513336","130.2998388775921","1054.2441501617432","0.0","1054.2441501617432","182.03282037071997","240.00000000000014","240.00000000000014","240.00000000000014","2.81163951977323","25.684647167915355","2.81163951977323","30.099640435051754","","0.8288467393658698","6.568062628367648","2.988632693477801","","1.2108812454888365","0.7086906222529904","5.604664000900838","working_net_combined_queue","19.64894623244222","0.8134599924087524"
"2025-05-20","weekly","EH4000","Plan","146736.8875128814","637.9864674473105","18.0",,"432.0","0.0","432.0","0.0","29.376001596450806","41.47027188356209","361.15373611450195","0.0","361.15373611450195","90.28843402862549","229.99999999999997","229.99999999999997","229.99999999999997","3.7407382068590507","26.10783217093472","3.7407382068590507","31.783430903304914","","0.538717596177771","8.59681841610013","3.369073458504478","","0.9759092696482843","0.9000000000000004","7.061676037881889","working_net_combined_queue","23.121185354135072","0.8360040187835693"
"2025-05-20","weekly","EH5000","Plan","338811.24480479","1160.3124822081868","24.0",,"576.0","0.0","576.0","0.0","36.864001750946045","53.91360062828064","485.22240829467773","0.0","485.22240829467773","77.63558720704654","291.99999999999955","291.99999999999955","291.99999999999955","2.7908044548768034","21.810958319676796","2.7908044548768034","25.145102186622747","","0.7818570118554932","7.677254013251882","1.9031069772037303","","0.6687059107457616","1.2199999999999998","6.659279650161496","working_net_combined_queue","21.076399102374204","0.8424000144004822"
"2025-05-21","weekly","CAT793","Plan","598911.1922055212","2495.4633008563396","54.0",,"1296.0","0.0","1296.0","0.0","111.45600378513336","130.2998388775921","1054.2441501617432","0.0","1054.2441501617432","183.5165714946213","239.99999999999986","239.99999999999986","239.99999999999986","2.840498892313641","25.80202608289146","2.8404988923136405","30.31093261698042","","0.8442019986065215","6.605292661564488","2.986742400800125","","1.2264475474328596","0.7098151498954895","5.622721533924108","working_net_combined_queue","19.734464298791057","0.8134599924087524"
"2025-05-21","weekly","EH4000","Plan","143769.6177323886","625.0852944886464","18.0",,"432.0","0.0","432.0","0.0","29.376001596450806","41.47027188356209","361.15373611450195","0.0","361.15373611450195","90.28843402862549","229.99999999999991","229.99999999999991","229.99999999999991","4.23678048702939","26.587993780716495","4.23678048702939","32.248163541927156","","0.5368011027882134","9.560963166996535","3.3736096728757707","","0.8366002802719383","0.9000000000000002","7.8828311848288255","working_net_combined_queue","24.85795467950348","0.8360040187835693"
"2025-05-21","weekly","EH5000","Plan","338386.7949794882","1158.8588869160537","24.0",,"576.0","0.0","576.0","0.0","36.864001750946045","53.91360062828064","485.22240829467773","0.0","485.22240829467773","77.63558720704654","292.00000000000045","292.00000000000045","292.00000000000045","2.8046446441377966","21.866560351033893","2.8046446441377966","25.25309246539636","","0.7842670647235124","7.695708696146682","1.8967818247743289","","0.6720015322581037","1.2199999999999998","6.663685997224126","working_net_combined_queue","21.10283593149729","0.8424000144004822"
"2025-05-22","weekly","CAT793","Plan","600616.2032028462","2502.567513345191","54.0",,"1296.0","0.0","1296.0","0.0","111.45600378513336","130.2998388775921","1054.2441501617432","0.0","1054.2441501617432","183.5165714946213","240.00000000000017","240.00000000000017","240.00000000000017","2.737304975105004","24.935348719075964","2.737304975105003","29.228843590907974","","0.8164943152308229","6.586565135167135","2.9309810359387303","","1.1870931919281682","0.7077370736423118","5.619048800048618","working_net_combined_queue","19.545936904570095","0.8134599924087524"
"2025-05-22","weekly","EH4000","Plan","146965.2352732407","638.9792837966991","18.0",,"432.0","0.0","432.0","0.0","29.376001596450806","41.47027188356209","361.15373611450195","0.0","361.15373611450195","90.28843402862549","229.99999999999986","229.99999999999986","229.99999999999986","3.9043194084699144","26.244446812762476","3.9043194084699144","31.43457639674999","","0.5363237538231976","8.926046953074904","3.1267530723088846","","0.8500743619986673","0.9","7.452276803463298","working_net_combined_queue","23.580582268801844","0.8360040187835693"
"2025-05-22","weekly","EH5000","Plan","358915.19657572836","1229.161632108658","24.0",,"576.0","0.0","576.0","0.0","36.864001750946045","53.91360062828064","485.22240829467773","0.0","485.22240829467773","77.63558720704654","292.00000000000017","292.00000000000017","292.00000000000017","2.5687043848977997","21.834983811883742","2.5687043848977997","25.30769009631606","","0.773490252908979","7.05850136742426","1.9330164988084828","","0.6692674326626006","1.2200000000000002","6.089937979614463","working_net_combined_queue","19.895844712408454","0.8424000144004822"
"2025-05-23","weekly","CAT793","Plan","588201.6005890098","2450.840002454205","54.0",,"1296.0","0.0","1296.0","0.0","111.45600378513336","130.2998388775921","1054.2441501617432","0.0","1054.2441501617432","183.5165714946213","240.00000000000023","240.00000000000023","240.00000000000023","2.7652706569312953","25.610626809438966","2.765270656931295","30.209494643989625","","0.804736104568787","6.478413849470026","2.828638747338455","","1.1785585821011408","0.7068552078426592","5.492188511299305","working_net_combined_queue","19.189820469353172","0.8134599924087524"
"2025-05-23","weekly","EH4000","Plan","126597.02036482761","550.4218276731633","18.0",,"432.0","0.0","432.0","0.0","29.376001596450806","41.47027188356209","361.15373611450195","0.0","361.15373611450195","90.28843402862549","230.00000000000009","230.00000000000009","230.00000000000009","4.247271717845261","26.95451388629348","4.247271717845261","32.64439322013841","","0.5338994416758948","9.454308994246093","3.039258937987493","","0.8143011555336789","0.9","7.806434059050192","working_net_combined_queue","24.44882827140217","0.8360040187835693"
"2025-05-23","weekly","EH5000","Plan","364020.57777022675","1246.645814281597","24.0",,"576.0","0.0","576.0","0.0","36.864001750946045","53.91360062828064","485.22240829467773","0.0","485.22240829467773","77.63558720704654","292.00000000000034","292.00000000000034","292.00000000000034","2.562519009341072","22.273392077754202","2.562519009341072","25.775487260234534","","0.7708821404415649","6.9029063926919765","1.9432006994766067","","0.6677115990297264","1.2200000000000002","5.965013930024356","working_net_combined_queue","19.616805895025454","0.8424000144004822"
"2025-05-24","weekly","CAT793","Plan","569447.9262736543","2372.699692806893","54.0",,"1296.0","0.0","1296.0","0.0","89.63142693042755","132.70054231860126","1073.6680641174316","0.0","1073.6680641174316","193.6579071618682","240.0","240.0","240.0","3.1489649412958665","27.239570683243706","3.1489649412958665","31.56835672468514","","0.8242621657884367","6.936155443667702","2.941132128027985","","1.3122757688212126","0.7083196624341325","5.985040593830163","working_net_combined_queue","20.382136766084272","0.8284475803375244"
"2025-05-24","weekly","EH4000","Plan","141076.22390842604","613.3748865583736","18.0",,"432.0","0.0","432.0","0.0","38.51428556442261","40.529028633771624","352.9566822052002","0.0","352.9566822052002","84.70960183584086","230.00000000000017","230.00000000000017","230.00000000000017","4.238010446822073","27.89736882434985","4.238010446822073","33.135771763443195","","0.5371205928119435","9.11486055944383","3.2482781742319085","","0.8822856359181357","0.8999999999999999","7.673900841200798","working_net_combined_queue","24.108898534257225","0.8170293569564819"
"2025-05-24","weekly","EH5000","Plan","385197.89806384617","1319.1708837802946","24.0",,"576.0","0.0","576.0","0.0","44.47285795211792","53.152714996825374","478.3744239807129","0.0","478.3744239807129","76.53990969028101","292.0000000000001","292.0000000000001","292.0000000000001","2.2857059591603157","22.140904330687764","2.2857059591603157","25.78790956114265","","0.753239835757289","6.194072089437499","2.0057679974645546","","0.6691375726509178","1.2200000000000002","5.318087424824295","working_net_combined_queue","18.276685374971315","0.8305111527442932"
"2025-05-25","weekly","CAT793","Plan","541514.8267956725","2256.3117783153043","54.0",,"1296.0","0.0","1296.0","0.0","89.63142693042755","132.70054231860126","1073.6680641174316","0.0","1073.6680641174316","193.6579071618682","239.99999999999977","239.99999999999977","239.99999999999977","2.8728376606389707","26.863778312241703","2.8728376606389707","31.036446759948564","","0.8677418976887233","6.416456301673317","3.0592578689699943","","1.3148585459012514","0.711580642326654","5.55380134109862","working_net_combined_queue","19.601536216966114","0.8284475803375244"
"2025-05-25","weekly","EH4000","Plan","104574.38505100265","454.671239352186","18.0",,"432.0","0.0","432.0","0.0","38.51428556442261","40.529028633771624","352.9566822052002","0.0","352.9566822052002","84.70960183584086","229.99999999999974","229.99999999999974","229.99999999999974","5.275619914842602","30.185223342931362","5.275619914842602","35.8595146797008","","0.5355199841378242","10.486495040782309","3.341712829432937","","0.847110018765978","0.8999999999999997","8.82714665041856","working_net_combined_queue","26.764065253197685","0.8170293569564819"
"2025-05-25","weekly","EH5000","Plan","379023.2709000606","1298.0249003426716","24.0",,"576.0","0.0","576.0","0.0","44.47285795211792","53.152714996825374","478.3744239807129","0.0","478.3744239807129","76.53990969028101","292.0000000000004","292.0000000000004","292.0000000000004","2.237070819686621","22.59158040177914","2.237070819686621","26.205505127084137","","0.7021530370256339","5.941339507643598","2.1950064111437495","","0.5925570895445318","1.2199999999999998","5.121986717305162","working_net_combined_queue","17.800494345633208","0.8305111527442932"
"2025-05-26","weekly","CAT793","Plan","569943.4829454368","2374.7645122726512","54.0",,"1296.0","0.0","1296.0","0.0","89.63142693042755","132.70054231860126","1073.6680641174316","0.0","1073.6680641174316","193.6579071618682","240.00000000000023","240.00000000000023","240.00000000000023","3.27172303144565","27.173715405943646","3.2717230314456494","31.728904126416225","","0.8711029561496187","7.224016994150237","3.093490325816111","","1.3425973256239776","0.7118327217112216","6.186894482854344","working_net_combined_queue","21.139337477747535","0.8284475803375244"
"2025-05-26","weekly","EH4000","Plan","112698.1522769651","489.9919664215884","18.0",,"432.0","0.0","432.0","0.0","38.51428556442261","40.529028633771624","352.9566822052002","0.0","352.9566822052002","84.70960183584086","229.99999999999952","229.99999999999952","229.99999999999952","5.851294903626434","29.119332149262483","5.8512949036264335","35.020856488322636","","0.5348420994286779","12.056516008609007","3.3186462806342965","","0.536712022190358","0.9000000000000006","10.024817477969147","working_net_combined_queue","29.22879731511232","0.8170293569564819"
"2025-05-26","weekly","EH5000","Plan","385770.01133106113","1321.1301757913077","24.0",,"576.0","0.0","576.0","0.0","44.47285795211792","53.152714996825374","478.3744239807129","0.0","478.3744239807129","76.53990969028101","291.9999999999995","291.9999999999995","291.9999999999995","2.2913300774985017","22.330230805831235","2.2913300774985017","26.248832364105567","","0.7159299509685495","6.156667427459332","2.1399423715939987","","0.582278780350926","1.2200000000000002","5.2375588652053455","working_net_combined_queue","18.10381101393082","0.8305111527442932"
"2025-05-27","weekly","CAT793","Plan","583274.498328836","2430.310409703485","54.0",,"1296.0","0.0","1296.0","0.0","89.63142693042755","132.70054231860126","1073.6680641174316","0.0","1073.6680641174316","193.6579071618682","239.99999999999983","239.99999999999983","239.99999999999983","3.0685844774659135","26.187285087904105","3.0685844774659135","30.746137397657105","","0.8709222110283494","7.030704711463102","3.0368790258204523","","1.3564767685549328","0.711969865185963","5.988234107806486","working_net_combined_queue","20.693136629946405","0.8284475803375244"
"2025-05-27","weekly","EH4000","Plan","126923.07279264324","551.839446924536","18.0",,"432.0","0.0","432.0","0.0","38.51428556442261","40.529028633771624","352.9566822052002","0.0","352.9566822052002","84.70960183584086","229.99999999999994","229.99999999999994","229.99999999999994","4.855696163507493","28.555774867525248","4.855696163507494","34.65290581128664","","0.5355268978502642","10.202551713691191","3.3426664900273284","","0.7194030693638991","0.8999999999999999","8.40742682293495","working_net_combined_queue","25.933337692755472","0.8170293569564819"
"2025-05-27","weekly","EH5000","Plan","375961.5879920803","1287.539684904381","24.0",,"576.0","0.0","576.0","0.0","44.47285795211792","53.152714996825374","478.3744239807129","0.0","478.3744239807129","76.53990969028101","292.00000000000085","292.00000000000085","292.00000000000085","2.3753344657206013","22.11161072620034","2.3753344657205995","25.819817292287873","","0.752744816284908","6.445485573530026","2.0089074355154506","","0.66324130516116","1.2200000000000002","5.519793820764383","working_net_combined_queue","18.725691705529655","0.8305111527442932"
"2025-05-28","weekly","CAT793","Plan","594709.2338735048","2477.9551411396033","54.0",,"1296.0","0.0","1296.0","0.0","89.63142693042755","132.70054231860126","1073.6680641174316","0.0","1073.6680641174316","193.6579071618682","240.0","240.0","240.0","3.1902643633792604","26.734896518692473","3.1902643633792604","31.100697699005817","","0.8622404090066904","7.159775676293407","2.9506956358359715","","1.270853340885637","0.7116634577475944","6.1547127866804905","working_net_combined_queue","20.862410579133716","0.8284475803375244"
"2025-05-28","weekly","EH4000","Plan","143516.92336171155","623.9866233117897","18.0",,"432.0","0.0","432.0","0.0","38.51428556442261","40.529028633771624","352.9566822052002","0.0","352.9566822052002","84.70960183584086","229.9999999999999","229.9999999999999","229.9999999999999","4.360353012358081","27.50746095677051","4.360353012358081","33.006354128637234","","0.5392220938705787","9.510917098187903","3.3748235794456667","","0.7444968108188681","0.8999999999999999","7.926388346978771","working_net_combined_queue","24.651631611255162","0.8170293569564819"
"2025-05-28","weekly","EH5000","Plan","363402.8958212176","1244.530465141156","24.0",,"576.0","0.0","576.0","0.0","44.47285795211792","53.152714996825374","478.3744239807129","0.0","478.3744239807129","76.53990969028101","292.00000000000006","292.00000000000006","292.00000000000006","2.4858571936948493","21.959359160587173","2.4858571936948493","25.529639966018635","","0.7367908365041028","6.792157755194837","2.0815525648529003","","0.6122921045055817","1.22","5.842284960548593","working_net_combined_queue","19.37282523329833","0.8305111527442932"
"2025-05-29","weekly","CAT793","Plan","599303.3007704818","2497.097086543676","54.0",,"1296.0","0.0","1296.0","0.0","89.63142693042755","132.70054231860126","1073.6680641174316","0.0","1073.6680641174316","193.6579071618682","239.99999999999983","239.99999999999983","239.99999999999983","2.87528852378075","25.632075057808695","2.87528852378075","29.555959258345048","","0.8689809290403046","6.730524588343401","2.9082012990575956","","1.2345353904484557","0.7129826509609979","5.836972162496644","working_net_combined_queue","20.077196946134734","0.8284475803375244"
"2025-05-29","weekly","EH4000","Plan","145218.20722063398","631.3835096549304","18.0",,"432.0","0.0","432.0","0.0","38.51428556442261","40.529028633771624","352.9566822052002","0.0","352.9566822052002","84.70960183584086","229.99999999999997","229.99999999999997","229.99999999999997","3.88910221747402","28.54231044416665","3.8891022174740213","34.060813588627994","","0.5391097490392472","8.17544653593842","3.355943062262955","","0.9700156729718389","0.8999999999999998","6.850867858492651","working_net_combined_queue","22.452334422899717","0.8170293569564819"
"2025-05-29","weekly","EH5000","Plan","364261.01459102385","1247.4692280514505","24.0",,"576.0","0.0","576.0","0.0","44.47285795211792","53.152714996825374","478.3744239807129","0.0","478.3744239807129","76.53990969028101","292.0000000000002","292.0000000000002","292.0000000000002","2.4857659230267735","21.898596989036857","2.4857659230267735","25.60618126055165","","0.7212712904345232","6.810753924384912","2.1300614295193516","","0.5597614726614939","1.2199999999999995","5.824607498634619","working_net_combined_queue","19.327187121206094","0.8305111527442932"
"2025-05-30","weekly","CAT793","Plan","578333.0005553091","2409.720835647118","54.0",,"1296.0","0.0","1296.0","0.0","89.63142693042755","132.70054231860126","1073.6680641174316","0.0","1073.6680641174316","193.6579071618682","240.00000000000034","240.00000000000034","240.00000000000034","2.7808390734867583","24.402898464903927","2.7808390734867583","28.53678125490936","","0.8624294378308814","6.83731666749212","2.8676411881327524","","1.1984725151532143","0.7127290124914376","5.846852275271977","working_net_combined_queue","20.16152911875574","0.8284475803375244"
"2025-05-30","weekly","EH4000","Plan","142181.02505195292","618.1783697910994","18.0",,"432.0","0.0","432.0","0.0","38.51428556442261","40.529028633771624","352.9566822052002","0.0","352.9566822052002","84.70960183584086","230.0000000000001","230.0000000000001","230.0000000000001","2.971326074791323","25.81301970042795","2.9713260747913233","31.677065063572893","","0.5408494314118893","6.9065753079839665","3.5083534570898633","","1.2558841994399297","0.8999999999999999","5.6280329042381","working_net_combined_queue","20.320621455216823","0.8170293569564819"
"2025-05-30","weekly","EH5000","Plan","370382.53122124524","1268.4333261001536","24.0",,"576.0","0.0","576.0","0.0","44.47285795211792","53.152714996825374","478.3744239807129","0.0","478.3744239807129","76.53990969028101","292.0000000000003","292.0000000000003","292.0000000000003","2.4486441656468814","22.17368835527875","2.4486441656468814","25.76829917747723","","0.7126643679219763","6.625810175772444","2.176973526733177","","0.5250320098073906","1.2200000000000004","5.701526861626439","working_net_combined_queue","19.007756026762642","0.8305111527442932"
"2025-05-31","weekly","CAT793","Plan","541797.7933563212","2257.4908056513364","54.0",,"1296.0","0.0","1296.0","0.0","89.63142693042755","132.70054231860126","1073.6680641174316","0.0","1073.6680641174316","193.6579071618682","240.0000000000002","240.0000000000002","240.0000000000002","3.1021708495242515","26.04513835049016","3.1021708495242515","30.38076712911249","","0.8540346887556863","7.146448925196521","2.8457557038797425","","1.1114239895937552","0.7118065578547865","6.12658166860754","working_net_combined_queue","20.5803921361153","0.8284475803375244"
"2025-05-31","weekly","EH4000","Plan","113069.64941220023","491.6071713573925","18.0",,"432.0","0.0","432.0","0.0","38.51428556442261","40.529028633771624","352.9566822052002","0.0","352.9566822052002","84.70960183584086","229.99999999999991","229.99999999999991","229.99999999999991","4.060878645400627","27.059487997338817","4.060878645400627","32.78358194220315","","0.5391917039460941","9.004335882038855","3.411990616674145","","1.0617568663414263","0.9","7.432156716541618","working_net_combined_queue","24.006613404021813","0.8170293569564819"
"2025-05-31","weekly","EH5000","Plan","379236.99344387435","1298.7568268625857","24.0",,"576.0","0.0","576.0","0.0","44.47285795211792","53.152714996825374","478.3744239807129","0.0","478.3744239807129","76.53990969028101","291.9999999999995","291.9999999999995","291.9999999999995","2.2751690717461655","20.389156877500035","2.2751690717461655","24.942424243881632","","0.6532319403324294","6.695232427948623","2.202983790731296","","0.37721001334292037","1.22","5.473010280396293","working_net_combined_queue","18.563961089626527","0.8305111527442932"
"2025-06-01","weekly","CAT793","Plan","515791.00305609376","2149.1291794003914","54.0",,"1296.0","0.0","1296.0","0.0","89.63142693042755","132.70054231860126","1073.6680641174316","0.0","1073.6680641174316","193.6579071618682","239.99999999999991","239.99999999999991","239.99999999999991","2.7867174959688983","24.800292364055444","2.7867174959688983","29.124556702105576","","0.8366643737035534","6.741978977653963","2.835685749586792","","1.058014983316691","0.7103717464842398","5.740964625430534","working_net_combined_queue","19.744970353629682","0.8284475803375244"
"2025-06-01","weekly","EH4000","Plan","130430.70743576341","567.0900323294056","18.0",,"432.0","0.0","432.0","0.0","38.51428556442261","40.529028633771624","352.9566822052002","0.0","352.9566822052002","84.70960183584086","230.0000000000002","230.0000000000002","230.0000000000002","3.003677589700799","25.134927082532325","3.003677589700799","29.987847051888615","","0.5383734619723278","7.170128434838127","3.3921268688359616","","1.2631091841842184","0.8999999999999999","6.009789734828522","working_net_combined_queue","20.96834843393208","0.8170293569564819"
"2025-06-01","weekly","EH5000","Plan","356963.757340159","1222.478621027943","24.0",,"576.0","0.0","576.0","0.0","44.47285795211792","53.152714996825374","478.3744239807129","0.0","478.3744239807129","76.53990969028101","291.99999999999966","291.99999999999966","291.99999999999966","2.3836520480877224","20.834406491950777","2.3836520480877224","25.574456989429436","","0.6613870461994997","6.864564293708955","2.172698291137057","","0.4331201810728953","1.219999999999999","5.592264302791521","working_net_combined_queue","18.900522676812766","0.8305111527442932"
"2025-06-02","weekly","CAT793","Plan","545031.4117605529","2270.9642156689697","54.0",,"1296.0","0.0","1296.0","0.0","89.63142693042755","132.70054231860126","1073.6680641174316","0.0","1073.6680641174316","193.6579071618682","240.00000000000009","240.00000000000009","240.00000000000009","3.118204490334955","25.09159852089444","3.1182044903349544","29.82466822759603","","0.8581400921724395","7.4563710743379135","2.962025591266196","","1.1675158592980928","0.7115578745185805","6.273071270814184","working_net_combined_queue","21.232930960161735","0.8284475803375244"
"2025-06-02","weekly","EH4000","Plan","121441.25065528326","528.0054376316665","18.0",,"432.0","0.0","432.0","0.0","38.51428556442261","40.529028633771624","352.9566822052002","0.0","352.9566822052002","84.70960183584086","229.99999999999994","229.99999999999994","229.99999999999994","4.437218604067356","29.184975028980322","4.437218604067356","34.37890492854487","","0.5373686124823329","9.122266370955435","3.4209684506881834","","1.2212188185146888","0.9000000000000001","7.744083669837531","working_net_combined_queue","24.686949748290868","0.8170293569564819"
"2025-06-02","weekly","EH5000","Plan","368429.63315614045","1261.7453190278775","24.0",,"576.0","0.0","576.0","0.0","44.47285795211792","53.152714996825374","478.3744239807129","0.0","478.3744239807129","76.53990969028101","292.00000000000017","292.00000000000017","292.00000000000017","2.421077183359698","20.851183366001997","2.421077183359698","25.30897717699976","","0.67464877041142","6.966733180162661","2.1195334414970146","","0.40837093272456565","1.22","5.739648425365651","working_net_combined_queue","19.10850853569232","0.8305111527442932"
"2025-06-03","weekly","CAT793","Plan","551215.0488176491","2296.729370073537","54.0",,"1296.0","0.0","1296.0","0.0","89.63142693042755","132.70054231860126","1073.6680641174316","0.0","1073.6680641174316","193.6579071618682","240.00000000000009","240.00000000000009","240.00000000000009","3.1623341772754556","25.402486484405127","3.1623341772754556","30.173153237732055","","0.8606407361600419","7.4693495360389575","3.0299448023736746","","1.2242922261683555","0.7117907832533473","6.288373281426022","working_net_combined_queue","21.38470439601985","0.8284475803375244"
"2025-06-03","weekly","EH4000","Plan","108123.62625234529","470.1027228362834","18.0",,"432.0","0.0","432.0","0.0","38.51428556442261","40.529028633771624","352.9566822052002","0.0","352.9566822052002","84.70960183584086","230.00000000000023","230.00000000000023","230.00000000000023","4.792959286296301","29.995444063443415","4.792959286296301","34.9802396251422","","0.5379591187256381","9.587374554933152","3.4509933322006865","","1.2776346699029661","0.8999999999999997","8.221143144230506","working_net_combined_queue","25.68898535861359","0.8170293569564819"
"2025-06-03","weekly","EH5000","Plan","371850.04731822695","1273.459066158312","24.0",,"576.0","0.0","576.0","0.0","44.47285795211792","53.152714996825374","478.3744239807129","0.0","478.3744239807129","76.53990969028101","291.9999999999999","291.9999999999999","291.9999999999999","2.3740155197174646","20.79366221769087","2.3740155197174646","25.053738595115593","","0.6720174443071076","6.850208957509261","2.1430793025459685","","0.3870261828198503","1.2199999999999998","5.68541619616075","working_net_combined_queue","18.93274141232197","0.8305111527442932"
"2025-06-04","weekly","CAT793","Plan","519914.54940227675","2166.310622509487","54.0",,"1296.0","0.0","1296.0","0.0","89.63142693042755","132.70054231860126","1073.6680641174316","0.0","1073.6680641174316","193.6579071618682","239.99999999999994","239.99999999999994","239.99999999999994","3.294213805580151","25.898227427321522","3.294213805580151","30.91065275746183","","0.8323411466705577","7.63190565414117","2.9755703593858494","","1.2028663356581972","0.7102414948124219","6.394327220640648","working_net_combined_queue","21.552689527951117","0.8284475803375244"
"2025-06-04","weekly","EH4000","Plan","147342.6891382672","640.6203875576831","18.0",,"432.0","0.0","432.0","0.0","38.51428556442261","40.529028633771624","352.9566822052002","0.0","352.9566822052002","84.70960183584086","230.0000000000001","230.0000000000001","230.0000000000001","2.9994878138294516","27.18567298243421","2.9994878138294516","31.561008976228358","","0.5426486070310917","6.620004181836981","3.711886048099827","","1.5707426012334231","0.9","5.702266013273508","working_net_combined_queue","20.545711528044592","0.8170293569564819"
"2025-06-04","weekly","EH5000","Plan","384979.250819316","1318.4220918469696","24.0",,"576.0","0.0","576.0","0.0","44.47285795211792","53.152714996825374","478.3744239807129","0.0","478.3744239807129","76.53990969028101","292.0000000000007","292.0000000000007","292.0000000000007","2.2080900995412627","20.342262661158642","2.2080900995412627","24.792476818278683","","0.6539233650091243","6.512815618364931","2.2065930054302907","","0.4064627976293572","1.22","5.343774522551882","working_net_combined_queue","18.28706553696444","0.8305111527442932"
"2025-06-05","weekly","CAT793","Plan","550532.3372420876","2293.8847385086992","54.0",,"1296.0","0.0","1296.0","0.0","89.63142693042755","132.70054231860126","1073.6680641174316","0.0","1073.6680641174316","193.6579071618682","239.9999999999999","239.9999999999999","239.9999999999999","3.3570202561335227","25.634048628748822","3.357020256133522","30.747639173640533","","0.8377361772201481","7.857565470251765","3.027867223757681","","1.298577211796452","0.7105676424103673","6.550786362183103","working_net_combined_queue","22.042937205888826","0.8284475803375244"
"2025-06-05","weekly","EH4000","Plan","134992.85852874417","586.9254718641055","18.0",,"432.0","0.0","432.0","0.0","38.51428556442261","40.529028633771624","352.9566822052002","0.0","352.9566822052002","84.70960183584086","229.99999999999983","229.99999999999983","229.99999999999983","4.106019147698647","28.649951014320912","4.106019147698647","34.014343873525995","","0.5381778828385505","8.599007682029654","3.402208420601358","","1.2139178705639466","0.8999999999999997","7.242860534895289","working_net_combined_queue","23.59998978035546","0.8170293569564819"
"2025-06-05","weekly","EH5000","Plan","384809.0239641465","1317.8391231648843","24.0",,"576.0","0.0","576.0","0.0","44.47285795211792","53.152714996825374","478.3744239807129","0.0","478.3744239807129","76.53990969028101","292.0000000000002","292.0000000000002","292.0000000000002","2.1973220039044907","20.25097845723608","2.1973220039044907","24.61972252537694","","0.6540253105525784","6.510269146385894","2.206084391460334","","0.4060739151579058","1.22","5.355028680700004","working_net_combined_queue","18.29515513299638","0.8305111527442932"
"2025-06-06","weekly","CAT793","Plan","533824.4830825465","2224.2686795106065","54.0",,"1296.0","0.0","1296.0","0.0","89.63142693042755","132.70054231860126","1073.6680641174316","0.0","1073.6680641174316","193.6579071618682","240.00000000000043","240.00000000000043","240.00000000000043","2.8823612624514703","25.162167135158803","2.8823612624514703","30.419460587727865","","0.8620596849278696","6.873083499451","3.0300152823859974","","1.2799683581807042","0.7111544763695904","5.685231506598711","working_net_combined_queue","20.20907983953365","0.8284475803375244"
"2025-06-06","weekly","EH4000","Plan","146684.08276638426","637.7568815929747","18.0",,"432.0","0.0","432.0","0.0","38.51428556442261","40.529028633771624","352.9566822052002","0.0","352.9566822052002","84.70960183584086","230.00000000000014","230.00000000000014","230.00000000000014","2.902647372247228","26.247629797693964","2.902647372247228","32.09526018340574","","0.5385732325441277","6.635221682002492","3.5404605434614265","","1.3642475561435292","0.9000000000000009","5.426310344256978","working_net_combined_queue","20.0904446613787","0.8170293569564819"
"2025-06-06","weekly","EH5000","Plan","358528.84657059086","1227.838515652708","24.0",,"576.0","0.0","576.0","0.0","44.47285795211792","53.152714996825374","478.3744239807129","0.0","478.3744239807129","76.53990969028101","292.00000000000006","292.00000000000006","292.00000000000006","2.566865427367382","20.80450845315263","2.566865427367382","26.268075414203505","","0.6285965142103798","7.402814922969477","2.308578438482032","","0.31370830954827106","1.22","5.863083732383629","working_net_combined_queue","19.636190664552586","0.8305111527442932"
"2025-06-07","weekly","CAT793","Plan","595370.7779094621","2480.7115746227596","54.0",,"1296.0","0.0","1296.0","0.0","89.63142693042755","132.70054231860126","1073.6680641174316","0.0","1073.6680641174316","193.6579071618682","239.99999999999991","239.99999999999991","239.99999999999991","2.6586750954548912","25.24036947569727","2.658675095454891","29.987502791592217","","0.8169198441151106","6.320054303519132","2.9552479291392855","","1.2510070367737","0.7077689883086326","5.319566181816887","working_net_combined_queue","19.090340017137503","0.8284475803375244"
"2025-06-07","weekly","EH4000","Plan","116741.6280637475","507.57229592933726","18.0",,"432.0","0.0","432.0","0.0","38.51428556442261","40.529028633771624","352.9566822052002","0.0","352.9566822052002","84.70960183584086","229.99999999999986","229.99999999999986","229.99999999999986","4.011753043813622","27.270471831844233","4.011753043813622","33.149552158256434","","0.535454078077378","8.826586650684256","3.0860101936999866","","0.8698963119269599","0.9000000000000002","7.261189577454542","working_net_combined_queue","23.308249220283756","0.8170293569564819"
"2025-06-07","weekly","EH5000","Plan","362070.97513569205","1239.9690929304509","24.0",,"576.0","0.0","576.0","0.0","44.47285795211792","53.152714996825374","478.3744239807129","0.0","478.3744239807129","76.53990969028101","292.00000000000034","292.00000000000034","292.00000000000034","2.485095171784992","20.875176253132643","2.485095171784992","24.98400093871223","","0.6960109519023887","7.142728209766559","2.0874325781969896","","0.3131111663071056","1.2199999999999998","5.968047738745601","working_net_combined_queue","19.444090450082044","0.8305111527442932"
"2025-06-08","weekly","CAT793","Plan","545971.4916238022","2274.881215099176","54.0",,"1296.0","0.0","1296.0","0.0","89.63142693042755","132.70054231860126","1073.6680641174316","0.0","1073.6680641174316","193.6579071618682","239.99999999999997","239.99999999999997","239.99999999999997","2.6420393577497014","25.580082757050032","2.642039357749701","30.571742602402814","","0.8160816721717922","6.19710119668367","2.9783545764889383","","1.2270700683087152","0.7077061254128845","5.185257625861433","working_net_combined_queue","18.84429640474144","0.8284475803375244"
"2025-06-08","weekly","EH4000","Plan","122110.622413578","530.9157496242522","18.0",,"432.0","0.0","432.0","0.0","38.51428556442261","40.529028633771624","352.9566822052002","0.0","352.9566822052002","84.70960183584086","230.00000000000003","230.00000000000003","230.00000000000003","3.2453326306548744","27.077228246679518","3.245332630654875","33.249477106108635","","0.5380282846065466","7.191281030146467","3.331660633011181","","1.1299805599575468","0.9","5.856331430954092","working_net_combined_queue","20.657980846774706","0.8170293569564819"
"2025-06-08","weekly","EH5000","Plan","358696.09233793867","1228.4112751299274","24.0",,"576.0","0.0","576.0","0.0","44.47285795211792","53.152714996825374","478.3744239807129","0.0","478.3744239807129","76.53990969028101","291.9999999999999","291.9999999999999","291.9999999999999","2.3323691282027825","20.35031018580833","2.3323691282027825","24.976330747605697","","0.6834972002194963","6.876659196563905","2.094099552306097","","0.3370187501028988","1.2199999999999998","5.602990651682582","working_net_combined_queue","18.809241958664472","0.8305111527442932"
"2025-06-09","weekly","CAT793","Plan","610260.6582273005","2542.7527426137526","54.0",,"1296.0","0.0","1296.0","0.0","89.63142693042755","132.70054231860126","1073.6680641174316","0.0","1073.6680641174316","193.6579071618682","239.99999999999994","239.99999999999994","239.99999999999994","2.5033263955373415","24.60927680256448","2.5033263955373415","29.081342956751737","","0.8241411683210761","6.103372518309377","2.9783485641508247","","1.2631013122484367","0.7083105876240804","5.164809065235038","working_net_combined_queue","18.76124968535638","0.8284475803375244"
"2025-06-09","weekly","EH4000","Plan","113380.89074207557","492.9603945307642","18.0",,"432.0","0.0","432.0","0.0","38.51428556442261","40.529028633771624","352.9566822052002","0.0","352.9566822052002","84.70960183584086","229.9999999999996","229.9999999999996","229.9999999999996","3.6414806672564484","27.959180848236283","3.641480667256448","33.02828983040275","","0.535079435149808","7.814565141280581","2.996308817280232","","0.7290757412660882","0.9000000000000001","6.615202941396818","working_net_combined_queue","21.43657805948236","0.8170293569564819"
"2025-06-09","weekly","EH5000","Plan","374988.80934125365","1284.2082511686792","24.0",,"576.0","0.0","576.0","0.0","44.47285795211792","53.152714996825374","478.3744239807129","0.0","478.3744239807129","76.53990969028101","291.9999999999995","291.9999999999995","291.9999999999995","2.317147518216039","20.312440998143504","2.317147518216039","24.718093057323706","","0.692915298258817","6.844517165892033","2.0521611291450066","","0.32872598514302315","1.2199999999999995","5.624578351191601","working_net_combined_queue","18.774269004377295","0.8305111527442932"
"2025-06-10","weekly","CAT793","Plan","557198.3952821725","2321.6599803423837","54.0",,"1296.0","0.0","1296.0","0.0","89.63142693042755","132.70054231860126","1073.6680641174316","0.0","1073.6680641174316","193.6579071618682","240.00000000000017","240.00000000000017","240.00000000000017","3.3974791606648886","26.097563259824774","3.3974791606648886","30.270609538310847","","0.8408415403120281","7.811026171692552","2.867405621517055","","1.1761975157235878","0.7110106283061579","6.734213573793415","working_net_combined_queue","21.903920031800965","0.8284475803375244"
"2025-06-10","weekly","EH4000","Plan","135132.6453647039","587.5332407161043","18.0",,"432.0","0.0","432.0","0.0","38.51428556442261","40.529028633771624","352.9566822052002","0.0","352.9566822052002","84.70960183584086","229.99999999999986","229.99999999999986","229.99999999999986","3.916117452315748","28.970215553341745","3.9161174523157465","33.91315164673456","","0.5376250434972394","8.110642004244292","3.4121044793352158","","1.1166207042940517","0.8999999999999996","6.928493393552509","working_net_combined_queue","22.73473362405029","0.8170293569564819"
"2025-06-10","weekly","EH5000","Plan","392026.54237492214","1342.5566519689112","24.0",,"576.0","0.0","576.0","0.0","44.47285795211792","53.152714996825374","478.3744239807129","0.0","478.3744239807129","76.53990969028101","292.00000000000006","292.00000000000006","292.00000000000006","2.134833148690753","20.28046736258754","2.134833148690753","24.603417675040237","","0.6458606405954009","6.315928850719664","2.2321702708809834","","0.40871916957781546","1.2199999999999989","5.206186823848882","working_net_combined_queue","17.958326870733238","0.8305111527442932"
"2025-06-11","weekly","CAT793","Plan","493959.33171997656","2058.1638821665692","54.0",,"1296.0","0.0","1296.0","0.0","89.63142693042755","132.70054231860126","1073.6680641174316","0.0","1073.6680641174316","193.6579071618682","239.99999999999997","239.99999999999997","239.99999999999997","3.496087760929818","25.544820554483977","3.4960877609298175","29.91974900385575","","0.8646325018326317","8.211655478588524","2.9368027686382416","","1.1707837984414198","0.7127743679711426","7.010929992385854","working_net_combined_queue","22.747951357056962","0.8284475803375244"
"2025-06-11","weekly","EH4000","Plan","124158.2672686954","539.8185533421544","18.0",,"432.0","0.0","432.0","0.0","38.51428556442261","40.529028633771624","352.9566822052002","0.0","352.9566822052002","84.70960183584086","229.9999999999998","229.9999999999998","229.9999999999998","3.418613653506623","26.4571543849774","3.4186136535066223","31.31293024250191","","0.5393146162954991","7.752792164484042","3.672449866347256","","1.3625036511937296","0.9","6.550546934505241","working_net_combined_queue","22.429134883232788","0.8170293569564819"
"2025-06-11","weekly","EH5000","Plan","387234.33115617343","1326.1449697129228","24.0",,"576.0","0.0","576.0","0.0","44.47285795211792","53.152714996825374","478.3744239807129","0.0","478.3744239807129","76.53990969028101","292.0","292.0","292.0","2.0831865222413737","19.788527348650476","2.0831865222413737","24.586844057383836","","0.6415820207420574","6.316346291580231","2.243023936202382","","0.420745981680647","1.2200000000000004","5.08366145092727","working_net_combined_queue","17.84737282835022","0.8305111527442932"
"2025-06-12","weekly","CAT793","Plan","526080.939869427","2192.003916122615","54.0",,"1296.0","0.0","1296.0","0.0","89.63142693042755","132.70054231860126","1073.6680641174316","0.0","1073.6680641174316","193.6579071618682","239.99999999999972","239.99999999999972","239.99999999999972","3.212468480159241","25.222981523740017","3.212468480159241","29.16421720869283","","0.874473982519722","7.641765452198379","2.9409299826762068","","1.209731217808991","0.7133826480566718","6.60906162611157","working_net_combined_queue","21.799358024474078","0.8284475803375244"
"2025-06-12","weekly","EH4000","Plan","126767.94898641204","551.1649955930965","18.0",,"432.0","0.0","432.0","0.0","38.51428556442261","40.529028633771624","352.9566822052002","0.0","352.9566822052002","84.70960183584086","229.99999999999972","229.99999999999972","229.99999999999972","2.5407865927605133","24.8896191509639","2.5407865927605133","29.128060080585243","","0.5379963228942961","6.1249308252162225","3.5672394707785497","","1.2676888410250309","0.8999999999999998","5.233688585641224","working_net_combined_queue","19.34371319241769","0.8170293569564819"
"2025-06-12","weekly","EH5000","Plan","390121.2048097821","1336.0315233211716","24.0",,"576.0","0.0","576.0","0.0","44.47285795211792","53.152714996825374","478.3744239807129","0.0","478.3744239807129","76.53990969028101","292.0","292.0","292.0","2.1766182836595864","20.521918724760948","2.1766182836595864","25.01294069500855","","0.6465745608502709","6.3637858999023225","2.2554063647048217","","0.4083827338321383","1.2200000000000004","5.221181252216236","working_net_combined_queue","18.046034676689576","0.8305111527442932"
"2025-06-13","weekly","CAT793","Plan","545197.1407970488","2271.6547533210387","54.0",,"1296.0","0.0","1296.0","0.0","89.63142693042755","132.70054231860126","1073.6680641174316","0.0","1073.6680641174316","193.6579071618682","239.9999999999998","239.9999999999998","239.9999999999998","3.18786743545941","26.112846492154382","3.1878674354594105","30.473745389061648","","0.8685655246169456","7.324825586710066","3.044882472588858","","1.226975865407103","0.7122331425975758","6.276617582957836","working_net_combined_queue","21.243907245788634","0.8284475803375244"
"2025-06-13","weekly","EH4000","Plan","111481.97925932477","484.7042576492387","18.0",,"432.0","0.0","432.0","0.0","38.51428556442261","40.529028633771624","352.9566822052002","0.0","352.9566822052002","84.70960183584086","229.99999999999974","229.99999999999974","229.99999999999974","3.6323132941985934","29.407563592543333","3.6323132941985947","34.35301773994161","","0.5351900757450672","7.410977688310663","3.3312277535362727","","1.286530963882275","0.9000000000000005","6.34409469647618","working_net_combined_queue","21.64927769367736","0.8170293569564819"
"2025-06-13","weekly","EH5000","Plan","366028.9272671941","1253.5237235177894","24.0",,"576.0","0.0","576.0","0.0","44.47285795211792","53.152714996825374","478.3744239807129","0.0","478.3744239807129","76.53990969028101","291.99999999999966","291.99999999999966","291.99999999999966","2.4384632112154203","21.258168351833177","2.4384632112154203","25.070859143937277","","0.678571181489023","6.882427039407114","2.2740220516875835","","0.35664422308740884","1.22","5.835770997433324","working_net_combined_queue","19.233837179400155","0.8305111527442932"
"2025-06-14","weekly","CAT793","Plan","599635.261286761","2498.480255361503","54.0",,"1296.0","0.0","1296.0","0.0","103.67999768257141","115.65504363604546","1076.6649627685547","0.0","1076.6649627685547","194.19845888371697","240.0000000000001","240.0000000000001","240.0000000000001","3.1311145695947107","25.03290053786539","3.131114569594712","29.5779340306896","","0.8617780734486363","7.504798490750623","2.7325613496945236","","1.1052957536046515","0.7111333555086476","6.3515887884784314","working_net_combined_queue","21.1370950182511","0.8307600021362305"
"2025-06-14","weekly","EH4000","Plan","190557.46260785213","828.5107069906617","18.0",,"432.0","0.0","432.0","0.0","21.600000321865082","42.27120001577139","368.12880992889404","0.0","368.12880992889404","88.35091240813775","229.99999999999991","229.99999999999991","229.99999999999991","2.8797897234860446","26.09167396617772","2.8797897234860446","30.937605985180824","","0.5400720446345494","6.62231881454385","3.468108505823654","","1.2771040725709224","0.8999999999999997","5.585027603361688","working_net_combined_queue","20.009316987745404","0.852150022983551"
"2025-06-14","weekly","EH5000","Plan","369448.17681091983","1265.2334822291782","24.0",,"576.0","0.0","576.0","0.0","49.536001682281494","52.64640061626434","473.8176040649414","0.0","473.8176040649414","75.81081848610307","291.99999999999983","291.99999999999983","291.99999999999983","2.5040313943740173","22.104938215353656","2.5040313943740173","26.575404952336715","","0.691857552227886","6.796756552709384","2.088781629155471","","0.41396451757929315","1.2199999999999993","5.653418411945238","working_net_combined_queue","18.87430847675469","0.8226000070571899"
"2025-06-15","weekly","CAT793","Plan","541135.2354399215","2254.7301476663392","54.0",,"1296.0","0.0","1296.0","0.0","103.67999768257141","115.65504363604546","1076.6649627685547","0.0","1076.6649627685547","194.19845888371697","240.00000000000003","240.00000000000003","240.00000000000003","3.3843464272875066","24.897601067018346","3.3843464272875057","29.06237942467181","","0.8412812810781893","8.1558373873314","2.7654253688612105","","1.1431070871642308","0.7095960960808645","6.987066773509493","working_net_combined_queue","22.442044340225657","0.8307600021362305"
"2025-06-15","weekly","EH4000","Plan","198024.7074797827","860.9769890425339","18.0",,"432.0","0.0","432.0","0.0","21.600000321865082","42.27120001577139","368.12880992889404","0.0","368.12880992889404","88.35091240813775","229.9999999999999","229.9999999999999","229.9999999999999","2.477372168956983","26.470585552729972","2.477372168956983","30.842577574164906","","0.542889579169011","5.615377485372218","3.7200359697221357","","1.4587018824417826","0.8999999999999998","4.819387412741025","working_net_combined_queue","18.54347168767165","0.852150022983551"
"2025-06-15","weekly","EH5000","Plan","316401.46996281954","1083.566677954862","24.0",,"576.0","0.0","576.0","0.0","49.536001682281494","52.64640061626434","473.8176040649414","0.0","473.8176040649414","75.81081848610307","291.9999999999999","291.9999999999999","291.9999999999999","3.003266344153101","22.181466956582916","3.003266344153101","27.19310590551197","","0.6980316631164462","8.123717921898232","1.997913474121754","","0.4339540375320765","1.2200000000000002","6.626531786229715","working_net_combined_queue","21.12042622239722","0.8226000070571899"
"2025-06-16","weekly","CAT793","Plan","570099.2393335885","2375.413497223286","54.0",,"1296.0","0.0","1296.0","0.0","103.67999768257141","115.65504363604546","1076.6649627685547","0.0","1076.6649627685547","194.19845888371697","239.99999999999994","239.99999999999994","239.99999999999994","3.2131852402218053","23.566342550556172","3.2131852402218057","27.769348265814596","","0.8270057678687813","8.180782147238983","2.6428444113193947","","1.0751203839205998","0.7085254325901589","6.942586933185014","working_net_combined_queue","22.237184366473084","0.8307600021362305"
"2025-06-16","weekly","EH4000","Plan","187726.717855919","816.2031211126921","18.0",,"432.0","0.0","432.0","0.0","21.600000321865082","42.27120001577139","368.12880992889404","0.0","368.12880992889404","88.35091240813775","229.9999999999998","229.9999999999998","229.9999999999998","2.775729122780411","24.992144832313254","2.775729122780411","29.37338086141098","","0.5404937945180158","6.663843719067048","3.682233644193741","","1.4335138401105252","0.9","5.669886900408527","working_net_combined_queue","20.48725735046912","0.852150022983551"
"2025-06-16","weekly","EH5000","Plan","322066.3050628732","1102.9667981605257","24.0",,"576.0","0.0","576.0","0.0","49.536001682281494","52.64640061626434","473.8176040649414","0.0","473.8176040649414","75.81081848610307","291.9999999999997","291.9999999999997","291.9999999999997","3.157678641984377","22.630550881487537","3.157678641984377","27.765593748275766","","0.703334964265963","8.371900423955084","2.1016408057511455","","0.4011020217067393","1.2199999999999995","6.823578859387009","working_net_combined_queue","21.65106608693632","0.8226000070571899"
"2025-06-17","weekly","CAT793","Plan","582385.1634599916","2426.604847749961","54.0",,"1296.0","0.0","1296.0","0.0","103.67999768257141","115.65504363604546","1076.6649627685547","0.0","1076.6649627685547","194.19845888371697","240.00000000000037","240.00000000000037","240.00000000000037","2.858468670675802","22.76114531939148","2.858468670675802","26.87721801069365","","0.824073465934591","7.535126982139639","2.7678537662047233","","1.1363391194243275","0.7090197677360759","6.381170855268953","working_net_combined_queue","21.21124176283523","0.8307600021362305"
"2025-06-17","weekly","EH4000","Plan","159134.1089247811","691.8874301077441","18.0",,"432.0","0.0","432.0","0.0","21.600000321865082","42.27120001577139","368.12880992889404","0.0","368.12880992889404","88.35091240813775","229.99999999999991","229.99999999999991","229.99999999999991","3.2730374343303037","24.771750615164557","3.2730374343303037","29.923757570875438","","0.5389069702631809","7.927669267734297","3.5291196468251855","","1.2941382050117867","0.8999999999999999","6.562753544392953","working_net_combined_queue","22.422867002121063","0.852150022983551"
"2025-06-17","weekly","EH5000","Plan","323973.2857133683","1109.4975538129056","24.0",,"576.0","0.0","576.0","0.0","49.536001682281494","52.64640061626434","473.8176040649414","0.0","473.8176040649414","75.81081848610307","291.9999999999999","291.9999999999999","291.9999999999999","3.0424697091978623","21.98982553853408","3.0424697091978623","27.25745038670166","","0.6828233780896724","8.301483894539395","2.155876822085756","","0.47245041579187136","1.2200000000000004","6.6971848049637535","working_net_combined_queue","21.52362297362655","0.8226000070571899"
"2025-06-18","weekly","CAT793","Plan","653007.5671778616","2720.8648632410873","54.0",,"1296.0","0.0","1296.0","0.0","103.67999768257141","115.65504363604546","1076.6649627685547","0.0","1076.6649627685547","194.19845888371697","240.00000000000023","240.00000000000023","240.00000000000023","2.6642544675528543","23.90991779902266","2.6642544675528543","28.49240944506822","","0.7891995412156403","6.6857305573716985","2.6110636705973485","","1.1174754539009915","0.7058531513018105","5.610451034734824","working_net_combined_queue","19.389159629229663","0.8307600021362305"
"2025-06-18","weekly","EH4000","Plan","168099.14587786637","730.8658516428967","18.0",,"432.0","0.0","432.0","0.0","21.600000321865082","42.27120001577139","368.12880992889404","0.0","368.12880992889404","88.35091240813775","230.00000000000017","230.00000000000017","230.00000000000017","3.2453106804115253","23.575960314623664","3.2453106804115253","29.041430469847995","","0.5410323516378229","8.259202943428425","3.7159258965227675","","1.1328324423006175","0.9000000000000001","6.704857084324975","working_net_combined_queue","22.82636254287472","0.852150022983551"
"2025-06-18","weekly","EH5000","Plan","307849.63834886445","1054.279583386523","24.0",,"576.0","0.0","576.0","0.0","49.536001682281494","52.64640061626434","473.8176040649414","0.0","473.8176040649414","75.81081848610307","291.9999999999998","291.9999999999998","291.9999999999998","3.307069535408899","22.17973936467711","3.3070695354088997","27.26076161470723","","0.7049477570601885","8.946190433623364","2.0942215064324805","","0.3745016800649224","1.2200000000000002","7.2787464609016554","working_net_combined_queue","22.650924304076266","0.8226000070571899"
"2025-06-19","weekly","CAT793","Plan","655124.8606680488","2729.6869194502033","54.0",,"1296.0","0.0","1296.0","0.0","103.67999768257141","115.65504363604546","1076.6649627685547","0.0","1076.6649627685547","194.19845888371697","240.00000000000003","240.00000000000003","240.00000000000003","2.664456894960384","24.173360154867265","2.664456894960385","28.904718397044054","","0.8019616378487325","6.613371607150527","2.6228457572703987","","1.142413964200116","0.7068225236165216","5.530841418402193","working_net_combined_queue","19.269522383332713","0.8307600021362305"
"2025-06-19","weekly","EH4000","Plan","167763.54390899718","729.406712647813","18.0",,"432.0","0.0","432.0","0.0","21.600000321865082","42.27120001577139","368.12880992889404","0.0","368.12880992889404","88.35091240813775","230.00000000000026","230.00000000000026","230.00000000000026","3.383937074034331","24.8300219029719","3.383937074034331","30.015673219571877","","0.5409219262017321","8.177045724545192","3.6715206560275933","","1.1402022779105006","0.9000000000000002","6.76434018177107","working_net_combined_queue","22.771622161176385","0.852150022983551"
"2025-06-19","weekly","EH5000","Plan","328449.395162469","1124.82669576188","24.0",,"576.0","0.0","576.0","0.0","49.536001682281494","52.64640061626434","473.8176040649414","0.0","473.8176040649414","75.81081848610307","292.00000000000006","292.00000000000006","292.00000000000006","3.0530834968966136","22.174457704929836","3.0530834968966136","27.797598695966933","","0.7047515566622684","8.261081838004591","2.0127662443170657","","0.40976632910494093","1.22","6.589958068585779","working_net_combined_queue","21.230298968642277","0.8226000070571899"
"2025-06-20","weekly","CAT793","Plan","653222.1673226291","2721.7590305109543","54.0",,"1296.0","0.0","1296.0","0.0","103.67999768257141","115.65504363604546","1076.6649627685547","0.0","1076.6649627685547","194.19845888371697","240.00000000000003","240.00000000000003","240.00000000000003","2.7029207615117126","24.58222605819488","2.702920761511713","28.92803012710426","","0.8033413920951318","6.597256298383076","2.6456043627148276","","1.2392664189414557","0.706936042094268","5.606162776315415","working_net_combined_queue","19.387908686045893","0.8307600021362305"
"2025-06-20","weekly","EH4000","Plan","170119.79917469536","739.6513007595445","18.0",,"432.0","0.0","432.0","0.0","21.600000321865082","42.27120001577139","368.12880992889404","0.0","368.12880992889404","88.35091240813775","230.00000000000017","230.00000000000017","230.00000000000017","3.4213417844790315","25.492309431566756","3.4213417844790315","30.68838535581249","","0.5434735119359335","8.052644567955308","3.842207069574117","","1.1498157405881482","0.9000000000000001","6.689192171195837","working_net_combined_queue","22.63755151219638","0.852150022983551"
"2025-06-20","weekly","EH5000","Plan","327949.34680195944","1123.1142013765739","24.0",,"576.0","0.0","576.0","0.0","49.536001682281494","52.64640061626434","473.8176040649414","0.0","473.8176040649414","75.81081848610307","291.9999999999999","291.9999999999999","291.9999999999999","3.090437516809976","22.230665845515045","3.090437516809976","28.10716602131016","","0.7045927846527545","8.3410120190353","1.9650394719059334","","0.40321095045045996","1.219999999999999","6.59711658115987","working_net_combined_queue","21.262670358266533","0.8226000070571899"
"2025-06-21","weekly","CAT793","Plan","732551.9819821747","3052.299924925726","54.0",,"1296.0","0.0","1296.0","0.0","119.88000154495239","114.08364321504592","1062.0363492965698","0.0","1062.0363492965698","184.87299132337478","240.00000000000014","240.00000000000014","240.00000000000014","2.097568551638749","23.226378125480245","2.097568551638749","27.54324012939369","","0.8626755038277829","5.4185853867701415","2.8302886004917482","","1.1277499276375746","0.7112006627870838","4.569328536043059","working_net_combined_queue","17.242670488143872","0.8194724917411804"
"2025-06-21","weekly","EH4000","Plan","121115.66755304077","526.5898589262637","18.0",,"432.0","0.0","432.0","0.0","51.06239855289459","39.23657299446316","341.70103454589844","0.0","341.70103454589844","85.42525863647461","230.00000000000023","230.00000000000023","230.00000000000023","5.573603616055606","28.629481068447976","5.573603616055606","34.49171147050787","","0.5411642731879487","11.680834038305022","3.6511668840302","","1.1650706906915431","0.9000000000000002","9.6955530098667","working_net_combined_queue","29.20023232943576","0.7909746170043945"
"2025-06-21","weekly","EH5000","Plan","368559.41039650486","1262.1897616318665","24.0",,"576.0","0.0","576.0","0.0","42.163201332092285","53.38368066226958","480.4531059265137","0.0","480.4531059265137","76.87249880966257","291.9999999999999","291.9999999999999","291.9999999999999","2.831699335992459","24.103435287118273","2.831699335992459","30.099024105956875","","0.6444440502259065","7.0488690983541735","2.2758478244932348","","0.4238608686523773","1.2200000000000006","5.644766407091663","working_net_combined_queue","19.18478344735876","0.834119975566864"
"2025-06-22","weekly","CAT793","Plan","669498.0400439561","2789.5751668498137","54.0",,"1296.0","0.0","1296.0","0.0","119.88000154495239","114.08364321504592","1062.0363492965698","0.0","1062.0363492965698","184.87299132337478","240.0000000000003","240.0000000000003","240.0000000000003","2.3066887730075663","24.022199113600156","2.3066887730075676","28.221761491976963","","0.8826173065579073","5.761392856913676","2.874140752424282","","1.2220388544790035","0.7126962979918431","4.904064064881264","working_net_combined_queue","18.06458237409923","0.8194724917411804"
"2025-06-22","weekly","EH4000","Plan","122787.21315028596","533.8574484795041","18.0",,"432.0","0.0","432.0","0.0","51.06239855289459","39.23657299446316","341.70103454589844","0.0","341.70103454589844","85.42525863647461","230.00000000000003","230.00000000000003","230.00000000000003","5.090395767092944","28.013772485982464","5.090395767092944","34.35748578956472","","0.5394766535606128","10.902628204694837","3.5935113929935723","","1.0778235912567613","0.9000000000000001","8.88958371099267","working_net_combined_queue","27.54709748971026","0.7909746170043945"
"2025-06-22","weekly","EH5000","Plan","370828.19849426486","1269.9595838844675","24.0",,"576.0","0.0","576.0","0.0","42.163201332092285","53.38368066226958","480.4531059265137","0.0","480.4531059265137","76.87249880966257","292.0000000000003","292.0000000000003","292.0000000000003","2.526140154771164","22.949232774273444","2.526140154771164","29.31074275629963","","0.6422090011928043","6.604508777137906","2.2678928511191794","","0.44412997751152616","1.2200000000000002","5.171087288591277","working_net_combined_queue","18.272932453184634","0.834119975566864"
"2025-06-23","weekly","CAT793","Plan","666296.3682475201","2776.234867698003","54.0",,"1296.0","0.0","1296.0","0.0","119.88000154495239","114.08364321504592","1062.0363492965698","0.0","1062.0363492965698","184.87299132337478","239.99999999999974","239.99999999999974","239.99999999999974","2.3850946460043496","24.179881601132053","2.3850946460043505","28.279015024301287","","0.8863895665966413","5.918377977233812","2.882873389899876","","1.256651570043594","0.7132852614441427","5.060490212876389","working_net_combined_queue","18.458039935687545","0.8194724917411804"
"2025-06-23","weekly","EH4000","Plan","146180.09451913918","635.565628344083","18.0",,"432.0","0.0","432.0","0.0","51.06239855289459","39.23657299446316","341.70103454589844","0.0","341.70103454589844","85.42525863647461","230.0000000000001","230.0000000000001","230.0000000000001","3.559828134894421","26.03874924719578","3.559828134894421","31.949274173736736","","0.5417770819862958","8.202762969372179","3.6868852388996833","","1.1474775828584651","0.8999999999999999","6.685275131202899","working_net_combined_queue","22.702432232949914","0.7909746170043945"
"2025-06-23","weekly","EH5000","Plan","403097.3289240882","1380.4703045345468","24.0",,"576.0","0.0","576.0","0.0","42.163201332092285","53.38368066226958","480.4531059265137","0.0","480.4531059265137","76.87249880966257","292.0000000000004","292.0000000000004","292.0000000000004","2.1685905401850447","20.98551647919117","2.1685905401850447","26.621450862931265","","0.671137232976807","6.200249230945668","2.1246801626613747","","0.46386167333849754","1.2200000000000004","4.887616121339218","working_net_combined_queue","17.541005530517516","0.834119975566864"
"2025-06-24","weekly","CAT793","Plan","656470.6584165063","2735.2944100687814","54.0",,"1296.0","0.0","1296.0","0.0","119.88000154495239","114.08364321504592","1062.0363492965698","0.0","1062.0363492965698","184.87299132337478","239.99999999999952","239.99999999999952","239.99999999999952","2.441219080558277","23.747312679368427","2.441219080558277","27.96742432926646","","0.8721882160050967","6.167988218757566","2.8725792431919195","","1.161752197083348","0.712192962909955","5.23727688002431","working_net_combined_queue","18.8047466615797","0.8194724917411804"
"2025-06-24","weekly","EH4000","Plan","137000.61947420385","595.654867279147","18.0",,"432.0","0.0","432.0","0.0","51.06239855289459","39.23657299446316","341.70103454589844","0.0","341.70103454589844","85.42525863647461","230.00000000000009","230.00000000000009","230.00000000000009","3.8668636154356766","26.225292683724067","3.8668636154356766","31.732867436639943","","0.541210108009511","8.846872358077883","3.6170169287118443","","1.0664038135755551","0.8999999999999999","7.311404095119723","working_net_combined_queue","23.847242335057015","0.7909746170043945"
"2025-06-24","weekly","EH5000","Plan","396072.8710530948","1356.4139419626538","24.0",,"576.0","0.0","576.0","0.0","42.163201332092285","53.38368066226958","480.4531059265137","0.0","480.4531059265137","76.87249880966257","291.99999999999994","291.99999999999994","291.99999999999994","2.2462907679618147","20.99854730425175","2.2462907679618147","26.90024350329068","","0.6741616880165919","6.418417623128594","2.110684340481495","","0.43984175644654566","1.22","5.01026862679595","working_net_combined_queue","17.852099936231408","0.834119975566864"
"2025-06-25","weekly","CAT793","Plan","595567.8808948803","2481.5328370620045","54.0",,"1296.0","0.0","1296.0","0.0","119.88000154495239","114.08364321504592","1062.0363492965698","0.0","1062.0363492965698","184.87299132337478","239.99999999999966","239.99999999999966","239.99999999999966","2.6040430586368974","24.392387297702903","2.604043058636898","28.77953521462938","","0.8685235220511539","6.405383024273628","2.796846442907746","","1.1250730536111544","0.7120656751273128","5.428947422291648","working_net_combined_queue","19.127508210423176","0.8194724917411804"
"2025-06-25","weekly","EH4000","Plan","112014.77792422772","487.0207735835991","18.0",,"432.0","0.0","432.0","0.0","51.06239855289459","39.23657299446316","341.70103454589844","0.0","341.70103454589844","85.42525863647461","229.99999999999983","229.99999999999983","229.99999999999983","4.832221348226282","27.38128948831136","4.832221348226283","33.06109592707229","","0.5392868543157855","10.588737284171547","3.3242938456094224","","1.0448019600975966","0.8999999999999997","8.769620992998096","working_net_combined_queue","26.819545638666327","0.7909746170043945"
"2025-06-25","weekly","EH5000","Plan","367735.3784385754","1259.3677343786826","24.0",,"576.0","0.0","576.0","0.0","42.163201332092285","53.38368066226958","480.4531059265137","0.0","480.4531059265137","76.87249880966257","292.00000000000006","292.00000000000006","292.00000000000006","2.1757440201451295","20.788776374074242","2.1757440201451295","26.45881174142472","","0.6679883392935817","6.279573114823173","2.1384486596607055","","0.41758752643245045","1.2200000000000004","4.933881479050819","working_net_combined_queue","17.62545882099402","0.834119975566864"
"2025-06-26","weekly","CAT793","Plan","641452.7064614258","2672.7196102559415","54.0",,"1296.0","0.0","1296.0","0.0","119.88000154495239","114.08364321504592","1062.0363492965698","0.0","1062.0363492965698","184.87299132337478","239.99999999999991","239.99999999999991","239.99999999999991","2.5624657437791485","24.181384691648244","2.5624657437791485","28.445895345475467","","0.8775586923767221","6.358111687452303","2.876229779261311","","1.2529678340584314","0.7123840226968401","5.40492548255134","working_net_combined_queue","19.233969555227382","0.8194724917411804"
"2025-06-26","weekly","EH4000","Plan","142568.00463578678","619.860889720812","18.0",,"432.0","0.0","432.0","0.0","51.06239855289459","39.23657299446316","341.70103454589844","0.0","341.70103454589844","85.42525863647461","230.00000000000003","230.00000000000003","230.00000000000003","3.1984704891662865","24.044944406713697","3.1984704891662865","29.593012138286323","","0.539113031855305","7.981229904461482","3.323353775918289","","1.0029622611709068","0.9000000000000004","6.48491706262282","working_net_combined_queue","21.89237657068478","0.7909746170043945"
"2025-06-26","weekly","EH5000","Plan","366553.6427060835","1255.3206941989176","24.0",,"576.0","0.0","576.0","0.0","42.163201332092285","53.38368066226958","480.4531059265137","0.0","480.4531059265137","76.87249880966257","291.9999999999996","291.9999999999996","291.9999999999996","2.585938234705442","21.72324738720655","2.5859382347054427","27.611720584111286","","0.683560569588876","7.142407915204362","2.1873140811376452","","0.44217376707396844","1.2200000000000002","5.619218607173967","working_net_combined_queue","19.289761857611307","0.834119975566864"
"2025-06-27","weekly","CAT793","Plan","639578.5483414494","2664.910618089373","54.0",,"1296.0","0.0","1296.0","0.0","119.88000154495239","114.08364321504592","1062.0363492965698","0.0","1062.0363492965698","184.87299132337478","239.99999999999991","239.99999999999991","239.99999999999991","2.744802104514315","24.368728676019405","2.7448021045143154","29.168921743385095","","0.8559655833717725","6.758174727142165","2.7719732401255146","","1.19462413692828","0.7107301422722178","5.646013511219583","working_net_combined_queue","19.719103956245114","0.8194724917411804"
"2025-06-27","weekly","EH4000","Plan","120981.96909256789","526.0085612720334","18.0",,"432.0","0.0","432.0","0.0","51.06239855289459","39.23657299446316","341.70103454589844","0.0","341.70103454589844","85.42525863647461","230.0000000000004","230.0000000000004","230.0000000000004","5.262206602221231","27.1371783434131","5.262206602221231","32.803220199146686","","0.5396679065965694","11.634680368672536","3.556824676887104","","1.1606314919973377","0.8999999999999997","9.62504273106355","working_net_combined_queue","29.05212347177492","0.7909746170043945"
"2025-06-27","weekly","EH5000","Plan","392108.22331532394","1342.836381216863","24.0",,"576.0","0.0","576.0","0.0","42.163201332092285","53.38368066226958","480.4531059265137","0.0","480.4531059265137","76.87249880966257","291.99999999999994","291.99999999999994","291.99999999999994","2.2660822438646004","20.882677254562267","2.2660822438646004","26.97008608961931","","0.6806328528184098","6.510895752227918","2.1368709447766787","","0.45289061854256407","1.219999999999999","5.041323716211957","working_net_combined_queue","18.032604406150305","0.834119975566864"
"2025-06-28","weekly","CAT793","Plan","676233.3149934148","2817.638812472563","54.0",,"1296.0","0.0","1296.0","0.0","93.57120037078857","116.6355970042099","1085.793236732483","0.0","1085.793236732483","189.0084494437291","239.9999999999999","239.9999999999999","239.9999999999999","2.3565113902732944","23.416095054206274","2.356511390273293","27.630057442838126","","0.8625280338486313","6.0381836975418075","2.821269218887783","","1.148587559139196","0.7111896025386474","5.117277939393024","working_net_combined_queue","18.465004672147764","0.8378034234046936"
"2025-06-28","weekly","EH4000","Plan","122497.5501760981","532.5980442439044","18.0",,"432.0","0.0","432.0","0.0","73.5696029663086","38.71048388375215","319.71991539001465","0.0","319.71991539001465","79.92997884750366","230.00000000000017","230.00000000000017","230.00000000000017","4.094640884745195","26.331942650281224","4.094640884745195","31.841572949333965","","0.540458328939437","9.330054236696732","3.4246444791954946","","1.0448851086805808","0.8999999999999998","7.7156506519207815","working_net_combined_queue","24.55460967421891","0.740092396736145"
"2025-06-28","weekly","EH5000","Plan","383054.26534335775","1311.8296758334166","24.0",,"576.0","0.0","576.0","0.0","38.70719861984253","51.04281549061203","486.24997329711914","0.0","486.24997329711914","77.79999761141826","292.0000000000001","292.0000000000001","292.0000000000001","2.504085187035701","21.709746223321833","2.504085187035701","28.023728138523435","","0.6838623021976503","6.920629549356054","2.1137021195147976","","0.386380914912195","1.2199999999999998","5.361353438752651","working_net_combined_queue","18.681540480410735","0.8441839814186096"
"2025-06-29","weekly","CAT793","Plan","626093.6536700375","2608.72355695849","54.0",,"1296.0","0.0","1296.0","0.0","93.57120037078857","116.6355970042099","1085.793236732483","0.0","1085.793236732483","189.0084494437291","239.99999999999997","239.99999999999997","239.99999999999997","2.3986591585007218","23.208756553459025","2.3986591585007213","27.68037046227309","","0.8601276588506556","6.201088333988905","2.9047711230831146","","1.2191998680027427","0.7110095744137996","5.19933610376343","working_net_combined_queue","18.8538966793969","0.8378034234046936"
"2025-06-29","weekly","EH4000","Plan","120566.51965868789","524.2022593855993","18.0",,"432.0","0.0","432.0","0.0","73.5696029663086","38.71048388375215","319.71991539001465","0.0","319.71991539001465","79.92997884750366","230.00000000000009","230.00000000000009","230.00000000000009","4.106850333268959","26.640117042549285","4.106850333268958","32.26264532410913","","0.541146533150304","9.2496222746534","3.5281537762524158","","1.077065909954814","0.8999999999999997","7.637657034031248","working_net_combined_queue","24.500905003128185","0.740092396736145"
"2025-06-29","weekly","EH5000","Plan","390548.2883272963","1337.494138107181","24.0",,"576.0","0.0","576.0","0.0","38.70719861984253","51.04281549061203","486.24997329711914","0.0","486.24997329711914","77.79999761141826","291.9999999999996","291.9999999999996","291.9999999999996","2.1815751554790888","20.720340407849935","2.1815751554790888","26.947131977178188","","0.6800819073554111","6.317198788836294","2.0969901608126467","","0.3988507119898104","1.2199999999999995","4.857456052822291","working_net_combined_queue","17.559609090175854","0.8441839814186096"
"2025-06-30","weekly","CAT793","Plan","654116.7733759948","2725.486555733312","54.0",,"1296.0","0.0","1296.0","0.0","93.57120037078857","116.6355970042099","1085.793236732483","0.0","1085.793236732483","189.0084494437291","239.99999999999997","239.99999999999997","239.99999999999997","2.5582709332412845","23.597082817815764","2.5582709332412845","28.472225092629625","","0.850736819918473","6.504882708577334","2.9169321765979386","","1.2324412297004372","0.7103052614938851","5.3910874719170225","working_net_combined_queue","19.37955308339505","0.8378034234046936"
"2025-06-30","weekly","EH4000","Plan","127774.7509924012","555.5423956191354","18.0",,"432.0","0.0","432.0","0.0","73.5696029663086","38.71048388375215","319.71991539001465","0.0","319.71991539001465","79.92997884750366","230.0000000000001","230.0000000000001","230.0000000000001","3.989645673505725","26.155936988023676","3.989645673505725","31.163295738879004","","0.543234821047797","9.151984901934526","3.638713544881221","","1.1808998552314998","0.9000000000000001","7.681432105773622","working_net_combined_queue","24.567463460669984","0.740092396736145"
"2025-06-30","weekly","EH5000","Plan","371705.31317099836","1272.9634012705428","24.0",,"576.0","0.0","576.0","0.0","38.70719861984253","51.04281549061203","486.24997329711914","0.0","486.24997329711914","77.79999761141826","291.9999999999999","291.9999999999999","291.9999999999999","2.5800214586330843","21.414819584491845","2.5800214586330843","27.63538909386778","","0.6884040153158963","7.228699121522781","2.0662757082948926","","0.4434707120051581","1.2200000000000002","5.601559905387222","working_net_combined_queue","19.251927563261038","0.8441839814186096"
"2025-07-01","weekly","CAT793","Plan","656030.6708679519","2733.461128616465","54.0",,"1296.0","0.0","1296.0","0.0","93.57120037078857","116.6355970042099","1085.793236732483","0.0","1085.793236732483","189.0084494437291","240.0000000000001","240.0000000000001","240.0000000000001","2.756833102056988","24.28667446830305","2.756833102056988","29.902344371353625","","0.8029356643656035","6.810730153249209","2.8300787939030867","","1.216146613769293","0.7067201748274206","5.531672837059614","working_net_combined_queue","19.656813873930936","0.8378034234046936"
"2025-07-01","weekly","EH4000","Plan","118016.26071220715","513.1141770095952","15.0",,"360.0","0.0","360.0","0.0","61.30800247192383","32.258736569793456","266.4332628250122","0.0","266.4332628250122","66.60831570625305","230.00000000000048","230.00000000000048","230.00000000000048","3.556117801890194","25.855509799526487","3.556117801890195","30.240584220282557","","0.5475802105087633","8.252286254178566","3.875645922662737","","1.3482202891668038","0.9000000000000001","7.055652978103017","working_net_combined_queue","23.250695971216764","0.740092396736145"
"2025-07-01","weekly","EH5000","Plan","318820.4368538795","1091.8508111434226","24.0",,"576.0","0.0","576.0","0.0","38.70719861984253","51.04281549061203","486.24997329711914","0.0","486.24997329711914","77.79999761141826","292.00000000000006","292.00000000000006","292.00000000000006","3.5102620841991476","24.138782699437648","3.5102620841991485","29.685236599613837","","0.6986788161275239","8.72520075574712","2.2503504851594345","","0.43477416392190504","1.2200000000000006","7.094965349027696","working_net_combined_queue","22.44537343509455","0.8441839814186096"
"2025-07-02","weekly","CAT793","Plan","663327.0317109606","2763.862632129001","54.0",,"1296.0","0.0","1296.0","0.0","93.57120037078857","116.6355970042099","1085.793236732483","0.0","1085.793236732483","189.0084494437291","240.00000000000009","240.00000000000009","240.00000000000009","2.435119292641312","22.826954010104306","2.435119292641312","28.039244627692497","","0.8400148134608506","6.400641868109283","2.8752776756230287","","1.3243523481932482","0.7095011110095641","5.210809331652907","working_net_combined_queue","19.08491574185149","0.8378034234046936"
"2025-07-02","weekly","EH4000","Plan","108294.69566179246","470.8465028773576","15.0",,"360.0","0.0","360.0","0.0","61.30800247192383","32.258736569793456","266.4332628250122","0.0","266.4332628250122","66.60831570625305","230.00000000000045","230.00000000000045","230.00000000000045","3.9860589565534568","24.722334627218864","3.9860589565534568","29.753049686026806","","0.5390079224885244","9.673986741118393","3.428399073414914","","0.8330101354298847","0.9000000000000001","8.03828649220883","working_net_combined_queue","25.078325930188434","0.740092396736145"
"2025-07-02","weekly","EH5000","Plan","334606.9600783898","1145.9142468437976","24.0",,"576.0","0.0","576.0","0.0","38.70719861984253","51.04281549061203","486.24997329711914","0.0","486.24997329711914","77.79999761141826","292.0000000000008","292.0000000000008","292.0000000000008","3.047663945816827","22.222603344578904","3.0476639458168275","27.721666938471508","","0.7022762727604761","8.228551529882631","2.1811062260196414","","0.43053768240604456","1.2200000000000002","6.596278541072899","working_net_combined_queue","21.38641635657659","0.8441839814186096"
"2025-07-03","weekly","CAT793","Plan","681205.5978262243","2838.356657609266","54.0",,"1296.0","0.0","1296.0","0.0","93.57120037078857","116.6355970042099","1085.793236732483","0.0","1085.793236732483","189.0084494437291","240.00000000000014","240.00000000000014","240.00000000000014","2.5364984644008137","23.92502596118774","2.5364984644008146","29.28889591146065","","0.8258914255795018","6.361117773119168","2.8447314908965895","","1.3234300541547306","0.7084418569184632","5.196164045381358","working_net_combined_queue","18.954158134846327","0.8378034234046936"
"2025-07-03","weekly","EH4000","Plan","97066.828617702","422.0296896421834","15.0",,"360.0","0.0","360.0","0.0","61.30800247192383","32.258736569793456","266.4332628250122","0.0","266.4332628250122","66.60831570625305","229.99999999999957","229.99999999999957","229.99999999999957","4.942160629948712","25.82883939482725","4.942160629948712","30.787086369127632","","0.5377133678992825","11.480563770755756","3.522087286398259","","0.6119579008359246","0.8999999999999997","9.631623929644533","working_net_combined_queue","28.40913133216678","0.740092396736145"
"2025-07-03","weekly","EH5000","Plan","340331.184965519","1165.51775673123","24.0",,"576.0","0.0","576.0","0.0","38.70719861984253","51.04281549061203","486.24997329711914","0.0","486.24997329711914","77.79999761141826","291.99999999999983","291.99999999999983","291.99999999999983","3.0048812256638846","22.221270816771337","3.0048812256638855","27.993748107223517","","0.6678680275726223","8.113526675700221","2.1925564941556646","","0.4245152800026216","1.2200000000000004","6.440469237962111","working_net_combined_queue","21.026705985612228","0.8441839814186096"
"2025-07-04","weekly","CAT793","Plan","648725.3196000069","2703.0221650000317","54.0",,"1296.0","0.0","1296.0","0.0","93.57120037078857","116.6355970042099","1085.793236732483","0.0","1085.793236732483","189.0084494437291","239.99999999999974","239.99999999999974","239.99999999999974","2.6188319678547898","23.223049659241013","2.618831967854791","28.580597573135158","","0.8596461918987407","6.766119022992382","2.892323025624321","","1.1864830690840265","0.7109734643924053","5.497782811195821","working_net_combined_queue","19.6498514272191","0.8378034234046936"
"2025-07-04","weekly","EH4000","Plan","108878.67054127515","473.3855240925006","15.0",,"360.0","0.0","360.0","0.0","61.30800247192383","32.258736569793456","266.4332628250122","0.0","266.4332628250122","66.60831570625305","230.00000000000003","230.00000000000003","230.00000000000003","3.857446860968664","25.84735402573032","3.8574468609686687","30.707183546979785","","0.5442531890002443","8.954371554926706","3.793102417795102","","0.9740644316720907","0.9","7.537220445633613","working_net_combined_queue","24.127365345016486","0.740092396736145"
"2025-07-04","weekly","EH5000","Plan","336743.3129116953","1153.2305236701898","24.0",,"576.0","0.0","576.0","0.0","38.70719861984253","51.04281549061203","486.24997329711914","0.0","486.24997329711914","77.79999761141826","291.9999999999999","291.9999999999999","291.9999999999999","3.0651580631446356","22.114698456346837","3.0651580631446356","28.658407925037135","","0.6283820125169682","8.316165113067449","2.3523313515132656","","0.4175278129375382","1.2199999999999998","6.417295903866573","working_net_combined_queue","21.250737549023913","0.8441839814186096"
"2025-07-05","weekly","CAT793","Plan","585373.6398723612","2426.135548885126","54.0",,"1296.0","0.0","1296.0","0.0","92.5344021320343","116.73616643633537","1086.7294006347656","0.0","1086.7294006347656","189.17141130572054","241.27820893657653","241.27820893657653","241.27820893657653","3.1480275174096857","25.022031610081513","3.148027517409686","30.000259835497772","","1.034836235152465","7.548613717220295","2.738305030653914","","1.2405414506303","1.776570618780073","6.296000504005208","working_net_combined_queue","22.19721356803471","0.8385257720947266"
"2025-07-05","weekly","EH4000","Plan","94717.57235109058","411.8220207735353","15.0",,"360.0","0.0","360.0","0.0","46.908000111579895","33.81393686505103","279.2780613899231","0.0","279.2780613899231","69.81951534748077","229.99637603929062","229.99637603929062","229.99637603929062","3.046073046054042","16.418769265372774","3.046073046054042","18.70833567788582","","0.6499999999999999","11.131430121787087","3.1919532024012915","","1.8426295729201507","1.8299999999999998","9.769141729655786","working_net_combined_queue","30.515154626764335","0.7757723927497864"
"2025-07-05","weekly","EH5000","Plan","392768.56905395386","1345.0978392258703","24.0",,"576.0","0.0","576.0","0.0","34.44479942321777","51.447743409210204","490.1074447631836","0.0","490.1074447631836","78.41719306093358","291.99999999999983","291.99999999999983","291.99999999999983","2.1865486538750925","21.961073125929754","2.1865486538750925","27.64836269462335","","1.249855437986995","5.973884722309138","1.8176605445622658","","0.30591248546505906","2.859768700779193","4.745052019229263","working_net_combined_queue","18.364029039627482","0.8508809804916382"
"2025-07-06","weekly","CAT793","Plan","573740.1442048213","2384.031795719806","54.0",,"1296.0","0.0","1296.0","0.0","92.5344021320343","116.73616643633537","1086.7294006347656","0.0","1086.7294006347656","189.17141130572054","240.6596024578578","240.6596024578578","240.6596024578578","3.0018844631304993","24.636352187299106","3.0018844631304997","29.511795954045166","","1.022207573845434","7.310865927654846","2.70487667960584","","1.1535998329280754","1.7571465283609111","6.103087323736459","working_net_combined_queue","21.648027525338414","0.8385257720947266"
"2025-07-06","weekly","EH4000","Plan","108125.31437622047","471.407580336201","15.0",,"360.0","0.0","360.0","0.0","46.908000111579895","33.81393686505103","279.2780613899231","0.0","279.2780613899231","69.81951534748077","229.36694038544536","229.36694038544536","229.36694038544536","2.615836653783482","18.204763759066456","2.615836653783482","20.78357382604273","","0.6499999999999998","8.621380716838114","3.132526797804385","","1.6631793675999318","1.8299999999999996","7.551646340551087","working_net_combined_queue","25.54873322279354","0.7757723927497864"
"2025-07-06","weekly","EH5000","Plan","383014.68036610115","1311.6941108428089","24.0",,"576.0","0.0","576.0","0.0","34.44479942321777","51.447743409210204","490.1074447631836","0.0","490.1074447631836","78.41719306093358","292.00000000000074","292.00000000000074","292.00000000000074","2.008472581646086","21.125693037378607","2.008472581646086","26.773161428383748","","1.2557310714728744","5.704350370212447","1.850722522119801","","0.405082306781746","2.8691697143565977","4.501087972786338","working_net_combined_queue","18.04703545405218","0.8508809804916382"
"2025-07-07","weekly","CAT793","Plan","597045.5970555879","2479.4822317136923","54.0",,"1296.0","0.0","1296.0","0.0","92.5344021320343","116.73616643633537","1086.7294006347656","0.0","1086.7294006347656","189.17141130572054","240.79446483588643","240.79446483588643","240.79446483588643","3.0883220644291898","25.131338635409435","3.0883220644291898","30.26968675773253","","1.0295053864380475","7.373237317516753","2.6939116341304747","","1.2706034060461247","1.7259660131347037","6.121613525399823","working_net_combined_queue","21.719647871346698","0.8385257720947266"
"2025-07-07","weekly","EH4000","Plan","130661.21624298352","570.0325558288845","15.0",,"360.0","0.0","360.0","0.0","46.908000111579895","33.81393686505103","279.2780613899231","0.0","279.2780613899231","69.81951534748077","229.21711208755264","229.21711208755264","229.21711208755264","2.91558253202041","24.7435826385538","2.91558253202041","29.275594572791","","0.65","7.0699120041191055","3.2262095315878407","","1.1954340207088079","1.8300000000000003","5.97545342712905","working_net_combined_queue","22.047008983544817","0.7757723927497864"
"2025-07-07","weekly","EH5000","Plan","386200.1448383665","1322.603235747833","24.0",,"576.0","0.0","576.0","0.0","34.44479942321777","51.447743409210204","490.1074447631836","0.0","490.1074447631836","78.41719306093358","291.99999999999943","291.99999999999943","291.99999999999943","2.1493082762709554","21.419607199851544","2.1493082762709554","27.076722788542096","","1.250697203909062","6.0205817675849405","1.8788686218436317","","0.43019186477714344","2.8611155262544985","4.7627069783654905","working_net_combined_queue","18.67636121954834","0.8508809804916382"
"2025-07-08","weekly","CAT793","Plan","628638.6863816999","2607.6261288755077","54.0",,"1296.0","0.0","1296.0","0.0","92.5344021320343","116.73616643633537","1086.7294006347656","0.0","1086.7294006347656","189.17141130572054","241.07700080946387","241.07700080946387","241.07700080946387","2.8690464387854258","25.576624293756275","2.8690464387854258","30.463462057024334","","1.0285790220167912","6.730473277083277","2.660368651803187","","1.2405688582729912","1.7482661718290866","5.650795238075459","working_net_combined_queue","20.65230148577187","0.8385257720947266"
"2025-07-08","weekly","EH4000","Plan","124556.87419677622","542.1946984963332","15.0",,"360.0","0.0","360.0","0.0","46.908000111579895","33.81393686505103","279.2780613899231","0.0","279.2780613899231","69.81951534748077","229.72720785026004","229.72720785026004","229.72720785026004","3.279619663310458","25.21434043564278","3.279619663310458","30.22908935683477","","0.6500000000000002","7.8041771626302365","3.2355578628091712","","1.0497011861592616","1.83","6.509530521273753","working_net_combined_queue","23.17896673287244","0.7757723927497864"
"2025-07-08","weekly","EH5000","Plan","334355.10213263804","1145.051719632322","24.0",,"576.0","0.0","576.0","0.0","34.44479942321777","51.447743409210204","490.1074447631836","0.0","490.1074447631836","78.41719306093358","292.00000000000006","292.00000000000006","292.00000000000006","3.0589064067022043","24.249264912350238","3.058906406702205","29.63372888400109","","1.234458813457894","7.568657650676147","1.8537917856135426","","0.4699860599258017","2.835134101532631","6.193428613744942","working_net_combined_queue","21.572314470417428","0.8508809804916382"
"2025-07-09","weekly","CAT793","Plan","654834.4673193217","2725.3517321954037","54.0",,"1296.0","0.0","1296.0","0.0","92.5344021320343","116.73616643633537","1086.7294006347656","0.0","1086.7294006347656","189.17141130572054","240.2752127674253","240.2752127674253","240.2752127674253","2.659123934424395","25.314039216182735","2.659123934424395","29.97303419594485","","1.0327237729179244","6.3027253257737055","2.609739918231838","","1.1285136005593395","1.771347109628715","5.323032530588757","working_net_combined_queue","19.76019474464542","0.8385257720947266"
"2025-07-09","weekly","EH4000","Plan","120350.2277474166","523.5819568626086","15.0",,"360.0","0.0","360.0","0.0","46.908000111579895","33.81393686505103","279.2780613899231","0.0","279.2780613899231","69.81951534748077","229.85938718854152","229.85938718854152","229.85938718854152","3.438147639839348","25.035313188414424","3.4381476398393467","30.32908215058421","","0.6500000000000001","8.239915228455184","3.2331946984980577","","1.1481578033112574","1.8300000000000007","6.801684843812103","working_net_combined_queue","24.002952574076602","0.7757723927497864"
"2025-07-09","weekly","EH5000","Plan","309668.50318237237","1060.508572542373","24.0",,"576.0","0.0","576.0","0.0","34.44479942321777","51.447743409210204","490.1074447631836","0.0","490.1074447631836","78.41719306093358","291.9999999999995","291.9999999999995","291.9999999999995","3.5803320476727674","25.161131853051703","3.5803320476727674","30.179829299694084","","1.2350461744712224","8.537768655042095","1.850615640051911","","0.3603806178360415","2.836073879153956","7.117996617116172","working_net_combined_queue","23.29204725016115","0.8508809804916382"
"2025-07-10","weekly","CAT793","Plan","641940.5050397529","2675.114943176961","54.0",,"1296.0","0.0","1296.0","0.0","92.5344021320343","116.73616643633537","1086.7294006347656","0.0","1086.7294006347656","189.17141130572054","239.96744763325412","239.96744763325412","239.96744763325412","2.7172548116688127","24.798244805691144","2.7172548116688127","29.64041535535187","","1.0476682803603232","6.574468877842214","2.559899298091972","","1.0583134746157283","1.7806761990736968","5.500438733585126","working_net_combined_queue","20.107575076787853","0.8385257720947266"
"2025-07-10","weekly","EH4000","Plan","138181.77306816806","601.3634895242702","15.0",,"360.0","0.0","360.0","0.0","46.908000111579895","33.81393686505103","279.2780613899231","0.0","279.2780613899231","69.81951534748077","229.78078229771086","229.78078229771086","229.78078229771086","2.4250513061538115","23.329895197749003","2.4250513061538115","28.11353664520837","","0.6499999999999998","6.236765194867554","3.1282793210264424","","1.5888725326978126","1.83","5.175552268840143","working_net_combined_queue","20.709469317431946","0.7757723927497864"
"2025-07-10","weekly","EH5000","Plan","334144.51624987356","1144.3305351023075","24.0",,"576.0","0.0","576.0","0.0","34.44479942321777","51.447743409210204","490.1074447631836","0.0","490.1074447631836","78.41719306093358","291.9999999999998","291.9999999999998","291.9999999999998","2.9984064583215564","22.9718382514203","2.9984064583215564","28.86720033435702","","1.2661365315342106","7.831518989916719","1.8221306263889758","","0.31308737903322725","2.885818450454736","6.232138392900391","working_net_combined_queue","21.5859098600237","0.8508809804916382"
"2025-07-11","weekly","CAT793","Plan","595370.5841513841","2480.9035678647715","54.0",,"1296.0","0.0","1296.0","0.0","92.5344021320343","116.73616643633537","1086.7294006347656","0.0","1086.7294006347656","189.17141130572054","239.98134867603866","239.98134867603866","239.98134867603866","3.0196723424009813","25.730446815895007","3.019672342400981","30.534369115324328","","1.0818158722595572","7.041476653725833","2.5749256080020833","","1.053546056944309","1.8142398679176623","5.933652660703889","working_net_combined_queue","21.067720099127136","0.8385257720947266"
"2025-07-11","weekly","EH4000","Plan","139718.23413068854","608.6140805152676","15.0",,"360.0","0.0","360.0","0.0","46.908000111579895","33.81393686505103","279.2780613899231","0.0","279.2780613899231","69.81951534748077","229.56786345199188","229.56786345199188","229.56786345199188","2.293751496224951","24.24991698643266","2.2937514962249503","29.18999279504849","","0.6499999999999998","5.675280861806477","3.080874584883713","","1.7004755955736701","1.8300000000000003","4.714803828140801","working_net_combined_queue","19.75143487040465","0.7757723927497864"
"2025-07-11","weekly","EH5000","Plan","323683.6433574436","1108.5056279364496","24.0",,"576.0","0.0","576.0","0.0","34.44479942321777","51.447743409210204","490.1074447631836","0.0","490.1074447631836","78.41719306093358","292.0000000000003","292.0000000000003","292.0000000000003","3.1707255130247067","23.20370504709276","3.170725513024706","28.77082452592626","","1.2813664079947993","8.198842831150294","1.816979892446279","","0.3403248181339287","2.910186252791678","6.612376736372229","working_net_combined_queue","22.28352762350906","0.8508809804916382"
"2025-07-12","weekly","CAT793","Plan","639183.5697073337","2659.950856352753","54.0",,"1296.0","0.0","1296.0","0.0","93.18240344524384","116.6733103071001","1086.1443271636963","0.0","1086.1443271636963","189.06956518452876","240.29901461554203","240.29901461554203","240.29901461554203","2.6322670104626185","23.770280699358988","2.6322670104626185","29.128819905181174","","1.0372719420769876","6.644264012919972","2.5171441299803132","","1.0492024860746152","1.7744643651777996","5.421984863851792","working_net_combined_queue","20.118085447569992","0.8380743265151978"
"2025-07-12","weekly","EH4000","Plan","129109.29798751982","562.5963862419158","15.0",,"360.0","0.0","360.0","0.0","65.55599927902222","15.311088353394986","279.13292169570923","0.0","279.13292169570923","69.78323042392731","229.4883172818728","229.4883172818728","229.4883172818728","2.7633624200164135","25.226145539056144","2.7633624200164135","29.62279068843922","","0.6500000000000001","6.5726151046058074","3.087441739746337","","1.8011611789553887","1.8300000000000012","5.597100791239485","working_net_combined_queue","21.638318814546995","0.7753692269325256"
"2025-07-12","weekly","EH5000","Plan","332435.66782109713","1138.4783144558114","24.0",,"576.0","0.0","576.0","0.0","55.87200164794922","49.41215922340393","470.7158546447754","0.0","470.7158546447754","75.3145385668594","292.00000000000017","292.00000000000017","292.00000000000017","2.948232871136872","24.150235858021375","2.948232871136872","29.2242419125221","","1.2454128804304194","7.324730628229368","1.7860187042458815","","0.27454323908302114","2.8526606086886703","6.052987543619265","working_net_combined_queue","20.838410388268922","0.8172150254249573"
"2025-07-13","weekly","CAT793","Plan","613552.586496832","2554.28647139246","54.0",,"1296.0","0.0","1296.0","0.0","93.18240344524384","116.6733103071001","1086.1443271636963","0.0","1086.1443271636963","189.06956518452876","240.20508011474374","240.20508011474374","240.20508011474374","2.6623650418639127","23.99942812391608","2.6623650418639127","29.32917946421786","","1.042807655856405","6.6560712066571135","2.5223499543492864","","1.007971132301097","1.7802384489370928","5.446517953450516","working_net_combined_queue","20.148952878050327","0.8380743265151978"
"2025-07-13","weekly","EH4000","Plan","137811.7498620354","599.3500347319961","15.0",,"360.0","0.0","360.0","0.0","65.55599927902222","15.311088353394986","279.13292169570923","0.0","279.13292169570923","69.78323042392731","229.93533307069708","229.93533307069708","229.93533307069708","2.366516239089144","25.586180034614333","2.366516239089143","28.7907098209856","","0.6500000000000001","5.549518300631659","3.1326506754744825","","1.856250145524911","1.8299999999999996","4.9318330540725706","working_net_combined_queue","20.05025217570361","0.7753692269325256"
"2025-07-13","weekly","EH5000","Plan","323491.75150922727","1107.8484640726965","24.0",,"576.0","0.0","576.0","0.0","55.87200164794922","49.41215922340393","470.7158546447754","0.0","470.7158546447754","75.3145385668594","291.9999999999999","291.9999999999999","291.9999999999999","2.846565378236007","23.785762149313072","2.846565378236007","28.733400266798586","","1.2462152484104123","7.180510829210192","1.7359016845661037","","0.3024669365503877","2.85394439745666","5.944090191494412","working_net_combined_queue","20.52227882022827","0.8172150254249573"
"2025-07-14","weekly","CAT793","Plan","632732.1461490194","2633.852014393142","54.0",,"1296.0","0.0","1296.0","0.0","93.18240344524384","116.6733103071001","1086.1443271636963","0.0","1086.1443271636963","189.06956518452876","240.2307125424453","240.2307125424453","240.2307125424453","2.6939451152250036","24.98721171181078","2.6939451152250036","29.860933405511496","","1.0657017636818358","6.468777260053346","2.5269210809951708","","0.9862599019072907","1.7888679546389792","5.412982398054128","working_net_combined_queue","19.92093932684282","0.8380743265151978"
"2025-07-14","weekly","EH4000","Plan","136627.5688259904","594.5167388600845","15.0",,"360.0","0.0","360.0","0.0","65.55599927902222","15.311088353394986","279.13292169570923","0.0","279.13292169570923","69.78323042392731","229.81282089375244","229.81282089375244","229.81282089375244","2.69009190475499","26.795136943887595","2.6900919047549885","30.009733584780847","","0.65","6.023686858675249","3.053256929835075","","1.679340719842776","1.8299999999999996","5.378438759854722","working_net_combined_queue","20.714723268207827","0.7753692269325256"
"2025-07-14","weekly","EH5000","Plan","336712.5393324373","1153.1251347001278","24.0",,"576.0","0.0","576.0","0.0","55.87200164794922","49.41215922340393","470.7158546447754","0.0","470.7158546447754","75.3145385668594","292.0","292.0","292.0","2.933059151576151","24.209671852196134","2.933059151576151","29.137316664065867","","1.2558975887496808","7.269142273756389","1.702230679150573","","0.26973935478370864","2.869436141999491","6.039799447682292","working_net_combined_queue","20.573724065644004","0.8172150254249573"
"2025-07-15","weekly","CAT793","Plan","652490.8830204079","2715.34475045488","54.0",,"1296.0","0.0","1296.0","0.0","93.18240344524384","116.6733103071001","1086.1443271636963","0.0","1086.1443271636963","189.06956518452876","240.2976207389877","240.2976207389877","240.2976207389877","2.6056185799665816","24.63185704540868","2.6056185799665816","29.62755848823367","","1.0558971379391382","6.346947958888702","2.6255324530604094","","0.9597115731163866","1.7976358293367227","5.276746474404323","working_net_combined_queue","19.75974141780226","0.8380743265151978"
"2025-07-15","weekly","EH4000","Plan","147385.3071423243","641.2847967703351","15.0",,"360.0","0.0","360.0","0.0","65.55599927902222","15.311088353394986","279.13292169570923","0.0","279.13292169570923","69.78323042392731","229.82816353138614","229.82816353138614","229.82816353138614","2.21751302410411","25.099054807316918","2.217513024104109","27.88482673059876","","0.6500000000000004","5.301027567279522","3.090858874304023","","1.7826644989470606","1.8299999999999998","4.771440135944844","working_net_combined_queue","19.52599107647544","0.7753692269325256"
"2025-07-15","weekly","EH5000","Plan","358496.43333126645","1227.7275114084482","24.0",,"576.0","0.0","576.0","0.0","55.87200164794922","49.41215922340393","470.7158546447754","0.0","470.7158546447754","75.3145385668594","291.99999999999966","291.99999999999966","291.99999999999966","2.509666852478187","22.76961623667098","2.509666852478187","27.64154251621672","","1.2713840516329626","6.613199343525988","1.6243708573533648","","0.3066366227513492","2.8942144826127403","5.447597979032793","working_net_combined_queue","19.323569859196084","0.8172150254249573"
"2025-07-16","weekly","CAT793","Plan","601021.3876746526","2497.43237421823","54.0",,"1296.0","0.0","1296.0","0.0","93.18240344524384","116.6733103071001","1086.1443271636963","0.0","1086.1443271636963","189.06956518452876","240.65572060296128","240.65572060296128","240.65572060296128","2.7868216066171736","25.221428281500867","2.7868216066171736","30.068198679440112","","1.045077595737768","6.629652156522525","2.642860648246934","","1.1101993984800511","1.7871088303968334","5.561001448063598","working_net_combined_queue","20.500463224887408","0.8380743265151978"
"2025-07-16","weekly","EH4000","Plan","134171.53326833562","584.0374412136256","15.0",,"360.0","0.0","360.0","0.0","65.55599927902222","15.311088353394986","279.13292169570923","0.0","279.13292169570923","69.78323042392731","229.73104770394198","229.73104770394198","229.73104770394198","2.276740899209268","25.55147787157241","2.2767408992092673","28.10649789682354","","0.65","5.346244731485255","3.1227422126733693","","1.7514801019418351","1.8300000000000003","4.860244575970256","working_net_combined_queue","19.660711622070707","0.7753692269325256"
"2025-07-16","weekly","EH5000","Plan","341512.9969117012","1169.565057916785","24.0",,"576.0","0.0","576.0","0.0","55.87200164794922","49.41215922340393","470.7158546447754","0.0","470.7158546447754","75.3145385668594","292.0","292.0","292.0","2.266727447850729","22.0044740347348","2.266727447850729","26.484677713137476","","1.2681932308906327","6.1807270038064726","1.6288156409966248","","0.29850061059521815","2.8891091694250113","5.135182249304109","working_net_combined_queue","18.594153150815924","0.8172150254249573"
"2025-07-17","weekly","CAT793","Plan","558597.1681576129","2317.418848512759","54.0",,"1296.0","0.0","1296.0","0.0","93.18240344524384","116.6733103071001","1086.1443271636963","0.0","1086.1443271636963","189.06956518452876","241.04281732070217","241.04281732070217","241.04281732070217","3.2438021745623122","25.897616645501373","3.2438021745623122","30.54171521550538","","1.079924464977061","7.515291199877547","2.721183177289512","","1.2225031688549062","1.8164881357755072","6.372534387817557","working_net_combined_queue","22.35829598389479","0.8380743265151978"
"2025-07-17","weekly","EH4000","Plan","127326.09925265983","556.5046077389736","15.0",,"360.0","0.0","360.0","0.0","65.55599927902222","15.311088353394986","279.13292169570923","0.0","279.13292169570923","69.78323042392731","228.7961276187342","228.7961276187342","228.7961276187342","2.712351897992879","26.2406889485666","2.712351897992879","30.38874342448105","","0.6499999999999998","6.201861323022256","2.950727251164081","","1.754342993344238","1.8299999999999998","5.355309089498882","working_net_combined_queue","20.84224065702945","0.7753692269325256"
"2025-07-17","weekly","EH5000","Plan","384802.8790496403","1317.818078937122","24.0",,"576.0","0.0","576.0","0.0","55.87200164794922","49.41215922340393","470.7158546447754","0.0","470.7158546447754","75.3145385668594","292.0000000000005","292.0000000000005","292.0000000000005","2.0839319730631805","21.66926405250688","2.0839319730631805","26.17312630404643","","1.2843174813688945","5.770196813367348","1.6138790454872742","","0.4201414163578784","2.9149079701902303","4.777263401065694","working_net_combined_queue","18.002544291692466","0.8172150254249573"
"2025-07-18","weekly","CAT793","Plan","616764.9129007013","2565.4690609396935","54.0",,"1296.0","0.0","1296.0","0.0","93.18240344524384","116.6733103071001","1086.1443271636963","0.0","1086.1443271636963","189.06956518452876","240.4101933214464","240.4101933214464","240.4101933214464","2.807202382265756","25.61086867810511","2.8072023822657557","30.499298873077255","","1.0718651867332931","6.5765884419195455","2.666059739750549","","1.0748049699892355","1.8146728733052722","5.522492291933504","working_net_combined_queue","20.347025846485547","0.8380743265151978"
"2025-07-18","weekly","EH4000","Plan","130260.05381024658","568.3104415719959","15.0",,"360.0","0.0","360.0","0.0","65.55599927902222","15.311088353394986","279.13292169570923","0.0","279.13292169570923","69.78323042392731","229.20580774468263","229.20580774468263","229.20580774468263","2.524524122994522","25.16629716164085","2.5245241229945217","28.810376527049627","","0.6500000000000002","6.018821378718687","3.0361477372597836","","1.598975757579501","1.8299999999999996","5.257530988442898","working_net_combined_queue","20.49147586200086","0.7753692269325256"
"2025-07-18","weekly","EH5000","Plan","372681.3551360583","1276.306010739925","24.0",,"576.0","0.0","576.0","0.0","55.87200164794922","49.41215922340393","470.7158546447754","0.0","470.7158546447754","75.3145385668594","292.00000000000017","292.00000000000017","292.00000000000017","2.2315755800573807","21.93174432521819","2.2315755800573807","26.53859922869027","","1.277999753053814","6.105056342895826","1.6795648682499957","","0.31922964151056","2.9047996048861036","5.045275134894555","working_net_combined_queue","18.588080080151727","0.8172150254249573"
"2025-07-19","weekly","CAT793","Plan","578665.1987592328","2405.352446098471","54.0",,"1296.0","0.0","1296.0","0.0","106.13571882247925","115.41683867844853","1074.4474153518677","0.0","1074.4474153518677","187.03343612234482","240.57397480266943","240.57397480266943","240.57397480266943","2.8856995288527205","25.871959433194906","2.88569952885272","30.160503991137183","","1.071655398207584","6.692263575097222","2.602737606631708","","1.1209990574362523","1.8136065568627524","5.740685625878196","working_net_combined_queue","20.596636856063558","0.8290489315986633"
"2025-07-19","weekly","EH4000","Plan","129579.40631666378","567.5184569993521","15.0",,"360.0","0.0","360.0","0.0","62.79143035411835","15.454845940456048","281.7537188529968","0.0","281.7537188529968","70.4384297132492","228.3263296876558","228.3263296876558","228.3263296876558","2.487553690473456","24.714164600515304","2.487553690473456","29.214613714892742","","0.6500000000000002","6.039177283188255","2.9694822743567038","","1.5486162824068115","1.83","5.108854865752426","working_net_combined_queue","20.24613070570417","0.7826492190361023"
"2025-07-19","weekly","EH5000","Plan","373727.32582884096","1279.8881021535647","24.0",,"576.0","0.0","576.0","0.0","59.81428670883179","49.03764214731966","467.14807891845703","0.0","467.14807891845703","74.74369443682582","292.00000000000006","292.00000000000006","292.00000000000006","2.2360159320017026","22.129544266343036","2.2360159320017026","26.61896445773952","","1.2627641570136967","6.062526833150757","1.6781228028299293","","0.2729414489055034","2.880422651221915","5.0400516568966145","working_net_combined_queue","18.395563454990103","0.8110209703445435"
"2025-07-20","weekly","CAT793","Plan","537612.2234829062","2238.302419418272","54.0",,"1296.0","0.0","1296.0","0.0","106.13571882247925","115.41683867844853","1074.4474153518677","0.0","1074.4474153518677","187.03343612234482","240.1874826291927","240.1874826291927","240.1874826291927","2.604422221467106","26.463152436926446","2.604422221467106","31.220630589438017","","1.1292221296077434","5.90501580113997","2.609918809871822","","1.1298569377826826","1.8736923362630389","5.005194652951409","working_net_combined_queue","19.122302453399755","0.8290489315986633"
"2025-07-20","weekly","EH4000","Plan","107679.42863075077","470.6018397329991","15.0",,"360.0","0.0","360.0","0.0","62.79143035411835","15.454845940456048","281.7537188529968","0.0","281.7537188529968","70.4384297132492","228.8121710103042","228.8121710103042","228.8121710103042","2.1729260867731166","24.28193794077396","2.1729260867731166","29.354457927670033","","0.6499999999999999","5.369240524557218","3.0217400542678443","","1.7219756326371376","1.8300000000000005","4.441423020913382","working_net_combined_queue","19.134379232375565","0.7826492190361023"
"2025-07-20","weekly","EH5000","Plan","366995.7960526194","1256.8349179884235","24.0",,"576.0","0.0","576.0","0.0","59.81428670883179","49.03764214731966","467.14807891845703","0.0","467.14807891845703","74.74369443682582","291.9999999999998","291.9999999999998","291.9999999999998","1.9001915892018533","20.45386685184783","1.900191589201854","25.671634460878817","","1.2714817865243064","5.5740802547470985","1.80314896659029","","0.40485244265713116","2.894370858438889","4.441146726588607","working_net_combined_queue","17.882534148317387","0.8110209703445435"
"2025-07-21","weekly","CAT793","Plan","587605.9554257423","2444.1097680252396","54.0",,"1296.0","0.0","1296.0","0.0","106.13571882247925","115.41683867844853","1074.4474153518677","0.0","1074.4474153518677","187.03343612234482","240.41717074782144","240.41717074782144","240.41717074782144","2.9134468295552867","26.828220152571134","2.913446829555286","31.449754660650413","","1.1004592448381962","6.515781098380627","2.650570757542254","","1.0777428313574913","1.844095744688578","5.558288503663068","working_net_combined_queue","20.207184744750894","0.8290489315986633"
"2025-07-21","weekly","EH4000","Plan","129620.1197648345","566.3798080589811","15.0",,"360.0","0.0","360.0","0.0","62.79143035411835","15.454845940456048","281.7537188529968","0.0","281.7537188529968","70.4384297132492","228.85724017784236","228.85724017784236","228.85724017784236","2.2433148998768893","24.588988265200427","2.2433148998768893","29.599227958928196","","0.6499999999999999","5.473950068254922","2.9791784462980675","","1.731201994065563","1.83","4.5473785390410315","working_net_combined_queue","19.31170904765956","0.7826492190361023"
"2025-07-21","weekly","EH5000","Plan","379579.6577463985","1299.9303347479406","24.0",,"576.0","0.0","576.0","0.0","59.81428670883179","49.03764214731966","467.14807891845703","0.0","467.14807891845703","74.74369443682582","291.9999999999999","291.9999999999999","291.9999999999999","1.8934970205566468","19.910816995436367","1.8934970205566495","25.73358552659283","","1.2702157245443124","5.7059346816074195","1.8276200764854909","","0.413062559832545","2.8923451592708997","4.414846159544915","working_net_combined_queue","18.111941977947673","0.8110209703445435"
"2025-07-22","weekly","CAT793","Plan","610299.6399981685","2542.246559235268","53.75",,"1290.0","0.0","1290.0","0.0","105.64434975385666","114.88250146234459","1069.4731217622757","0.0","1069.4731217622757","186.04852599694246","240.06311967701214","240.06311967701214","240.06311967701214","2.679346610079113","25.350403111156705","2.6793466100791132","30.14349502824417","","1.1059764408389257","6.34154793909356","2.611716473051393","","1.1441039380454483","1.849772859413966","5.33318370859502","working_net_combined_queue","19.862152566855162","0.8290489315986633"
"2025-07-22","weekly","EH4000","Plan","114521.81800146183","502.66111712846055","15.0",,"360.0","0.0","360.0","0.0","62.79143035411835","15.454845940456048","281.7537188529968","0.0","281.7537188529968","70.4384297132492","227.83106570026288","227.83106570026288","227.83106570026288","2.9126968458754363","25.98821526003124","2.9126968458754363","31.417132939327324","","0.65","6.7246561183176885","2.915785489039373","","1.4235635752972027","1.8299999999999996","5.562627598451638","working_net_combined_queue","21.2066327811059","0.7826492190361023"
"2025-07-22","weekly","EH5000","Plan","364387.1690620937","1247.9012639112832","23.75",,"570.0","0.0","570.0","0.0","59.191221222281456","48.52683337495175","462.28195309638977","0.0","462.28195309638977","73.7218080460965","291.9999999999992","291.9999999999992","291.9999999999992","1.9915734190510093","20.163351064937657","1.991573419051012","25.507529626768388","","1.2847091218493674","5.92631674954324","1.8156248653137759","","0.4803950848503722","2.9155345949589884","4.684671816186371","working_net_combined_queue","18.682254047471027","0.8110209703445435"
"2025-07-23","weekly","CAT793","Plan","596716.0155466169","2493.0696869381495","53.75",,"1290.0","0.0","1290.0","0.0","105.64434975385666","114.88250146234459","1069.4731217622757","0.0","1069.4731217622757","186.04852599694246","239.34991415321025","239.34991415321025","239.34991415321025","2.8783288753749954","25.358739328856366","2.878328875374995","30.42686009464841","","1.0951228516979066","6.810264906425385","2.4697582868147343","","0.9074464507112343","1.8304558106785846","5.675897282377644","working_net_combined_queue","20.380887773419197","0.8290489315986633"
"2025-07-23","weekly","EH4000","Plan","100858.76590165036","444.7907692363224","15.0",,"360.0","0.0","360.0","0.0","62.79143035411835","15.454845940456048","281.7537188529968","0.0","281.7537188529968","70.4384297132492","226.7555283910646","226.7555283910646","226.7555283910646","4.254037128002952","25.71752994326169","4.2540371280029525","32.16552272882457","","0.6500000000000001","9.924834470623555","2.9393815188545576","","0.5919314858983207","1.83","7.935273734925076","working_net_combined_queue","25.971421210301504","0.7826492190361023"
"2025-07-23","weekly","EH5000","Plan","353303.9440798329","1209.9450139720304","23.75",,"570.0","0.0","570.0","0.0","59.191221222281456","48.52683337495175","462.28195309638977","0.0","462.28195309638977","73.7218080460965","292.0","292.0","292.0","2.35120712057314","22.13899722528954","2.35120712057314","26.61840068286109","","1.2844336311183697","6.372123624155855","1.6712287140867261","","0.45037008142929724","2.9150938097893913","5.299808539031473","working_net_combined_queue","19.268320600537486","0.8110209703445435"
"2025-07-24","weekly","CAT793","Plan","553069.024816382","2304.663453303066","54.0",,"1296.0","0.0","1296.0","0.0","106.13571882247925","115.41683867844853","1074.4474153518677","0.0","1074.4474153518677","187.03343612234482","239.97821635246487","239.97821635246487","239.97821635246487","3.5367552023137523","25.348889191336923","3.5367552023137523","30.316189797237957","","1.0730345817914209","8.371385055063758","2.499276812283585","","0.48475943558196527","1.8158761638723317","6.999735572250531","working_net_combined_queue","22.741244926110816","0.8290489315986633"
"2025-07-24","weekly","EH4000","Plan","94414.32962518482","413.73386930993274","15.0",,"360.0","0.0","360.0","0.0","62.79143035411835","15.454845940456048","281.7537188529968","0.0","281.7537188529968","70.4384297132492","228.2006299911066","228.2006299911066","228.2006299911066","4.796448257118872","24.92050616913796","4.796448257118872","29.247011225815424","","0.6499999999999999","11.54819623140453","2.8716695609052","","0.59357052212259","1.8299999999999996","9.839873661111458","working_net_combined_queue","29.433309975543782","0.7826492190361023"
"2025-07-24","weekly","EH5000","Plan","353003.41112639953","1208.9157915287644","24.0",,"576.0","0.0","576.0","0.0","59.81428670883179","49.03764214731966","467.14807891845703","0.0","467.14807891845703","74.74369443682582","292.0000000000003","292.0000000000003","292.0000000000003","2.4537473226240025","22.61312892791538","2.4537473226240025","27.339430235360137","","1.2623165823895977","6.510591251071607","1.7085228871308973","","0.41412202552289096","2.879706531823356","5.38507343020716","working_net_combined_queue","19.475519274055042","0.8110209703445435"
"2025-07-25","weekly","CAT793","Plan","550644.7350482126","2293.503247378477","54.0",,"1296.0","0.0","1296.0","0.0","106.13571882247925","115.41683867844853","1074.4474153518677","0.0","1074.4474153518677","187.03343612234482","240.0889275729656","240.0889275729656","240.0889275729656","3.7015774814796187","25.284753043825834","3.7015774814796187","31.01601410499038","","1.0519837988240879","8.783738109042334","2.4640779487588613","","0.4973395092765765","1.7894883399053945","7.160644437966089","working_net_combined_queue","23.20729654081203","0.8290489315986633"
"2025-07-25","weekly","EH4000","Plan","81123.24305248483","352.7097524021075","15.0",,"360.0","0.0","360.0","0.0","62.79143035411835","15.454845940456048","281.7537188529968","0.0","281.7537188529968","70.4384297132492","230.0000000000003","230.0000000000003","230.0000000000003","5.996300436666178","24.718967518595594","5.996300436666178","27.633990027176786","","0.6500000000000001","14.554735181771516","3.1753999866114073","","0.6176334306651551","1.8299999999999996","13.019402042417514","working_net_combined_queue","35.94717064146559","0.7826492190361023"
"2025-07-25","weekly","EH5000","Plan","361175.51020243455","1236.9024322001183","24.0",,"576.0","0.0","576.0","0.0","59.81428670883179","49.03764214731966","467.14807891845703","0.0","467.14807891845703","74.74369443682582","292.0","292.0","292.0","2.3792067556930623","22.501042122168585","2.3792067556930623","27.09053995555803","","1.2555413063368335","6.344257504453117","1.7156151052955633","","0.3218984943287388","2.8688660901389342","5.269455890350238","working_net_combined_queue","19.034858519068056","0.8110209703445435"
"2025-07-26","weekly","CAT793","Plan","554084.2659964943","2322.3688426887384","54.0",,"1296.0","0.0","1296.0","0.0","81.38879692554474","117.81729017325269","1096.7939157485962","0.0","1096.7939157485962","190.92338242850326","238.5858162629324","238.5858162629324","238.5858162629324","3.043228944271125","24.54696882285926","3.0432289442711244","28.70556568217975","","1.1415117025995993","7.438545181441215","2.347932279066753","","0.33666719724392447","1.8786749757700336","6.360917554382864","working_net_combined_queue","20.808998967392807","0.8462916016578674"
"2025-07-26","weekly","EH4000","Plan","87427.69348445864","384.9572971910413","15.0",,"360.0","0.0","360.0","0.0","56.772000789642334","15.767856284266948","287.46015071868896","0.0","287.46015071868896","71.86503767967224","227.11010837410163","227.11010837410163","227.11010837410163","3.800965511096549","25.706765868625542","3.8009655110965483","30.713187788015496","","0.6500000000000001","8.871513897597358","2.8564484828989527","","0.667059735526883","1.8299999999999998","7.4254073605079425","working_net_combined_queue","24.40042947653114","0.7985004186630249"
"2025-07-26","weekly","EH5000","Plan","379754.97487024916","1300.5307358570185","24.0",,"576.0","0.0","576.0","0.0","45.79199838638306","50.36975952123642","479.83824920654297","0.0","479.83824920654297","76.77412173208512","291.99999999999983","291.99999999999983","291.99999999999983","2.1751032214792234","21.726700477555156","2.175103221479223","26.679850873996905","","1.2792253640203646","6.006719401483593","1.7051861680569314","","0.43253874305856843","2.9067605824325846","4.891563821143738","working_net_combined_queue","18.595367743472103","0.8330525159835815"
"2025-07-27","weekly","CAT793","Plan","537937.6437993974","2245.548144880364","54.0",,"1296.0","0.0","1296.0","0.0","81.38879692554474","117.81729017325269","1096.7939157485962","0.0","1096.7939157485962","190.92338242850326","239.55738603326944","239.55738603326944","239.55738603326944","3.46542582742553","24.614528221688236","3.4654258274255296","29.353778926613412","","1.0970321592946135","8.447269343246052","2.448154363532778","","0.41355212907811273","1.835048241152195","7.08343379451623","working_net_combined_queue","22.654762107298517","0.8462916016578674"
"2025-07-27","weekly","EH4000","Plan","91930.70441667976","403.22702034451527","15.0",,"360.0","0.0","360.0","0.0","56.772000789642334","15.767856284266948","287.46015071868896","0.0","287.46015071868896","71.86503767967224","227.98746060751236","227.98746060751236","227.98746060751236","4.7388023351254605","25.53401828330829","4.73880233512546","29.706617471688542","","0.6500000000000001","11.135268133390282","2.9909870325695587","","0.612008833145221","1.8299999999999996","9.571205485730658","working_net_combined_queue","28.88946948483571","0.7985004186630249"
"2025-07-27","weekly","EH5000","Plan","360872.84713613795","1235.865914849789","24.0",,"576.0","0.0","576.0","0.0","45.79199838638306","50.36975952123642","479.83824920654297","0.0","479.83824920654297","76.77412173208512","291.9999999999996","291.9999999999996","291.9999999999996","2.1276018243537522","20.96003399517852","2.1276018243537522","26.425460448065763","","1.2787426497802188","6.090453359502668","1.7533316175927736","","0.4323865820119351","2.9059882396483507","4.830799815659184","working_net_combined_queue","18.75299473213772","0.8330525159835815"
"2025-07-28","weekly","CAT793","Plan","505010.1458745136","2102.5705815879614","54.0",,"1296.0","0.0","1296.0","0.0","81.38879692554474","117.81729017325269","1096.7939157485962","0.0","1096.7939157485962","190.92338242850326","240.18701217302578","240.18701217302578","240.18701217302578","4.052812052243393","25.249991277071754","4.052812052243392","30.203700375441418","","1.0837793815276056","9.630447807536981","2.5322966975914993","","0.5748760546680016","1.7869542972238552","8.05095799891869","working_net_combined_queue","24.95259256362439","0.8462916016578674"
"2025-07-28","weekly","EH4000","Plan","81542.93263074287","357.7494016673526","15.0",,"360.0","0.0","360.0","0.0","56.772000789642334","15.767856284266948","287.46015071868896","0.0","287.46015071868896","71.86503767967224","227.93310694776292","227.93310694776292","227.93310694776292","5.399318616899899","24.912903473539007","5.399318616899899","28.832232250804868","","0.6500000000000001","13.003667651909137","3.1189722352732767","","0.5728893805009732","1.8300000000000003","11.236005391325552","working_net_combined_queue","32.51153465900895","0.7985004186630249"
"2025-07-28","weekly","EH5000","Plan","399390.63143679814","1367.7761350575304","24.0",,"576.0","0.0","576.0","0.0","45.79199838638306","50.36975952123642","479.83824920654297","0.0","479.83824920654297","76.77412173208512","291.9999999999995","291.9999999999995","291.9999999999995","1.9297124825175296","20.82876662569301","1.9297124825175296","25.583130505398344","","1.2693980542927201","5.558790447449236","1.7190123963450785","","0.3370638524582714","2.8910368868683523","4.525745937410601","working_net_combined_queue","17.681144358654286","0.8330525159835815"
"2025-07-29","weekly","CAT793","Plan","507752.0743968092","2114.0898114058846","54.0",,"1296.0","0.0","1296.0","0.0","81.38879692554474","117.81729017325269","1096.7939157485962","0.0","1096.7939157485962","190.92338242850326","240.1752620240625","240.1752620240625","240.1752620240625","3.6999944121732664","24.093589951813243","3.6999944121732664","28.555607719169164","","1.1113152920441696","9.214055073336578","2.496023979966051","","0.5254886429532449","1.824535511480755","7.774293123566384","working_net_combined_queue","24.191736770477032","0.8462916016578674"
"2025-07-29","weekly","EH4000","Plan","101142.94183123793","444.5113436474316","15.0",,"360.0","0.0","360.0","0.0","56.772000789642334","15.767856284266948","287.46015071868896","0.0","287.46015071868896","71.86503767967224","227.53736946578445","227.53736946578445","227.53736946578445","3.4033193743833614","25.41261675920017","3.4033193743833614","29.910825171150126","","0.65","8.035345765369682","3.1104408384760105","","0.6247832988821482","1.8300000000000007","6.826931764488992","working_net_combined_queue","23.177501667216816","0.7985004186630249"
"2025-07-29","weekly","EH5000","Plan","406618.41442151205","1392.528816512027","24.0",,"576.0","0.0","576.0","0.0","45.79199838638306","50.36975952123642","479.83824920654297","0.0","479.83824920654297","76.77412173208512","292.0000000000001","292.0000000000001","292.0000000000001","1.8488704435487364","20.506380196129317","1.8488704435487366","25.59974803940097","","1.255510971459999","5.409644488785164","1.768086510938223","","0.3139648082259341","2.868817554335998","4.333332751642191","working_net_combined_queue","17.366855901165913","0.8330525159835815"
"2025-07-30","weekly","CAT793","Plan","521266.3128802247","2169.3419289536982","53.5",,"1284.0","0.0","1284.0","0.0","80.63519695401192","116.72638933831517","1086.6384165287018","0.0","1086.6384165287018","188.91259359385987","240.2877600451111","240.2877600451111","240.2877600451111","3.504030463654485","23.527340595547457","3.504030463654485","28.467981293630245","","1.0815628370818196","8.93606427659985","2.5578870430889165","","0.5002966734033929","1.786707755468043","7.385203244682159","working_net_combined_queue","23.649848995050593","0.8462916016578674"
"2025-07-30","weekly","EH4000","Plan","109823.19796044232","481.94705207987084","15.0",,"360.0","0.0","360.0","0.0","56.772000789642334","15.767856284266948","287.46015071868896","0.0","287.46015071868896","71.86503767967224","227.87399048607904","227.87399048607904","227.87399048607904","3.7393376216940353","25.18094578705984","3.7393376216940353","29.78694560102128","","0.6500000000000004","8.909921779702886","2.9790196752998708","","0.613485192633681","1.8300000000000003","7.532167289215101","working_net_combined_queue","24.614593936851534","0.7985004186630249"
"2025-07-30","weekly","EH5000","Plan","407675.8152404143","1396.150052193201","24.0",,"576.0","0.0","576.0","0.0","45.79199838638306","50.36975952123642","479.83824920654297","0.0","479.83824920654297","76.77412173208512","291.9999999999997","291.9999999999997","291.9999999999997","1.9275594539067162","21.21477975308497","1.9275594539067165","26.415625022966566","","1.2431020130711596","5.451556348002391","1.7724459908799692","","0.32022871408058506","2.8489632209138556","4.378225657498173","working_net_combined_queue","17.321810973300426","0.8330525159835815"
"2025-07-31","weekly","CAT793","Plan","486602.9145814765","2021.1663647648193","54.0",,"1296.0","0.0","1296.0","0.0","81.38879692554474","117.81729017325269","1096.7939157485962","0.0","1096.7939157485962","190.92338242850326","240.75351889110675","240.75351889110675","240.75351889110675","4.05364517126637","24.92455809734148","4.05364517126637","29.707483330534195","","1.067053027933405","9.758195484393545","2.7110431515519755","","0.6057035408759024","1.7901319275582355","8.187119304919213","working_net_combined_queue","25.649670547106933","0.8462916016578674"
"2025-07-31","weekly","EH4000","Plan","99643.09542829508","436.98350910916247","15.0",,"360.0","0.0","360.0","0.0","56.772000789642334","15.767856284266948","287.46015071868896","0.0","287.46015071868896","71.86503767967224","228.02484155850223","228.02484155850223","228.02484155850223","4.195330025092004","25.8573739439441","4.195330025092004","31.553237000415034","","0.6500000000000001","9.734932946060985","2.9126848327831008","","0.622363743020186","1.83","7.977622121692594","working_net_combined_queue","25.82760364355686","0.7985004186630249"
"2025-07-31","weekly","EH5000","Plan","417533.04554374475","1429.9076902183026","24.0",,"576.0","0.0","576.0","0.0","45.79199838638306","50.36975952123642","479.83824920654297","0.0","479.83824920654297","76.77412173208512","292.0000000000003","292.0000000000003","292.0000000000003","1.8704105052176059","21.485172790457096","1.8704105052176048","26.45985671364809","","1.2535349778731881","5.223352467656313","1.7355276445598313","","0.3057254624839626","2.865655964597101","4.241316630228402","working_net_combined_queue","16.912873089803718","0.8330525159835815"
"2025-08-01","weekly","CAT793","Plan","515590.5895969187","2140.9660968592893","54.0",,"1296.0","0.0","1296.0","0.0","81.38879692554474","117.81729017325269","1096.7939157485962","0.0","1096.7939157485962","190.92338242850326","240.82146389579418","240.82146389579418","240.82146389579418","3.615809227046174","23.717591130280518","3.615809227046174","28.857771025546306","","1.0865580413631948","9.14715800736567","2.6212353768087175","","0.6581282334099472","1.8297916077795193","7.517855534674421","working_net_combined_queue","24.245229714792053","0.8462916016578674"
"2025-08-01","weekly","EH4000","Plan","105477.1479519247","462.1600938162327","15.0",,"360.0","0.0","360.0","0.0","56.772000789642334","15.767856284266948","287.46015071868896","0.0","287.46015071868896","71.86503767967224","228.22642924653994","228.22642924653994","228.22642924653994","3.714714292904676","23.864183298462315","3.714714292904676","28.02084975550496","","0.6500000000000004","9.339639022494516","3.0378666415143027","","0.6912076486975149","1.8300000000000007","7.954179103026421","working_net_combined_queue","25.602892415732754","0.7985004186630249"
"2025-08-01","weekly","EH5000","Plan","367207.1383406136","1257.5586929473063","24.0",,"576.0","0.0","576.0","0.0","45.79199838638306","50.36975952123642","479.83824920654297","0.0","479.83824920654297","76.77412173208512","292.0000000000001","292.0000000000001","292.0000000000001","2.387533181755688","22.30715950039324","2.3875331817556873","28.606917842986956","","1.2507420232875315","6.421794352742041","1.833233189408581","","0.3566216023966933","2.8611872372600504","5.007599619490631","working_net_combined_queue","19.23079012528543","0.8330525159835815"
"2025-08-02","weekly","CAT793","Plan","532405.0132738526","2211.108934191379","54.0",,"1296.0","0.0","1296.0","0.0","80.2171436548233","117.93094054386479","1097.8518991470337","0.0","1097.8518991470337","191.1075499061693","240.78642397081066","240.78642397081066","240.78642397081066","3.7817607628478207","24.150081804780445","3.7817607628478225","29.34424179619097","","1.0540398576329078","9.395647087454332","2.5910990223798622","","0.5209201404802839","1.7383286789835566","7.732544168182352","working_net_combined_queue","24.391013903364513","0.8471079468727112"
"2025-08-02","weekly","EH4000","Plan","107446.96078991477","468.64527298706895","15.0",,"360.0","0.0","360.0","0.0","60.502856969833374","15.57385175889424","283.923282623291","0.0","283.923282623291","70.98082065582275","229.271406292152","229.271406292152","229.271406292152","4.373600975431328","26.57282905102302","4.37360097543133","30.419036800061644","","0.6500000000000001","9.875352677805187","3.163448049187697","","0.6267327101635182","1.8300000000000003","8.626705054821066","working_net_combined_queue","26.87223849197749","0.7886757850646973"
"2025-08-02","weekly","EH5000","Plan","352774.83001120423","1208.132979490424","24.0",,"576.0","0.0","576.0","0.0","68.47142744064331","48.21521378811768","459.31335067749023","0.0","459.31335067749023","73.49013788791703","292.00000000000034","292.00000000000034","292.00000000000034","2.4625818023942823","22.50850013585475","2.4625818023942823","27.55836516039246","","1.2445366584504443","6.564404880460775","1.7461906814256904","","0.1953387086090201","2.85125865352071","5.361526610294497","working_net_combined_queue","19.161295645057447","0.797419011592865"
"2025-08-03","weekly","CAT793","Plan","502434.7747793828","2083.914801607486","54.0",,"1296.0","0.0","1296.0","0.0","80.2171436548233","117.93094054386479","1097.8518991470337","0.0","1097.8518991470337","191.1075499061693","241.10139934310928","241.10139934310928","241.10139934310928","3.8515792997276366","24.72762884545705","3.851579299727636","29.725770360352104","","1.0801210242036203","9.345609295090776","2.683476811204314","","0.6047719363738728","1.7782644188478531","7.774222675550563","working_net_combined_queue","24.610474569711904","0.8471079468727112"
"2025-08-03","weekly","EH4000","Plan","83865.60473152308","366.5037120584134","15.0",,"360.0","0.0","360.0","0.0","60.502856969833374","15.57385175889424","283.923282623291","0.0","283.923282623291","70.98082065582275","228.82607180294147","228.82607180294147","228.82607180294147","5.207861567473399","24.86552166336953","5.207861567473404","28.158829915697055","","0.65","12.5664644514062","3.133143942700671","","0.564890179882418","1.8300000000000012","11.096757037983947","working_net_combined_queue","31.94125561197326","0.7886757850646973"
"2025-08-03","weekly","EH5000","Plan","335355.83571856853","1148.4788894471544","24.0",,"576.0","0.0","576.0","0.0","68.47142744064331","48.21521378811768","459.31335067749023","0.0","459.31335067749023","73.49013788791703","291.9999999999995","291.9999999999995","291.9999999999995","2.337999421935553","21.166761820107503","2.337999421935553","26.646699181048355","","1.2596957540167257","6.627370143262694","1.8515542918839505","","0.20738629599299394","2.8755132064267603","5.26444061093702","working_net_combined_queue","19.316711306147376","0.797419011592865"
"2025-08-04","weekly","CAT793","Plan","514712.12174697034","2128.9175841009273","54.0",,"1296.0","0.0","1296.0","0.0","80.2171436548233","117.93094054386479","1097.8518991470337","0.0","1097.8518991470337","191.1075499061693","241.77174616383317","241.77174616383317","241.77174616383317","3.9988160157101733","24.28417907236657","3.9988160157101733","29.508246396645937","","1.0513865979265842","9.880052367742179","2.698927998678462","","0.6124144522086127","1.6887234995404994","8.130912210692465","working_net_combined_queue","25.404324753182085","0.8471079468727112"
"2025-08-04","weekly","EH4000","Plan","94211.80588611019","410.30173197300275","15.0",,"360.0","0.0","360.0","0.0","60.502856969833374","15.57385175889424","283.923282623291","0.0","283.923282623291","70.98082065582275","229.61591079101072","229.61591079101072","229.61591079101072","5.217885995118292","26.66926575746448","5.217885995118296","30.051049555649243","","0.6499999999999998","11.739099327077321","3.1522755420204116","","0.5864849905650712","1.8299999999999998","10.418044106158138","working_net_combined_queue","30.475903965820958","0.7886757850646973"
"2025-08-04","weekly","EH5000","Plan","349217.7355502821","1195.9511491447995","24.0",,"576.0","0.0","576.0","0.0","68.47142744064331","48.21521378811768","459.31335067749023","0.0","459.31335067749023","73.49013788791703","292.00000000000057","292.00000000000057","292.00000000000057","2.415812030841038","21.79140160991018","2.415812030841038","26.673753937511407","","1.2564900403090817","6.651647491299653","1.8030810424746262","","0.20162831661837113","2.8703840644945315","5.4341328254745696","working_net_combined_queue","19.356470550876676","0.797419011592865"
"2025-08-05","weekly","CAT793","Plan","515506.16695838125","2135.9892334665105","54.0",,"1296.0","0.0","1296.0","0.0","80.2171436548233","117.93094054386479","1097.8518991470337","0.0","1097.8518991470337","191.1075499061693","241.34305495621015","241.34305495621015","241.34305495621015","3.989343170531589","24.596916305765305","3.9893431705315883","29.845989883005497","","1.0379756940695","9.731325148908658","2.638524257538987","","0.6057635610068515","1.696593554649615","8.019857648219226","working_net_combined_queue","25.156743632478115","0.8471079468727112"
"2025-08-05","weekly","EH4000","Plan","90284.09635118405","394.91274269961474","15.0",,"360.0","0.0","360.0","0.0","60.502856969833374","15.57385175889424","283.923282623291","0.0","283.923282623291","70.98082065582275","228.6178352564771","228.6178352564771","228.6178352564771","5.352760860722816","25.492675060675296","5.352760860722819","29.20358642646793","","0.65","12.598350344911246","3.0787127810405015","","0.609689753558772","1.8300000000000005","10.997472945730008","working_net_combined_queue","31.864225825240545","0.7886757850646973"
"2025-08-05","weekly","EH5000","Plan","336589.7645427388","1152.7046730915727","24.0",,"576.0","0.0","576.0","0.0","68.47142744064331","48.21521378811768","459.31335067749023","0.0","459.31335067749023","73.49013788791703","291.99999999999966","291.99999999999966","291.99999999999966","2.6747351411720444","23.151322483409643","2.6747351411720444","28.517552634750178","","1.2454770669899657","6.931962896950116","1.8632894127498396","","0.306427783806338","2.852763307183945","5.62755544018052","working_net_combined_queue","20.082674894157396","0.797419011592865"
"2025-08-06","weekly","CAT793","Plan","520725.4680455415","2157.3059148432135","54.0",,"1296.0","0.0","1296.0","0.0","80.2171436548233","117.93094054386479","1097.8518991470337","0.0","1097.8518991470337","191.1075499061693","241.37766668265323","241.37766668265323","241.37766668265323","3.623787649729111","25.271753821976255","3.6237876497291115","31.203083651588443","","1.0681634942418592","8.603568257089956","2.5779029456853757","","0.9349134019406665","1.7866780844902825","6.9681337079221075","working_net_combined_queue","23.43289010568084","0.8471079468727112"
"2025-08-06","weekly","EH4000","Plan","112088.93710657865","488.72003023629225","15.0",,"360.0","0.0","360.0","0.0","60.502856969833374","15.57385175889424","283.923282623291","0.0","283.923282623291","70.98082065582275","229.35204242065655","229.35204242065655","229.35204242065655","3.5670400190656752","26.109916157041994","3.567040019065676","32.021724537620386","","0.6500000000000002","8.196977725116803","2.9841651467314594","","1.233264105516159","1.83","6.683662552043335","working_net_combined_queue","23.678069529407757","0.7886757850646973"
"2025-08-06","weekly","EH5000","Plan","387898.20941964234","1328.4185254097356","24.0",,"576.0","0.0","576.0","0.0","68.47142744064331","48.21521378811768","459.31335067749023","0.0","459.31335067749023","73.49013788791703","291.99999999999966","291.99999999999966","291.99999999999966","1.9614886381683876","21.620615741296177","1.9614886381683876","26.3042258195013","","1.2631798368009015","5.443384207847156","1.7370383252963937","","0.2966145566008751","2.8810877388814427","4.474160125360972","working_net_combined_queue","17.426280013502726","0.797419011592865"
"2025-08-07","weekly","CAT793","Plan","587957.3181585548","2436.653006511993","54.0",,"1296.0","0.0","1296.0","0.0","80.2171436548233","117.93094054386479","1097.8518991470337","0.0","1097.8518991470337","191.1075499061693","241.29710573775984","241.29710573775984","241.29710573775984","3.3449249051022267","25.99240120718602","3.3449249051022263","32.05343366148395","","1.0362679673574966","7.7213141143207675","2.507907574772065","","1.113445653507344","1.7607034560843473","6.261279101193246","working_net_combined_queue","22.010496356663754","0.8471079468727112"
"2025-08-07","weekly","EH4000","Plan","142974.91153999764","623.1320551817473","15.0",,"360.0","0.0","360.0","0.0","60.502856969833374","15.57385175889424","283.923282623291","0.0","283.923282623291","70.98082065582275","229.4456052309755","229.4456052309755","229.4456052309755","2.3448143048090766","25.508296961238475","2.344814304809076","30.17964185172744","","0.6499999999999999","5.51541557252256","3.005289894335143","","1.913981619392679","1.8299999999999998","4.661713978573664","working_net_combined_queue","19.676401064824045","0.7886757850646973"
"2025-08-07","weekly","EH5000","Plan","361503.25419695827","1238.024843140269","24.0",,"576.0","0.0","576.0","0.0","68.47142744064331","48.21521378811768","459.31335067749023","0.0","459.31335067749023","73.49013788791703","291.9999999999998","291.9999999999998","291.9999999999998","2.3534496558998756","22.900850709283283","2.3534496558998756","28.209412964194733","","1.2571780668197172","6.166014579395152","1.8113849545644474","","0.35035298128405523","2.8714849069115482","5.005668835903173","working_net_combined_queue","18.69864997173028","0.797419011592865"
"2025-08-08","weekly","CAT793","Plan","602971.6087285017","2508.2602833400956","54.0",,"1296.0","0.0","1296.0","0.0","80.2171436548233","117.93094054386479","1097.8518991470337","0.0","1097.8518991470337","191.1075499061693","240.3943533027448","240.3943533027448","240.3943533027448","2.996957768693713","24.70852891132441","2.996957768693713","29.71560893259412","","1.0519048962867334","7.27754641998168","2.514414537355965","","1.1989929733600235","1.7794285226881184","6.051279868755664","working_net_combined_queue","21.337613373437442","0.8471079468727112"
"2025-08-08","weekly","EH4000","Plan","115649.46281912398","504.7118825217034","15.0",,"360.0","0.0","360.0","0.0","60.502856969833374","15.57385175889424","283.923282623291","0.0","283.923282623291","70.98082065582275","229.13956818551992","229.13956818551992","229.13956818551992","3.139434452523487","25.006844746119715","3.139434452523487","30.929178503535788","","0.6500000000000001","7.532580342053662","2.9836595915841437","","1.4688892849474418","1.8299999999999992","6.090238288413494","working_net_combined_queue","22.655367506998747","0.7886757850646973"
"2025-08-08","weekly","EH5000","Plan","397431.63724978897","1361.0672508554424","24.0",,"576.0","0.0","576.0","0.0","68.47142744064331","48.21521378811768","459.31335067749023","0.0","459.31335067749023","73.49013788791703","291.99999999999983","291.99999999999983","291.99999999999983","1.7685502252264855","20.52539968040237","1.7685502252264855","25.908948088947422","","1.2727830099383726","5.169839085516358","1.7381875881446616","","0.3580896005947574","2.8964528159013962","4.095612571737569","working_net_combined_queue","17.008265524312844","0.797419011592865"
"2025-08-09","weekly","CAT793","Plan","630290.6066824681","2626.2399256166173","54.0",,"1296.0","0.0","1296.0","0.0","110.41919589042664","115.0013413906025","1070.579472541809","0.0","1070.579472541809","193.45767139210494","239.9973439344014","239.9973439344014","239.9973439344014","2.516381723866803","23.619507424685807","2.516381723866803","28.248420572684118","","1.0619289026927172","6.392296872127366","2.5050630491725543","","1.0181946247993674","1.788799755279968","5.344826378647408","working_net_combined_queue","19.601252174551675","0.82606440782547"
"2025-08-09","weekly","EH4000","Plan","163103.72741113772","711.7894981121362","15.0",,"360.0","0.0","360.0","0.0","37.691999673843384","16.760016362759114","305.54798126220703","0.0","305.54798126220703","62.331787011917186","229.1460155618117","229.1460155618117","229.1460155618117","2.3199445161692607","25.2477311251066","2.3199445161692607","28.76725753538028","","0.65","5.513234843971269","3.0776602827658732","","1.5275786994653706","1.8300000000000003","4.838718838560137","working_net_combined_queue","19.537192664762667","0.8487443923950195"
"2025-08-09","weekly","EH5000","Plan","379093.12665236427","1298.2641323711118","24.0",,"576.0","0.0","576.0","0.0","47.577598571777344","50.20012750575256","478.22226333618164","0.0","478.22226333618164","87.75378619632022","291.9999999999997","291.9999999999997","291.9999999999997","2.1249674729609658","22.08115828294096","2.1249674729609658","26.153543382245097","","1.25894823804216","5.7740652344382655","1.7156081366519607","","0.2303689711409026","2.8743171808674566","4.874981814671154","working_net_combined_queue","18.04571852490522","0.8302469849586487"
"2025-08-10","weekly","CAT793","Plan","560623.5992455247","2330.9639490016043","54.0",,"1296.0","0.0","1296.0","0.0","110.41919589042664","115.0013413906025","1070.579472541809","0.0","1070.579472541809","193.45767139210494","240.51148430916334","240.51148430916334","240.51148430916334","2.546541934952489","23.372875149960468","2.546541934952489","28.03210450126275","","1.0912350509566442","6.537172475223177","2.5428425069072262","","1.092579707427837","1.820672802177038","5.450625945343011","working_net_combined_queue","19.935964597971044","0.82606440782547"
"2025-08-10","weekly","EH4000","Plan","135362.2111772441","594.3790761516179","15.0",,"360.0","0.0","360.0","0.0","37.691999673843384","16.760016362759114","305.54798126220703","0.0","305.54798126220703","62.331787011917186","227.73717415098756","227.73717415098756","227.73717415098756","1.9772121951721744","22.5877179886586","1.9772121951721744","27.802840812356074","","0.65","5.252090174399048","3.0152518073104595","","1.3544169675403128","1.8300000000000007","4.266928423285723","working_net_combined_queue","18.46868737253555","0.8487443923950195"
"2025-08-10","weekly","EH5000","Plan","373086.9684763696","1277.6950975218167","24.0",,"576.0","0.0","576.0","0.0","47.577598571777344","50.20012750575256","478.22226333618164","0.0","478.22226333618164","87.75378619632022","291.9999999999993","291.9999999999993","291.9999999999993","1.9446984273930472","21.292707372794634","1.9446984273930472","25.62404022557135","","1.2663144006170157","5.479899930088999","1.7186257597243293","","0.29724946913487593","2.8861030409872246","4.553610773961433","working_net_combined_queue","17.572022600409422","0.8302469849586487"
"2025-08-11","weekly","CAT793","Plan","553854.2679974021","2301.0186780406193","54.0",,"1296.0","0.0","1296.0","0.0","110.41919589042664","115.0013413906025","1070.579472541809","0.0","1070.579472541809","193.45767139210494","240.69959678424874","240.69959678424874","240.69959678424874","2.934852228759437","24.526715676305773","2.934852228759437","29.307515133486767","","1.111646130503358","7.17956435951514","2.612392949016078","","1.1674714807389046","1.854539854729727","6.008395216159574","working_net_combined_queue","21.34994514857464","0.82606440782547"
"2025-08-11","weekly","EH4000","Plan","116105.75955183731","508.15122208550105","15.0",,"360.0","0.0","360.0","0.0","37.691999673843384","16.760016362759114","305.54798126220703","0.0","305.54798126220703","62.331787011917186","228.48662859714912","228.48662859714912","228.48662859714912","2.7495629904968415","23.497353717025018","2.7495629904968406","29.29861329584742","","0.6499999999999998","7.020951440598975","2.9412132889576954","","1.384218433536971","1.8299999999999994","5.630770909324663","working_net_combined_queue","21.557154072418324","0.8487443923950195"
"2025-08-11","weekly","EH5000","Plan","377743.91990773514","1293.6435613278625","24.0",,"576.0","0.0","576.0","0.0","47.577598571777344","50.20012750575256","478.22226333618164","0.0","478.22226333618164","87.75378619632022","291.99999999999943","291.99999999999943","291.99999999999943","2.083868193834998","21.280531563276742","2.083868193834998","26.702510328790535","","1.2723822045995836","5.875421450743482","1.790913838387316","","0.2965758071136009","2.8958115273593337","4.6824096345462625","working_net_combined_queue","18.11017331520715","0.8302469849586487"
"2025-08-12","weekly","CAT793","Plan","552606.6487427818","2295.705277682448","54.0",,"1296.0","0.0","1296.0","0.0","110.41919589042664","115.0013413906025","1070.579472541809","0.0","1070.579472541809","193.45767139210494","240.713237067019","240.713237067019","240.713237067019","2.9071976947275875","24.99373704915663","2.907197694727588","29.694092625520522","","1.1017100525894865","6.979022838425083","2.6775715174529138","","1.2163538499262216","1.845382807737009","5.874295062100675","working_net_combined_queue","21.13841292013646","0.82606440782547"
"2025-08-12","weekly","EH4000","Plan","79494.72263741684","347.2733046053118","15.0",,"360.0","0.0","360.0","0.0","37.691999673843384","16.760016362759114","305.54798126220703","0.0","305.54798126220703","62.331787011917186","228.9111244175977","228.9111244175977","228.9111244175977","2.6981165075661093","24.3643942423259","2.6981165075661093","29.68102628665608","","0.6500000000000001","6.644408592467117","3.0557555232649656","","1.5420095780989915","1.83","5.454224826678156","working_net_combined_queue","21.276398520509233","0.8487443923950195"
"2025-08-12","weekly","EH5000","Plan","353268.59680830356","1209.8239616722735","24.0",,"576.0","0.0","576.0","0.0","47.577598571777344","50.20012750575256","478.22226333618164","0.0","478.22226333618164","87.75378619632022","291.9999999999997","291.9999999999997","291.9999999999997","2.388002047733778","21.637713116607966","2.388002047733778","27.531850030454493","","1.2690493183845035","6.621777546077753","1.8063599574197438","","0.3056978490897744","2.8904789094152052","5.204158917963619","working_net_combined_queue","19.300451054999453","0.8302469849586487"
"2025-08-13","weekly","CAT793","Plan","559278.359107294","2327.4886439581746","54.0",,"1296.0","0.0","1296.0","0.0","110.41919589042664","115.0013413906025","1070.579472541809","0.0","1070.579472541809","193.45767139210494","240.2926263718193","240.2926263718193","240.2926263718193","2.3868799406119767","23.914524264251806","2.3868799406119767","28.608838766188025","","1.1060499663533354","5.988527927808192","2.6532628301549464","","1.2132501682634105","1.8498485161027074","5.005893374671947","working_net_combined_queue","19.271258457250298","0.82606440782547"
"2025-08-13","weekly","EH4000","Plan","81624.75568244533","357.54226039516334","15.0",,"360.0","0.0","360.0","0.0","37.691999673843384","16.760016362759114","305.54798126220703","0.0","305.54798126220703","62.331787011917186","228.29400807678485","228.29400807678485","228.29400807678485","1.9477922066746882","22.538422474889245","1.9477922066746882","27.830999711180493","","0.65","5.185257864905454","3.016375470415118","","1.5189110791989917","1.8299999999999998","4.199185570525242","working_net_combined_queue","18.4997299850448","0.8487443923950195"
"2025-08-13","weekly","EH5000","Plan","345539.94124826044","1183.3559631789758","24.0",,"576.0","0.0","576.0","0.0","47.577598571777344","50.20012750575256","478.22226333618164","0.0","478.22226333618164","87.75378619632022","291.9999999999996","291.9999999999996","291.9999999999996","2.597664102184706","22.92158273232902","2.597664102184706","28.25324384512339","","1.2791947592382047","6.799698256056932","1.8392368485003556","","0.3166323757939496","2.906711614781127","5.516529251843212","working_net_combined_queue","19.798023445987354","0.8302469849586487"
"2025-08-14","weekly","CAT793","Plan","578190.3839783384","2413.70400721979","54.0",,"1296.0","0.0","1296.0","0.0","110.41919589042664","115.0013413906025","1070.579472541809","0.0","1070.579472541809","193.45767139210494","239.5448581304397","239.5448581304397","239.5448581304397","2.250313714019534","23.49612772654204","2.250313714019534","28.004838142305587","","1.1141679495964636","5.746428705724565","2.4828061363194602","","1.0896427074045425","1.8582018032079564","4.821267745061718","working_net_combined_queue","18.505177916838967","0.82606440782547"
"2025-08-14","weekly","EH4000","Plan","110030.75160670774","484.36392201733264","15.0",,"360.0","0.0","360.0","0.0","37.691999673843384","16.760016362759114","305.54798126220703","0.0","305.54798126220703","62.331787011917186","227.1654568086728","227.1654568086728","227.1654568086728","2.2723048855261765","24.744358881886278","2.2723048855261765","30.168291244138018","","0.6500000000000004","5.509873736570112","3.0113537834761677","","1.356919426642778","1.8300000000000007","4.519258052378501","working_net_combined_queue","18.977404999067552","0.8487443923950195"
"2025-08-14","weekly","EH5000","Plan","378044.8412471598","1294.6741138601358","24.0",,"576.0","0.0","576.0","0.0","47.577598571777344","50.20012750575256","478.22226333618164","0.0","478.22226333618164","87.75378619632022","292.0000000000001","292.0000000000001","292.0000000000001","2.04007516126872","21.207602985885718","2.04007516126872","26.395641520568073","","1.2695310286669563","5.7717277033895344","1.838743248181658","","0.3254218417470267","2.891249645867131","4.637300047462111","working_net_combined_queue","18.09575773040323","0.8302469849586487"
"2025-08-15","weekly","CAT793","Plan","582207.1921788758","2423.729011081048","54.0",,"1296.0","0.0","1296.0","0.0","110.41919589042664","115.0013413906025","1070.579472541809","0.0","1070.579472541809","193.45767139210494","240.21133943484705","240.21133943484705","240.21133943484705","2.753928130744292","24.17251881417548","2.753928130744292","29.310591021738013","","1.073542684664449","6.835683493097891","2.5389455163135795","","1.1227722561951194","1.8163989943648684","5.637405527650791","working_net_combined_queue","20.466599966081233","0.82606440782547"
"2025-08-15","weekly","EH4000","Plan","138122.68954758154","604.7561159189156","15.0",,"360.0","0.0","360.0","0.0","37.691999673843384","16.760016362759114","305.54798126220703","0.0","305.54798126220703","62.331787011917186","228.39403506933814","228.39403506933814","228.39403506933814","2.7176488080317363","23.185042968494347","2.7176488080317363","28.78284548012543","","0.65","7.032936221144012","2.932610412643514","","1.4134030491649248","1.8299999999999998","5.665142752980988","working_net_combined_queue","21.624092435933424","0.8487443923950195"
"2025-08-15","weekly","EH5000","Plan","384003.72218400904","1315.081240356194","24.0",,"576.0","0.0","576.0","0.0","47.577598571777344","50.20012750575256","478.22226333618164","0.0","478.22226333618164","87.75378619632022","292.0000000000003","292.0000000000003","292.0000000000003","2.0848063350252684","22.003613688727143","2.0848063350252684","27.16270443147804","","1.2568768171065403","5.684901665293332","1.7661896237431869","","0.29766698123352764","2.8710029073704635","4.605151906617772","working_net_combined_queue","17.814951947471126","0.8302469849586487"
"2025-08-16","weekly","CAT793","Plan","562813.823624443","2336.727111778374","54.0",,"1296.0","0.0","1296.0","0.0","102.58143031597137","115.76160467374869","1077.656976699829","0.0","1077.656976699829","194.7366025773141","240.85560559791327","240.85560559791327","240.85560559791327","2.7769076304721114","24.441302742408862","2.776907630472112","29.090222275925186","","1.088270167882624","6.816922141356597","2.6602645070154862","","1.0596905086646735","1.8227004798746589","5.727507210084654","working_net_combined_queue","20.612079798930946","0.831525444984436"
"2025-08-16","weekly","EH4000","Plan","105891.97029279324","461.1119015252798","15.0",,"360.0","0.0","360.0","0.0","39.65714156627655","16.65782898224422","303.68502616882324","0.0","303.68502616882324","61.9517441799735","229.64484313356607","229.64484313356607","229.64484313356607","3.577397180352743","21.566942600384404","3.5773971803527425","24.742388124098206","","0.6499999999999999","9.952445963172304","3.1557954629170952","","1.5906843023459722","1.8299999999999994","8.675146058844218","working_net_combined_queue","27.95407178727959","0.8435695171356201"
"2025-08-16","weekly","EH5000","Plan","377303.3958334564","1292.1349172378655","24.0",,"576.0","0.0","576.0","0.0","51.66428518295288","49.811892282562596","474.52381896972656","0.0","474.52381896972656","87.07512164831542","291.9999999999998","291.9999999999998","291.9999999999998","2.139389737261307","22.104876539317242","2.139389737261307","27.778736688615894","","1.257148935522236","5.807016565207345","1.8136601128766656","","0.08067479934660872","2.8714382968355774","4.620922314594799","working_net_combined_queue","17.955003412063427","0.8238260746002197"
"2025-08-17","weekly","CAT793","Plan","491081.1542075316","2036.886370329385","54.0",,"1296.0","0.0","1296.0","0.0","102.58143031597137","115.76160467374869","1077.656976699829","0.0","1077.656976699829","194.7366025773141","241.09403517100407","241.09403517100407","241.09403517100407","3.066798882319672","23.47381506427965","3.066798882319671","28.075994771551958","","1.104655057299041","7.838859275124269","2.6248153888791816","","1.0864517744642723","1.8337571793859726","6.553923892507152","working_net_combined_queue","22.587536164428023","0.831525444984436"
"2025-08-17","weekly","EH4000","Plan","137948.5383096439","602.0151923041773","15.0",,"360.0","0.0","360.0","0.0","39.65714156627655","16.65782898224422","303.68502616882324","0.0","303.68502616882324","61.9517441799735","229.1446130813644","229.1446130813644","229.1446130813644","2.3196954782926387","22.77820026556372","2.3196954782926387","28.094710080576352","","0.6500000000000001","6.110304022042271","3.1393523683521374","","1.4625483262439587","1.8300000000000005","4.954019041249457","working_net_combined_queue","20.246223757887822","0.8435695171356201"
"2025-08-17","weekly","EH5000","Plan","367638.6447092334","1259.036454483678","24.0",,"576.0","0.0","576.0","0.0","51.66428518295288","49.811892282562596","474.52381896972656","0.0","474.52381896972656","87.07512164831542","291.99999999999955","291.99999999999955","291.99999999999955","2.0615734403550117","21.693251160809943","2.061573440355011","26.451307052040566","","1.259034942882866","5.701976412127725","1.706655454101807","","0.12140270150165505","2.8744559086125854","4.676306020641743","working_net_combined_queue","17.671171516878626","0.8238260746002197"
"2025-08-18","weekly","CAT793","Plan","537021.340929104","2225.363882834813","54.0",,"1296.0","0.0","1296.0","0.0","102.58143031597137","115.76160467374869","1077.656976699829","0.0","1077.656976699829","194.7366025773141","241.31844013079396","241.31844013079396","241.31844013079396","3.109771752240413","25.74762608968555","3.109771752240413","30.490110040501268","","1.0743509259076007","7.246738184114414","2.7665672797712997","","1.1491041545054046","1.807785589265796","6.119568111973834","working_net_combined_queue","21.740570599097616","0.831525444984436"
"2025-08-18","weekly","EH4000","Plan","136238.54675252762","596.0130844145285","15.0",,"360.0","0.0","360.0","0.0","39.65714156627655","16.65782898224422","303.68502616882324","0.0","303.68502616882324","61.9517441799735","228.58314744273866","228.58314744273866","228.58314744273866","2.6671388379656977","25.96249519712503","2.667138837965698","31.551772852525605","","0.65","6.163827053713338","2.9842347574334136","","1.4786694020504596","1.8300000000000007","5.071928320032014","working_net_combined_queue","20.27865953322923","0.8435695171356201"
"2025-08-18","weekly","EH5000","Plan","387857.8016411545","1328.280142606692","24.0",,"576.0","0.0","576.0","0.0","51.66428518295288","49.811892282562596","474.52381896972656","0.0","474.52381896972656","87.07512164831542","292.00000000000034","292.00000000000034","292.00000000000034","2.0417603436365654","21.771003543931638","2.0417603436365632","26.054421517935573","","1.2566318123033944","5.627008436748919","1.6535292601621967","","0.16998770589876855","2.8706108996854316","4.701912899269795","working_net_combined_queue","17.501520398315993","0.8238260746002197"
"2025-08-19","weekly","CAT793","Plan","543097.6371274457","2254.443184403508","54.0",,"1296.0","0.0","1296.0","0.0","102.58143031597137","115.76160467374869","1077.656976699829","0.0","1077.656976699829","194.7366025773141","240.90100867684595","240.90100867684595","240.90100867684595","2.5222626358604985","24.244665551708145","2.5222626358604985","29.286375149860156","","1.086580312228772","6.242022923717652","2.7152392650996404","","1.2392371868999548","1.799657801158389","5.167445864407448","working_net_combined_queue","19.84092724220589","0.831525444984436"
"2025-08-19","weekly","EH4000","Plan","105873.0850587574","465.29584525253244","15.0",,"360.0","0.0","360.0","0.0","39.65714156627655","16.65782898224422","303.68502616882324","0.0","303.68502616882324","61.9517441799735","227.53928739960347","227.53928739960347","227.53928739960347","2.367379862719066","24.53996932987124","2.367379862719066","30.41942569313417","","0.6500000000000001","5.7882220574025975","2.9287059333037","","1.3568704074298559","1.8300000000000007","4.669476445612312","working_net_combined_queue","19.323274843748464","0.8435695171356201"
"2025-08-19","weekly","EH5000","Plan","379517.2496274965","1299.716608313347","24.0",,"576.0","0.0","576.0","0.0","51.66428518295288","49.811892282562596","474.52381896972656","0.0","474.52381896972656","87.07512164831542","291.9999999999994","291.9999999999994","291.9999999999994","2.1234144142431854","21.78204877977951","2.1234144142431854","25.89660514323545","","1.2584969328668263","5.849076280320441","1.6555634201308311","","0.09182275863162627","2.8735950925869216","4.91975161029441","working_net_combined_queue","17.88614676615172","0.8238260746002197"
"2025-08-20","weekly","CAT793","Plan","551898.3121421641","2289.692955517001","54.0",,"1296.0","0.0","1296.0","0.0","102.58143031597137","115.76160467374869","1077.656976699829","0.0","1077.656976699829","194.7366025773141","241.0359479913534","241.0359479913534","241.0359479913534","2.6856160892884184","24.379069707044586","2.685616089288418","29.025372302512327","","1.0552161490397447","6.609643735123449","2.711529296714145","","1.2626534628648196","1.76963955118744","5.551589956465698","working_net_combined_queue","20.542350223967485","0.831525444984436"
"2025-08-20","weekly","EH4000","Plan","102619.1061729965","451.5042745303675","15.0",,"360.0","0.0","360.0","0.0","39.65714156627655","16.65782898224422","303.68502616882324","0.0","303.68502616882324","61.9517441799735","227.28269024636774","227.28269024636774","227.28269024636774","3.0246993447371384","25.459888187602914","3.0246993447371384","31.33261514190664","","0.6499999999999999","7.128152305578334","2.768160130060243","","1.2215932150632811","1.8300000000000005","5.792110229621415","working_net_combined_queue","21.49001588032327","0.8435695171356201"
"2025-08-20","weekly","EH5000","Plan","376437.990559997","1289.1712005479346","24.0",,"576.0","0.0","576.0","0.0","51.66428518295288","49.811892282562596","474.52381896972656","0.0","474.52381896972656","87.07512164831542","292.00000000000006","292.00000000000006","292.00000000000006","2.1827896343436533","21.974017747540127","2.1827896343436533","26.37567078684394","","1.2642298907751857","5.960101587488718","1.6198480920840839","","0.13925350156358168","2.8827678252402977","4.96546150879109","working_net_combined_queue","18.032455270891013","0.8238260746002197"
"2025-08-21","weekly","CAT793","Plan","567036.624938553","2355.6840588493487","54.0",,"1296.0","0.0","1296.0","0.0","102.58143031597137","115.76160467374869","1077.656976699829","0.0","1077.656976699829","194.7366025773141","240.70996397349066","240.70996397349066","240.70996397349066","3.035317990084004","25.007864920107533","3.035317990084003","30.22236664620983","","1.0680174089560555","7.282472133740922","2.5669761857647875","","1.087490418513676","1.7860977313210724","6.025970154388277","working_net_combined_queue","21.297491966283395","0.831525444984436"
"2025-08-21","weekly","EH4000","Plan","126786.16886843997","555.8965427699733","15.0",,"360.0","0.0","360.0","0.0","39.65714156627655","16.65782898224422","303.68502616882324","0.0","303.68502616882324","61.9517441799735","228.07511670548982","228.07511670548982","228.07511670548982","2.6741319343634884","24.762081641117334","2.6741319343634884","29.885641590625728","","0.6500000000000001","6.479581094482227","2.9183597957401957","","1.5502506722824436","1.8300000000000003","5.368729179705388","working_net_combined_queue","20.89692074221026","0.8435695171356201"
"2025-08-21","weekly","EH5000","Plan","371161.47972978815","1271.1009579787262","24.0",,"576.0","0.0","576.0","0.0","51.66428518295288","49.811892282562596","474.52381896972656","0.0","474.52381896972656","87.07512164831542","292.00000000000006","292.00000000000006","292.00000000000006","2.2353172276588147","21.975433073959678","2.235317227658813","26.53215324471543","","1.2637916707691639","6.103134951113044","1.6376652760705603","","0.15743679865985027","2.8820666732306615","5.054962272473761","working_net_combined_queue","18.28880850449075","0.8238260746002197"
"2025-08-22","weekly","CAT793","Plan","564987.8636086831","2353.61665876265","54.0",,"1296.0","0.0","1296.0","0.0","102.58143031597137","115.76160467374869","1077.656976699829","0.0","1077.656976699829","194.7366025773141","240.05092821942813","240.05092821942813","240.05092821942813","2.3380460588581404","23.530808177252727","2.338046058858139","28.23462192584348","","1.0996578695193862","5.961663640057209","2.5472502048589867","","1.1343667375885014","1.8432711410996558","4.96846615831912","working_net_combined_queue","19.145932441525236","0.831525444984436"
"2025-08-22","weekly","EH4000","Plan","101758.30317125683","448.86225082785654","15.0",,"360.0","0.0","360.0","0.0","39.65714156627655","16.65782898224422","303.68502616882324","0.0","303.68502616882324","61.9517441799735","226.7027422858115","226.7027422858115","226.7027422858115","2.5744021224054228","23.22190835889695","2.5744021224054228","29.23584610113072","","0.6499999999999999","6.651655193753529","2.9096738021460338","","1.2754070174911363","1.8299999999999998","5.283381462948368","working_net_combined_queue","20.700117476339052","0.8435695171356201"
"2025-08-22","weekly","EH5000","Plan","372018.19699066953","1274.0349212009241","24.0",,"576.0","0.0","576.0","0.0","51.66428518295288","49.811892282562596","474.52381896972656","0.0","474.52381896972656","87.07512164831542","291.9999999999998","291.9999999999998","291.9999999999998","2.21963420654699","21.835288811372674","2.219634206546988","26.51279981720596","","1.265525429920159","6.099211855785257","1.6342531546275305","","0.14777853140527308","2.8848406878722552","5.023160636033279","working_net_combined_queue","18.246691377229773","0.8238260746002197"
"2025-08-23","weekly","CAT793","Plan","600337.0145417787","2496.230805764854","54.0",,"1296.0","0.0","1296.0","0.0","121.4351989030838","113.93278906685772","1060.6319875717163","0.0","1060.6319875717163","180.15030411763098","240.49739837972768","240.49739837972768","240.49739837972768","2.67355019877341","24.814587891207953","2.67355019877341","29.417311556547755","","1.1485032247182683","6.464464073700795","2.502326403122766","","1.0225940476895619","1.8765974492694362","5.453014005649322","working_net_combined_queue","20.100075102854326","0.8183888792991638"
"2025-08-23","weekly","EH4000","Plan","128627.48740959638","564.5680274730051","15.0",,"360.0","0.0","360.0","0.0","25.20000010728836","34.149599350476265","300.6503963470459","0.0","300.6503963470459","75.16259908676147","227.8334605403185","227.8334605403185","227.8334605403185","2.949854933506361","25.00927778082225","2.949854933506362","29.68324089995051","","0.6499999999999998","7.07702547676539","2.9155219080205392","","1.276098695752879","1.8299999999999996","5.962667506790906","working_net_combined_queue","21.811313587329714","0.8351399898529053"
"2025-08-23","weekly","EH5000","Plan","375115.88054918876","1284.6434265383166","24.0",,"576.0","0.0","576.0","0.0","51.4367995262146","49.83350341968155","474.72970962524414","0.0","474.72970962524414","75.95675537928528","292.0000000000002","292.0000000000002","292.0000000000002","2.269289781339856","21.963948940715845","2.269289781339856","25.322162405001343","","1.2665909530985104","6.199130550152962","1.619533249847023","","0.07752708248902389","2.8865455249576177","5.377004724268695","working_net_combined_queue","18.624916597591195","0.8241835236549377"
"2025-08-24","weekly","CAT793","Plan","539688.8413190853","2240.574726295084","54.0",,"1296.0","0.0","1296.0","0.0","121.4351989030838","113.93278906685772","1060.6319875717163","0.0","1060.6319875717163","180.15030411763098","240.8707172250805","240.8707172250805","240.8707172250805","2.9367044464991805","24.52683312165535","2.93670444649918","29.427930852358195","","1.1318242599436903","7.184061061449367","2.5583935150418142","","1.1592498737595174","1.8763698906666963","5.98758600031952","working_net_combined_queue","21.380120438304537","0.8183888792991638"
"2025-08-24","weekly","EH4000","Plan","114522.24380559486","502.03135925383145","15.0",,"360.0","0.0","360.0","0.0","25.20000010728836","34.149599350476265","300.6503963470459","0.0","300.6503963470459","75.16259908676147","228.11770957059161","228.11770957059161","228.11770957059161","2.379235959057347","24.47652681368677","2.3792359590573473","29.31649127775635","","0.6499999999999999","5.832288160410717","2.9347050495215234","","1.5353672003950052","1.8300000000000005","4.8694148351837185","working_net_combined_queue","19.751775245510952","0.8351399898529053"
"2025-08-24","weekly","EH5000","Plan","359884.7705830669","1232.482091037902","24.0",,"576.0","0.0","576.0","0.0","51.4367995262146","49.83350341968155","474.72970962524414","0.0","474.72970962524414","75.95675537928528","291.99999999999966","291.99999999999966","291.99999999999966","2.2226617259436714","21.771198848281262","2.2226617259436714","25.231998079304553","","1.2685718780143855","6.125510335281717","1.634821412079603","","0.18378106704098177","2.889715004823016","5.285340587672396","working_net_combined_queue","18.60428194644904","0.8241835236549377"
"2025-08-25","weekly","CAT793","Plan","540581.9759671295","2243.58080640476","54.0",,"1296.0","0.0","1296.0","0.0","121.4351989030838","113.93278906685772","1060.6319875717163","0.0","1060.6319875717163","180.15030411763098","240.9460690802523","240.9460690802523","240.9460690802523","2.7502268347491796","23.87393806518695","2.7502268347491796","28.413935072722833","","1.1429699795045831","6.911872253098206","2.5869311947192535","","1.2342863451759392","1.8878386745626872","5.80748881359142","working_net_combined_queue","21.026557639442245","0.8183888792991638"
"2025-08-25","weekly","EH4000","Plan","89733.12742951633","394.50118894405193","15.0",,"360.0","0.0","360.0","0.0","25.20000010728836","34.149599350476265","300.6503963470459","0.0","300.6503963470459","75.16259908676147","227.45971354282094","227.45971354282094","227.45971354282094","3.037289260922041","24.2868379298566","3.0372892609220408","29.08901641275889","","0.6499999999999999","7.5035439434992135","2.910960418918033","","1.3267246328548392","1.8300000000000003","6.264816694709221","working_net_combined_queue","22.586045689981294","0.8351399898529053"
"2025-08-25","weekly","EH5000","Plan","391202.2873879021","1339.7338609174753","24.0",,"576.0","0.0","576.0","0.0","51.4367995262146","49.83350341968155","474.72970962524414","0.0","474.72970962524414","75.95675537928528","291.9999999999995","291.9999999999995","291.9999999999995","2.0606234537175547","21.352248692814094","2.0606234537175547","25.736352664377403","","1.2733808990174946","5.790369389274786","1.6853990240432362","","0.08763828578942814","2.8974094384279914","4.803998796386723","working_net_combined_queue","17.8590519915162","0.8241835236549377"
"2025-08-26","weekly","CAT793","Plan","555925.3331662806","2304.7547093507583","54.0",,"1296.0","0.0","1296.0","0.0","121.4351989030838","113.93278906685772","1060.6319875717163","0.0","1060.6319875717163","180.15030411763098","241.20802570043688","241.20802570043688","241.20802570043688","2.930145496396367","24.97906859183436","2.9301454963963667","29.770777047558816","","1.1412370491426966","7.03824200399745","2.6491163462136376","","1.191541321943765","1.874243366576219","5.905412865204276","working_net_combined_queue","21.279734954915995","0.8183888792991638"
"2025-08-26","weekly","EH4000","Plan","108797.09128798851","474.15856287175063","15.0",,"360.0","0.0","360.0","0.0","25.20000010728836","34.149599350476265","300.6503963470459","0.0","300.6503963470459","75.16259908676147","229.4529716579551","229.4529716579551","229.4529716579551","3.5129377206018884","26.517598798881945","3.5129377206018884","31.914346399619877","","0.6499999999999999","7.9485425824075815","3.062074625255484","","1.474442812290824","1.83","6.604436155353124","working_net_combined_queue","23.66949617530702","0.8351399898529053"
"2025-08-26","weekly","EH5000","Plan","416051.69540280727","1424.8345732972844","24.0",,"576.0","0.0","576.0","0.0","51.4367995262146","49.83350341968155","474.72970962524414","0.0","474.72970962524414","75.95675537928528","292.00000000000017","292.00000000000017","292.00000000000017","1.8283081039253761","21.00829527859852","1.8283081039253761","25.641645642516984","","1.2881684404701665","5.221674808963398","1.6770479317864708","","0.1270432819706186","2.921069504752266","4.278137517571379","working_net_combined_queue","16.79238918367896","0.8241835236549377"
"2025-08-27","weekly","CAT793","Plan","571922.8425773445","2380.31402875658","54.0",,"1296.0","0.0","1296.0","0.0","121.4351989030838","113.93278906685772","1060.6319875717163","0.0","1060.6319875717163","180.15030411763098","240.27201271258465","240.27201271258465","240.27201271258465","2.9141420343942195","24.761928532851396","2.9141420343942195","29.389864664393997","","1.1340928541832758","7.061183535510307","2.5749113627123132","","1.0520555518260377","1.8787042412610515","5.949279592140594","working_net_combined_queue","20.871150283285075","0.8183888792991638"
"2025-08-27","weekly","EH4000","Plan","106126.66134173049","465.74823829211533","15.0",,"360.0","0.0","360.0","0.0","25.20000010728836","34.149599350476265","300.6503963470459","0.0","300.6503963470459","75.16259908676147","227.86272199524305","227.86272199524305","227.86272199524305","1.768963339132932","22.313077931105624","1.768963339132932","27.440136575352742","","0.65","4.756752998205333","3.165264783849116","","1.6938643995637686","1.8299999999999998","3.8679763876726088","working_net_combined_queue","18.06385856929081","0.8351399898529053"
"2025-08-27","weekly","EH5000","Plan","370468.29295040574","1268.7270306520732","24.0",,"576.0","0.0","576.0","0.0","51.4367995262146","49.83350341968155","474.72970962524414","0.0","474.72970962524414","75.95675537928528","292.0000000000003","292.0000000000003","292.0000000000003","1.9179370326024778","21.014393063494886","1.9179370326024778","26.129609905067444","","1.309101174723375","5.476066884655979","1.6811763317013655","","0.2687350535891955","2.9545618795574007","4.404054341960588","working_net_combined_queue","17.390124833277024","0.8241835236549377"
"2025-08-28","weekly","CAT793","Plan","586185.4258946849","2443.9204263284496","54.0",,"1296.0","0.0","1296.0","0.0","121.4351989030838","113.93278906685772","1060.6319875717163","0.0","1060.6319875717163","180.15030411763098","239.85454664549897","239.85454664549897","239.85454664549897","2.7828873953162376","25.025421634378443","2.7828873953162376","29.699200628893223","","1.1555649823275969","6.672145075453845","2.50998041240189","","0.9277626871655901","1.9007987499312955","5.622146057242104","working_net_combined_queue","19.932006712051304","0.8183888792991638"
"2025-08-28","weekly","EH4000","Plan","92900.84483541903","407.692427883669","15.0",,"360.0","0.0","360.0","0.0","25.20000010728836","34.149599350476265","300.6503963470459","0.0","300.6503963470459","75.16259908676147","227.86992958801622","227.86992958801622","227.86992958801622","1.5362950025339621","21.934083067002092","1.536295002533962","26.500263430989726","","0.6499999999999998","4.202487054984807","3.1560922899947847","","1.811418638281134","1.8299999999999996","3.478369201577219","working_net_combined_queue","17.22836718483794","0.8351399898529053"
"2025-08-28","weekly","EH5000","Plan","324589.8545211398","1111.6090908258193","24.0",,"576.0","0.0","576.0","0.0","51.4367995262146","49.83350341968155","474.72970962524414","0.0","474.72970962524414","75.95675537928528","292.0000000000005","292.0000000000005","292.0000000000005","2.2104278179966355","21.473038712153194","2.210427817996635","27.392413154161623","","1.2958554730542697","6.176381035662892","1.8068343758868792","","0.36003938165660065","2.9333687568868325","4.841693513214581","working_net_combined_queue","18.910653203760035","0.8241835236549377"
"2025-08-29","weekly","CAT793","Plan","550169.2174536827","2288.5559900074277","54.0",,"1296.0","0.0","1296.0","0.0","121.4351989030838","113.93278906685772","1060.6319875717163","0.0","1060.6319875717163","180.15030411763098","240.40015619276897","240.40015619276897","240.40015619276897","3.2031442035038267","25.50514012304469","3.2031442035038262","30.29518357360845","","1.1430506787875672","7.535290975977863","2.5824501063702114","","0.960939310245987","1.8648063759668259","6.343868217311417","working_net_combined_queue","21.665970830176608","0.8183888792991638"
"2025-08-29","weekly","EH4000","Plan","134767.50161153692","588.0864899295627","15.0",,"360.0","0.0","360.0","0.0","25.20000010728836","34.149599350476265","300.6503963470459","0.0","300.6503963470459","75.16259908676147","229.16272337369716","229.16272337369716","229.16272337369716","1.8852712708448993","23.210769768966824","1.8852712708448993","27.21848689431986","","0.6500000000000004","4.873439242929903","3.1136591272009038","","1.7795026219931205","1.8300000000000012","4.155862031930211","working_net_combined_queue","18.502463024054133","0.8351399898529053"
"2025-08-29","weekly","EH5000","Plan","396296.4040118351","1357.1794657939533","24.0",,"576.0","0.0","576.0","0.0","51.4367995262146","49.83350341968155","474.72970962524414","0.0","474.72970962524414","75.95675537928528","292.00000000000057","292.00000000000057","292.00000000000057","2.051187344325808","21.802684951096165","2.051187344325808","26.98563130610557","","1.291924555668647","5.6447745282564785","1.6542989656010745","","0.29376715760669553","2.927079289069835","4.560621141803834","working_net_combined_queue","17.620239848918892","0.8241835236549377"
"2025-08-30","weekly","CAT793","Plan","559012.0553278951","2325.5707188948454","54.0",,"1296.0","0.0","1296.0","0.0","121.4351989030838","113.93278906685772","1060.6319875717163","0.0","1060.6319875717163","180.15030411763098","240.37628732853503","240.37628732853503","240.37628732853503","2.963755730591282","25.72607977245392","2.963755730591282","29.908305924873776","","1.1605524420542197","6.912259676108234","2.590490228159562","","1.0272341948756445","1.881782084328152","5.945684261828595","working_net_combined_queue","20.938720967560595","0.8183888792991638"
"2025-08-30","weekly","EH4000","Plan","116371.96137299937","507.47121267798934","15.0",,"360.0","0.0","360.0","0.0","25.20000010728836","34.149599350476265","300.6503963470459","0.0","300.6503963470459","75.16259908676147","229.3173651346446","229.3173651346446","229.3173651346446","3.046590012103525","26.04165101794427","3.046590012103525","30.160787604820477","","0.6500000000000004","7.01934760588929","3.1585831125926656","","1.525558701615228","1.830000000000001","6.060697191375601","working_net_combined_queue","22.34418661147278","0.8351399898529053"
"2025-08-30","weekly","EH5000","Plan","402377.0186272389","1378.003488449447","24.0",,"576.0","0.0","576.0","0.0","51.4367995262146","49.83350341968155","474.72970962524414","0.0","474.72970962524414","75.95675537928528","292.0000000000003","292.0000000000003","292.0000000000003","1.8052980524373352","20.353505883694023","1.8052980524373363","24.824432078217967","","1.282969186694521","5.321829259548732","1.6718944467392405","","0.20870321238567308","2.9127506987112346","4.363357953364137","working_net_combined_queue","17.087551891782898","0.8241835236549377"
"2025-08-31","weekly","CAT793","Plan","517762.7850858068","2151.463136857776","54.0",,"1296.0","0.0","1296.0","0.0","121.4351989030838","113.93278906685772","1060.6319875717163","0.0","1060.6319875717163","180.15030411763098","240.65612662181246","240.65612662181246","240.65612662181246","2.887482794759575","26.075885842259815","2.887482794759575","30.3463217228472","","1.1699757187991369","6.64402999513056","2.6018334377439833","","1.1466545076595436","1.8990635223430687","5.709059874467042","working_net_combined_queue","20.607422565225328","0.8183888792991638"
"2025-08-31","weekly","EH4000","Plan","84184.00567539077","367.00093271427863","15.0",,"360.0","0.0","360.0","0.0","25.20000010728836","34.149599350476265","300.6503963470459","0.0","300.6503963470459","75.16259908676147","229.38362868121257","229.38362868121257","229.38362868121257","4.22278423271247","27.389429314149112","4.22278423271247","32.30488911606951","","0.6500000000000002","9.25054155224261","3.235948967192467","","1.3270435931388973","1.8300000000000005","7.84299407598694","working_net_combined_queue","26.23652818856092","0.8351399898529053"
"2025-08-31","weekly","EH5000","Plan","390873.33169770765","1338.6073003346148","24.0",,"576.0","0.0","576.0","0.0","51.4367995262146","49.83350341968155","474.72970962524414","0.0","474.72970962524414","75.95675537928528","292.0000000000001","292.0000000000001","292.0000000000001","1.7645746246471108","20.074026620466785","1.7645746246471115","24.609866419840635","","1.283974762791695","5.2742023053252645","1.6961300598303133","","0.23364057960011037","2.9143596204667124","4.302115081513405","working_net_combined_queue","17.03942031921615","0.8241835236549377"
"2025-09-01","weekly","CAT793","Plan","553427.1308777881","2303.024375701521","54.0",,"1296.0","0.0","1296.0","0.0","121.4351989030838","113.93278906685772","1060.6319875717163","0.0","1060.6319875717163","180.15030411763098","240.30450424963888","240.30450424963888","240.30450424963888","3.0086871233429964","25.784070591975794","3.0086871233429964","30.054844480749168","","1.1486265201964754","7.001269514704145","2.6082990984221253","","1.1107668069143344","1.8857377280494945","6.006393661967137","working_net_combined_queue","21.173501991909983","0.8183888792991638"
"2025-09-01","weekly","EH4000","Plan","113899.17342441232","497.8464924583872","15.0",,"360.0","0.0","360.0","0.0","25.20000010728836","34.149599350476265","300.6503963470459","0.0","300.6503963470459","75.16259908676147","228.78372178936795","228.78372178936795","228.78372178936795","3.497118406671801","26.139797791568693","3.497118406671801","31.09596652064569","","0.6500000000000002","8.027112760144881","3.175877654629442","","1.308441405083246","1.8299999999999996","6.747727370396948","working_net_combined_queue","23.83915919025451","0.8351399898529053"
"2025-09-01","weekly","EH5000","Plan","404324.24630666134","1384.6720763926776","24.0",,"576.0","0.0","576.0","0.0","51.4367995262146","49.83350341968155","474.72970962524414","0.0","474.72970962524414","75.95675537928528","291.9999999999996","291.9999999999996","291.9999999999996","1.7736136202669015","20.119368796713278","1.7736136202669015","24.330751999764026","","1.2870856294863018","5.289272158150332","1.7000828158383665","","0.11335937075386197","2.9193370071780818","4.3737578360523415","working_net_combined_queue","17.009670834907507","0.8241835236549377"
"2025-09-02","weekly","CAT793","Plan","586689.4460797518","2445.208180909656","54.0",,"1296.0","0.0","1296.0","0.0","121.4351989030838","113.93278906685772","1060.6319875717163","0.0","1060.6319875717163","180.15030411763098","239.93435432622104","239.93435432622104","239.93435432622104","2.8122704540969963","25.047409867869167","2.8122704540969963","29.743123482657012","","1.140159078257787","6.736673697437862","2.573835562140831","","0.978836635859794","1.8817568669111817","5.67311726168264","working_net_combined_queue","20.464137436052383","0.8183888792991638"
"2025-09-02","weekly","EH4000","Plan","131469.47082428314","574.3135602636862","15.0",,"360.0","0.0","360.0","0.0","25.20000010728836","34.149599350476265","300.6503963470459","0.0","300.6503963470459","75.16259908676147","228.91583957014907","228.91583957014907","228.91583957014907","2.744664194370868","25.166016152392338","2.744664194370868","29.5760973725972","","0.6499999999999999","6.543739408932917","3.1029072641611553","","1.5473755775903666","1.8299999999999998","5.568004783985835","working_net_combined_queue","21.342027034670284","0.8351399898529053"
"2025-09-02","weekly","EH5000","Plan","407591.79647510534","1395.8623166955633","24.0",,"576.0","0.0","576.0","0.0","51.4367995262146","49.83350341968155","474.72970962524414","0.0","474.72970962524414","75.95675537928528","292.0000000000006","292.0000000000006","292.0000000000006","1.8092053799561918","20.081316296286946","1.8092053799561918","25.320674085484747","","1.2871195345498723","5.405637817548989","1.69363707241526","","0.2305612787189305","2.919391255279796","4.28710240615592","working_net_combined_queue","17.132183483570998","0.8241835236549377"
"2025-09-03","weekly","CAT793","Plan","571579.3650020568","2386.7880722829136","54.0",,"1296.0","0.0","1296.0","0.0","121.4351989030838","113.93278906685772","1060.6319875717163","0.0","1060.6319875717163","180.15030411763098","239.47637900475718","239.47637900475718","239.47637900475718","2.893314004699762","24.241453257960366","2.8933140046997603","29.083423532452496","","1.1315784843097452","7.161238991518779","2.510753733837942","","0.9595303961734771","1.8538979484843556","5.968996053311152","working_net_combined_queue","21.08698054890203","0.8183888792991638"
"2025-09-03","weekly","EH4000","Plan","148072.58575032532","646.7523185441569","15.0",,"360.0","0.0","360.0","0.0","25.20000010728836","34.149599350476265","300.6503963470459","0.0","300.6503963470459","75.16259908676147","228.94790092695385","228.94790092695385","228.94790092695385","2.1688181598984224","24.14630792452198","2.1688181598984224","27.92487623078824","","0.6500000000000001","5.389192004039328","3.042653158244694","","1.7850730877280436","1.8299999999999998","4.659970146991487","working_net_combined_queue","19.456888397003567","0.8351399898529053"
"2025-09-03","weekly","EH5000","Plan","402733.14009867876","1379.223082529722","24.0",,"576.0","0.0","576.0","0.0","51.4367995262146","49.83350341968155","474.72970962524414","0.0","474.72970962524414","75.95675537928528","291.99999999999994","291.99999999999994","291.99999999999994","1.9185945788748042","20.73488509293212","1.9185945788748042","25.915800157854232","","1.2849963862688194","5.551787445001449","1.7053998565335942","","0.1899111597970271","2.915994218030112","4.441910881829379","working_net_combined_queue","17.347720597490564","0.8241835236549377"
"2025-09-04","weekly","CAT793","Plan","564291.1844572112","2346.2436358555465","54.0",,"1296.0","0.0","1296.0","0.0","121.4351989030838","113.93278906685772","1060.6319875717163","0.0","1060.6319875717163","180.15030411763098","240.50834953099195","240.50834953099195","240.50834953099195","3.193816234475035","25.794038766313324","3.193816234475035","30.8375768531988","","1.129443348469967","7.429196172208868","2.592591439540471","","0.9754473224416838","1.8637348876458417","6.214138516159849","working_net_combined_queue","21.672863227228465","0.8183888792991638"
"2025-09-04","weekly","EH4000","Plan","146163.58064180854","636.1589327368004","15.0",,"360.0","0.0","360.0","0.0","25.20000010728836","34.149599350476265","300.6503963470459","0.0","300.6503963470459","75.16259908676147","229.75953511020046","229.75953511020046","229.75953511020046","2.46016891468113","25.75130440922938","2.46016891468113","29.031576475568386","","0.65","5.732142051334831","3.1147556329481927","","1.9231533279955781","1.8300000000000003","5.084468458166216","working_net_combined_queue","20.434519470444826","0.8351399898529053"
"2025-09-04","weekly","EH5000","Plan","381591.7965573312","1306.821221086754","24.0",,"576.0","0.0","576.0","0.0","51.4367995262146","49.83350341968155","474.72970962524414","0.0","474.72970962524414","75.95675537928528","291.9999999999993","291.9999999999993","291.9999999999993","2.243136235031435","22.31019189972841","2.2431362350314354","27.862862127975873","","1.279170802328311","6.03258702151838","1.8667513579864328","","0.17888015934170662","2.906673283725296","4.830378641064016","working_net_combined_queue","18.30883696317316","0.8241835236549377"
"2025-09-05","weekly","CAT793","Plan","609462.7392397742","2541.3818653701915","54.0",,"1296.0","0.0","1296.0","0.0","121.4351989030838","113.93278906685772","1060.6319875717163","0.0","1060.6319875717163","180.15030411763098","239.81549075506467","239.81549075506467","239.81549075506467","2.7405190746453125","24.55819803879056","2.740519074645312","29.705586459927193","","1.1240328744397554","6.695570424955195","2.4328141669027015","","0.9376046349345217","1.8605540485490732","5.535360990113297","working_net_combined_queue","20.169000930121495","0.8183888792991638"
"2025-09-05","weekly","EH4000","Plan","146767.4261015693","641.8932666261633","15.0",,"360.0","0.0","360.0","0.0","25.20000010728836","34.149599350476265","300.6503963470459","0.0","300.6503963470459","75.16259908676147","228.64771097068729","228.64771097068729","228.64771097068729","2.253846933846946","24.20655559688741","2.253846933846946","28.177784598877306","","0.65","5.5865368986327555","3.033924994410828","","1.7202481485209253","1.8299999999999996","4.799199722614275","working_net_combined_queue","19.719909764178787","0.8351399898529053"
"2025-09-05","weekly","EH5000","Plan","411044.3479959362","1407.6861232737533","24.0",,"576.0","0.0","576.0","0.0","51.4367995262146","49.83350341968155","474.72970962524414","0.0","474.72970962524414","75.95675537928528","292.00000000000017","292.00000000000017","292.00000000000017","1.791542140010087","20.123133947464805","1.791542140010087","25.282340801417202","","1.2859790551121209","5.341738949869066","1.7035419079897487","","0.2136038022667015","2.917566488179394","4.2516841792821545","working_net_combined_queue","16.996954279557986","0.8241835236549377"
"2025-09-06","weekly","CAT793","Plan","571063.4864262957","2374.167017037792","54.0",,"1296.0","0.0","1296.0","0.0","113.5296002626419","114.69963215759869","1067.770749092102","0.0","1067.770749092102","181.36283596090033","240.5321455180529","240.5321455180529","240.5321455180529","3.2300464054034053","25.751467613704445","3.2300464054034044","30.81257040402729","","1.102507249004015","7.525892785274348","2.567213368637554","","1.1352345175342762","1.8357981586973335","6.289731164358612","working_net_combined_queue","22.21772954515502","0.8238971829414368"
"2025-09-06","weekly","EH4000","Plan","140502.89751944313","613.5386929115691","15.0",,"360.0","0.0","360.0","0.0","23.184000849723816","34.355231270902635","302.4607586860657","0.0","302.4607586860657","75.61518967151642","229.00413477213925","229.00413477213925","229.00413477213925","2.964159360809217","26.13364007791267","2.964159360809217","30.616021614185016","","0.6500000000000001","6.805388040790609","3.0319696741925743","","1.54978525847306","1.8300000000000003","5.8090356705964625","working_net_combined_queue","21.776178644052724","0.8401687741279602"
"2025-09-06","weekly","EH5000","Plan","386036.16673982993","1322.0416669172275","24.0",,"576.0","0.0","576.0","0.0","51.20639991760254","78.71904314037323","446.0745506286621","0.0","446.0745506286621","71.37192982881342","291.9999999999996","291.9999999999996","291.9999999999996","1.7921330626550147","20.254658028700213","1.7921330626550147","24.6756134716499","","1.2740713226589875","5.308802726115499","1.68773710206619","","0.2350239167390404","2.8985141162543804","4.357662024607454","working_net_combined_queue","17.005634833877757","0.7744349837303162"
"2025-09-07","weekly","CAT793","Plan","541596.8122227588","2253.308682703332","54.0",,"1296.0","0.0","1296.0","0.0","113.5296002626419","114.69963215759869","1067.770749092102","0.0","1067.770749092102","181.36283596090033","240.3562442998249","240.3562442998249","240.3562442998249","3.4091137975502024","26.37329393640955","3.409113797550203","31.430475600731327","","1.093727455328402","7.755831650995472","2.5667086834184287","","0.936614556474602","1.8238404841311433","6.507913862055996","working_net_combined_queue","22.40505710453308","0.8238971829414368"
"2025-09-07","weekly","EH4000","Plan","166125.20126600994","723.6625159796318","15.0",,"360.0","0.0","360.0","0.0","23.184000849723816","34.355231270902635","302.4607586860657","0.0","302.4607586860657","75.61518967151642","229.5617053497983","229.5617053497983","229.5617053497983","1.6251257424481216","24.033911702297225","1.6251257424481216","26.457257780257102","","0.6499999999999998","4.057081749932836","3.1391498392026373","","2.0328792028030302","1.829999999999999","3.6854743358795576","working_net_combined_queue","17.494585127818063","0.8401687741279602"
"2025-09-07","weekly","EH5000","Plan","362990.7424029889","1243.11898083215","24.0",,"576.0","0.0","576.0","0.0","51.20639991760254","78.71904314037323","446.0745506286621","0.0","446.0745506286621","71.37192982881342","292.00000000000085","292.00000000000085","292.00000000000085","1.8839666399745776","20.48060204879913","1.8839666399745776","24.743076187271303","","1.2790497739157745","5.51927126600766","1.6972030794814568","","0.14253216261921317","2.906479638265241","4.568469883976081","working_net_combined_queue","17.331728965024684","0.7744349837303162"
"2025-09-08","weekly","CAT793","Plan","566292.4696376288","2355.1595426246176","54.0",,"1296.0","0.0","1296.0","0.0","113.5296002626419","114.69963215759869","1067.770749092102","0.0","1067.770749092102","181.36283596090033","240.44760424448603","240.44760424448603","240.44760424448603","3.3885620932118594","26.593070330215347","3.3885620932118603","32.077489050296265","","1.1122285854584344","7.645364866414248","2.6008642223297462","","1.0348150792148132","1.8562062256166496","6.3382057515138905","working_net_combined_queue","22.291276780222077","0.8238971829414368"
"2025-09-08","weekly","EH4000","Plan","158530.67836299105","691.2883695562984","15.0",,"360.0","0.0","360.0","0.0","23.184000849723816","34.355231270902635","302.4607586860657","0.0","302.4607586860657","75.61518967151642","229.32640753777403","229.32640753777403","229.32640753777403","2.2259319540076263","25.459564275129473","2.2259319540076263","29.78563702767024","","0.6500000000000001","5.2458053011898365","3.083791069568814","","1.8094159906800724","1.8300000000000012","4.48390333624179","working_net_combined_queue","19.20291569768052","0.8401687741279602"
"2025-09-08","weekly","EH5000","Plan","374274.05610153486","1281.7604661011483","24.0",,"576.0","0.0","576.0","0.0","51.20639991760254","78.71904314037323","446.0745506286621","0.0","446.0745506286621","71.37192982881342","291.99999999999966","291.99999999999966","291.99999999999966","1.9043929289252954","20.191652461517243","1.9043929289252943","24.92069484423068","","1.2837509448022761","5.658951190512504","1.6642345636560318","","0.22809827445159148","2.9140015116836415","4.585087873742433","working_net_combined_queue","17.54006182691798","0.7744349837303162"
"2025-09-09","weekly","CAT793","Plan","525483.3862617342","2186.388159122402","54.0",,"1296.0","0.0","1296.0","0.0","113.5296002626419","114.69963215759869","1067.770749092102","0.0","1067.770749092102","181.36283596090033","240.34313581018424","240.34313581018424","240.34313581018424","3.6737767778465495","26.564080273657844","3.673776777846549","31.711547375343148","","1.122524211739208","8.297919762325748","2.644747043334123","","1.2044848836226083","1.8583813223868444","6.950988674938721","working_net_combined_queue","23.690148422739195","0.8238971829414368"
"2025-09-09","weekly","EH4000","Plan","135810.62877256848","594.7806639900714","15.0",,"360.0","0.0","360.0","0.0","23.184000849723816","34.355231270902635","302.4607586860657","0.0","302.4607586860657","75.61518967151642","228.33733003606108","228.33733003606108","228.33733003606108","2.7646239998825717","25.724562128455826","2.7646239998825726","31.123646122949257","","0.6500000000000001","6.4482123802397044","3.052181513937226","","1.6572568838716581","1.8300000000000012","5.329627490869181","working_net_combined_queue","21.067278268917764","0.8401687741279602"
"2025-09-09","weekly","EH5000","Plan","358845.2800774305","1228.9221920459945","24.0",,"576.0","0.0","576.0","0.0","51.20639991760254","78.71904314037323","446.0745506286621","0.0","446.0745506286621","71.37192982881342","292.00000000000006","292.00000000000006","292.00000000000006","2.045509469367225","20.2760330657798","2.045509469367222","25.436541242047582","","1.2820038345748352","6.05298717771219","1.659079761978326","","0.2833221165464302","2.9112061353197367","4.824970777047116","working_net_combined_queue","18.294207692871126","0.7744349837303162"
"2025-09-10","weekly","CAT793","Plan","558440.6394319751","2322.68411813455","54.0",,"1296.0","0.0","1296.0","0.0","113.5296002626419","114.69963215759869","1067.770749092102","0.0","1067.770749092102","181.36283596090033","240.42900843550066","240.42900843550066","240.42900843550066","3.2625811888352083","25.68737296991403","3.2625811888352083","30.74080216633097","","1.1332775856213506","7.620665280150976","2.5757747792862684","","1.268757255158051","1.8769032015343232","6.367916825036989","working_net_combined_queue","22.47819393957414","0.8238971829414368"
"2025-09-10","weekly","EH4000","Plan","135920.82474256487","598.0763482190295","15.0",,"360.0","0.0","360.0","0.0","23.184000849723816","34.355231270902635","302.4607586860657","0.0","302.4607586860657","75.61518967151642","227.26333376552037","227.26333376552037","227.26333376552037","2.832330179278265","24.290635871105852","2.832330179278265","30.55027763362689","","0.6499999999999999","6.996103834352165","2.8246293502153668","","1.2424680317177375","1.8299999999999996","5.562627377554239","working_net_combined_queue","21.20582859383951","0.8401687741279602"
"2025-09-10","weekly","EH5000","Plan","377103.2880425384","1291.449616584035","24.0",,"576.0","0.0","576.0","0.0","51.20639991760254","78.71904314037323","446.0745506286621","0.0","446.0745506286621","71.37192982881342","292.0000000000001","292.0000000000001","292.0000000000001","1.9016455338899831","20.348218306989185","1.9016455338899807","25.168466164365952","","1.2865351700718335","5.607308232692219","1.635015240462602","","0.20007046201947265","2.9184562721149336","4.533400298940038","working_net_combined_queue","17.408466837704577","0.7744349837303162"
"2025-09-11","weekly","CAT793","Plan","527710.4413658836","2192.6796672818705","54.0",,"1296.0","0.0","1296.0","0.0","113.5296002626419","114.69963215759869","1067.770749092102","0.0","1067.770749092102","181.36283596090033","240.66919087184934","240.66919087184934","240.66919087184934","2.901735150918469","24.76422343882063","2.9017351509184692","29.668454726404118","","1.122055223189343","7.0304691558460455","2.6154127749821092","","1.2512532710077198","1.8623224792043207","5.86832413958386","working_net_combined_queue","21.424667090707164","0.8238971829414368"
"2025-09-11","weekly","EH4000","Plan","127956.69411707208","564.2014989433268","15.0",,"360.0","0.0","360.0","0.0","23.184000849723816","34.355231270902635","302.4607586860657","0.0","302.4607586860657","75.61518967151642","226.79254549432727","226.79254549432727","226.79254549432727","2.578124193249874","23.598033375405375","2.578124193249874","30.085972491387977","","0.6499999999999998","6.5550992802736125","2.808171938317418","","1.0856678640758985","1.8299999999999998","5.141514093960941","working_net_combined_queue","20.17045317662787","0.8401687741279602"
"2025-09-11","weekly","EH5000","Plan","378255.9448891014","1295.3970715380196","24.0",,"576.0","0.0","576.0","0.0","51.20639991760254","78.71904314037323","446.0745506286621","0.0","446.0745506286621","71.37192982881342","291.9999999999997","291.9999999999997","291.9999999999997","1.8506494397894893","19.875337852281415","1.8506494397894893","24.274449918524926","","1.2890787357760556","5.586771264601351","1.6126137830343799","","0.15547484646911894","2.9225259772416887","4.5743144236043225","working_net_combined_queue","17.35541813128408","0.7744349837303162"
"2025-09-12","weekly","CAT793","Plan","535615.1394266051","2224.4337570727284","54.0",,"1296.0","0.0","1296.0","0.0","113.5296002626419","114.69963215759869","1067.770749092102","0.0","1067.770749092102","181.36283596090033","240.78718358035286","240.78718358035286","240.78718358035286","2.9027549086695137","23.597897140307108","2.9027549086695132","28.31610139976775","","1.1241825626580322","7.380542998582805","2.6269104077661574","","1.2806789511864691","1.856820172332308","6.150751194922593","working_net_combined_queue","22.053384634813284","0.8238971829414368"
"2025-09-12","weekly","EH4000","Plan","129910.07066894312","571.4109422044958","15.0",,"360.0","0.0","360.0","0.0","23.184000849723816","34.355231270902635","302.4607586860657","0.0","302.4607586860657","75.61518967151642","227.34963766663589","227.34963766663589","227.34963766663589","2.1520629001731466","21.62450005627869","2.1520629001731466","26.98420755565714","","0.6500000000000001","5.9711796191513615","2.980082594831424","","1.3505284194972655","1.8299999999999998","4.785160866557241","working_net_combined_queue","19.666951500037285","0.8401687741279602"
"2025-09-12","weekly","EH5000","Plan","371568.16888711025","1272.493729065447","24.0",,"576.0","0.0","576.0","0.0","51.20639991760254","78.71904314037323","446.0745506286621","0.0","446.0745506286621","71.37192982881342","291.9999999999998","291.9999999999998","291.9999999999998","1.8919660764209278","19.79762862598706","1.8919660764209278","24.276913456046838","","1.2887509134234487","5.7339172650328445","1.605527422672377","","0.24077276865162717","2.9220014614775174","4.675963638902411","working_net_combined_queue","17.667794590512372","0.7744349837303162"
"2025-09-13","weekly","CAT793","Plan","564394.7768491803","2345.8766056761183","54.0",,"1296.0","0.0","1296.0","0.0","99.01439595222473","116.10760701723748","1080.8779706954956","0.0","1080.8779706954956","188.4730946332728","240.5901382381163","240.5901382381163","240.5901382381163","2.639447444461579","24.089485824148138","2.639447444461578","29.12237121160615","","1.1244220939794662","6.574106555190245","2.5076869223691194","","1.2650245921022065","1.859302015827661","5.437979123230894","working_net_combined_queue","20.450210634421484","0.8340107798576355"
"2025-09-13","weekly","EH4000","Plan","135265.0225312993","597.0645247006681","15.0",,"360.0","0.0","360.0","0.0","52.45199739933014","31.369895678667064","276.1781144142151","0.0","276.1781144142151","55.78798105412826","226.55009121353","226.55009121353","226.55009121353","2.202312204932217","22.718192038756154","2.202312204932217","29.798862054371874","","0.6500000000000004","5.81642817661329","2.6948530497351486","","1.1032472723107904","1.8300000000000003","4.434354978214565","working_net_combined_queue","18.628883476873796","0.7671614289283752"
"2025-09-13","weekly","EH5000","Plan","363570.153658267","1245.1032659529715","24.0",,"576.0","0.0","576.0","0.0","65.20320081710815","76.61952292201995","434.17728424072266","0.0","434.17728424072266","79.52680639708603","291.99999999999943","291.99999999999943","291.99999999999943","1.8598048325955336","20.895606657370013","1.8598048325955336","24.684143276947943","","1.28138913172651","5.340275196861734","1.6899502189406903","","0.16672224125417653","2.910222610762416","4.520646663882486","working_net_combined_queue","17.09017161351211","0.7537800073623657"
"2025-09-14","weekly","CAT793","Plan","542752.8893219531","2257.87450095647","54.0",,"1296.0","0.0","1296.0","0.0","99.01439595222473","116.10760701723748","1080.8779706954956","0.0","1080.8779706954956","188.4730946332728","240.3822219047315","240.3822219047315","240.3822219047315","2.7876597753222567","24.35501294085917","2.7876597753222567","29.847666153866136","","1.1249028572097028","6.867563032115351","2.5771783027274173","","1.2065655485694222","1.864244574354783","5.60377436738619","working_net_combined_queue","20.9738953172843","0.8340107798576355"
"2025-09-14","weekly","EH4000","Plan","116494.70310364508","510.69296316824034","15.0",,"360.0","0.0","360.0","0.0","52.45199739933014","31.369895678667064","276.1781144142151","0.0","276.1781144142151","55.78798105412826","228.11104030283573","228.11104030283573","228.11104030283573","2.744190585882218","26.17523879624376","2.744190585882218","32.299034195704095","","0.6499999999999998","6.2903508325036235","2.8825469124761653","","1.510327183031522","1.8299999999999996","5.097720079036679","working_net_combined_queue","20.360945007047988","0.7671614289283752"
"2025-09-14","weekly","EH5000","Plan","345228.3746140131","1182.2889541575803","24.0",,"576.0","0.0","576.0","0.0","65.20320081710815","76.61952292201995","434.17728424072266","0.0","434.17728424072266","79.52680639708603","291.9999999999997","291.9999999999997","291.9999999999997","1.8172722251211646","19.978753881445993","1.8172722251211646","24.14920546389873","","1.2816767144893018","5.4576143314188625","1.6252624056294473","","0.28420509500130997","2.9106827431828837","4.515110597335018","working_net_combined_queue","17.248238878239388","0.7537800073623657"
"2025-09-15","weekly","CAT793","Plan","522961.952722549","2176.5125256861506","54.0",,"1296.0","0.0","1296.0","0.0","99.01439595222473","116.10760701723748","1080.8779706954956","0.0","1080.8779706954956","188.4730946332728","240.2751863592809","240.2751863592809","240.2751863592809","3.4448013673705673","25.33423800944797","3.4448013673705673","30.377648050527373","","1.0905817860743618","8.15844873507359","2.5948527902627543","","1.1599820665764586","1.8301631234937477","6.803952751656355","working_net_combined_queue","23.370387315137215","0.8340107798576355"
"2025-09-15","weekly","EH4000","Plan","137697.11223443362","602.1096898195644","15.0",,"360.0","0.0","360.0","0.0","52.45199739933014","31.369895678667064","276.1781144142151","0.0","276.1781144142151","55.78798105412826","228.69107500279165","228.69107500279165","228.69107500279165","2.3496143701107535","24.54434325076058","2.3496143701107535","29.74963426959984","","0.6499999999999998","5.743761842243492","2.9875257422233","","1.670686568912449","1.83","4.738776313317732","working_net_combined_queue","19.720750466696973","0.7671614289283752"
"2025-09-15","weekly","EH5000","Plan","347456.68191276595","1189.9201435368693","24.0",,"576.0","0.0","576.0","0.0","65.20320081710815","76.61952292201995","434.17728424072266","0.0","434.17728424072266","79.52680639708603","292.0000000000001","292.0000000000001","292.0000000000001","1.9093929029931909","20.24286689917614","1.9093929029931909","24.557536194444022","","1.2812312993181838","5.6594540066977395","1.6942715990411972","","0.39060517784142007","2.909970078909093","4.665108636000329","working_net_combined_queue","17.88273659149118","0.7537800073623657"
"2025-09-16","weekly","CAT793","Plan","536008.4226727051","2228.9778713809274","54.0",,"1296.0","0.0","1296.0","0.0","99.01439595222473","116.10760701723748","1080.8779706954956","0.0","1080.8779706954956","188.4730946332728","240.47274293514172","240.47274293514172","240.47274293514172","3.044748573026522","24.40203425129714","3.044748573026522","29.243717812844764","","1.1158289630798097","7.4864625014564234","2.697923490094965","","1.3496310305150239","1.8596480564619322","6.246979797532799","working_net_combined_queue","22.407406579668017","0.8340107798576355"
"2025-09-16","weekly","EH4000","Plan","121737.81633356072","535.4237577051068","15.0",,"360.0","0.0","360.0","0.0","52.45199739933014","31.369895678667064","276.1781144142151","0.0","276.1781144142151","55.78798105412826","227.36722937985462","227.36722937985462","227.36722937985462","2.4043471412468596","23.92911785337283","2.404347141246859","30.049758287060627","","0.6499999999999998","6.028673073482225","2.9173085993398407","","1.2477911423245345","1.8299999999999996","4.800731742888262","working_net_combined_queue","19.574504558034853","0.7671614289283752"
"2025-09-16","weekly","EH5000","Plan","355299.34538119077","1216.7785800725746","24.0",,"576.0","0.0","576.0","0.0","65.20320081710815","76.61952292201995","434.17728424072266","0.0","434.17728424072266","79.52680639708603","291.99999999999915","291.99999999999915","291.99999999999915","1.7154088824834854","19.665991625838192","1.7154088824834854","24.035863774764522","","1.2866780139921554","5.233630467623183","1.7480007528449029","","0.4517695000262041","2.9186848223874495","4.282123326770996","working_net_combined_queue","17.488003849194815","0.7537800073623657"
"2025-09-17","weekly","CAT793","Plan","553317.0499493083","2305.2439765769623","54.0",,"1296.0","0.0","1296.0","0.0","99.01439595222473","116.10760701723748","1080.8779706954956","0.0","1080.8779706954956","188.4730946332728","240.02537500213933","240.02537500213933","240.02537500213933","2.826032788701705","23.365359179430364","2.826032788701705","28.090657591377266","","1.104762862559157","7.256980987109146","2.61291072375883","","1.2519995320617734","1.847948730905366","6.036240581785141","working_net_combined_queue","21.791578034914","0.8340107798576355"
"2025-09-17","weekly","EH4000","Plan","136458.54194636727","602.4235593911383","15.0",,"360.0","0.0","360.0","0.0","52.45199739933014","31.369895678667064","276.1781144142151","0.0","276.1781144142151","55.78798105412826","226.51594516702528","226.51594516702528","226.51594516702528","1.9378258627461253","21.208050102947816","1.9378258627461253","26.968982676698193","","0.6499999999999999","5.482331058271435","2.8811058540318086","","1.216550105159847","1.8300000000000005","4.311232394584429","working_net_combined_queue","18.47121941204752","0.7671614289283752"
"2025-09-17","weekly","EH5000","Plan","354897.1025629153","1215.4010361743672","24.0",,"576.0","0.0","576.0","0.0","65.20320081710815","76.61952292201995","434.17728424072266","0.0","434.17728424072266","79.52680639708603","292.00000000000006","292.00000000000006","292.00000000000006","1.7540270578156376","19.574180896181712","1.7540270578156376","23.760465700604318","","1.28551578863947","5.376553125115313","1.693432369832867","","0.3913001686902066","2.916825261823152","4.429274442472799","working_net_combined_queue","17.50782487316233","0.7537800073623657"
"2025-09-18","weekly","CAT793","Plan","555185.2360100042","2318.7540194464573","54.0",,"1296.0","0.0","1296.0","0.0","99.01439595222473","116.10760701723748","1080.8779706954956","0.0","1080.8779706954956","188.4730946332728","239.43257083497815","239.43257083497815","239.43257083497815","3.1044228177879347","24.366125215329955","3.104422817787934","28.93370005979794","","1.0995930996368497","7.644439459339525","2.479095104506714","","1.1136065154568284","1.8382235471460657","6.4376615739541485","working_net_combined_queue","22.35692238564346","0.8340107798576355"
"2025-09-18","weekly","EH4000","Plan","142861.18542196727","627.564458243014","15.0",,"360.0","0.0","360.0","0.0","52.45199739933014","31.369895678667064","276.1781144142151","0.0","276.1781144142151","55.78798105412826","227.64384366497478","227.64384366497478","227.64384366497478","2.3761571125913403","24.151637511505804","2.3761571125913408","29.323918687849314","","0.6500000000000002","5.903095667428784","2.927744647166643","","1.367551691142811","1.83","4.861881806218336","working_net_combined_queue","19.64027381195657","0.7671614289283752"
"2025-09-18","weekly","EH5000","Plan","352763.56481984013","1208.0944000679463","24.0",,"576.0","0.0","576.0","0.0","65.20320081710815","76.61952292201995","434.17728424072266","0.0","434.17728424072266","79.52680639708603","291.99999999999983","291.99999999999983","291.99999999999983","1.8667665712137405","20.12908943420426","1.8667665712137405","24.21501124096582","","1.2852415695749455","5.564384550972225","1.6251193857568915","","0.3960107426330502","2.916386511319913","4.625477690604494","working_net_combined_queue","17.613713374082888","0.7537800073623657"
"2025-09-19","weekly","CAT793","Plan","527756.1585680214","2209.642900444578","54.0",,"1296.0","0.0","1296.0","0.0","99.01439595222473","116.10760701723748","1080.8779706954956","0.0","1080.8779706954956","188.4730946332728","238.84228463424444","238.84228463424444","238.84228463424444","3.5045144885646673","24.298048468387744","3.5045144885646677","29.25020916571427","","1.0868068624638647","8.653817181550474","2.389413408727814","","0.9488181218983915","1.8300476410860065","7.188696262738174","working_net_combined_queue","23.7124570910248","0.8340107798576355"
"2025-09-19","weekly","EH4000","Plan","171966.34012697134","753.720924473578","15.0",,"360.0","0.0","360.0","0.0","52.45199739933014","31.369895678667064","276.1781144142151","0.0","276.1781144142151","55.78798105412826","228.1565159506192","228.1565159506192","228.1565159506192","1.4237699280720515","21.670144424227473","1.4237699280720522","25.88340779358493","","0.6499999999999999","3.9421147368457596","3.076220327824386","","1.75285751094761","1.8299999999999987","3.3004230496069216","working_net_combined_queue","16.65161562522467","0.7671614289283752"
"2025-09-19","weekly","EH5000","Plan","338695.8585132106","1159.9173236753786","24.0",,"576.0","0.0","576.0","0.0","65.20320081710815","76.61952292201995","434.17728424072266","0.0","434.17728424072266","79.52680639708603","292.00000000000006","292.00000000000006","292.00000000000006","2.0847485819336042","21.303827304492","2.0847485819336042","25.053807186826006","","1.2865437621222824","5.871476196657001","1.7514558724504024","","0.35665836424295244","2.9184700193956514","4.992650976486695","working_net_combined_queue","18.34529759800159","0.7537800073623657"
"2025-09-20","weekly","CAT793","Plan","512444.6951816919","2136.562973204728","54.0",,"1296.0","0.0","1296.0","0.0","106.27200293540955","115.40361911910438","1074.3243598937988","0.0","1074.3243598937988","187.3303390750084","239.84535050378258","239.84535050378258","239.84535050378258","3.5247393858719325","24.2851303378043","3.5247393858719325","29.273410208641558","","1.1018016105522361","8.708389051678319","2.534741762829985","","1.022229548810598","1.8416094433291537","7.224452554211994","working_net_combined_queue","24.051023431609284","0.8289539813995361"
"2025-09-20","weekly","EH4000","Plan","153781.677733459","674.8103693671897","15.0",,"360.0","0.0","360.0","0.0","48.60000193119049","21.797999957621098","289.6019911766052","0.0","289.6019911766052","58.499604254545865","227.88872950732713","227.88872950732713","227.88872950732713","2.1979651075118767","23.75077713240764","2.1979651075118776","28.941014480861956","","0.6499999999999999","5.552572268078202","2.9380816461766743","","1.5640994367821996","1.830000000000001","4.556782435457491","working_net_combined_queue","19.191535786494562","0.8044499754905701"
"2025-09-20","weekly","EH5000","Plan","365843.3900203916","1252.888321987643","24.0",,"576.0","0.0","576.0","0.0","39.743999004364014","53.62560089864731","482.6303901672363","0.0","482.6303901672363","88.4018003551277","291.9999999999999","291.9999999999999","291.9999999999999","2.201960706208599","20.97236702442751","2.201960706208599","25.02880305401819","","1.2803974240134774","6.299605677252942","1.651692357591453","","0.24173949311678655","2.9086358784215642","5.278624075125535","working_net_combined_queue","18.87934901113664","0.8378999829292297"
"2025-09-21","weekly","CAT793","Plan","507946.3870879934","2124.6586067516246","54.0",,"1296.0","0.0","1296.0","0.0","106.27200293540955","115.40361911910438","1074.3243598937988","0.0","1074.3243598937988","187.3303390750084","239.07200219078442","239.07200219078442","239.07200219078442","3.447386584267182","24.005126018826047","3.447386584267182","29.291730215973214","","1.094479056459353","8.616626086187338","2.4901181380487376","","1.0476918502348973","1.8379422175161462","7.061487782761165","working_net_combined_queue","23.64357653719545","0.8289539813995361"
"2025-09-21","weekly","EH4000","Plan","165562.7962410845","726.3725486349296","15.0",,"360.0","0.0","360.0","0.0","48.60000193119049","21.797999957621098","289.6019911766052","0.0","289.6019911766052","58.499604254545865","227.9309653871506","227.9309653871506","227.9309653871506","1.709545194864129","22.546055834380596","1.7095451948641291","27.010993811476308","","0.6499999999999999","4.5494747482809865","3.0519858537293323","","1.65085699730796","1.8300000000000005","3.7974430858692485","working_net_combined_queue","17.629760685187506","0.8044499754905701"
"2025-09-21","weekly","EH5000","Plan","343330.9560038135","1175.7909452185424","24.0",,"576.0","0.0","576.0","0.0","39.743999004364014","53.62560089864731","482.6303901672363","0.0","482.6303901672363","88.4018003551277","291.9999999999992","291.9999999999992","291.9999999999992","2.349504561570528","21.956164691503336","2.349504561570529","26.04127153522261","","1.2789371761731323","6.420532714840894","1.6814368341993622","","0.39698015941016035","2.9062994818770114","5.413340646733004","working_net_combined_queue","19.279060192870805","0.8378999829292297"
"2025-09-22","weekly","CAT793","Plan","531312.2687860071","2217.217121584864","54.0",,"1296.0","0.0","1296.0","0.0","106.27200293540955","115.40361911910438","1074.3243598937988","0.0","1074.3243598937988","187.3303390750084","239.63023901160648","239.63023901160648","239.63023901160648","3.4812303520730015","24.83392729043424","3.4812303520730006","29.985998696060236","","1.0991307456504946","8.410825186108845","2.581213626090265","","1.2104022893009843","1.8427287382780448","6.965711672355382","working_net_combined_queue","23.593795181126236","0.8289539813995361"
"2025-09-22","weekly","EH4000","Plan","157755.37670841717","691.667944040578","15.0",,"360.0","0.0","360.0","0.0","48.60000193119049","21.797999957621098","289.6019911766052","0.0","289.6019911766052","58.499604254545865","228.07964149219288","228.07964149219288","228.07964149219288","2.229069411143681","24.462055361871013","2.2290694111436813","29.24226976271346","","0.6500000000000005","5.467413211609674","2.9618171816798036","","1.6025913547535648","1.8300000000000007","4.573658808084617","working_net_combined_queue","19.185480556127654","0.8044499754905701"
"2025-09-22","weekly","EH5000","Plan","358498.308978698","1227.7339348585529","24.0",,"576.0","0.0","576.0","0.0","39.743999004364014","53.62560089864731","482.6303901672363","0.0","482.6303901672363","88.4018003551277","292.00000000000045","292.00000000000045","292.00000000000045","2.3394566939382835","21.642235303019046","2.3394566939382835","26.25880938041686","","1.2821754460590833","6.485808867289972","1.6603099111063122","","0.4109409973298179","2.9114807136945333","5.3455356487327785","working_net_combined_queue","19.266157944366185","0.8378999829292297"
"2025-09-23","weekly","CAT793","Plan","530257.0452992631","2212.6193538664766","54.0",,"1296.0","0.0","1296.0","0.0","106.27200293540955","115.40361911910438","1074.3243598937988","0.0","1074.3243598937988","187.3303390750084","239.6512732172649","239.6512732172649","239.6512732172649","3.407994707643158","24.255983785293065","3.4079947076431583","29.30395263535815","","1.1080528267219805","8.430071699774551","2.525867713507519","","1.110107535435496","1.8519094303950796","6.977887420274639","working_net_combined_queue","23.48144488732575","0.8289539813995361"
"2025-09-23","weekly","EH4000","Plan","150676.13303887454","660.4247538203122","15.0",,"360.0","0.0","360.0","0.0","48.60000193119049","21.797999957621098","289.6019911766052","0.0","289.6019911766052","58.499604254545865","228.15034137843716","228.15034137843716","228.15034137843716","2.259611315996414","23.20430407799997","2.2596113159964144","28.60965335682245","","0.65","5.84273842059867","3.042733350686138","","1.5286177622912842","1.8299999999999996","4.738843818513248","working_net_combined_queue","19.732933352089347","0.8044499754905701"
"2025-09-23","weekly","EH5000","Plan","348025.56536753423","1191.8683745463502","24.0",,"576.0","0.0","576.0","0.0","39.743999004364014","53.62560089864731","482.6303901672363","0.0","482.6303901672363","88.4018003551277","292.0","292.0","292.0","2.462193363524436","21.717325381427106","2.462193363524436","26.057936091358393","","1.2777278828135488","6.802476788316109","1.660072497378702","","0.38718547851291096","2.9043646125016775","5.669351605342929","working_net_combined_queue","19.84591286076657","0.8378999829292297"
"2025-09-24","weekly","CAT793","Plan","496930.40445391583","2078.478047593549","54.0",,"1296.0","0.0","1296.0","0.0","106.27200293540955","115.40361911910438","1074.3243598937988","0.0","1074.3243598937988","187.3303390750084","239.0837877885019","239.0837877885019","239.0837877885019","3.4784530437963253","24.423441864827076","3.4784530437963253","29.838002620363124","","1.0881853171340183","8.545363253176243","2.4850177097834867","","0.9399893441935175","1.817187318792405","6.994676730986881","working_net_combined_queue","23.383376223059766","0.8289539813995361"
"2025-09-24","weekly","EH4000","Plan","161040.00647934264","706.3613942520999","15.0",,"360.0","0.0","360.0","0.0","48.60000193119049","21.797999957621098","289.6019911766052","0.0","289.6019911766052","58.499604254545865","227.9852888192635","227.9852888192635","227.9852888192635","1.756707477107407","23.041974149749993","1.756707477107407","27.345829223981","","0.6500000000000004","4.574367106803999","3.040093772525117","","1.8777535357281139","1.8300000000000005","3.8544250299790304","working_net_combined_queue","17.92663944503625","0.8044499754905701"
"2025-09-24","weekly","EH5000","Plan","333379.39716324105","1141.7102642576763","24.0",,"576.0","0.0","576.0","0.0","39.743999004364014","53.62560089864731","482.6303901672363","0.0","482.6303901672363","88.4018003551277","291.99999999999966","291.99999999999966","291.99999999999966","2.2745797086942434","21.757915179789","2.2745797086942434","26.057512583048418","","1.2792320926144591","6.272420008716023","1.6858260401365688","","0.41094013714695954","2.9067713481831357","5.237444751746472","working_net_combined_queue","18.991309432663805","0.8378999829292297"
"2025-09-25","weekly","CAT793","Plan","539151.6619830744","2252.2296146394865","54.0",,"1296.0","0.0","1296.0","0.0","106.27200293540955","115.40361911910438","1074.3243598937988","0.0","1074.3243598937988","187.3303390750084","239.38574401055294","239.38574401055294","239.38574401055294","3.722609985907827","25.706370426551135","3.722609985907827","31.407688679611756","","1.0850576321246512","8.688764514331165","2.4735413489634945","","0.9777888193814241","1.8244176377179835","7.111526143579651","working_net_combined_queue","23.629758816254807","0.8289539813995361"
"2025-09-25","weekly","EH4000","Plan","179307.5543634828","783.7056516174853","15.0",,"360.0","0.0","360.0","0.0","48.60000193119049","21.797999957621098","289.6019911766052","0.0","289.6019911766052","58.499604254545865","228.79451487099914","228.79451487099914","228.79451487099914","1.5731970837174971","21.29155920474924","1.5731970837174971","26.102856626106107","","0.6500000000000001","4.4332979146964036","3.122126468537121","","1.931609180026463","1.8299999999999998","3.6161492351241837","working_net_combined_queue","17.683182798384184","0.8044499754905701"
"2025-09-25","weekly","EH5000","Plan","304893.08390947134","1044.1543969502425","24.0",,"576.0","0.0","576.0","0.0","39.743999004364014","53.62560089864731","482.6303901672363","0.0","482.6303901672363","88.4018003551277","292.0000000000005","292.0000000000005","292.0000000000005","3.1857595837377586","23.295041130138788","3.1857595837377595","28.105612376007503","","1.2580866904335128","8.205419082817764","1.801121692340607","","0.3345715030080093","2.8729387046936217","6.800975280917129","working_net_combined_queue","22.653465782184693","0.8378999829292297"
"2025-09-26","weekly","CAT793","Plan","550925.6281479632","2290.5730203985913","54.0",,"1296.0","0.0","1296.0","0.0","106.27200293540955","115.40361911910438","1074.3243598937988","0.0","1074.3243598937988","187.3303390750084","240.5186925898981","240.5186925898981","240.5186925898981","3.475245139477992","25.097230963879863","3.475245139477992","30.80158173363142","","1.1029784164730594","8.308275469464164","2.564729927845633","","1.0912760719561707","1.8466879357911192","6.769610410656538","working_net_combined_queue","23.132604256866507","0.8289539813995361"
"2025-09-26","weekly","EH4000","Plan","173612.44934813943","757.5452157461131","15.0",,"360.0","0.0","360.0","0.0","48.60000193119049","21.797999957621098","289.6019911766052","0.0","289.6019911766052","58.499604254545865","229.1776724867135","229.1776724867135","229.1776724867135","1.8474172527324844","23.841027068425927","1.8474172527324844","28.43028629806397","","0.6499999999999999","4.649339764004868","3.0553035738697853","","1.8515184071797182","1.83","3.898836402906619","working_net_combined_queue","18.034998147960994","0.8044499754905701"
"2025-09-26","weekly","EH5000","Plan","325166.3002467269","1113.5832200230375","24.0",,"576.0","0.0","576.0","0.0","39.743999004364014","53.62560089864731","482.6303901672363","0.0","482.6303901672363","88.4018003551277","291.99999999999994","291.99999999999994","291.99999999999994","2.586375464931198","20.77522608348783","2.5863754649311983","25.89482460559807","","1.2708256853732325","7.4695951453067995","1.8210530630870483","","0.33646389146909617","2.8933210965971727","5.992800888186891","working_net_combined_queue","21.241085063981192","0.8378999829292297"
"2025-09-27","weekly","CAT793","Plan","587930.1846560956","2443.7779211725197","54.0",,"1296.0","0.0","1296.0","0.0","122.61428725719452","113.81841749313558","1059.567283630371","0.0","1059.567283630371","184.20773990825558","240.58249301720832","240.58249301720832","240.58249301720832","3.036252633705322","25.293925114068674","3.036252633705323","30.23218394021027","","1.1281476772657382","7.202328511718101","2.558951238893085","","0.9994199927665456","1.8725867403748906","6.025868272785202","working_net_combined_queue","21.33846201458365","0.8175673484802246"
"2025-09-27","weekly","EH4000","Plan","169119.54162972723","740.0256372326335","15.0",,"360.0","0.0","360.0","0.0","24.285715520381927","23.500000013623918","312.2142791748047","0.0","312.2142791748047","63.06728658922225","228.53200365079113","228.53200365079113","228.53200365079113","2.340237363286552","24.305549611401453","2.3402373632865534","28.914497162983686","","0.6500000000000001","5.777044503915534","3.07977260541577","","1.5030389798064814","1.8300000000000003","4.856188264513602","working_net_combined_queue","19.796044353651375","0.8672618865966797"
"2025-09-27","weekly","EH5000","Plan","355197.6174813525","1216.4301968539476","24.0",,"576.0","0.0","576.0","0.0","64.57142686843872","48.58571383782795","462.84284591674805","0.0","462.84284591674805","83.62027235070784","291.9999999999999","291.9999999999999","291.9999999999999","2.20340859645479","21.353752276394236","2.20340859645479","26.03614916006724","","1.2882335113460333","6.19116088245692","1.8099278133304457","","0.21220084867658764","2.9211736181536545","5.077729236167349","working_net_combined_queue","18.70502303755598","0.8035466074943542"
"2025-09-28","weekly","CAT793","Plan","553840.6847450695","2303.888459397811","54.0",,"1296.0","0.0","1296.0","0.0","122.61428725719452","113.81841749313558","1059.567283630371","0.0","1059.567283630371","184.20773990825558","240.39387952393844","240.39387952393844","240.39387952393844","3.1691662387282173","25.466476899374417","3.1691662387282165","31.172148462560084","","1.1402275085263673","7.466677667077069","2.5862896079168682","","0.9603443927701727","1.885016711672058","6.0999957879732385","working_net_combined_queue","21.67977193703646","0.8175673484802246"
"2025-09-28","weekly","EH4000","Plan","153079.10436224253","667.1898443051659","15.0",,"360.0","0.0","360.0","0.0","24.285715520381927","23.500000013623918","312.2142791748047","0.0","312.2142791748047","63.06728658922225","229.43860082532325","229.43860082532325","229.43860082532325","2.738793445669096","25.103652356521817","2.738793445669097","30.040325198604517","","0.65","6.545964085479147","3.0927492135652614","","1.51645314640205","1.8300000000000005","5.470233948991319","working_net_combined_queue","21.205400394437767","0.8672618865966797"
"2025-09-28","weekly","EH5000","Plan","346378.11958839744","1186.226436946565","24.0",,"576.0","0.0","576.0","0.0","64.57142686843872","48.58571383782795","462.84284591674805","0.0","462.84284591674805","83.62027235070784","292.0000000000004","292.0000000000004","292.0000000000004","2.061965884883149","20.48552251094117","2.0619658848831484","25.821349510494542","","1.2871817071930163","6.039287161306824","1.865355879756557","","0.261759386630751","2.919490731508826","4.7913046931457375","working_net_combined_queue","18.382070846010272","0.8035466074943542"
"2025-09-29","weekly","CAT793","Plan","580738.0748394853","2415.9668951331337","54.0",,"1296.0","0.0","1296.0","0.0","122.61428725719452","113.81841749313558","1059.567283630371","0.0","1059.567283630371","184.20773990825558","240.37501341982724","240.37501341982724","240.37501341982724","3.125882950364041","24.997613030863903","3.12588295036404","30.78469841216565","","1.1122162098725648","7.502835442339062","2.5351951998166373","","1.019351478921869","1.856193491318145","6.092409108926801","working_net_combined_queue","21.736829079683275","0.8175673484802246"
"2025-09-29","weekly","EH4000","Plan","171099.73410508098","745.4904064305505","15.0",,"360.0","0.0","360.0","0.0","24.285715520381927","23.500000013623918","312.2142791748047","0.0","312.2142791748047","63.06728658922225","229.51299256058306","229.51299256058306","229.51299256058306","2.3801642810258583","24.47432273717311","2.3801642810258596","29.66719810022843","","0.6500000000000004","5.835089223721115","3.1048068639260937","","1.71498389570547","1.8300000000000007","4.8137291691341755","working_net_combined_queue","20.048609152486854","0.8672618865966797"
"2025-09-29","weekly","EH5000","Plan","332311.7397260951","1138.0539031715575","24.0",,"576.0","0.0","576.0","0.0","64.57142686843872","48.58571383782795","462.84284591674805","0.0","462.84284591674805","83.62027235070784","292.0000000000003","292.0000000000003","292.0000000000003","2.4194974238465496","20.60054530662229","2.4194974238465496","25.70621573500991","","1.2729795960571482","7.046893335591771","1.6035485179520996","","0.37474563547052864","2.8967673536914376","5.6472662848263075","working_net_combined_queue","19.993213671109135","0.8035466074943542"
"2025-09-30","weekly","CAT793","Plan","545477.8265121813","2264.585895009647","54.0",,"1296.0","0.0","1296.0","0.0","122.61428725719452","113.81841749313558","1059.567283630371","0.0","1059.567283630371","184.20773990825558","240.87310077936237","240.87310077936237","240.87310077936237","3.122274942096161","25.56216022449245","3.122274942096161","31.31139505645225","","1.1196490649641053","7.328664513505111","2.5505197493488203","","1.0489731067949843","1.8638417914848044","5.983013410549582","working_net_combined_queue","21.514201281844276","0.8175673484802246"
"2025-09-30","weekly","EH4000","Plan","152635.6673518263","666.3637535956753","15.0",,"360.0","0.0","360.0","0.0","24.285715520381927","23.500000013623918","312.2142791748047","0.0","312.2142791748047","63.06728658922225","229.05757782924059","229.05757782924059","229.05757782924059","2.6711871224330657","25.166189787840093","2.6711871224330674","29.928535140596257","","0.65","6.368513815445534","3.0920902514103195","","1.748254153439642","1.83","5.355131034414904","working_net_combined_queue","21.14398925471039","0.8672618865966797"
"2025-09-30","weekly","EH5000","Plan","332227.0457689379","1137.763855373077","24.0",,"576.0","0.0","576.0","0.0","64.57142686843872","48.58571383782795","462.84284591674805","0.0","462.84284591674805","83.62027235070784","291.9999999999995","291.9999999999995","291.9999999999995","2.3725646985084774","20.62959461427801","2.3725646985084774","25.757639310758613","","1.275707190519425","6.900469183819235","1.6828353514748775","","0.41673781416366","2.9011315048310795","5.526666484961973","working_net_combined_queue","19.998310500267085","0.8035466074943542"
"2025-10-01","weekly","CAT793","Plan","580146.3715502858","2409.191711111683","54.0",,"1296.0","0.0","1296.0","0.0","122.61428725719452","113.81841749313558","1059.567283630371","0.0","1059.567283630371","184.20773990825558","240.80539911976808","240.80539911976808","240.80539911976808","3.194190438941976","25.791671812328914","3.194190438941976","31.612459350304984","","1.1393671936636323","7.430748488545264","2.5365576962571206","","1.15011368514065","1.861538028976521","6.062528201706318","working_net_combined_queue","21.71541297606266","0.8175673484802246"
"2025-10-01","weekly","EH4000","Plan","158058.86021524004","690.9634246399214","15.0",,"360.0","0.0","360.0","0.0","24.285715520381927","23.500000013623918","312.2142791748047","0.0","312.2142791748047","63.06728658922225","228.7514137200656","228.7514137200656","228.7514137200656","2.9530599772882318","25.961179801275645","2.9530599772882327","31.432103279678948","","0.6500000000000001","6.824944012312865","2.9779410368958383","","1.5643755934323558","1.83","5.637026484061098","working_net_combined_queue","21.58428712670217","0.8672618865966797"
"2025-10-01","weekly","EH5000","Plan","330775.4839770114","1132.7927533459322","24.0",,"576.0","0.0","576.0","0.0","64.57142686843872","48.58571383782795","462.84284591674805","0.0","462.84284591674805","83.62027235070784","291.9999999999993","291.9999999999993","291.9999999999993","2.2779712902851834","19.56193569920061","2.2779712902851834","24.51498048816996","","1.2851471788809634","6.986950551253284","1.6614782185432813","","0.4114713098562734","2.916235486209542","5.57529619422161","working_net_combined_queue","20.086070279438317","0.8035466074943542"
"2025-10-02","weekly","CAT793","Plan","570647.0737048113","2367.511711820809","54.0",,"1296.0","0.0","1296.0","0.0","122.61428725719452","113.81841749313558","1059.567283630371","0.0","1059.567283630371","184.20773990825558","241.0324184905245","241.0324184905245","241.0324184905245","3.180063619921271","25.191627303981836","3.180063619921271","31.191572728584536","","1.138516118587225","7.574096539810172","2.5113742099852217","","1.1764119934209747","1.8625518162237298","6.117159235783584","working_net_combined_queue","21.916070032035673","0.8175673484802246"
"2025-10-02","weekly","EH4000","Plan","160156.02931075005","698.7140487884809","15.0",,"360.0","0.0","360.0","0.0","24.285715520381927","23.500000013623918","312.2142791748047","0.0","312.2142791748047","63.06728658922225","229.2154130698372","229.2154130698372","229.2154130698372","2.7580186428698577","26.038287632407368","2.7580186428698594","31.610179703064517","","0.6500000000000005","6.355299584533083","2.980074209334008","","1.675747004663782","1.8300000000000018","5.235057823987905","working_net_combined_queue","20.82617862251878","0.8672618865966797"
"2025-10-02","weekly","EH5000","Plan","343352.5089191551","1175.8647565724482","24.0",,"576.0","0.0","576.0","0.0","64.57142686843872","48.58571383782795","462.84284591674805","0.0","462.84284591674805","83.62027235070784","292.0000000000002","292.0000000000002","292.0000000000002","2.1744175280356526","20.010471148556448","2.1744175280356526","24.06893713605409","","1.2836347484255117","6.519839073931594","1.6307413864843896","","0.40481345002229274","2.91381559748082","5.420474154910185","working_net_combined_queue","19.350316206543987","0.8035466074943542"
"2025-10-03","weekly","CAT793","Plan","571934.1979585314","2383.4836516963815","54.0",,"1296.0","0.0","1296.0","0.0","122.61428725719452","113.81841749313558","1059.567283630371","0.0","1059.567283630371","184.20773990825558","239.95725649365053","239.95725649365053","239.95725649365053","3.0732313833342215","24.657453991829186","3.0732313833342215","30.46289020406474","","1.1366048084549527","7.4782207060451755","2.4723112037893316","","1.1528562437057375","1.8812890058014722","6.053065935793878","working_net_combined_queue","21.77965560972212","0.8175673484802246"
"2025-10-03","weekly","EH4000","Plan","164520.2081140869","719.116555182106","15.0",,"360.0","0.0","360.0","0.0","24.285715520381927","23.500000013623918","312.2142791748047","0.0","312.2142791748047","63.06728658922225","228.78100487121245","228.78100487121245","228.78100487121245","2.4880712892772663","24.11011372453935","2.4880712892772663","29.8359958141428","","0.65","6.1917699378039","3.037639423339726","","1.5070108622648388","1.83","5.003495719954235","working_net_combined_queue","20.3199159433627","0.8672618865966797"
"2025-10-03","weekly","EH5000","Plan","351902.65437792754","1205.1460766367359","24.0",,"576.0","0.0","576.0","0.0","64.57142686843872","48.58571383782795","462.84284591674805","0.0","462.84284591674805","83.62027235070784","292.00000000000057","292.00000000000057","292.00000000000057","2.084153354203068","19.984835938104244","2.084153354203068","24.069029334598167","","1.2849193923029132","6.2572042942698385","1.6408825706671675","","0.3891823475903163","2.9158710276846613","5.195440144835063","working_net_combined_queue","18.88016340675368","0.8035466074943542"
"2025-10-04","weekly","CAT793","Plan","572270.9811140416","2375.34282187942","54.0",,"1296.0","0.0","1296.0","0.0","114.95519542694092","114.56134942258302","1066.4834175109863","0.0","1066.4834175109863","185.4101226268744","240.92142651697284","240.92142651697284","240.92142651697284","2.9537080374054656","24.524651785879787","2.953708037405466","30.120505567560794","","1.1396298700709335","7.226299634817438","2.5709225574322767","","1.2384770575528954","1.8776483466357268","5.8837817926666265","working_net_combined_queue","21.519651607827285","0.8229038715362549"
"2025-10-04","weekly","EH4000","Plan","140545.8890893514","614.8203851396449","15.0",,"360.0","0.0","360.0","0.0","38.8440003991127","22.480920067774058","298.6750888824463","0.0","298.6750888824463","60.332370054940014","228.59666414188436","228.59666414188436","228.59666414188436","3.1047248061116646","25.503381490584","3.1047248061116646","31.285049340821327","","0.6500000000000002","7.304266237615464","3.0699772111357784","","1.4614484434910915","1.8299999999999998","5.954393305802898","working_net_combined_queue","22.370085198045203","0.8296530246734619"
"2025-10-04","weekly","EH5000","Plan","375127.66195919656","1284.6837738328647","24.0",,"576.0","0.0","576.0","0.0","70.67519903182983","48.00585548958206","457.31895446777344","0.0","457.31895446777344","82.62228931721381","292.00000000000006","292.00000000000006","292.00000000000006","2.013224060453358","21.477840242662197","2.013224060453358","26.978889222321126","","1.2872697061173561","5.624096383176609","1.6773715623855783","","0.2865626519404982","2.919631529787769","4.477331984715753","working_net_combined_queue","17.49987019657828","0.7939565181732178"
"2025-10-05","weekly","CAT793","Plan","563928.660759078","2345.8567027655017","54.0",,"1296.0","0.0","1296.0","0.0","114.95519542694092","114.56134942258302","1066.4834175109863","0.0","1066.4834175109863","185.4101226268744","240.39348187562751","240.39348187562751","240.39348187562751","3.0011327820871734","25.13574004730883","3.0011327820871734","31.37821471963578","","1.143006089032804","7.163821975653725","2.515379069826552","","1.1531005183543264","1.8565882651653265","5.738630082499497","working_net_combined_queue","21.170395900446383","0.8229038715362549"
"2025-10-05","weekly","EH4000","Plan","132480.89801813042","578.7905742578885","15.0",,"360.0","0.0","360.0","0.0","38.8440003991127","22.480920067774058","298.6750888824463","0.0","298.6750888824463","60.332370054940014","228.89263217182534","228.89263217182534","228.89263217182534","3.1370847746991277","25.449665092347786","3.1370847746991277","31.247680892856984","","0.6499999999999997","7.395974988234452","2.993329645747554","","1.5243379022331107","1.8299999999999998","6.023649791078566","working_net_combined_queue","22.51729232729368","0.8296530246734619"
"2025-10-05","weekly","EH5000","Plan","342499.32513284136","1172.9428942905515","24.0",,"576.0","0.0","576.0","0.0","70.67519903182983","48.00585548958206","457.31895446777344","0.0","457.31895446777344","82.62228931721381","292.0000000000003","292.0000000000003","292.0000000000003","2.1293304508812096","20.857670101829996","2.1293304508812096","26.717874357788304","","1.2826017700284644","6.125316319087014","1.6750221253441666","","0.36946598579997","2.912162832045544","4.781811058095285","working_net_combined_queue","18.368377312828798","0.7939565181732178"
"2025-10-06","weekly","CAT793","Plan","601210.5631256677","2504.4473026011788","54.0",,"1296.0","0.0","1296.0","0.0","114.95519542694092","114.56134942258302","1066.4834175109863","0.0","1066.4834175109863","185.4101226268744","240.05718247744167","240.05718247744167","240.05718247744167","2.6789633755626525","24.061469914085375","2.6789633755626525","29.649963298575475","","1.1446774164861344","6.680298548164118","2.4876052592617257","","1.1202649560346092","1.8895956024712384","5.421180488998506","working_net_combined_queue","20.396220048752543","0.8229038715362549"
"2025-10-06","weekly","EH4000","Plan","148901.87973186286","649.6218129018921","15.0",,"360.0","0.0","360.0","0.0","38.8440003991127","22.480920067774058","298.6750888824463","0.0","298.6750888824463","60.332370054940014","229.2131772280105","229.2131772280105","229.2131772280105","2.5513248677982614","23.79339855383772","2.5513248677982614","29.13192512374604","","0.65","6.433695956528454","3.0450202425655064","","1.5404609049374836","1.8299999999999992","5.25469880269318","working_net_combined_queue","20.853875906724625","0.8296530246734619"
"2025-10-06","weekly","EH5000","Plan","305438.9754464221","1046.023888515142","24.0",,"576.0","0.0","576.0","0.0","70.67519903182983","48.00585548958206","457.31895446777344","0.0","457.31895446777344","82.62228931721381","292.0000000000006","292.0000000000006","292.0000000000006","2.8295137053275976","21.683757710569484","2.8295137053275976","27.719659194230346","","1.262866494999193","7.8294004473635646","1.7247366258490249","","0.46045773739200796","2.880586391998708","6.1245638386128665","working_net_combined_queue","21.49262510375097","0.7939565181732178"
"2025-10-07","weekly","CAT793","Plan","597539.4983020042","2489.9058292392865","54.0",,"1296.0","0.0","1296.0","0.0","114.95519542694092","114.56134942258302","1066.4834175109863","0.0","1066.4834175109863","185.4101226268744","239.98477825346666","239.98477825346666","239.98477825346666","2.809268022310789","24.491070123129216","2.809268022310789","30.091558358810577","","1.1370383904226509","6.882348565874385","2.535215944173746","","1.1848495788472928","1.8767343084852635","5.601440753874929","working_net_combined_queue","20.838190017068392","0.8229038715362549"
"2025-10-07","weekly","EH4000","Plan","141833.09911838372","622.1356341047926","15.0",,"360.0","0.0","360.0","0.0","38.8440003991127","22.480920067774058","298.6750888824463","0.0","298.6750888824463","60.332370054940014","227.97777742223542","227.97777742223542","227.97777742223542","3.1696293580793866","26.63044110221999","3.1696293580793857","31.83045991105034","","0.6500000000000001","7.141367307990608","2.9981646864980354","","1.365480386222709","1.8299999999999992","5.974709822484863","working_net_combined_queue","22.059722203196223","0.8296530246734619"
"2025-10-07","weekly","EH5000","Plan","341518.2269867438","1169.582969132683","24.0",,"576.0","0.0","576.0","0.0","70.67519903182983","48.00585548958206","457.31895446777344","0.0","457.31895446777344","82.62228931721381","292.0000000000003","292.0000000000003","292.0000000000003","2.3179047428592767","21.254527322880623","2.3179047428592767","26.588977560299238","","1.277613567039596","6.543278166522308","1.6387987645636632","","0.4485225834720641","2.904181707263353","5.230523973934687","working_net_combined_queue","19.222064512653617","0.7939565181732178"
"2025-10-08","weekly","CAT793","Plan","531114.4259445291","2214.751915528346","54.0",,"1296.0","0.0","1296.0","0.0","114.95519542694092","114.56134942258302","1066.4834175109863","0.0","1066.4834175109863","185.4101226268744","239.80763814705978","239.80763814705978","239.80763814705978","3.198509109184154","25.85797896369121","3.1985091091841538","31.302384637651976","","1.1352497505168047","7.421714853296259","2.470999430602226","","1.0979084378218618","1.8742510469788554","6.130860277022161","working_net_combined_queue","21.593054401624453","0.8229038715362549"
"2025-10-08","weekly","EH4000","Plan","137791.39920776774","604.0262414939853","15.0",,"360.0","0.0","360.0","0.0","38.8440003991127","22.480920067774058","298.6750888824463","0.0","298.6750888824463","60.332370054940014","228.12154463183174","228.12154463183174","228.12154463183174","2.6326093195030276","25.19541970998349","2.6326093195030276","30.13598003302745","","0.6499999999999998","6.269256912104249","3.0969950527667836","","1.5747339914791874","1.829999999999999","5.241460838408758","working_net_combined_queue","20.76244679475898","0.8296530246734619"
"2025-10-08","weekly","EH5000","Plan","303059.2517988511","1037.8741499960656","24.0",,"576.0","0.0","576.0","0.0","70.67519903182983","48.00585548958206","457.31895446777344","0.0","457.31895446777344","82.62228931721381","291.99999999999994","291.99999999999994","291.99999999999994","2.509789781719533","21.49973724244363","2.5097897817195327","27.56193253049293","","1.2736948190743786","7.004150106815745","1.6852181881270676","","0.38811580057662354","2.897911710519007","5.4636004473405775","working_net_combined_queue","19.856276420404676","0.7939565181732178"
"2025-10-09","weekly","CAT793","Plan","588823.8078385122","2451.7431112683644","54.0",,"1296.0","0.0","1296.0","0.0","114.95519542694092","114.56134942258302","1066.4834175109863","0.0","1066.4834175109863","185.4101226268744","240.16537667924558","240.16537667924558","240.16537667924558","2.807352725112404","24.272203535103564","2.807352725112404","29.59047772989388","","1.1682575541785862","6.939673328922814","2.6066740738724063","","1.050934708644017","1.9120515749206652","5.692411087252437","working_net_combined_queue","20.637137647487062","0.8229038715362549"
"2025-10-09","weekly","EH4000","Plan","123312.74413744785","540.4081254404393","15.0",,"360.0","0.0","360.0","0.0","38.8440003991127","22.480920067774058","298.6750888824463","0.0","298.6750888824463","60.332370054940014","228.18447453384687","228.18447453384687","228.18447453384687","2.7325258282508167","24.88381276864798","2.732525828250816","30.605343222405896","","0.65","6.588682820408354","3.040718958729615","","1.4670158388141987","1.8299999999999998","5.356958375001052","working_net_combined_queue","21.033375992953218","0.8296530246734619"
"2025-10-09","weekly","EH5000","Plan","346375.7751912963","1186.2184081893718","24.0",,"576.0","0.0","576.0","0.0","70.67519903182983","48.00585548958206","457.31895446777344","0.0","457.31895446777344","82.62228931721381","291.9999999999998","291.9999999999998","291.9999999999998","2.1724015670012253","19.96500588768583","2.1724015670012253","26.66942427221636","","1.283961184446326","6.528627877864446","1.6649775665456792","","0.3437627760741846","2.914337895114122","4.887398118896148","working_net_combined_queue","18.870473039438217","0.7939565181732178"
"2025-10-10","weekly","CAT793","Plan","583267.0299923021","2427.2604470050283","54.0",,"1296.0","0.0","1296.0","0.0","114.95519542694092","114.56134942258302","1066.4834175109863","0.0","1066.4834175109863","185.4101226268744","240.29849401286512","240.29849401286512","240.29849401286512","2.9347886261208793","24.191929974302884","2.9347886261208793","29.451018615373652","","1.1534810602335306","7.2787627012105265","2.5793967758482634","","1.0815342856339871","1.8984002995766702","5.978989041667098","working_net_combined_queue","21.208474723423958","0.8229038715362549"
"2025-10-10","weekly","EH4000","Plan","136425.124604348","596.5501388788304","15.0",,"360.0","0.0","360.0","0.0","38.8440003991127","22.480920067774058","298.6750888824463","0.0","298.6750888824463","60.332370054940014","228.6901229471649","228.6901229471649","228.6901229471649","2.7863911508487678","24.846347454292136","2.7863911508487678","31.20582291713709","","0.6499999999999999","6.7286940005359055","2.875231346984515","","1.3567397931296155","1.83","5.3574446504698665","working_net_combined_queue","20.898109791119907","0.8296530246734619"
"2025-10-10","weekly","EH5000","Plan","351318.7000965746","1203.1462332074464","24.0",,"576.0","0.0","576.0","0.0","70.67519903182983","48.00585548958206","457.31895446777344","0.0","457.31895446777344","82.62228931721381","292.0000000000002","292.0000000000002","292.0000000000002","2.1896352002607053","20.730105682084258","2.1896352002607053","26.733708919553205","","1.281588017817741","6.33755148335709","1.659087702961073","","0.4226051425197806","2.9105408285083856","4.914324174434006","working_net_combined_queue","18.68584106014719","0.7939565181732178"
"2025-10-11","weekly","CAT793","Plan","507486.727442393","2113.2277201509746","54.0",,"1296.0","0.0","1296.0","0.0","92.01600301265717","116.78645115239809","1087.1975212097168","0.0","1087.1975212097168","182.1257232670189","240.14767675209978","240.14767675209978","240.14767675209978","2.878318545423316","24.662614665912685","2.8783185454233164","29.95884055923689","","1.2533187581340735","7.0024656779029275","2.3862192872086356","","0.9659183958464852","2.001385968514771","5.764545940418662","working_net_combined_queue","20.777462587382942","0.8388869762420654"
"2025-10-11","weekly","EH4000","Plan","129920.82973816643","568.4825325743859","15.0",,"360.0","0.0","360.0","0.0","29.52000081539154","23.133600041413306","307.34639167785645","0.0","307.34639167785645","62.08397328060116","228.53970402541137","228.53970402541137","228.53970402541137","2.764568749167275","23.861181605290117","2.764568749167275","29.868628269247605","","0.6500000000000004","6.95163079909092","2.9232197168615675","","1.3228296304905238","1.8300000000000005","5.553456404317656","working_net_combined_queue","21.331136550760675","0.8537399768829346"
"2025-10-11","weekly","EH5000","Plan","353064.0593880692","1209.1234910550297","24.0",,"576.0","0.0","576.0","0.0","50.6879997253418","49.904639399871826","475.4073600769043","0.0","475.4073600769043","85.89026119313141","292.00000000000045","292.00000000000045","292.00000000000045","2.339836354965091","20.86460914274002","2.339836354965091","26.77212982394834","","1.2810595996929122","6.728627425391056","1.6692122381262715","","0.2981237197274203","2.9096953595086585","5.243892892388522","working_net_combined_queue","19.32889898270349","0.8253600001335144"
"2025-10-12","weekly","CAT793","Plan","496009.59855290974","2058.9094076020274","54.0",,"1296.0","0.0","1296.0","0.0","92.01600301265717","116.78645115239809","1087.1975212097168","0.0","1087.1975212097168","182.1257232670189","240.90889901299866","240.90889901299866","240.90889901299866","3.131705922483063","24.181112007039967","3.1317059224830626","29.574870905197706","","1.250894995744604","7.770625076889716","2.5489892484098076","","1.2213283786708264","1.9988919521429975","6.353446341365447","working_net_combined_queue","22.44332204139097","0.8388869762420654"
"2025-10-12","weekly","EH4000","Plan","110496.81438044272","484.48320999600224","15.0",,"360.0","0.0","360.0","0.0","29.52000081539154","23.133600041413306","307.34639167785645","0.0","307.34639167785645","62.08397328060116","228.0715040287041","228.0715040287041","228.0715040287041","2.827967936696039","25.189409238520582","2.8279679366960386","31.2674251808467","","0.6500000000000002","6.736087956452918","3.0191564843031693","","1.2838915323265774","1.8300000000000003","5.4266724944688125","working_net_combined_queue","21.045808467551495","0.8537399768829346"
"2025-10-12","weekly","EH5000","Plan","333058.90570015233","1140.6126907539476","24.0",,"576.0","0.0","576.0","0.0","50.6879997253418","49.904639399871826","475.4073600769043","0.0","475.4073600769043","85.89026119313141","291.99999999999966","291.99999999999966","291.99999999999966","2.3034730981084124","20.6650672364135","2.3034730981084124","27.18730068778101","","1.2764943804988056","6.688020140721853","1.740414310296295","","0.46578898844625566","2.9023910087980895","5.083564104935976","working_net_combined_queue","19.636142272873254","0.8253600001335144"
"2025-10-13","weekly","CAT793","Plan","514447.98099264345","2137.9579723767984","54.0",,"1296.0","0.0","1296.0","0.0","92.01600301265717","116.78645115239809","1087.1975212097168","0.0","1087.1975212097168","182.1257232670189","240.6258624535656","240.6258624535656","240.6258624535656","3.2658214190361834","24.98803879235025","3.265821419036183","30.03426606250377","","1.26542646839318","7.841723264898975","2.458603099551108","","1.186887287355403","2.009109714390886","6.524190893640765","working_net_combined_queue","22.574184165387205","0.8388869762420654"
"2025-10-13","weekly","EH4000","Plan","120354.72920474061","525.0529778497721","15.0",,"360.0","0.0","360.0","0.0","29.52000081539154","23.133600041413306","307.34639167785645","0.0","307.34639167785645","62.08397328060116","229.2239722125268","229.2239722125268","229.2239722125268","3.8186815995355774","28.689888824670252","3.818681599535577","35.3471272533304","","0.6499999999999999","7.986120035958977","3.111564612378287","","1.3308407225709127","1.8300000000000005","6.482023116901159","working_net_combined_queue","23.490548487809345","0.8537399768829346"
"2025-10-13","weekly","EH5000","Plan","352150.1770919219","1205.9937571641146","24.0",,"576.0","0.0","576.0","0.0","50.6879997253418","49.904639399871826","475.4073600769043","0.0","475.4073600769043","85.89026119313141","292.00000000000034","292.00000000000034","292.00000000000034","2.2902130564540304","20.775737570589342","2.2902130564540295","27.709590462761845","","1.2757523313111403","6.614098918045963","1.790094862434399","","0.3682556410192786","2.901203730097826","4.959033356047143","working_net_combined_queue","19.379060362142177","0.8253600001335144"
"2025-10-14","weekly","CAT793","Plan","509192.1300648172","2118.461628996012","54.0",,"1296.0","0.0","1296.0","0.0","92.01600301265717","116.78645115239809","1087.1975212097168","0.0","1087.1975212097168","182.1257232670189","240.3593830047963","240.3593830047963","240.3593830047963","3.1175949741082984","24.514929696866993","3.1175949741082984","29.473468070886398","","1.260835403229504","7.630276764383445","2.4033501527424708","","1.1630757579045925","2.002195798898549","6.346579167290791","working_net_combined_queue","22.146354533750475","0.8388869762420654"
"2025-10-14","weekly","EH4000","Plan","120881.01287287431","529.6827225121557","15.0",,"360.0","0.0","360.0","0.0","29.52000081539154","23.133600041413306","307.34639167785645","0.0","307.34639167785645","62.08397328060116","228.21400007076917","228.21400007076917","228.21400007076917","3.227839834450806","26.933047107283773","3.227839834450806","32.936264683125394","","0.65","7.190808722666666","3.0275864265750303","","1.3482860235610066","1.8300000000000003","5.880156475857861","working_net_combined_queue","22.026837648660557","0.8537399768829346"
"2025-10-14","weekly","EH5000","Plan","374152.5235561874","1281.3442587540678","24.0",,"576.0","0.0","576.0","0.0","50.6879997253418","49.904639399871826","475.4073600769043","0.0","475.4073600769043","85.89026119313141","291.99999999999966","291.99999999999966","291.99999999999966","2.077364882768577","20.65524575990633","2.077364882768577","26.868623103057214","","1.2794602570086584","6.034394091212202","1.7386627478172574","","0.31812585525586307","2.9071364112138545","4.638938604633313","working_net_combined_queue","18.239458800127036","0.8253600001335144"
"2025-10-15","weekly","CAT793","Plan","515743.4364022338","2147.941336445576","54.0",,"1296.0","0.0","1296.0","0.0","92.01600301265717","116.78645115239809","1087.1975212097168","0.0","1087.1975212097168","182.1257232670189","240.1105782784965","240.1105782784965","240.1105782784965","3.5840862546237893","24.92743682392976","3.5840862546237893","29.882384765239006","","1.2444122162204674","8.626846666841773","2.469509655665163","","1.2744748571289382","1.982681794356118","7.196385996862635","working_net_combined_queue","24.083950169776692","0.8388869762420654"
"2025-10-15","weekly","EH4000","Plan","149698.9789940106","662.2281690328216","15.0",,"360.0","0.0","360.0","0.0","29.52000081539154","23.133600041413306","307.34639167785645","0.0","307.34639167785645","62.08397328060116","226.05347521330094","226.05347521330094","226.05347521330094","1.7329472422461807","19.52872910651011","1.7329472422461807","25.355864348921635","","0.65","5.324301134378942","2.944969492636669","","1.1581722316721021","1.83","4.100701640612496","working_net_combined_queue","18.10814449930022","0.8537399768829346"
"2025-10-15","weekly","EH5000","Plan","376713.32522058574","1290.114127467757","24.0",,"576.0","0.0","576.0","0.0","50.6879997253418","49.904639399871826","475.4073600769043","0.0","475.4073600769043","85.89026119313141","292.0000000000005","292.0000000000005","292.0000000000005","1.9661086965091819","19.93649957883282","1.9661086965091819","26.618724520741022","","1.2782179330942787","5.917113048059827","1.7711983714657469","","0.3856430432202155","2.905148692950846","4.431712034084604","working_net_combined_queue","18.11547158427521","0.8253600001335144"
"2025-10-16","weekly","CAT793","Plan","525725.628938326","2189.648252898067","54.0",,"1296.0","0.0","1296.0","0.0","92.01600301265717","116.78645115239809","1087.1975212097168","0.0","1087.1975212097168","182.1257232670189","240.09592784709233","240.09592784709233","240.09592784709233","3.3534967345112383","24.10921831352553","3.3534967345112383","29.131516895669947","","1.2479673750351359","8.345762249694898","2.5344215234467637","","1.3596937251475298","1.9943698119929427","6.906945655843336","working_net_combined_queue","23.79927773604809","0.8388869762420654"
"2025-10-16","weekly","EH4000","Plan","142945.4601962113","629.0474910772795","15.0",,"360.0","0.0","360.0","0.0","29.52000081539154","23.133600041413306","307.34639167785645","0.0","307.34639167785645","62.08397328060116","227.2411260259684","227.2411260259684","227.2411260259684","2.3579765474582173","20.538024251913182","2.3579765474582173","26.398474938080223","","0.6500000000000001","6.8886174790797545","2.926724495023609","","1.2123123472115933","1.83","5.359347203932902","working_net_combined_queue","20.967001525247863","0.8537399768829346"
"2025-10-16","weekly","EH5000","Plan","350685.3948514215","1200.9773796281554","24.0",,"576.0","0.0","576.0","0.0","50.6879997253418","49.904639399871826","475.4073600769043","0.0","475.4073600769043","85.89026119313141","292.00000000000006","292.00000000000006","292.00000000000006","2.3563616763465034","20.99181537267064","2.3563616763465034","27.748133711948643","","1.2756912513225034","6.735086893192468","1.7331795034878812","","0.42562758225368974","2.901106002116006","5.0951787261969885","working_net_combined_queue","19.460005003330796","0.8253600001335144"
"2025-10-17","weekly","CAT793","Plan","520962.4416599046","2166.27329256232","54.0",,"1296.0","0.0","1296.0","0.0","92.01600301265717","116.78645115239809","1087.1975212097168","0.0","1087.1975212097168","182.1257232670189","240.48786616562944","240.48786616562944","240.48786616562944","3.716810032978729","25.665735352224246","3.7168100329787284","31.04910225185813","","1.2517888654509408","8.688962109141258","2.473221866937629","","1.3282527747854893","1.9930564243276707","7.182449275659098","working_net_combined_queue","24.411099649555545","0.8388869762420654"
"2025-10-17","weekly","EH4000","Plan","126909.5278791391","557.0557514254772","15.0",,"360.0","0.0","360.0","0.0","29.52000081539154","23.133600041413306","307.34639167785645","0.0","307.34639167785645","62.08397328060116","227.82195059360595","227.82195059360595","227.82195059360595","3.064954292975524","21.107591746369586","3.0649542929755236","25.47765600498584","","0.65","8.712375139156316","2.991365071353349","","1.5627995855632413","1.83","7.2179818089444225","working_net_combined_queue","25.064521605017312","0.8537399768829346"
"2025-10-17","weekly","EH5000","Plan","347051.6143479509","1188.5329258491452","24.0",,"576.0","0.0","576.0","0.0","50.6879997253418","49.904639399871826","475.4073600769043","0.0","475.4073600769043","85.89026119313141","292.00000000000045","292.00000000000045","292.00000000000045","2.409197170844818","21.202469143091164","2.409197170844818","26.921298999245376","","1.2777550814810177","6.817688509538115","1.6941744790796884","","0.41880655085294005","2.9044081303696268","5.36942256221518","working_net_combined_queue","19.663759671963636","0.8253600001335144"
"2025-10-18","weekly","CAT793","Plan","479357.2684972979","1993.3875458272155","54.0",,"1296.0","0.0","1296.0","0.0","112.75199675559998","138.4400148279991","1044.8079671859741","0.0","1044.8079671859741","184.50534362041412","240.4736948922666","240.4736948922666","240.4736948922666","4.160154303964075","25.880145723489154","4.160154303964076","31.56709690756251","","1.2574099335607243","9.644816567292198","2.6087748743293733","","1.2729465496483727","2.004518924583983","7.907260492428931","working_net_combined_queue","25.894544620501254","0.8061789870262146"
"2025-10-18","weekly","EH4000","Plan","146830.81507217814","644.4627059181967","15.0",,"360.0","0.0","360.0","0.0","33.839998841285706","22.831200178313257","303.3288073539734","0.0","303.3288073539734","74.01222982604057","227.83446384687426","227.83446384687426","227.83446384687426","2.8208616878423904","25.656263711921778","2.8208616878423904","31.99450969435591","","0.6499999999999998","6.5968959148130635","3.1444712574689078","","1.684506313761187","1.8300000000000003","5.2900232848513005","working_net_combined_queue","21.295896770894466","0.8425800204277039"
"2025-10-18","weekly","EH5000","Plan","355247.8458135316","1216.6022116901756","24.0",,"576.0","0.0","576.0","0.0","73.72800350189209","75.34080246849058","426.9311828613281","0.0","426.9311828613281","70.01671380264588","292.0000000000003","292.0000000000003","292.0000000000003","1.9204564188036384","19.677215865498706","1.9204564188036384","26.611565770097318","","1.2846331397073991","5.855878489916538","1.7294992192857725","","0.21223800524342118","2.9154130235318387","4.3299738964513","working_net_combined_queue","17.602194689935864","0.7411999702453613"
"2025-10-19","weekly","CAT793","Plan","519189.9572439814","2160.3480483808526","54.0",,"1296.0","0.0","1296.0","0.0","112.75199675559998","138.4400148279991","1044.8079671859741","0.0","1044.8079671859741","184.50534362041412","240.32699621392314","240.32699621392314","240.32699621392314","3.3290200705742063","24.42750576419503","3.329020070574207","30.05997528678989","","1.2390481499646009","8.176897230630315","2.5113419466866755","","1.1080175914330983","1.9771097321197109","6.644756102718101","working_net_combined_queue","22.890983685237966","0.8061789870262146"
"2025-10-19","weekly","EH4000","Plan","158296.25928704048","698.3733913093582","15.0",,"360.0","0.0","360.0","0.0","33.839998841285706","22.831200178313257","303.3288073539734","0.0","303.3288073539734","74.01222982604057","226.664218964952","226.664218964952","226.664218964952","2.0771356124862024","22.7460739255684","2.0771356124862024","28.43542512703731","","0.6499999999999999","5.479105412080815","3.0344664007368127","","1.395004509536382","1.8299999999999998","4.382847669496305","working_net_combined_queue","18.87142399185032","0.8425800204277039"
"2025-10-19","weekly","EH5000","Plan","355550.26991344435","1217.6379106624822","24.0",,"576.0","0.0","576.0","0.0","73.72800350189209","75.34080246849058","426.9311828613281","0.0","426.9311828613281","70.01671380264588","291.9999999999996","291.9999999999996","291.9999999999996","1.7790502811086029","20.023584668625475","1.7790502811086024","26.246143605803184","","1.2890724225305747","5.330864509678405","1.714546719395622","","0.2933717103469844","2.9225158760489203","4.066998126266237","working_net_combined_queue","16.854421665937718","0.7411999702453613"
"2025-10-20","weekly","CAT793","Plan","552748.9610260333","2305.725442601064","54.0",,"1296.0","0.0","1296.0","0.0","112.75199675559998","138.4400148279991","1044.8079671859741","0.0","1044.8079671859741","184.50534362041412","239.72887266338316","239.72887266338316","239.72887266338316","3.322627813516827","25.073694880710303","3.3226278135168266","30.698061760632353","","1.251391918038847","7.950869218097547","2.447376905614414","","1.0757153626682794","1.978219341002652","6.494145147191957","working_net_combined_queue","22.385944895884293","0.8061789870262146"
"2025-10-20","weekly","EH4000","Plan","145379.69542814518","639.4012047430359","15.0",,"360.0","0.0","360.0","0.0","33.839998841285706","22.831200178313257","303.3288073539734","0.0","303.3288073539734","74.01222982604057","227.36850407807836","227.36850407807836","227.36850407807836","2.9489614377153957","26.820611110733477","2.948961437715395","32.36700090395467","","0.6500000000000001","6.597078848517144","3.0780116850948835","","1.7938664869642424","1.8300000000000003","5.466607387813466","working_net_combined_queue","21.515564408389746","0.8425800204277039"
"2025-10-20","weekly","EH5000","Plan","352265.34209342353","1206.3881578541873","24.0",,"576.0","0.0","576.0","0.0","73.72800350189209","75.34080246849058","426.9311828613281","0.0","426.9311828613281","70.01671380264588","292.0000000000007","292.0000000000007","292.0000000000007","1.9013421159708945","19.840282854192125","1.9013421159708945","26.240614339031413","","1.2855018524701756","5.749944584794525","1.7268619586916056","","0.25297309391114625","2.9168029639522812","4.347479273324993","working_net_combined_queue","17.75122613010892","0.7411999702453613"
"2025-10-21","weekly","CAT793","Plan","544960.2755889437","2270.4778166050523","54.0",,"1296.0","0.0","1296.0","0.0","112.75199675559998","138.4400148279991","1044.8079671859741","0.0","1044.8079671859741","184.50534362041412","240.02008370370223","240.02008370370223","240.02008370370223","3.3870899834785635","25.125464934204473","3.3870899834785626","30.645540688838295","","1.2656534685687808","8.088423419860922","2.4188200151456263","","1.1438232880375163","2.0140782067881635","6.631483551625911","working_net_combined_queue","22.718986867449047","0.8061789870262146"
"2025-10-21","weekly","EH4000","Plan","140165.8612999317","618.974412406071","15.0",,"360.0","0.0","360.0","0.0","33.839998841285706","22.831200178313257","303.3288073539734","0.0","303.3288073539734","74.01222982604057","226.4485550462101","226.4485550462101","226.4485550462101","3.062561790603669","26.86021840060686","3.062561790603669","32.01391732910698","","0.6500000000000001","6.8411099528538655","3.1533457691307314","","1.8150964488564612","1.8300000000000007","5.739807020403331","working_net_combined_queue","22.129359191244397","0.8425800204277039"
"2025-10-21","weekly","EH5000","Plan","351070.16642610426","1202.2950905003563","24.0",,"576.0","0.0","576.0","0.0","73.72800350189209","75.34080246849058","426.9311828613281","0.0","426.9311828613281","70.01671380264588","292.00000000000017","292.00000000000017","292.00000000000017","1.8863585633564586","20.451648604704616","1.8863585633564575","26.583214092027983","","1.2863488078436147","5.53410221293122","1.8000368585633069","","0.318788598280422","2.9181580925497834","4.2576309023267935","working_net_combined_queue","17.682983737317368","0.7411999702453613"
"2025-10-22","weekly","CAT793","Plan","510469.68528458563","2129.744577538565","54.0",,"1296.0","0.0","1296.0","0.0","112.75199675559998","138.4400148279991","1044.8079671859741","0.0","1044.8079671859741","184.50534362041412","239.68587156801536","239.68587156801536","239.68587156801536","3.276900352450054","25.293501368980376","3.276900352450053","30.924734321761026","","1.2501710499220684","7.773301856425783","2.3781872048168156","","1.0772253989766087","1.9696950987379036","6.35782409967708","working_net_combined_queue","22.051157157170454","0.8061789870262146"
"2025-10-22","weekly","EH4000","Plan","123191.16649095032","542.330628401015","15.0",,"360.0","0.0","360.0","0.0","33.839998841285706","22.831200178313257","303.3288073539734","0.0","303.3288073539734","74.01222982604057","227.15140919509196","227.15140919509196","227.15140919509196","3.558469529951495","29.13153881664229","3.558469529951495","35.31954016488244","","0.65","7.329107231201826","3.050391821000869","","1.9148122648273187","1.8300000000000005","6.045043927536092","working_net_combined_queue","22.919355244566116","0.8425800204277039"
"2025-10-22","weekly","EH5000","Plan","335596.5767417124","1149.3033450058654","24.0",,"576.0","0.0","576.0","0.0","73.72800350189209","75.34080246849058","426.9311828613281","0.0","426.9311828613281","70.01671380264588","291.9999999999998","291.9999999999998","291.9999999999998","2.275773062999258","23.092793032855774","2.2757730629992556","29.56677737034898","","1.2873906907475803","5.912943643745525","1.7194732128080379","","0.3144137800730559","2.9198251051961286","4.618236951210339","working_net_combined_queue","18.109168721265796","0.7411999702453613"
"2025-10-23","weekly","CAT793","Plan","584424.1277536622","2448.8347087806683","54.0",,"1296.0","0.0","1296.0","0.0","112.75199675559998","138.4400148279991","1044.8079671859741","0.0","1044.8079671859741","184.50534362041412","238.65397107371962","238.65397107371962","238.65397107371962","3.0017080789531496","24.794613328108184","3.0017080789531487","30.525759378064468","","1.2465856813958358","7.2637746898443245","2.3077645794940116","","1.066227831046923","1.9890565251814103","5.9000165239659506","working_net_combined_queue","21.000882653548953","0.8061789870262146"
"2025-10-23","weekly","EH4000","Plan","134856.71309819634","595.9960953651749","15.0",,"360.0","0.0","360.0","0.0","33.839998841285706","22.831200178313257","303.3288073539734","0.0","303.3288073539734","74.01222982604057","226.27113524219953","226.27113524219953","226.27113524219953","3.54953215213347","29.149863727589523","3.5495321521334695","35.068393123715104","","0.6500000000000001","7.306103764952983","2.951382625777865","","1.7873016521156433","1.8299999999999998","6.073044988878754","working_net_combined_queue","22.697833031725253","0.8425800204277039"
"2025-10-23","weekly","EH5000","Plan","367205.5896245145","1257.5533891250484","24.0",,"576.0","0.0","576.0","0.0","73.72800350189209","75.34080246849058","426.9311828613281","0.0","426.9311828613281","70.01671380264588","292.0000000000003","292.0000000000003","292.0000000000003","2.0115771009401073","22.489065574636935","2.011577100940106","28.179164559139206","","1.2866604965161992","5.366813736917788","1.7084184810520457","","0.2739139918460238","2.9186567944259183","4.283115839119584","working_net_combined_queue","17.0289938987496","0.7411999702453613"
"2025-10-24","weekly","CAT793","Plan","557249.8546798363","2328.8782402688466","54.0",,"1296.0","0.0","1296.0","0.0","112.75199675559998","138.4400148279991","1044.8079671859741","0.0","1044.8079671859741","184.50534362041412","239.27822633419734","239.27822633419734","239.27822633419734","3.1983558737341067","24.668104087371443","3.1983558737341067","30.140723760929998","","1.2403957037781135","7.779331226443467","2.2811517448444176","","1.2135563921842734","1.9880883328731291","6.3668461960690905","working_net_combined_queue","22.158053032448166","0.8061789870262146"
"2025-10-24","weekly","EH4000","Plan","144864.08547483894","640.1510894635932","15.0",,"360.0","0.0","360.0","0.0","33.839998841285706","22.831200178313257","303.3288073539734","0.0","303.3288073539734","74.01222982604057","226.296710041103","226.296710041103","226.296710041103","2.7420796717250364","24.447588995624635","2.7420796717250364","30.14333100720184","","0.6500000000000001","6.729693481551373","3.0108805994600374","","1.5128417806832806","1.8299999999999996","5.458082262514184","working_net_combined_queue","21.291498124208882","0.8425800204277039"
"2025-10-24","weekly","EH5000","Plan","353183.8330802742","1209.5336749324451","24.0",,"576.0","0.0","576.0","0.0","73.72800350189209","75.34080246849058","426.9311828613281","0.0","426.9311828613281","70.01671380264588","292.0000000000002","292.0000000000002","292.0000000000002","2.111648367822789","21.5492954092375","2.111648367822786","27.82173417254719","","1.2878031738526223","5.8794916336362215","1.6470273447116366","","0.2557788694877855","2.9204850781641962","4.553954159851977","working_net_combined_queue","17.705062235527695","0.7411999702453613"
"2025-10-25","weekly","CAT793","Plan","611745.2936546227","2550.4220251091074","53.0",,"1272.0","0.0","1272.0","0.0","110.66399681568146","135.87631084970283","1025.459671497345","0.0","1025.459671497345","171.11633190926605","239.86041824919238","239.86041824919238","239.86041824919238","2.315873851952439","22.81488669172587","2.315873851952439","28.359383708368398","","1.2752174422897833","6.090428280213171","2.330992927497886","","1.0569858717278382","2.0227136219406447","4.899698545851817","working_net_combined_queue","18.93066367017874","0.8061789870262146"
"2025-10-25","weekly","EH4000","Plan","117850.4039144779","517.8781223071675","15.0",,"360.0","0.0","360.0","0.0","45.720001459121704","21.99959999152422","292.2804021835327","0.0","292.2804021835327","59.040643296783415","227.56397468471866","227.56397468471866","227.56397468471866","2.3090427317722586","22.898653652614662","2.3090427317722595","28.849475663529862","","0.65","6.05024932941925","3.0419470145460457","","1.2949897513775712","1.8299999999999998","4.802255871896989","working_net_combined_queue","19.769441967239846","0.8118900060653687"
"2025-10-25","weekly","EH5000","Plan","357303.3332776834","1223.6415523208339","24.0",,"576.0","0.0","576.0","0.0","60.47999811172485","77.32800335597992","438.1919975280762","0.0","438.1919975280762","79.16668583830548","291.99999999999994","291.99999999999994","291.99999999999994","1.9324661680611483","20.843251111718875","1.9324661680611483","27.12784925331095","","1.2922908151232773","5.562854348498374","1.650865455655516","","0.293969708007651","2.9276653041972445","4.274130580754295","working_net_combined_queue","17.288095054363612","0.7607499957084656"
"2025-10-26","weekly","CAT793","Plan","554626.5139705612","2299.5457303161897","53.0",,"1272.0","0.0","1272.0","0.0","110.66399681568146","135.87631084970283","1025.459671497345","0.0","1025.459671497345","171.11633190926605","241.18959960596197","241.18959960596197","241.18959960596197","2.4611908208969826","23.75318099216698","2.4611908208969826","28.830590337677727","","1.2870339824775672","6.216912560154203","2.400222500164772","","1.2054200044808376","2.027149079279597","5.122040427345399","working_net_combined_queue","19.46108693988568","0.8061789870262146"
"2025-10-26","weekly","EH4000","Plan","100383.59917305873","439.2223291712034","15.0",,"360.0","0.0","360.0","0.0","45.720001459121704","21.99959999152422","292.2804021835327","0.0","292.2804021835327","59.040643296783415","228.54848787510176","228.54848787510176","228.54848787510176","3.5942759293251094","29.07000815266676","3.5942759293251094","36.151077820242286","","0.6499999999999999","7.418524089396348","3.239394987890369","","1.3148314367897411","1.8299999999999994","5.965425341723912","working_net_combined_queue","22.518175855800372","0.8118900060653687"
"2025-10-26","weekly","EH5000","Plan","302428.63646634284","1035.7145084463812","24.0",,"576.0","0.0","576.0","0.0","60.47999811172485","77.32800335597992","438.1919975280762","0.0","438.1919975280762","79.16668583830548","291.99999999999955","291.99999999999955","291.99999999999955","2.0627050662327577","21.78046885722595","2.0627050662327577","28.542876660835805","","1.2968222074376865","5.682260780759352","1.806628327255193","","0.36259867888791136","2.934915531900299","4.336013690721718","working_net_combined_queue","17.95567229484185","0.7607499957084656"
"2025-10-27","weekly","CAT793","Plan","589167.8487687757","2446.251899440365","53.0",,"1272.0","0.0","1272.0","0.0","110.66399681568146","135.87631084970283","1025.459671497345","0.0","1025.459671497345","171.11633190926605","240.84512674412684","240.84512674412684","240.84512674412684","2.4456993605773967","23.75328361341338","2.4456993605773967","28.61955893349097","","1.278829290428775","6.17775479057469","2.4057213440562726","","1.2046772472837024","2.019668187901343","5.127331346218774","working_net_combined_queue","19.424833987811542","0.8061789870262146"
"2025-10-27","weekly","EH4000","Plan","95310.80811228209","419.26374166251895","15.0",,"360.0","0.0","360.0","0.0","45.720001459121704","21.99959999152422","292.2804021835327","0.0","292.2804021835327","59.040643296783415","227.32900234669307","227.32900234669307","227.32900234669307","2.9450430328187918","26.749058003077657","2.9450430328187918","32.97394180048471","","0.65","6.605936625835448","3.2291087116144674","","1.2877099425398424","1.8299999999999998","5.358855275426307","working_net_combined_queue","21.06161055541606","0.8118900060653687"
"2025-10-27","weekly","EH5000","Plan","298181.39583418873","1021.1691638157174","24.0",,"576.0","0.0","576.0","0.0","60.47999811172485","77.32800335597992","438.1919975280762","0.0","438.1919975280762","79.16668583830548","291.99999999999926","291.99999999999926","291.99999999999926","2.0939849282886165","21.41894736905182","2.0939849282886165","27.252122886774412","","1.2879779342263316","5.865792260120709","1.9042975702025322","","0.298947574267178","2.9207646947621315","4.610249859040899","working_net_combined_queue","18.352316098408494","0.7607499957084656"
"2025-10-28","weekly","CAT793","Plan","598300.5066369114","2487.0322745762064","53.0",,"1272.0","0.0","1272.0","0.0","110.66399681568146","135.87631084970283","1025.459671497345","0.0","1025.459671497345","171.11633190926605","240.56805082630567","240.56805082630567","240.56805082630567","2.553616055373764","24.389568269693093","2.553616055373764","29.75930967505693","","1.2838479886410388","6.282069515466412","2.33721705694438","","1.1110483858431375","2.013123662281977","5.1485388940606445","working_net_combined_queue","19.39954453080996","0.8061789870262146"
"2025-10-28","weekly","EH4000","Plan","107411.52026489664","467.410850382855","15.0",,"360.0","0.0","360.0","0.0","45.720001459121704","21.99959999152422","292.2804021835327","0.0","292.2804021835327","59.040643296783415","229.80108437131088","229.80108437131088","229.80108437131088","4.133909649744395","30.46989419371461","4.133909649744394","36.451243908092025","","0.65","8.140316385996142","3.114840426713713","","1.6125224260568125","1.830000000000001","6.8045573317074375","working_net_combined_queue","24.25223657047411","0.8118900060653687"
"2025-10-28","weekly","EH5000","Plan","305166.526254208","1045.0908433363268","24.0",,"576.0","0.0","576.0","0.0","60.47999811172485","77.32800335597992","438.1919975280762","0.0","438.1919975280762","79.16668583830548","292.00000000000057","292.00000000000057","292.00000000000057","2.5833105614054874","23.069467561181312","2.5833105614054874","29.787802681022033","","1.294476594336014","6.718778111079746","1.9083494820770877","","0.3012802873882232","2.931162550937622","5.203426225965962","working_net_combined_queue","19.83486482783338","0.7607499957084656"
"2025-10-29","weekly","CAT793","Plan","559495.9148294032","2320.3781634891234","53.0",,"1272.0","0.0","1272.0","0.0","110.66399681568146","135.87631084970283","1025.459671497345","0.0","1025.459671497345","171.11633190926605","241.12272888661226","241.12272888661226","241.12272888661226","3.2151741314470956","24.88765474681103","3.2151741314470956","30.577144457398884","","1.2670547687002913","7.751250563757689","2.363366904559122","","1.1317232013188685","1.9882111625273686","6.308975259465289","working_net_combined_queue","22.058550003541978","0.8061789870262146"
"2025-10-29","weekly","EH4000","Plan","133179.6554585461","580.1689450132097","15.0",,"360.0","0.0","360.0","0.0","45.720001459121704","21.99959999152422","292.2804021835327","0.0","292.2804021835327","59.040643296783415","229.55323031899573","229.55323031899573","229.55323031899573","3.790108245990632","29.275345096156627","3.790108245990632","34.45503213481292","","0.6500000000000001","7.767850182893066","3.041927581164901","","1.7380562590846282","1.8300000000000005","6.6000952740273116","working_net_combined_queue","23.727929297169922","0.8118900060653687"
"2025-10-29","weekly","EH5000","Plan","324952.8816612483","1112.852334456328","24.0",,"576.0","0.0","576.0","0.0","60.47999811172485","77.32800335597992","438.1919975280762","0.0","438.1919975280762","79.16668583830548","292.00000000000045","292.00000000000045","292.00000000000045","2.3592136063503752","21.78402101076382","2.3592136063503752","28.397228601137986","","1.2801132594006681","6.498011377746978","1.789962798326862","","0.39126478793337227","2.9081812150410697","4.984740531171058","working_net_combined_queue","19.357032421479566","0.7607499957084656"
"2025-10-30","weekly","CAT793","Plan","538623.7837215883","2228.5386173601523","53.0",,"1272.0","0.0","1272.0","0.0","110.66399681568146","135.87631084970283","1025.459671497345","0.0","1025.459671497345","171.11633190926605","241.6937178138842","241.6937178138842","241.6937178138842","3.5316082941877296","25.813035249171715","3.5316082941877296","31.28908469183173","","1.2740978531207758","8.208895064289779","2.3985848294730516","","1.106580218742683","2.00832224569988","6.772217843322885","working_net_combined_queue","22.967104971338195","0.8061789870262146"
"2025-10-30","weekly","EH4000","Plan","149993.46851457926","652.9237217203777","15.0",,"360.0","0.0","360.0","0.0","45.720001459121704","21.99959999152422","292.2804021835327","0.0","292.2804021835327","59.040643296783415","229.72586770069253","229.72586770069253","229.72586770069253","2.884289984815685","27.022564082162","2.8842899848156844","32.20494097209823","","0.6500000000000001","6.404181282085621","3.1055575822768966","","1.811937340786273","1.8299999999999998","5.373628824188029","working_net_combined_queue","21.275305029336838","0.8118900060653687"
"2025-10-30","weekly","EH5000","Plan","313471.6911611969","1073.5331889082088","24.0",,"576.0","0.0","576.0","0.0","60.47999811172485","77.32800335597992","438.1919975280762","0.0","438.1919975280762","79.16668583830548","291.99999999999994","291.99999999999994","291.99999999999994","2.4504666077265678","21.111718177709857","2.4504666077265678","28.078231635314246","","1.2770782733765464","6.964283779556557","1.8354883775205992","","0.362546098327114","2.903325237402474","5.236369525446738","working_net_combined_queue","20.06600163034997","0.7607499957084656"
"2025-10-31","weekly","CAT793","Plan","565213.96064341","2338.3823311889355","53.0",,"1272.0","0.0","1272.0","0.0","110.66399681568146","135.87631084970283","1025.459671497345","0.0","1025.459671497345","171.11633190926605","241.7115255724801","241.7115255724801","241.7115255724801","3.197318261500183","25.606535047915628","3.1973182615001825","31.191304026924186","","1.275745537107868","7.491802203267118","2.3799242820303816","","1.1662540930307386","2.0188106363353824","6.150403186875943","working_net_combined_queue","21.738403627372843","0.8061789870262146"
"2025-10-31","weekly","EH4000","Plan","140931.28939815084","614.6375191054946","15.0",,"360.0","0.0","360.0","0.0","45.720001459121704","21.99959999152422","292.2804021835327","0.0","292.2804021835327","59.040643296783415","229.29171262316288","229.29171262316288","229.29171262316288","2.9479971123345967","26.09057984630126","2.9479971123345967","31.728645959302522","","0.6500000000000001","6.779451732467005","3.1025619152128683","","1.6429199109004506","1.8300000000000003","5.574767576497112","working_net_combined_queue","21.67970113507745","0.8118900060653687"
"2025-10-31","weekly","EH5000","Plan","318769.37209921493","1091.675931846627","24.0",,"576.0","0.0","576.0","0.0","60.47999811172485","77.32800335597992","438.1919975280762","0.0","438.1919975280762","79.16668583830548","291.9999999999999","291.9999999999999","291.9999999999999","2.325321015167323","20.892565521486226","2.325321015167323","27.68169819165015","","1.280153767085158","6.677938176934551","1.8122032207180212","","0.5181949863988453","2.9082460273362534","5.040126510450999","working_net_combined_queue","19.7325214290221","0.7607499957084656"
"2025-11-01","weekly","CAT793","Plan","619687.3856272023","2580.005806144054","54.0",,"1296.0","0.0","1296.0","0.0","104.45760118961334","126.30349278245029","1065.238881111145","0.0","1065.238881111145","174.69918132770982","240.1883686274938","240.1883686274938","240.1883686274938","2.916893456155499","25.439827313939382","2.916893456155499","30.43383069808352","","1.2650501626224628","6.879512396431787","2.3887206096047717","","0.9890579707622902","2.0134574137129673","5.7506269619995924","working_net_combined_queue","20.491098002169053","0.8219435811042786"
"2025-11-01","weekly","EH4000","Plan","129881.8925306429","566.3609324674003","15.0",,"360.0","0.0","360.0","0.0","37.584000527858734","22.569120059137344","299.84687089920044","0.0","299.84687089920044","73.4624848000854","229.3270688089329","229.3270688089329","229.3270688089329","3.024703873078759","25.09595725951951","3.0247038730787597","30.613504389403154","","0.65","7.231532573473957","3.1746248278632847","","1.6395916900604588","1.8300000000000003","5.9281756860069095","working_net_combined_queue","22.553924777404617","0.8329079747200012"
"2025-11-01","weekly","EH5000","Plan","327884.15787084337","1122.8909516124768","24.0",,"576.0","0.0","576.0","0.0","61.92000102996826","48.8375992893219","465.2423973083496","0.0","465.2423973083496","72.57781547755536","292.0000000000001","292.0000000000001","292.0000000000001","2.741158757930146","22.03794779682818","2.741158757930146","28.813954325832736","","1.2734218728991347","7.463014568873791","1.8850760550864738","","0.24695374255449057","2.897474996638617","5.707981751340391","working_net_combined_queue","20.981445349713066","0.8077124953269958"
"2025-11-02","weekly","CAT793","Plan","581394.345009768","2420.4033336916405","54.0",,"1296.0","0.0","1296.0","0.0","104.45760118961334","126.30349278245029","1065.238881111145","0.0","1065.238881111145","174.69918132770982","240.20556281544012","240.20556281544012","240.20556281544012","2.9778844192781198","25.041276506126394","2.9778844192781198","30.205362801373024","","1.2645318196429625","7.135142056874557","2.432323485943172","","0.9568786253882692","2.012924046299279","5.91527624851324","working_net_combined_queue","20.89516944977719","0.8219435811042786"
"2025-11-02","weekly","EH4000","Plan","131853.57318544787","574.326628535023","15.0",,"360.0","0.0","360.0","0.0","37.584000527858734","22.569120059137344","299.84687089920044","0.0","299.84687089920044","73.4624848000854","229.57941811226206","229.57941811226206","229.57941811226206","2.9507556233476944","25.49649674654934","2.9507556233476944","30.754565935854448","","0.6499999999999999","6.943908379288332","3.2281226639921865","","1.68046934705456","1.8299999999999994","5.756717157710158","working_net_combined_queue","22.18921754804525","0.8329079747200012"
"2025-11-02","weekly","EH5000","Plan","304398.3250916826","1042.4600174372686","24.0",,"576.0","0.0","576.0","0.0","61.92000102996826","48.8375992893219","465.2423973083496","0.0","465.2423973083496","72.57781547755536","292.00000000000017","292.00000000000017","292.00000000000017","2.8748952899536646","22.771396317128787","2.874895289953665","29.772613150759266","","1.273645022065705","7.575017139702981","1.847185208830352","","0.371303792861492","2.89783203530513","5.793704318924418","working_net_combined_queue","21.251239113243432","0.8077124953269958"
"2025-11-03","weekly","CAT793","Plan","618042.0989002277","2577.9036076648945","54.0",,"1296.0","0.0","1296.0","0.0","104.45760118961334","126.30349278245029","1065.238881111145","0.0","1065.238881111145","174.69918132770982","239.74600798206723","239.74600798206723","239.74600798206723","2.727820534364259","24.20423473074717","2.727820534364259","29.3843282511412","","1.2655743689270174","6.762008131326826","2.410804570014588","","0.9333218899661265","2.013996814403162","5.569949759035214","working_net_combined_queue","20.157745924345008","0.8219435811042786"
"2025-11-03","weekly","EH4000","Plan","132484.50741853996","578.4668886550453","15.0",,"360.0","0.0","360.0","0.0","37.584000527858734","22.569120059137344","299.84687089920044","0.0","299.84687089920044","73.4624848000854","229.0269504043193","229.0269504043193","229.0269504043193","2.7998269881968425","24.61018689143655","2.7998269881968425","29.729083489628547","","0.6500000000000005","6.826019649215457","3.1901456546699345","","1.7135191532941272","1.830000000000001","5.650682751468485","working_net_combined_queue","21.96036720864802","0.8329079747200012"
"2025-11-03","weekly","EH5000","Plan","339573.34199404327","1162.9224040891904","24.0",,"576.0","0.0","576.0","0.0","61.92000102996826","48.8375992893219","465.2423973083496","0.0","465.2423973083496","72.57781547755536","291.9999999999997","291.9999999999997","291.9999999999997","2.5861481201949483","23.131119324658922","2.5861481201949488","30.509684798103063","","1.2686778571514858","6.708230805168133","1.8425192814679159","","0.4218599609869491","2.889884571442375","5.085889554039069","working_net_combined_queue","19.73958675987704","0.8077124953269958"
"2025-11-04","weekly","CAT793","Plan","625839.5871003101","2609.008360757717","54.0",,"1296.0","0.0","1296.0","0.0","104.45760118961334","126.30349278245029","1065.238881111145","0.0","1065.238881111145","174.69918132770982","239.8764206790628","239.8764206790628","239.8764206790628","2.5129383838408916","23.53355668326288","2.5129383838408916","28.65560170396772","","1.2654534324098379","6.406864251746781","2.3895325489897536","","1.014823133270142","2.012393520484889","5.2616694141717035","working_net_combined_queue","19.55062235832965","0.8219435811042786"
"2025-11-04","weekly","EH4000","Plan","106692.90413713142","467.309061338721","15.0",,"360.0","0.0","360.0","0.0","37.584000527858734","22.569120059137344","299.84687089920044","0.0","299.84687089920044","73.4624848000854","228.31336467451226","228.31336467451226","228.31336467451226","3.1449360317859454","23.981347317633976","3.1449360317859467","29.563219007688286","","0.6500000000000001","7.868455404438622","3.1421077753036735","","1.3386343675706898","1.83","6.382801610950553","working_net_combined_queue","23.311999158263543","0.8329079747200012"
"2025-11-04","weekly","EH5000","Plan","359345.4519791661","1230.6351095176926","24.0",,"576.0","0.0","576.0","0.0","61.92000102996826","48.8375992893219","465.2423973083496","0.0","465.2423973083496","72.57781547755536","291.99999999999983","291.99999999999983","291.99999999999983","2.327009038626415","22.045194763404787","2.3270090386264153","28.698548404248786","","1.281593680567641","6.333377582554008","1.8178612731667163","","0.3860130767079833","2.9105498889082253","4.865073325343322","working_net_combined_queue","19.14448478903867","0.8077124953269958"
"2025-11-05","weekly","CAT793","Plan","627816.7275498854","2612.199294003906","54.0",,"1296.0","0.0","1296.0","0.0","104.45760118961334","126.30349278245029","1065.238881111145","0.0","1065.238881111145","174.69918132770982","240.34028681922868","240.34028681922868","240.34028681922868","2.2495218337098026","22.457878812948984","2.2495218337098026","27.45323624352275","","1.2714487769986078","6.009975881816811","2.3850341976193747","","1.0166082622725057","2.0200414951724794","4.916407990130233","working_net_combined_queue","18.81962586176941","0.8219435811042786"
"2025-11-05","weekly","EH4000","Plan","104338.2707752723","458.7598782378575","15.0",,"360.0","0.0","360.0","0.0","37.584000527858734","22.569120059137344","299.84687089920044","0.0","299.84687089920044","73.4624848000854","227.43547490692958","227.43547490692958","227.43547490692958","2.7026847191165086","22.507905885095504","2.7026847191165086","27.62679774929263","","0.6499999999999999","7.204627741684839","3.148687581927888","","1.369788219552571","1.8299999999999998","5.869702475783411","working_net_combined_queue","22.17280601894872","0.8329079747200012"
"2025-11-05","weekly","EH5000","Plan","359094.5662916161","1229.7759119575892","24.0",,"576.0","0.0","576.0","0.0","61.92000102996826","48.8375992893219","465.2423973083496","0.0","465.2423973083496","72.57781547755536","292.00000000000006","292.00000000000006","292.00000000000006","2.1441024712011614","20.682418228293635","2.1441024712011614","27.47203990452969","","1.282117376735239","6.220072858602251","1.826939517936627","","0.40206475938291414","2.911387802776382","4.682802905031382","working_net_combined_queue","18.879970521234693","0.8077124953269958"
"2025-11-06","weekly","CAT793","Plan","600778.7440932634","2495.113879848817","54.0",,"1296.0","0.0","1296.0","0.0","104.45760118961334","126.30349278245029","1065.238881111145","0.0","1065.238881111145","174.69918132770982","240.7820937333993","240.7820937333993","240.7820937333993","2.745542971640827","23.864434808364056","2.745542971640827","29.040233294226475","","1.2665682598301016","6.902848511656929","2.405305718140882","","1.1426688433350127","2.0081530666184846","5.672563874726182","working_net_combined_queue","20.59071419909973","0.8219435811042786"
"2025-11-06","weekly","EH4000","Plan","121175.45045267677","530.4444372056496","15.0",,"360.0","0.0","360.0","0.0","37.584000527858734","22.569120059137344","299.84687089920044","0.0","299.84687089920044","73.4624848000854","228.44136341785764","228.44136341785764","228.44136341785764","2.8209854550083033","23.48521238860341","2.8209854550083033","28.50515121809926","","0.65","7.207051164784612","3.1198528212752836","","1.5930923965681014","1.8299999999999996","5.937843514860136","working_net_combined_queue","22.437839897488146","0.8329079747200012"
"2025-11-06","weekly","EH5000","Plan","341694.89822250913","1170.188007611332","24.0",,"576.0","0.0","576.0","0.0","61.92000102996826","48.8375992893219","465.2423973083496","0.0","465.2423973083496","72.57781547755536","292.00000000000017","292.00000000000017","292.00000000000017","2.47721032351744","21.80483021115634","2.4772103235174403","29.395351098145543","","1.2753428729175833","6.816499737521424","1.8565214888076416","","0.4440993739909355","2.900548596668133","5.056330809412349","working_net_combined_queue","19.86205850161032","0.8077124953269958"
"2025-11-07","weekly","CAT793","Plan","545259.0596414354","2258.710257704156","54.0",,"1296.0","0.0","1296.0","0.0","104.45760118961334","126.30349278245029","1065.238881111145","0.0","1065.238881111145","174.69918132770982","241.40283499471892","241.40283499471892","241.40283499471892","3.579279168670769","24.85805644318465","3.5792791686707686","30.49259438836974","","1.2457198304953034","8.639321847671086","2.400592099548907","","1.1418813308774316","1.985021261519246","7.042914990603655","working_net_combined_queue","23.656147714937383","0.8219435811042786"
"2025-11-07","weekly","EH4000","Plan","143858.2295312046","627.575033347268","15.0",,"360.0","0.0","360.0","0.0","37.584000527858734","22.569120059137344","299.84687089920044","0.0","299.84687089920044","73.4624848000854","229.22873264080405","229.22873264080405","229.22873264080405","2.5971723279674834","23.991708920356253","2.5971723279674834","27.942740979116056","","0.6500000000000001","6.495174653683447","3.100757383173941","","1.891022926561779","1.830000000000001","5.576773581178526","working_net_combined_queue","21.643728544597685","0.8329079747200012"
"2025-11-07","weekly","EH5000","Plan","369653.95667204814","1265.938207780988","24.0",,"576.0","0.0","576.0","0.0","61.92000102996826","48.8375992893219","465.2423973083496","0.0","465.2423973083496","72.57781547755536","291.9999999999997","291.9999999999997","291.9999999999997","2.189343083516411","20.79603888914123","2.189343083516411","26.803199540044012","","1.2809026067550884","6.316615664706001","1.7200447565532397","","0.2779406271628665","2.9094441708081407","4.900929264610062","working_net_combined_queue","18.61060436417116","0.8077124953269958"
"2025-11-08","weekly","CAT793","Plan","538331.5096768943","2237.4495089115962","53.0",,"1272.0","0.0","1272.0","0.0","102.52320116758347","123.96453921240492","1045.5122351646423","0.0","1045.5122351646423","171.46401130312262","240.60051747883455","240.60051747883455","240.60051747883455","3.5588360701407957","25.573551798513176","3.558836070140797","30.882021236692637","","1.2626775783842465","8.349648335545718","2.4386022798358122","","1.144379962834919","2.0110160589171238","6.914384345890573","working_net_combined_queue","23.416065306405784","0.8219435811042786"
"2025-11-08","weekly","EH4000","Plan","153903.38600516942","670.2530478697831","15.0",,"360.0","0.0","360.0","0.0","37.584000527858734","22.569120059137344","299.84687089920044","0.0","299.84687089920044","73.4624848000854","229.6198226838497","229.6198226838497","229.6198226838497","2.2394751689302006","23.715462017985228","2.2394751689302037","27.769034222756126","","0.6499999999999999","5.6658609490260075","3.1511293083029317","","1.813311188093697","1.830000000000001","4.8387894608772575","working_net_combined_queue","20.049090906299927","0.8329079747200012"
"2025-11-08","weekly","EH5000","Plan","364508.26175565436","1248.3159649166257","24.0",,"576.0","0.0","576.0","0.0","61.92000102996826","48.8375992893219","465.2423973083496","0.0","465.2423973083496","72.57781547755536","291.9999999999997","291.9999999999997","291.9999999999997","2.3380564294736983","21.721921647594407","2.338056429473698","27.59741822785036","","1.2810606596783503","6.458148042530923","1.7641676809483209","","0.18315178133277907","2.9096970554853603","5.083206864142557","working_net_combined_queue","18.873326783268425","0.8077124953269958"
"2025-11-09","weekly","CAT793","Plan","532024.2315313952","2212.966734121599","53.0",,"1272.0","0.0","1272.0","0.0","102.52320116758347","123.96453921240492","1045.5122351646423","0.0","1045.5122351646423","171.46401130312262","240.41221376180042","240.41221376180042","240.41221376180042","3.4500754174162807","25.835905681127603","3.4500754174162807","31.261345030066764","","1.2687119265104982","8.012280567976674","2.39643698348856","","1.116537044909591","2.017225315684714","6.621740838274314","working_net_combined_queue","22.665152974628377","0.8219435811042786"
"2025-11-09","weekly","EH4000","Plan","153486.1487920023","668.0303401234302","15.0",,"360.0","0.0","360.0","0.0","37.584000527858734","22.569120059137344","299.84687089920044","0.0","299.84687089920044","73.4624848000854","229.7592483054633","229.7592483054633","229.7592483054633","2.2258042875971005","24.42137914338423","2.2258042875971036","29.777185260129603","","0.6500000000000002","5.468497764672899","3.1255493848261424","","1.776568753242194","1.8300000000000014","4.484918775537919","working_net_combined_queue","19.435534678279165","0.8329079747200012"
"2025-11-09","weekly","EH5000","Plan","341463.240416675","1169.3946589612146","24.0",,"576.0","0.0","576.0","0.0","61.92000102996826","48.8375992893219","465.2423973083496","0.0","465.2423973083496","72.57781547755536","292.0000000000003","292.0000000000003","292.0000000000003","2.4333125736106127","21.857890512287476","2.4333125736106127","28.050017391330208","","1.2777179991202725","6.679453094275642","1.786025572633172","","0.24634246720434358","2.904348798592435","5.2049434543938125","working_net_combined_queue","19.307607998266423","0.8077124953269958"
"2025-11-10","weekly","CAT793","Plan","550478.2736949696","2283.1962442242784","53.0",,"1272.0","0.0","1272.0","0.0","102.52320116758347","123.96453921240492","1045.5122351646423","0.0","1045.5122351646423","171.46401130312262","241.0998507410369","241.0998507410369","241.0998507410369","3.5961907594107423","27.01201138453795","3.5961907594107423","32.096225310177154","","1.2623784582355584","7.987981438811147","2.4917444276924","","1.091644249784285","2.009941254407798","6.7226424129141185","working_net_combined_queue","22.880871673670224","0.8219435811042786"
"2025-11-10","weekly","EH4000","Plan","156303.08379350006","680.6707293776072","15.0",,"360.0","0.0","360.0","0.0","37.584000527858734","22.569120059137344","299.84687089920044","0.0","299.84687089920044","73.4624848000854","229.630975811786","229.630975811786","229.630975811786","2.221485462279707","23.75261088803963","2.221485462279707","28.66501958378556","","0.6500000000000002","5.611556909051152","3.095497101272536","","1.7016828459935203","1.83","4.649887900728236","working_net_combined_queue","19.638624757045466","0.8329079747200012"
"2025-11-10","weekly","EH5000","Plan","352726.94614996307","1207.9689936642565","24.0",,"576.0","0.0","576.0","0.0","61.92000102996826","48.8375992893219","465.2423973083496","0.0","465.2423973083496","72.57781547755536","292.00000000000017","292.00000000000017","292.00000000000017","2.4947300489015456","22.02098425818684","2.4947300489015456","27.795651406260486","","1.2786118571388208","6.797325731634548","1.7173519773061972","","0.2515733005995105","2.9057789714221123","5.385151826316942","working_net_combined_queue","19.50370850398342","0.8077124953269958"
"2025-11-11","weekly","CAT793","Plan","561482.0834562987","2332.812831653111","53.0",,"1272.0","0.0","1272.0","0.0","102.52320116758347","123.96453921240492","1045.5122351646423","0.0","1045.5122351646423","171.46401130312262","240.68886960743149","240.68886960743149","240.68886960743149","3.4511379282110606","26.97618633121223","3.4511379282110597","32.09727963289728","","1.2603805855116443","7.675965503436623","2.4758602712413165","","1.1242074988054316","2.0070108817714813","6.45127182306236","working_net_combined_queue","22.306827877362853","0.8219435811042786"
"2025-11-11","weekly","EH4000","Plan","154058.34905169025","671.9412826315072","15.0",,"360.0","0.0","360.0","0.0","37.584000527858734","22.569120059137344","299.84687089920044","0.0","299.84687089920044","73.4624848000854","229.27352885412148","229.27352885412148","229.27352885412148","2.336340822726369","24.596271834638735","2.336340822726371","30.394265918273266","","0.65","5.699255980988433","3.0239245971540463","","1.6247589214565674","1.8299999999999994","4.612068925780658","working_net_combined_queue","19.540008425379703","0.8329079747200012"
"2025-11-11","weekly","EH5000","Plan","358156.7530770955","1226.5642228667673","24.0",,"576.0","0.0","576.0","0.0","61.92000102996826","48.8375992893219","465.2423973083496","0.0","465.2423973083496","72.57781547755536","291.99999999999955","291.99999999999955","291.99999999999955","2.2820977392676522","20.923120597819295","2.2820977392676522","26.6513244326873","","1.2783581969118358","6.544237209545606","1.7217189183990411","","0.3763733528574666","2.9053731150589375","5.13767579175624","working_net_combined_queue","19.20802408476292","0.8077124953269958"
"2025-11-12","weekly","CAT793","Plan","574445.370574937","2391.3736507292006","53.0",,"1272.0","0.0","1272.0","0.0","102.52320116758347","123.96453921240492","1045.5122351646423","0.0","1045.5122351646423","171.46401130312262","240.21564777205418","240.21564777205418","240.21564777205418","2.988570187028332","24.72611897933192","2.9885701870283317","29.25595857869343","","1.2612354494327562","7.252016030966493","2.3486863907972317","","1.1472676379538858","2.0095321291264594","6.129151801311719","working_net_combined_queue","21.41734863980005","0.8219435811042786"
"2025-11-12","weekly","EH4000","Plan","153580.53103849886","677.0110254359462","15.0",,"360.0","0.0","360.0","0.0","37.584000527858734","22.569120059137344","299.84687089920044","0.0","299.84687089920044","73.4624848000854","226.85085658627804","226.85085658627804","226.85085658627804","1.8425562716563897","21.37075839050147","1.8425562716563917","25.551246211533314","","0.6499999999999999","5.173114321882014","3.075343658687436","","1.4904002495781858","1.8299999999999998","4.326731282855469","working_net_combined_queue","18.645589513003124","0.8329079747200012"
"2025-11-12","weekly","EH5000","Plan","395016.50380982517","1352.7962459240605","24.0",,"576.0","0.0","576.0","0.0","61.92000102996826","48.8375992893219","465.2423973083496","0.0","465.2423973083496","72.57781547755536","291.99999999999966","291.99999999999966","291.99999999999966","1.9181755980784825","20.732742391464896","1.9181755980784825","26.063474139822603","","1.2870807090697551","5.551148695702146","1.6643115082475357","","0.32256347429306803","2.9193291345116084","4.415778774053039","working_net_combined_queue","17.415686365156347","0.8077124953269958"
"2025-11-13","weekly","CAT793","Plan","548781.5853838577","2281.590925898922","53.0",,"1272.0","0.0","1272.0","0.0","102.52320116758347","123.96453921240492","1045.5122351646423","0.0","1045.5122351646423","171.46401130312262","240.5258449946034","240.5258449946034","240.5258449946034","3.1989777807733972","24.73333285267041","3.1989777807733963","29.70189926506763","","1.2569573713390556","7.760323608214434","2.3344701889080173","","1.197238099559459","2.005130048769173","6.4621681305122","working_net_combined_queue","22.32258789729603","0.8219435811042786"
"2025-11-13","weekly","EH4000","Plan","153184.17111084386","674.5572492150502","15.0",,"360.0","0.0","360.0","0.0","37.584000527858734","22.569120059137344","299.84687089920044","0.0","299.84687089920044","73.4624848000854","227.08846623336552","227.08846623336552","227.08846623336552","1.8099187995180002","21.440451787528854","1.8099187995180026","25.436781194404713","","0.6500000000000002","5.064964537465853","3.1074327253575067","","1.5984527691301842","1.8300000000000005","4.269216578195344","working_net_combined_queue","18.620066610148893","0.8329079747200012"
"2025-11-13","weekly","EH5000","Plan","396306.1844485148","1357.212960440121","24.0",,"576.0","0.0","576.0","0.0","61.92000102996826","48.8375992893219","465.2423973083496","0.0","465.2423973083496","72.57781547755536","291.9999999999996","291.9999999999996","291.9999999999996","1.8925400466987847","20.817823957568795","1.8925400466987847","26.635274401816684","","1.285021657414751","5.4545759937912495","1.6882244300979063","","0.46690242728164416","2.9160346518636016","4.263233826274459","working_net_combined_queue","17.33136996335232","0.8077124953269958"
"2025-11-14","weekly","CAT793","Plan","581220.1537004836","2411.2118236608408","53.0",,"1272.0","0.0","1272.0","0.0","102.52320116758347","123.96453921240492","1045.5122351646423","0.0","1045.5122351646423","171.46401130312262","241.0489812620617","241.0489812620617","241.0489812620617","2.7626263225974506","24.65754921809047","2.76262632259745","29.903811758428702","","1.2684582744164106","6.722386636634427","2.375916106960702","","1.2702775559670887","2.013309780238287","5.543025106460767","working_net_combined_queue","20.509077114354113","0.8219435811042786"
"2025-11-14","weekly","EH4000","Plan","125994.22946662897","555.889955831377","15.0",,"360.0","0.0","360.0","0.0","37.584000527858734","22.569120059137344","299.84687089920044","0.0","299.84687089920044","73.4624848000854","226.65318584178178","226.65318584178178","226.65318584178178","2.4517914714016666","21.93028318930479","2.451791471401666","27.371462636632376","","0.6499999999999996","6.707961179262976","2.939844339281733","","1.1504947121804021","1.8299999999999998","5.374484010482504","working_net_combined_queue","20.752784241207618","0.8329079747200012"
"2025-11-14","weekly","EH5000","Plan","408835.5806807597","1400.1218516464367","24.0",,"576.0","0.0","576.0","0.0","61.92000102996826","48.8375992893219","465.2423973083496","0.0","465.2423973083496","72.57781547755536","292.0000000000001","292.0000000000001","292.0000000000001","1.6935341252645384","19.35826623854501","1.6935341252645384","25.74970787365263","","1.2894533430361876","5.249026243556282","1.7065163472208107","","0.4324223105229812","2.9231253488579","3.9461437005210773","working_net_combined_queue","16.82701766782654","0.8077124953269958"
"2025-11-15","weekly","CAT793","Plan","518072.0351007641","2156.927041252217","53.0",,"1272.0","0.0","1272.0","0.0","117.02400022745132","117.80754977385807","1037.1684107780457","0.0","1037.1684107780457","170.09562406592363","240.18987438721814","240.18987438721814","240.18987438721814","3.720586047598608","25.68987758874896","3.7205860475986077","30.575504189285017","","1.2577061865227503","8.689615670013302","2.4603111898072836","","1.0547821386598666","2.005900568740802","7.301111421546001","working_net_combined_queue","23.997117661312547","0.8153839707374573"
"2025-11-15","weekly","EH4000","Plan","194646.61273566875","851.447682895618","18.0",,"432.0","0.0","432.0","0.0","43.632001519203186","25.24391897531033","363.12409114837646","0.0","363.12409114837646","88.96540406286283","228.60666209544573","228.60666209544573","228.60666209544573","2.1454491567875684","23.294624197657715","2.145449156787569","29.84524137946638","","0.6500000000000004","5.526036750582036","3.079399748828028","","1.3860715418654022","1.8300000000000005","4.313148209141933","working_net_combined_queue","18.884656250417382","0.840565025806427"
"2025-11-15","weekly","EH5000","Plan","388095.41519493825","1329.0938876538994","24.0",,"576.0","0.0","576.0","0.0","61.05599927902222","66.94271763828277","448.001277923584","0.0","448.001277923584","69.88820079803878","291.9999999999997","291.9999999999997","291.9999999999997","2.0012943281693607","21.588254947512077","2.0012943281693607","27.411039135756205","","1.28386612381006","5.562175357948508","1.625384581482","","0.12046011393354113","2.914185798096096","4.380631434491182","working_net_combined_queue","17.0693620884104","0.7777799963951111"
"2025-11-16","weekly","CAT793","Plan","525586.778677299","2191.9914426914925","53.0",,"1272.0","0.0","1272.0","0.0","117.02400022745132","117.80754977385807","1037.1684107780457","0.0","1037.1684107780457","170.09562406592363","239.77592632932178","239.77592632932178","239.77592632932178","3.2051180301002087","24.20602771541568","3.205118030100208","29.21696818597757","","1.257166407614952","7.944594795433586","2.399792468691727","","1.1391699982511605","2.00534514406756","6.582034131053631","working_net_combined_queue","22.530610267809177","0.8153839707374573"
"2025-11-16","weekly","EH4000","Plan","177977.89042730036","781.0641163411533","18.0",,"432.0","0.0","432.0","0.0","43.632001519203186","25.24391897531033","363.12409114837646","0.0","363.12409114837646","88.96540406286283","227.86591613122212","227.86591613122212","227.86591613122212","1.7372726164015169","21.10236020618001","1.7372726164015169","27.050476848731172","","0.6499999999999999","4.939559175639722","3.0896189731348023","","1.387152534865733","1.8299999999999996","3.8534018297344845","working_net_combined_queue","17.84973251337474","0.840565025806427"
"2025-11-16","weekly","EH5000","Plan","370115.02354357747","1267.5172039163608","24.0",,"576.0","0.0","576.0","0.0","61.05599927902222","66.94271763828277","448.001277923584","0.0","448.001277923584","69.88820079803878","292.0000000000001","292.0000000000001","292.0000000000001","1.9104117924074209","21.071870867524037","1.9104117924074209","27.09592011668261","","1.2807204987743717","5.4397024481155505","1.7140308647506375","","0.28026909661628474","2.9091527980389933","4.2303308782591325","working_net_combined_queue","17.152826052351482","0.7777799963951111"
"2025-11-17","weekly","CAT793","Plan","530810.5909947789","2209.84636788037","53.0",,"1272.0","0.0","1272.0","0.0","117.02400022745132","117.80754977385807","1037.1684107780457","0.0","1037.1684107780457","170.09562406592363","240.20248588770417","240.20248588770417","240.20248588770417","3.4013038137259386","24.544387590761072","3.4013038137259386","29.15056906866901","","1.2505930954851745","8.314659637316632","2.457265899622279","","1.2591733641324494","1.9985813011514113","7.00083172794384","working_net_combined_queue","23.42183140891332","0.8153839707374573"
"2025-11-17","weekly","EH4000","Plan","181746.7245525782","797.8333462647589","18.0",,"432.0","0.0","432.0","0.0","43.632001519203186","25.24391897531033","363.12409114837646","0.0","363.12409114837646","88.96540406286283","227.8003613204029","227.8003613204029","227.8003613204029","1.8107251238603193","20.797913663862193","1.8107251238603193","26.418575166894378","","0.6499999999999999","5.223769517824027","3.094923637658821","","1.3482750845638432","1.8300000000000012","4.112390874423932","working_net_combined_queue","18.35935911447061","0.840565025806427"
"2025-11-17","weekly","EH5000","Plan","349828.82118869707","1198.0439081804673","24.0",,"576.0","0.0","576.0","0.0","61.05599927902222","66.94271763828277","448.001277923584","0.0","448.001277923584","69.88820079803878","292.0000000000005","292.0000000000005","292.0000000000005","2.124370858635348","20.67725743790673","2.124370858635348","26.532550236229962","","1.2742978343391445","6.164369327067999","1.8293100359692454","","0.40152162858756496","2.8988765349426306","4.803995484160897","working_net_combined_queue","18.902457388099386","0.7777799963951111"
"2025-11-18","weekly","CAT793","Plan","535581.082115985","2227.060691623743","52.5",,"1260.0","0.0","1260.0","0.0","115.92000022530556","116.6961577948594","1027.3838031291962","0.0","1027.3838031291962","168.4909483671885","240.48787001197283","240.48787001197283","240.48787001197283","3.2161755630058253","24.169485063238415","3.216175563005825","28.976068334858034","","1.2646536951672973","7.984056477639073","2.435934259184094","","1.2487034954173408","2.013049454447508","6.659652080824475","working_net_combined_queue","22.814858807500666","0.8153839707374573"
"2025-11-18","weekly","EH4000","Plan","152279.12057388903","672.533332865838","18.0",,"432.0","0.0","432.0","0.0","43.632001519203186","25.24391897531033","363.12409114837646","0.0","363.12409114837646","88.96540406286283","226.42613106623045","226.42613106623045","226.42613106623045","2.1232486261801595","22.59244709753055","2.1232486261801595","27.666378590735167","","0.6500000000000001","5.638827747204701","2.806740665685991","","1.1828406481390634","1.8300000000000005","4.604683520577254","working_net_combined_queue","18.813092581607012","0.840565025806427"
"2025-11-18","weekly","EH5000","Plan","389342.7724382583","1333.3656590351325","23.5",,"564.0","0.0","564.0","0.0","59.78399929404259","65.54807768748522","438.66791796684265","0.0","438.66791796684265","68.4321966147463","291.9999999999997","291.9999999999997","291.9999999999997","1.7013701577941467","19.981994551124558","1.7013701577941467","25.515374038381378","","1.2876799957382263","5.108709703952139","1.66612520421674","","0.3034907074657109","2.920287993181163","4.0008117973929025","working_net_combined_queue","16.522107248558978","0.7777799963951111"
"2025-11-19","weekly","CAT793","Plan","534841.9834119753","2219.500975443385","53.0",,"1272.0","0.0","1272.0","0.0","117.02400022745132","117.80754977385807","1037.1684107780457","0.0","1037.1684107780457","170.09562406592363","240.97397988533484","240.97397988533484","240.97397988533484","3.2300196596938915","23.916511490389038","3.2300196596938915","29.453533693919745","","1.280544449087201","8.103237784470089","2.4926602050539697","","0.9481355908396987","2.0075067316340527","6.579895695898823","working_net_combined_queue","22.56105851878771","0.8153839707374573"
"2025-11-19","weekly","EH4000","Plan","80010.3423831793","352.5171512808388","18.0",,"432.0","0.0","432.0","0.0","43.632001519203186","25.24391897531033","363.12409114837646","0.0","363.12409114837646","88.96540406286283","226.96865129106214","226.96865129106214","226.96865129106214","3.4611443955300194","24.552542749614478","3.4611443955300194","30.111527558074748","","0.65","8.45813266062074","2.996472530075813","","0.5402970358223339","1.8300000000000005","6.896649906959385","working_net_combined_queue","23.471552133478276","0.840565025806427"
"2025-11-19","weekly","EH5000","Plan","401615.8828692411","1375.396859141236","24.0",,"576.0","0.0","576.0","0.0","61.05599927902222","66.94271763828277","448.001277923584","0.0","448.001277923584","69.88820079803878","292.0000000000001","292.0000000000001","292.0000000000001","1.6666707969716865","19.369334975756935","1.6666707969716865","25.519881592781626","","1.2909430687710115","5.1628126594673285","1.7075384200914407","","0.2785395168836759","2.9255089100336202","3.918523189644679","working_net_combined_queue","16.494719081950848","0.7777799963951111"
"2025-11-20","weekly","CAT793","Plan","543662.2217620539","2267.279749105102","53.0",,"1272.0","0.0","1272.0","0.0","117.02400022745132","117.80754977385807","1037.1684107780457","0.0","1037.1684107780457","170.09562406592363","239.78612342682374","239.78612342682374","239.78612342682374","3.4362295771308897","24.66023954004488","3.4362295771308897","29.898470542488177","","1.2770257505910072","8.360574693244775","2.415132140102795","","0.5629003229592028","1.9672582084900587","6.89579670421146","working_net_combined_queue","22.506758373147875","0.8153839707374573"
"2025-11-20","weekly","EH4000","Plan","155676.4569934697","685.8996563834377","18.0",,"432.0","0.0","432.0","0.0","43.632001519203186","25.24391897531033","363.12409114837646","0.0","363.12409114837646","88.96540406286283","226.96681000586779","226.96681000586779","226.96681000586779","3.2373084552661444","24.583916694339333","3.2373084552661444","29.420839390072956","","0.6500000000000002","7.9010399250455405","3.1335367809919816","","0.5357780214343159","1.8300000000000003","6.602072250240003","working_net_combined_queue","22.752426977711824","0.840565025806427"
"2025-11-20","weekly","EH5000","Plan","392499.70431459014","1344.1770695705138","24.0",,"576.0","0.0","576.0","0.0","61.05599927902222","66.94271763828277","448.001277923584","0.0","448.001277923584","69.88820079803878","292.00000000000006","292.00000000000006","292.00000000000006","1.760427612796668","19.72752537680358","1.760427612796668","25.120290574417204","","1.283975152869806","5.354227392960244","1.6639182035677946","","0.2649749395325696","2.9143602445916907","4.204794385434796","working_net_combined_queue","16.87782460485358","0.7777799963951111"
"2025-11-21","weekly","CAT793","Plan","520902.1715530039","2172.3055929704647","53.0",,"1272.0","0.0","1272.0","0.0","117.02400022745132","117.80754977385807","1037.1684107780457","0.0","1037.1684107780457","170.09562406592363","239.7923078772307","239.7923078772307","239.7923078772307","3.5927660619914015","25.1515760052713","3.592766061991402","30.548889544092898","","1.2724513857870758","8.570674206431658","2.3552181489274937","","0.5979862903509164","1.9934092364997014","7.056425517803057","working_net_combined_queue","22.914959238415292","0.8153839707374573"
"2025-11-21","weekly","EH4000","Plan","137551.87020999542","604.1840034676717","18.0",,"432.0","0.0","432.0","0.0","43.632001519203186","25.24391897531033","363.12409114837646","0.0","363.12409114837646","88.96540406286283","227.6655280850306","227.6655280850306","227.6655280850306","3.6409811537541312","25.807726400238625","3.6409811537541312","31.080925150117757","","0.65","8.464863035095876","3.083213593645138","","0.5442322716207095","1.8300000000000003","7.028711924439618","working_net_combined_queue","23.70102082480133","0.840565025806427"
"2025-11-21","weekly","EH5000","Plan","378735.5275750473","1297.039477996738","24.0",,"576.0","0.0","576.0","0.0","61.05599927902222","66.94271763828277","448.001277923584","0.0","448.001277923584","69.88820079803878","291.99999999999983","291.99999999999983","291.99999999999983","1.8808648886693162","20.360657757299713","1.8808648886693162","25.81959950720544","","1.2897971384479594","5.542644774317237","1.629685817960428","","0.2588696112620275","2.9236754215167355","4.37078403515382","working_net_combined_queue","17.17980204524628","0.7777799963951111"
"2025-11-22","weekly","CAT793","Plan","517649.63539930986","2162.330817141944","53.0",,"1272.0","0.0","1272.0","0.0","131.01600015163422","116.38036580827904","1024.6036205291748","0.0","1024.6036205291748","168.03499840819092","239.39428291713114","239.39428291713114","239.39428291713114","3.3840392201038174","24.081322277863205","3.3840392201038174","29.98782940916776","","1.2862165743272902","8.43152842121448","2.392670440224926","","0.4771844024834414","1.9707781108315392","6.770825271673573","working_net_combined_queue","22.29933756789359","0.8055059909820557"
"2025-11-22","weekly","EH4000","Plan","138264.9966320037","609.4535498536618","18.0",,"432.0","0.0","432.0","0.0","41.904001235961914","25.356238989601138","364.7397508621216","0.0","364.7397508621216","89.36124070043445","226.8671610251561","226.8671610251561","226.8671610251561","3.2173473263162284","23.45203226888109","3.2173473263162284","29.031636686681072","","0.6499999999999998","8.231305388195416","3.1904680604568174","","0.5473118128008462","1.8299999999999994","6.649326790023368","working_net_combined_queue","23.198412051476424","0.8443049788475037"
"2025-11-22","weekly","EH5000","Plan","379785.07914881746","1300.6338327014284","24.0",,"576.0","0.0","576.0","0.0","61.05599927902222","66.94271763828277","448.001277923584","0.0","448.001277923584","69.88820079803878","292.0000000000003","292.0000000000003","292.0000000000003","2.063254300339333","22.02674876492192","2.063254300339333","27.858194288534857","","1.2881975758751059","5.62022381703044","1.735922466136338","","0.26548283434813075","2.92111612140017","4.443764615113922","working_net_combined_queue","17.442868429137196","0.7777799963951111"
"2025-11-23","weekly","CAT793","Plan","492834.9428438953","2059.4274790315944","53.0",,"1272.0","0.0","1272.0","0.0","131.01600015163422","116.38036580827904","1024.6036205291748","0.0","1024.6036205291748","168.03499840819092","239.3067723247246","239.3067723247246","239.3067723247246","3.2985406947676994","24.305627425808247","3.2985406947677","30.05697261961078","","1.2840950906037","8.142659237667496","2.414720681656889","","0.5258684320829013","1.97549375261744","6.5845767034080245","working_net_combined_queue","21.87565955998226","0.8055059909820557"
"2025-11-23","weekly","EH4000","Plan","110251.98484721206","489.08520647929066","18.0",,"432.0","0.0","432.0","0.0","41.904001235961914","25.356238989601138","364.7397508621216","0.0","364.7397508621216","89.36124070043445","225.42490221871077","225.42490221871077","225.42490221871077","3.4338402254643383","23.544261264006682","3.4338402254643374","28.9084682777043","","0.6500000000000001","8.75076993147496","3.149550468219405","","0.4886415340629646","1.8299999999999996","7.126991701831588","working_net_combined_queue","24.09595363558892","0.8443049788475037"
"2025-11-23","weekly","EH5000","Plan","370044.5257909343","1267.2757732566236","24.0",,"576.0","0.0","576.0","0.0","61.05599927902222","66.94271763828277","448.001277923584","0.0","448.001277923584","69.88820079803878","292.00000000000017","292.00000000000017","292.00000000000017","1.9586796689122203","21.600117511442917","1.9586796689122214","27.828860190791715","","1.2960120875952","5.440747258549645","1.8022917473967799","","0.2515889093398589","2.933619340152321","4.222982160570835","working_net_combined_queue","17.130359249806286","0.7777799963951111"
"2025-11-24","weekly","CAT793","Plan","501774.420527821","2095.7534951375337","53.0",,"1272.0","0.0","1272.0","0.0","131.01600015163422","116.38036580827904","1024.6036205291748","0.0","1024.6036205291748","168.03499840819092","239.42435104701667","239.42435104701667","239.42435104701667","3.4638471556938684","24.657841376805433","3.4638471556938684","30.034346641607257","","1.2900639756494816","8.42858976038063","2.4308111030096082","","0.5637752214511952","1.9840920025047903","6.919771947151977","working_net_combined_queue","22.632391596910313","0.8055059909820557"
"2025-11-24","weekly","EH4000","Plan","90481.29342481338","398.21300275057894","18.0",,"432.0","0.0","432.0","0.0","41.904001235961914","25.356238989601138","364.7397508621216","0.0","364.7397508621216","89.36124070043445","227.2183298883548","227.2183298883548","227.2183298883548","4.795124633041324","27.876874124591687","4.795124633041323","33.70227904100035","","0.6500000000000001","10.320650611564702","3.192904221562906","","0.5253043255085386","1.8300000000000005","8.536736570024543","working_net_combined_queue","27.155595728660707","0.8443049788475037"
"2025-11-24","weekly","EH5000","Plan","390779.5484415739","1338.2861247999126","24.0",,"576.0","0.0","576.0","0.0","61.05599927902222","66.94271763828277","448.001277923584","0.0","448.001277923584","69.88820079803878","291.9999999999996","291.9999999999996","291.9999999999996","1.8817016266703366","21.582474169783307","1.8817016266703366","27.409808187431775","","1.2987207152460631","5.231193454098491","1.7741361513919385","","0.33501682256141724","2.9379531443937013","4.1190400468394825","working_net_combined_queue","16.88920579942533","0.7777799963951111"
"2025-11-25","weekly","CAT793","Plan","506273.65020586114","2112.834870252013","53.0",,"1272.0","0.0","1272.0","0.0","131.01600015163422","116.38036580827904","1024.6036205291748","0.0","1024.6036205291748","168.03499840819092","239.6181818721471","239.6181818721471","239.6181818721471","3.586966537675653","24.771649253948926","3.586966537675653","30.449630444446402","","1.287614874341191","8.688076843580797","2.4362454909265856","","0.5599057199318853","1.9893567538385528","7.068000140533464","working_net_combined_queue","23.010543035850482","0.8055059909820557"
"2025-11-25","weekly","EH4000","Plan","118939.03866888092","525.7456324229931","18.0",,"432.0","0.0","432.0","0.0","41.904001235961914","25.356238989601138","364.7397508621216","0.0","364.7397508621216","89.36124070043445","226.22924725162054","226.22924725162054","226.22924725162054","3.838776425945651","24.72796880779428","3.838776425945651","30.326358742555946","","0.6500000000000004","9.314415888624863","3.070846766898247","","0.4542828270685061","1.8300000000000003","7.594930453471474","working_net_combined_queue","25.01447593606308","0.8443049788475037"
"2025-11-25","weekly","EH5000","Plan","382122.42852783634","1308.6384538624525","24.0",,"576.0","0.0","576.0","0.0","61.05599927902222","66.94271763828277","448.001277923584","0.0","448.001277923584","69.88820079803878","292.00000000000017","292.00000000000017","292.00000000000017","1.8565638244233333","20.552136368950062","1.8565638244233338","26.025074717755757","","1.2968137190973716","5.420060837747873","1.6785605261935317","","0.24186179404838287","2.9349019505557963","4.280250130824829","working_net_combined_queue","17.027397886548073","0.7777799963951111"
"2025-11-26","weekly","CAT793","Plan","495869.552912877","2070.289211373856","53.0",,"1272.0","0.0","1272.0","0.0","131.01600015163422","116.38036580827904","1024.6036205291748","0.0","1024.6036205291748","168.03499840819092","239.51704437652705","239.51704437652705","239.51704437652705","3.9262656576506685","25.459439944545082","3.9262656576506685","31.08345382059996","","1.2702590748259608","9.25298985257193","2.3540685507342807","","0.4547506695370934","1.9823292390419651","7.578821221691802","working_net_combined_queue","23.929098708833514","0.8055059909820557"
"2025-11-26","weekly","EH4000","Plan","135492.53281195575","596.6802524121075","18.0",,"432.0","0.0","432.0","0.0","41.904001235961914","25.356238989601138","364.7397508621216","0.0","364.7397508621216","89.36124070043445","227.07728681185765","227.07728681185765","227.07728681185765","3.6695520946615705","24.72490428083998","3.6695520946615705","31.162623545829902","","0.65","8.904913166855515","2.9041867949568942","","0.42537252314696067","1.83","7.065294915105349","working_net_combined_queue","23.879767400064704","0.8443049788475037"
"2025-11-26","weekly","EH5000","Plan","390970.4783968208","1338.9399945096613","24.0",,"576.0","0.0","576.0","0.0","61.05599927902222","66.94271763828277","448.001277923584","0.0","448.001277923584","69.88820079803878","291.9999999999998","291.9999999999998","291.9999999999998","1.7914244843495166","19.494417773108943","1.7914244843495166","26.327098315043404","","1.2879396434649368","5.5136537193349255","1.629415396353707","","0.31821564113845735","2.9207034295438987","4.082693344125714","working_net_combined_queue","16.943839837114986","0.7777799963951111"
"2025-11-27","weekly","CAT793","Plan","488677.5614344401","2045.4115206319148","53.0",,"1272.0","0.0","1272.0","0.0","131.01600015163422","116.38036580827904","1024.6036205291748","0.0","1024.6036205291748","168.03499840819092","238.9140554383241","238.9140554383241","238.9140554383241","3.9723476203119503","25.735618985471636","3.972347620311951","31.44781309609808","","1.2636675973009563","9.261127830392036","2.2731424527055153","","0.5119971556810698","2.0066004210065125","7.578932642800826","working_net_combined_queue","23.78914453263462","0.8055059909820557"
"2025-11-27","weekly","EH4000","Plan","117828.92645280597","517.6003384701663","18.0",,"432.0","0.0","432.0","0.0","41.904001235961914","25.356238989601138","364.7397508621216","0.0","364.7397508621216","89.36124070043445","227.6446085817184","227.6446085817184","227.6446085817184","4.387757418151289","26.939914433651516","4.387757418151288","34.78252153907438","","0.6499999999999999","9.772319275083666","2.75842989713433","","0.4881714909721802","1.83","7.568900512095628","working_net_combined_queue","25.167821175285805","0.8443049788475037"
"2025-11-27","weekly","EH5000","Plan","369940.2410467202","1266.9186337216431","24.0",,"576.0","0.0","576.0","0.0","61.05599927902222","66.94271763828277","448.001277923584","0.0","448.001277923584","69.88820079803878","292.0000000000003","292.0000000000003","292.0000000000003","2.0174053744123777","19.94355828619872","2.0174053744123777","26.987733257992893","","1.2832789297902574","6.069344333027441","1.6423720599216798","","0.328614341290686","2.9132462876644127","4.485160769435619","working_net_combined_queue","17.907057497142567","0.7777799963951111"
"2025-11-28","weekly","CAT793","Plan","486075.7713221523","2027.757966675034","53.0",,"1272.0","0.0","1272.0","0.0","131.01600015163422","116.38036580827904","1024.6036205291748","0.0","1024.6036205291748","168.03499840819092","239.7109414982021","239.7109414982021","239.7109414982021","4.074803650745731","26.601935428837383","4.074803650745731","32.48954625049899","","1.2711898788815654","9.19061771647301","2.3173375602540798","","0.7437265927281059","2.01977509276219","7.525134920620471","working_net_combined_queue","24.023408869388597","0.8055059909820557"
"2025-11-28","weekly","EH4000","Plan","115678.13623764484","504.6875324803692","18.0",,"432.0","0.0","432.0","0.0","41.904001235961914","25.356238989601138","364.7397508621216","0.0","364.7397508621216","89.36124070043445","229.20743785590614","229.20743785590614","229.20743785590614","4.535672454532005","29.273576368051277","4.535672454532003","36.87060947300716","","0.65","9.296450281658444","2.913428488356643","","0.963320293954401","1.83","7.380956028707722","working_net_combined_queue","25.134155092677215","0.8443049788475037"
"2025-11-28","weekly","EH5000","Plan","367368.6585907275","1258.1118444887932","24.0",,"576.0","0.0","576.0","0.0","61.05599927902222","66.94271763828277","448.001277923584","0.0","448.001277923584","69.88820079803878","291.9999999999999","291.9999999999999","291.9999999999999","2.1826773571987044","21.477619859791503","2.1826773571987044","28.356349724884147","","1.2879821378270722","6.097539778003762","1.7312976399069675","","0.1762922070182603","2.920771420523316","4.618388569139335","working_net_combined_queue","18.032406989632562","0.7777799963951111"
"2025-11-29","weekly","CAT793","Plan","594209.4052283698","2474.6660050643486","53.0",,"1272.0","0.0","1272.0","0.0","69.95999962091446","122.60807774595737","1079.431899547577","0.0","1079.431899547577","177.02683641557837","240.11701135116152","240.11701135116152","240.11701135116152","3.3228992190160915","26.19905515014735","3.3228992190160915","31.407939003160767","","1.2136766234464642","7.609967306009667","2.383850213398538","","1.0722482590531728","1.9416035595286623","6.34788398948754","working_net_combined_queue","21.754667826636013","0.848609983921051"
"2025-11-29","weekly","EH4000","Plan","191939.05583018437","840.6125280813304","18.0",,"432.0","0.0","432.0","0.0","21.600000321865082","28.728000099778175","381.6719913482666","0.0","381.6719913482666","93.5096397002792","228.33237599762967","228.33237599762967","228.33237599762967","2.462944052351187","24.321894592599143","2.4629440523511876","30.665003061645173","","0.65","6.0758689080922945","2.8900937776503675","","1.3803567446208649","1.83","4.819065005276509","working_net_combined_queue","19.74538443564003","0.8834999799728394"
"2025-11-29","weekly","EH5000","Plan","370907.018455089","1270.229515257156","24.0",,"576.0","0.0","576.0","0.0","62.20800161361694","66.79295734027863","446.99905014038086","0.0","446.99905014038086","69.73185326063327","291.9999999999996","291.9999999999996","291.9999999999996","2.022753532496444","20.517300382155394","2.022753532496443","26.00579212237838","","1.2823687808316497","5.915262226961505","1.6285505745682232","","0.26172954243540975","2.9117900493306395","4.666853114054925","working_net_combined_queue","17.82042623996484","0.7760400176048279"
"2025-11-30","weekly","CAT793","Plan","554190.605564452","2295.60490999564","53.0",,"1272.0","0.0","1272.0","0.0","69.95999962091446","122.60807774595737","1079.431899547577","0.0","1079.431899547577","177.02683641557837","241.41375684960727","241.41375684960727","241.41375684960727","3.2574334184351956","26.26271782248656","3.257433418435195","31.72140336068337","","1.2177637028375932","7.441956557092036","2.5137126029175096","","1.1707285350096246","1.9569123609592234","6.161329083830963","working_net_combined_queue","21.847966641459823","0.848609983921051"
"2025-11-30","weekly","EH4000","Plan","135141.25116869176","590.690403610691","18.0",,"432.0","0.0","432.0","0.0","21.600000321865082","28.728000099778175","381.6719913482666","0.0","381.6719913482666","93.5096397002792","228.78524916372254","228.78524916372254","228.78524916372254","3.05066801425909","24.733789074136553","3.0506680142590894","31.445519753848437","","0.65","7.400405991451808","2.8581693418199907","","1.2310994722316686","1.8299999999999994","5.820863585285282","working_net_combined_queue","21.890538390788763","0.8834999799728394"
"2025-11-30","weekly","EH5000","Plan","357424.91767961613","1224.057937258961","24.0",,"576.0","0.0","576.0","0.0","62.20800161361694","66.79295734027863","446.99905014038086","0.0","446.99905014038086","69.73185326063327","291.9999999999996","291.9999999999996","291.9999999999996","1.9494223963833395","20.022622236733415","1.949422396383338","25.359746940946543","","1.2879816983226955","5.841659618809382","1.6097713688174211","","0.2963192100998725","2.9207707173163135","4.612244122757582","working_net_combined_queue","17.722088758624956","0.7760400176048279"
"2025-12-01","weekly","CAT793","Plan","580246.1798667582","2406.8655091651963","53.0",,"1272.0","0.0","1272.0","0.0","69.95999962091446","122.60807774595737","1079.431899547577","0.0","1079.431899547577","177.02683641557837","241.07960235302568","241.07960235302568","241.07960235302568","3.152618732224269","25.733586122011502","3.1526187322242687","30.805938751179664","","1.2079791146237988","7.350593230053489","2.5329652594767107","","1.2293029754609255","1.9469242783909342","6.140281114666978","working_net_combined_queue","21.716864304770645","0.848609983921051"
"2025-12-01","weekly","EH4000","Plan","150856.1466038825","660.0176464024481","18.0",,"432.0","0.0","432.0","0.0","21.600000321865082","28.728000099778175","381.6719913482666","0.0","381.6719913482666","93.5096397002792","228.56380799233574","228.56380799233574","228.56380799233574","3.023431915312292","25.573688003787357","3.023431915312293","33.143297105763025","","0.65","7.093459296597037","2.9031187201135693","","1.226542976844825","1.8299999999999998","5.473381671710457","working_net_combined_queue","21.27650266526588","0.8834999799728394"
"2025-12-01","weekly","EH5000","Plan","379457.1178559447","1299.5106775888469","24.0",,"576.0","0.0","576.0","0.0","62.20800161361694","66.79295734027863","446.99905014038086","0.0","446.99905014038086","69.73185326063327","292.00000000000114","292.00000000000114","292.00000000000114","1.9143040329522827","19.84476022732835","1.9143040329522827","26.69278014276952","","1.288122201492228","5.787837225615098","1.6447649259014285","","0.306751489667574","2.9209955223875665","4.302970367372898","working_net_combined_queue","17.41888833564328","0.7760400176048279"
"2025-12-02","weekly","CAT793","Plan","600902.746856365","2497.2598160137936","53.0",,"1272.0","0.0","1272.0","0.0","69.95999962091446","122.60807774595737","1079.431899547577","0.0","1079.431899547577","177.02683641557837","240.62484127724656","240.62484127724656","240.62484127724656","3.0495131417163974","25.293010705547474","3.0495131417163974","30.484827072822895","","1.2099335308832575","7.234045429904206","2.5192319761477506","","1.2108361403429035","1.941559978859137","6.0020280930542524","working_net_combined_queue","21.41812879899919","0.848609983921051"
"2025-12-02","weekly","EH4000","Plan","148144.13583530768","646.3201842082457","18.0",,"432.0","0.0","432.0","0.0","21.600000321865082","28.728000099778175","381.6719913482666","0.0","381.6719913482666","93.5096397002792","229.21168092063692","229.21168092063692","229.21168092063692","4.1506900349310225","29.338039984987926","4.1506900349310225","36.490877503219124","","0.6499999999999998","8.488685754852543","2.937061098352886","","1.2206629951586758","1.8299999999999998","6.824757833622708","working_net_combined_queue","24.051167681986808","0.8834999799728394"
"2025-12-02","weekly","EH5000","Plan","378198.2764785276","1295.1995769812593","24.0",,"576.0","0.0","576.0","0.0","62.20800161361694","66.79295734027863","446.99905014038086","0.0","446.99905014038086","69.73185326063327","291.9999999999999","291.9999999999999","291.9999999999999","1.931392617855305","19.98196861817784","1.931392617855305","26.701807270164938","","1.287720309301789","5.799406419140184","1.6823545104438251","","0.2824502812384227","2.9203524948828634","4.339914369796231","working_net_combined_queue","17.476867493118668","0.7760400176048279"
"2025-12-03","weekly","CAT793","Plan","592365.4326029391","2458.69970344773","53.0",,"1272.0","0.0","1272.0","0.0","69.95999962091446","122.60807774595737","1079.431899547577","0.0","1079.431899547577","177.02683641557837","240.92630416487637","240.92630416487637","240.92630416487637","3.0445988559265817","24.887480448033934","3.0445988559265817","29.767172613913637","","1.2127190498080536","7.340073324699526","2.4635143682377003","","1.251086610132682","1.959609457048866","6.13682507656805","working_net_combined_queue","21.551616171910013","0.848609983921051"
"2025-12-03","weekly","EH4000","Plan","150688.05314091695","657.1688023412418","18.0",,"432.0","0.0","432.0","0.0","21.600000321865082","28.728000099778175","381.6719913482666","0.0","381.6719913482666","93.5096397002792","229.2988538166646","229.2988538166646","229.2988538166646","2.9895713781914015","25.671840976394854","2.9895713781914015","31.627698797451956","","0.6500000000000001","6.987199821641851","2.9701342058269904","","1.3184347021976206","1.8299999999999998","5.6714300917123674","working_net_combined_queue","21.527198821378825","0.8834999799728394"
"2025-12-03","weekly","EH5000","Plan","377882.30808824935","1294.1174934529104","24.0",,"576.0","0.0","576.0","0.0","62.20800161361694","66.79295734027863","446.99905014038086","0.0","446.99905014038086","69.73185326063327","291.99999999999966","291.99999999999966","291.99999999999966","1.9259950906728038","20.2102828105438","1.9259950906728038","26.876620133920486","","1.2881657030859535","5.717866816790916","1.7264982148864776","","0.25890855372102384","2.921065124937526","4.2996368168526695","working_net_combined_queue","17.49148087303185","0.7760400176048279"
"2025-12-04","weekly","CAT793","Plan","597795.4402492356","2483.532125335403","53.0",,"1272.0","0.0","1272.0","0.0","69.95999962091446","122.60807774595737","1079.431899547577","0.0","1079.431899547577","177.02683641557837","240.70372762683826","240.70372762683826","240.70372762683826","3.0918165902711046","25.14378700955879","3.0918165902711046","30.27852198115618","","1.2167814834415842","7.37792582102856","2.437092318201732","","1.2185379919612909","1.9637896423819192","6.126752010277043","working_net_combined_queue","21.509820842071708","0.848609983921051"
"2025-12-04","weekly","EH4000","Plan","180583.72136576386","785.5187362082972","18.0",,"432.0","0.0","432.0","0.0","21.600000321865082","28.728000099778175","381.6719913482666","0.0","381.6719913482666","93.5096397002792","229.8910427489513","229.8910427489513","229.8910427489513","2.351645469348709","23.118076356229096","2.351645469348709","28.244190728052384","","0.6500000000000002","6.10339398428814","2.985478107554945","","1.526637359776333","1.83","4.995672544470605","working_net_combined_queue","20.191181996090023","0.8834999799728394"
"2025-12-04","weekly","EH5000","Plan","340478.74471672694","1166.0230983449571","24.0",,"576.0","0.0","576.0","0.0","62.20800161361694","66.79295734027863","446.99905014038086","0.0","446.99905014038086","69.73185326063327","291.99999999999955","291.99999999999955","291.99999999999955","2.4788075157676217","21.72876280053678","2.4788075157676213","28.408974873955874","","1.2716731505136742","6.8447730922988015","1.6165397179236403","","0.4408410805224456","2.894677040821879","5.23526285640124","working_net_combined_queue","19.413021419524103","0.7760400176048279"
"2025-12-05","weekly","CAT793","Plan","571335.6405288769","2385.0761361685427","53.0",,"1272.0","0.0","1272.0","0.0","69.95999962091446","122.60807774595737","1079.431899547577","0.0","1079.431899547577","177.02683641557837","239.54608067425784","239.54608067425784","239.54608067425784","3.0916972943965013","24.43549628928435","3.0916972943965004","29.073229834196884","","1.2301772441990235","7.591490488578202","2.43135909306169","","1.2695322282481416","1.9775536881430238","6.380503257522379","working_net_combined_queue","21.98152505006028","0.848609983921051"
"2025-12-05","weekly","EH4000","Plan","133863.2978931951","583.8594742033727","18.0",,"432.0","0.0","432.0","0.0","21.600000321865082","28.728000099778175","381.6719913482666","0.0","381.6719913482666","93.5096397002792","229.27314500777837","229.27314500777837","229.27314500777837","2.972387704572656","26.540619690739966","2.972387704572656","32.11251010808628","","0.6500000000000001","6.71963444533224","3.1720933284011164","","1.55853418759308","1.83","5.5537004635913085","working_net_combined_queue","21.583962424917733","0.8834999799728394"
"2025-12-05","weekly","EH5000","Plan","342430.1948525299","1172.7061467552378","24.0",,"576.0","0.0","576.0","0.0","62.20800161361694","66.79295734027863","446.99905014038086","0.0","446.99905014038086","69.73185326063327","292.0000000000004","292.0000000000004","292.0000000000004","2.042274610831391","21.612756341735608","2.042274610831391","26.83405126360738","","1.2896182478748768","5.669636704933269","1.5543851306942713","","0.34169780715299053","2.9233891965998047","4.566454593312518","working_net_combined_queue","17.425517282265062","0.7760400176048279"
"2025-12-06","weekly","CAT793","Plan","471192.40464901726","1967.7272384150924","53.0",,"1272.0","0.0","1272.0","0.0","104.30400288105011","120.27268784245204","1047.4232811927795","0.0","1047.4232811927795","283.9110001924066","239.46022367842994","239.46022367842994","239.46022367842994","3.1451459894078373","25.089527213897608","3.1451459894078373","29.718632778100766","","1.3200000000000003","7.521415519537592","2.4295736637014835","","1.326661585342366","2.07","6.349846602079454","working_net_combined_queue","23.2674973706609","0.8234459757804871"
"2025-12-06","weekly","EH4000","Plan","162756.11898810207","715.1132421235461","18.0",,"432.0","0.0","432.0","0.0","22.031999588012695","26.647919049339293","383.3200693130493","0.0","383.3200693130493","98.89657267350103","227.59488903434905","227.59488903434905","227.59488903434905","3.8003961588249786","28.659604868807445","3.8003961588249786","35.09189844962596","","0.6500000000000001","7.95627750533558","2.992184129716662","","1.6614033969683852","1.83","6.497903493503618","working_net_combined_queue","23.68776852552422","0.8873149752616882"
"2025-12-06","weekly","EH5000","Plan","284337.77365999366","973.7594988355928","24.0",,"576.0","0.0","576.0","0.0","67.39199924468994","63.57600009441376","445.0320167541504","0.0","445.0320167541504","81.552118210815","292.00000000000057","292.00000000000057","292.00000000000057","2.267347253090153","22.250078276862155","2.267347253090153","28.409901266152698","","1.345167768538412","6.114173329757585","1.4558056495384404","","0.20003007329374228","3.01226842966146","4.788500808606717","working_net_combined_queue","18.85849622302136","0.7726250290870667"
"2025-12-07","weekly","CAT793","Plan","469709.2804915353","1966.988006322149","53.0",,"1272.0","0.0","1272.0","0.0","104.30400288105011","120.27268784245204","1047.4232811927795","0.0","1047.4232811927795","283.9110001924066","238.79620972869694","238.79620972869694","238.79620972869694","2.9648277665105556","25.11477696893484","2.9648277665105547","29.90777180003718","","1.3200000000000003","7.083067717888555","2.3928087105622673","","1.254096902957841","2.0700000000000003","5.947941129817371","working_net_combined_queue","22.317914461226028","0.8234459757804871"
"2025-12-07","weekly","EH4000","Plan","164327.34100149124","723.4702762355121","18.0",,"432.0","0.0","432.0","0.0","22.031999588012695","26.647919049339293","383.3200693130493","0.0","383.3200693130493","98.89657267350103","227.13765361107605","227.13765361107605","227.13765361107605","3.4232433530593465","28.22207121396375","3.4232433530593465","35.27524096493749","","0.6499999999999999","7.277800400487099","3.15604658367981","","1.7009865835995637","1.8300000000000003","5.822627870571224","working_net_combined_queue","22.537461438337704","0.8873149752616882"
"2025-12-07","weekly","EH5000","Plan","316684.32092173176","1084.5353456223681","24.0",,"576.0","0.0","576.0","0.0","67.39199924468994","63.57600009441376","445.0320167541504","0.0","445.0320167541504","81.552118210815","292.0000000000002","292.0000000000002","292.0000000000002","2.0066942771196246","20.96955522750136","2.0066942771196246","27.25891853613027","","1.329310265362113","5.7417363087068205","1.6345045134661522","","0.2808974715736225","2.9868964245793808","4.416963808288703","working_net_combined_queue","18.32005164728762","0.7726250290870667"
"2025-12-08","weekly","CAT793","Plan","504827.18038761773","2110.181483238767","53.0",,"1272.0","0.0","1272.0","0.0","104.30400288105011","120.27268784245204","1047.4232811927795","0.0","1047.4232811927795","283.9110001924066","239.23401110163968","239.23401110163968","239.23401110163968","2.7853047735628897","24.718740260168524","2.785304773562888","29.192145914426654","","1.3199999999999996","6.760793011894128","2.3673692202884724","","1.2164521282134368","2.069999999999999","5.72476880951681","working_net_combined_queue","21.70938316991284","0.8234459757804871"
"2025-12-08","weekly","EH4000","Plan","174920.07509794016","774.322957553187","18.0",,"432.0","0.0","432.0","0.0","22.031999588012695","26.647919049339293","383.3200693130493","0.0","383.3200693130493","98.89657267350103","225.9006702457549","225.9006702457549","225.9006702457549","3.2714096549740237","28.291203210077803","3.2714096549740224","34.59802513966441","","0.65","6.938007473238945","3.161608220150287","","1.6817307248586881","1.8300000000000003","5.673288533264106","working_net_combined_queue","22.03463495151203","0.8873149752616882"
"2025-12-08","weekly","EH5000","Plan","305994.9453321905","1047.9278949732554","24.0",,"576.0","0.0","576.0","0.0","67.39199924468994","63.57600009441376","445.0320167541504","0.0","445.0320167541504","81.552118210815","291.9999999999999","291.9999999999999","291.9999999999999","2.1992186529335442","20.338460441128262","2.1992186529335442","27.43749498546693","","1.3230989021240902","6.487861731617511","1.7629000751152006","","0.30382755521948496","2.976958243398545","4.809226179208615","working_net_combined_queue","19.567949920471303","0.7726250290870667"
"2025-12-09","weekly","CAT793","Plan","473493.4712950719","1974.145143447405","53.0",,"1272.0","0.0","1272.0","0.0","104.30400288105011","120.27268784245204","1047.4232811927795","0.0","1047.4232811927795","283.9110001924066","239.84734499724826","239.84734499724826","239.84734499724826","3.1759267659644617","25.318968265007186","3.1759267659644617","30.254199385738687","","1.3200000000000003","7.52619948662089","2.4401486932671492","","1.2912172014778223","2.0699999999999994","6.298484502210703","working_net_combined_queue","23.196049883576556","0.8234459757804871"
"2025-12-09","weekly","EH4000","Plan","164784.2145973975","723.7119494368405","18.0",,"432.0","0.0","432.0","0.0","22.031999588012695","26.647919049339293","383.3200693130493","0.0","383.3200693130493","98.89657267350103","227.6930963011251","227.6930963011251","227.6930963011251","3.773245059610017","29.357121410773797","3.773245059610017","35.86771221441361","","0.6500000000000001","7.711747361357991","3.185844762872122","","1.7803305764325084","1.83","6.311935989204889","working_net_combined_queue","23.56985868986752","0.8873149752616882"
"2025-12-09","weekly","EH5000","Plan","323982.3426590835","1109.5285707502856","24.0",,"576.0","0.0","576.0","0.0","67.39199924468994","63.57600009441376","445.0320167541504","0.0","445.0320167541504","81.552118210815","292.0000000000001","292.0000000000001","292.0000000000001","2.1105036859301807","20.202723329528325","2.1105036859301807","26.777699041271624","","1.3228707490551066","6.2679777914261665","1.7508175772392993","","0.2971815741084675","2.9765931984881706","4.728943325587448","working_net_combined_queue","19.253366076146218","0.7726250290870667"
"2025-12-10","weekly","CAT793","Plan","428506.54824180185","1778.8682008951198","53.0",,"1272.0","0.0","1272.0","0.0","104.30400288105011","120.27268784245204","1047.4232811927795","0.0","1047.4232811927795","283.9110001924066","240.88718210049456","240.88718210049456","240.88718210049456","3.7718675322092157","25.255964690832183","3.7718675322092157","30.441197284257466","","1.3199999999999998","8.960736788434906","2.3719438039574676","","1.339917818739507","2.0699999999999994","7.434400487578366","working_net_combined_queue","25.746998898710235","0.8234459757804871"
"2025-12-10","weekly","EH4000","Plan","206531.56881882233","905.3903175515296","18.0",,"432.0","0.0","432.0","0.0","22.031999588012695","26.647919049339293","383.3200693130493","0.0","383.3200693130493","98.89657267350103","228.11329524414506","228.11329524414506","228.11329524414506","2.182560690202249","24.798724958313574","2.1825606902022487","30.817309666318522","","0.6499999999999999","5.280660261052405","3.1202212493812995","","1.5458744326847422","1.829999999999999","4.249353458496717","working_net_combined_queue","18.776109401615166","0.8873149752616882"
"2025-12-10","weekly","EH5000","Plan","344401.91594869434","1179.458616262652","24.0",,"576.0","0.0","576.0","0.0","67.39199924468994","63.57600009441376","445.0320167541504","0.0","445.0320167541504","81.552118210815","292.0","292.0","292.0","1.9242876843805736","20.379585023541342","1.9242876843805736","26.37994080976473","","1.292312152318092","5.665339158253945","1.6850309921305706","","0.3928899179217629","2.927699443708948","4.376706600497642","working_net_combined_queue","18.257234354427656","0.7726250290870667"
"2025-12-11","weekly","CAT793","Plan","413743.75346765446","1712.787633406924","53.0",,"1272.0","0.0","1272.0","0.0","104.30400288105011","120.27268784245204","1047.4232811927795","0.0","1047.4232811927795","283.9110001924066","241.56161884744134","241.56161884744134","241.56161884744134","4.114504723183033","26.082334186291305","4.114504723183033","31.467629923925273","","1.3200000000000007","9.465037968907525","2.415565004392257","","1.375236955481685","2.07","7.845213763724959","working_net_combined_queue","26.741053692506423","0.8234459757804871"
"2025-12-11","weekly","EH4000","Plan","201439.76606117233","883.4452716532321","18.0",,"432.0","0.0","432.0","0.0","22.031999588012695","26.647919049339293","383.3200693130493","0.0","383.3200693130493","98.89657267350103","228.01612338046561","228.01612338046561","228.01612338046561","2.5026487970654423","26.7051022721724","2.5026487970654414","33.10927581434656","","0.65","5.622855373985858","3.1072774775471963","","1.4661161772994724","1.8300000000000003","4.535252557800169","working_net_combined_queue","19.3115015866327","0.8873149752616882"
"2025-12-11","weekly","EH5000","Plan","355312.98919855803","1216.8253054745132","24.0",,"576.0","0.0","576.0","0.0","67.39199924468994","63.57600009441376","445.0320167541504","0.0","445.0320167541504","81.552118210815","292.0000000000001","292.0000000000001","292.0000000000001","1.897470932639571","20.821110817850034","1.897470932639571","26.71763822060911","","1.2879755130987753","5.467924211842321","1.6683873370187279","","0.33188119165272384","2.9207608209580407","4.261164666514402","working_net_combined_queue","17.86139903260166","0.7726250290870667"
"2025-12-12","weekly","CAT793","Plan","425122.3720656379","1760.2159245842622","53.0",,"1272.0","0.0","1272.0","0.0","104.30400288105011","120.27268784245204","1047.4232811927795","0.0","1047.4232811927795","283.9110001924066","241.51717191517042","241.51717191517042","241.51717191517042","3.8980735140826828","25.80591375615807","3.8980735140826823","31.031926394683197","","1.3200000000000007","9.063209815197848","2.389501818838203","","1.329394353737336","2.069999999999999","7.536896287722348","working_net_combined_queue","25.959002275495713","0.8234459757804871"
"2025-12-12","weekly","EH4000","Plan","203541.69033090977","889.4825930836234","18.0",,"432.0","0.0","432.0","0.0","22.031999588012695","26.647919049339293","383.3200693130493","0.0","383.3200693130493","98.89657267350103","228.83156108235846","228.83156108235846","228.83156108235846","2.269874722025627","24.688083476159147","2.269874722025626","31.01779562803486","","0.6500000000000001","5.516527172028414","3.0971855731484372","","1.5374013219625262","1.8299999999999998","4.3907853722023535","working_net_combined_queue","19.121899439341743","0.8873149752616882"
"2025-12-12","weekly","EH5000","Plan","365073.8181934063","1250.2528020322131","24.0",,"576.0","0.0","576.0","0.0","67.39199924468994","63.57600009441376","445.0320167541504","0.0","445.0320167541504","81.552118210815","292.00000000000006","292.00000000000006","292.00000000000006","1.8500662539199222","21.388327283010085","1.8500662539199222","27.175529730600054","","1.29151662487922","5.189932516292279","1.6749156797812632","","0.3455727440345591","2.926426599806753","4.0847032729670465","working_net_combined_queue","17.435248133156303","0.7726250290870667"
"2025-12-13","weekly","CAT793","Plan","425507.9991177394","1771.2988350965625","53.0",,"1272.0","0.0","1272.0","0.0","119.56799590587616","118.70049655907536","1033.731469631195","0.0","1033.731469631195","296.23233411588944","240.22372209968896","240.22372209968896","240.22372209968896","3.590350624075482","25.575605168656057","3.590350624075482","30.04749835837703","","1.3200000000000014","8.422910661310025","2.4474697426414047","","1.301909390042825","2.0700000000000003","7.169350169361805","working_net_combined_queue","24.98163996335607","0.8126819729804993"
"2025-12-13","weekly","EH4000","Plan","194232.26073827848","850.9290916677702","18.0",,"432.0","0.0","432.0","0.0","45.35999858379364","25.131599170231816","361.5084056854248","0.0","361.5084056854248","93.26916375399134","228.25904372078153","228.25904372078153","228.25904372078153","2.3924658970448","26.33592861196733","2.3924658970448","33.133956549088495","","0.6499999999999997","5.4506509315740725","2.980606543946654","","1.5519340837478095","1.829999999999999","4.332351725337098","working_net_combined_queue","18.89554328460566","0.8368250131607056"
"2025-12-13","weekly","EH5000","Plan","343481.9780998805","1176.3081441776733","24.0",,"576.0","0.0","576.0","0.0","40.89600133895874","85.61663787208558","449.4873504638672","0.0","449.4873504638672","80.53315163101956","291.99999999999994","291.99999999999994","291.99999999999994","2.064066600471074","20.32133422648431","2.0640666004710737","27.25345110843244","","1.3365087522360346","6.094284688593996","1.6228869995896213","","0.29819264630845305","2.998414003577655","4.544158298907916","working_net_combined_queue","18.819263122539944","0.7803599834442139"
"2025-12-14","weekly","CAT793","Plan","371713.8922179619","1547.0368812271333","53.0",,"1272.0","0.0","1272.0","0.0","119.56799590587616","118.70049655907536","1033.731469631195","0.0","1033.731469631195","296.23233411588944","240.27474504881405","240.27474504881405","240.27474504881405","4.204786624624599","26.1451225246401","4.204786624624599","30.81592559752755","","1.3199999999999996","9.649493791421762","2.474038798973244","","1.4607994904621169","2.07","8.186909612013006","working_net_combined_queue","27.411241692870117","0.8126819729804993"
"2025-12-14","weekly","EH4000","Plan","179650.28665747796","784.6502793605515","18.0",,"432.0","0.0","432.0","0.0","45.35999858379364","25.131599170231816","361.5084056854248","0.0","361.5084056854248","93.26916375399134","228.9558691088257","228.9558691088257","228.9558691088257","2.4284605390329386","25.711567539543182","2.4284605390329377","32.049990242331084","","0.6500000000000002","5.667006965556839","3.1703639026573085","","1.6236012602926095","1.8300000000000003","4.546261363584694","working_net_combined_queue","19.587233492091475","0.8368250131607056"
"2025-12-14","weekly","EH5000","Plan","328440.08072905615","1124.794797017314","24.0",,"576.0","0.0","576.0","0.0","40.89600133895874","85.61663787208558","449.4873504638672","0.0","449.4873504638672","80.53315163101956","292.0000000000004","292.0000000000004","292.0000000000004","2.127156448771679","21.454437351001644","2.127156448771679","27.896611951997887","","1.3349273531546304","5.948857331387538","1.690597085745228","","0.23301521423767782","2.99588376504741","4.5750855747613555","working_net_combined_queue","18.704913631263477","0.7803599834442139"
"2025-12-15","weekly","CAT793","Plan","431892.5469132823","1794.7323406357848","53.0",,"1272.0","0.0","1272.0","0.0","119.56799590587616","118.70049655907536","1033.731469631195","0.0","1033.731469631195","296.23233411588944","240.64454466802786","240.64454466802786","240.64454466802786","3.5217513699045284","25.63814831802788","3.521751369904528","30.45905201207247","","1.3200000000000003","8.241823066671671","2.401980268540192","","1.3586326976476866","2.07","6.93734926847102","working_net_combined_queue","24.579785301330567","0.8126819729804993"
"2025-12-15","weekly","EH4000","Plan","186737.07568557665","816.4994068556022","18.0",,"432.0","0.0","432.0","0.0","45.35999858379364","25.131599170231816","361.5084056854248","0.0","361.5084056854248","93.26916375399134","228.70448418905107","228.70448418905107","228.70448418905107","2.2025357590894052","24.038657759427753","2.2025357590894052","29.69742921226189","","0.6499999999999999","5.49748437986457","3.208375880797239","","1.608712946205412","1.8299999999999998","4.449952371325107","working_net_combined_queue","19.344525578192318","0.8368250131607056"
"2025-12-15","weekly","EH5000","Plan","315540.82013148046","1080.6192470256174","24.0",,"576.0","0.0","576.0","0.0","40.89600133895874","85.61663787208558","449.4873504638672","0.0","449.4873504638672","80.53315163101956","292.00000000000017","292.00000000000017","292.00000000000017","2.2471967695500035","20.684761299612866","2.2471967695500035","28.268797960824056","","1.3402233941188169","6.518412478635841","1.7496737062491974","","0.3355821599819282","3.0043574305901077","4.769633514656516","working_net_combined_queue","19.61033263467449","0.7803599834442139"
"2025-12-16","weekly","CAT793","Plan","448858.20588150533","1858.8984186813927","53.0",,"1272.0","0.0","1272.0","0.0","119.56799590587616","118.70049655907536","1033.731469631195","0.0","1033.731469631195","296.23233411588944","241.46462301038608","241.46462301038608","241.46462301038608","3.4238784325552274","26.355922267908003","3.4238784325552274","31.397199758132007","","1.32","7.794555768722103","2.507800567078039","","1.3145576158497407","2.0699999999999985","6.543026369735591","working_net_combined_queue","23.799940321385492","0.8126819729804993"
"2025-12-16","weekly","EH4000","Plan","169846.76062381087","739.0125979636915","18.0",,"432.0","0.0","432.0","0.0","45.35999858379364","25.131599170231816","361.5084056854248","0.0","361.5084056854248","93.26916375399134","229.8293169721521","229.8293169721521","229.8293169721521","2.732379697735725","26.565694149475657","2.732379697735725","32.34864461779006","","0.65","6.171221461095506","3.2098134609214832","","1.7417832114583245","1.8300000000000003","5.0679953921155505","working_net_combined_queue","20.770813525590853","0.8368250131607056"
"2025-12-16","weekly","EH5000","Plan","302005.7813820663","1034.2663745961163","24.0",,"576.0","0.0","576.0","0.0","40.89600133895874","85.61663787208558","449.4873504638672","0.0","449.4873504638672","80.53315163101956","292.00000000000034","292.00000000000034","292.00000000000034","2.3007402538715467","20.683641385874505","2.3007402538715467","28.209789166725358","","1.3520115271651674","6.67408666863503","1.7029848066564726","","0.40516478798146593","3.023218443464269","4.8934933336943205","working_net_combined_queue","19.94378643100815","0.7803599834442139"
"2025-12-17","weekly","CAT793","Plan","476616.56543346617","1977.9760785995109","53.0",,"1272.0","0.0","1272.0","0.0","119.56799590587616","118.70049655907536","1033.731469631195","0.0","1033.731469631195","296.23233411588944","240.96174397161084","240.96174397161084","240.96174397161084","2.9892481287626356","25.141765668042765","2.989248128762636","30.5096157424963","","1.3199999999999996","7.133742716953758","2.467666117482837","","1.2326491559827715","2.07","5.878634763529255","working_net_combined_queue","22.352692753948624","0.8126819729804993"
"2025-12-17","weekly","EH4000","Plan","171662.8085640998","746.926178994112","18.0",,"432.0","0.0","432.0","0.0","45.35999858379364","25.131599170231816","361.5084056854248","0.0","361.5084056854248","93.26916375399134","229.8256687096959","229.8256687096959","229.8256687096959","2.9750089662676276","27.290203427548096","2.9750089662676276","33.1599956497156","","0.65","6.540828413022026","3.2229020188490236","","1.7321825496010188","1.83","5.383008485937138","working_net_combined_queue","21.458921467409215","0.8368250131607056"
"2025-12-17","weekly","EH5000","Plan","310009.5832545521","1061.6766549813444","24.0",,"576.0","0.0","576.0","0.0","40.89600133895874","85.61663787208558","449.4873504638672","0.0","449.4873504638672","80.53315163101956","291.99999999999955","291.99999999999955","291.99999999999955","2.222100269110514","20.775379559673066","2.222100269110514","27.88961403781294","","1.3523438392571028","6.417500857862977","1.7296534744196985","","0.37101644155894714","3.0237501428113647","4.780489825562537","working_net_combined_queue","19.56678531542297","0.7803599834442139"
"2025-12-18","weekly","CAT793","Plan","461080.46777695545","1907.2717698916451","53.0",,"1272.0","0.0","1272.0","0.0","119.56799590587616","118.70049655907536","1033.731469631195","0.0","1033.731469631195","296.23233411588944","241.74869835311938","241.74869835311938","241.74869835311938","3.129180208448837","24.829079794270207","3.129180208448838","29.9058629941719","","1.3200000000000003","7.561730602285849","2.509573904794093","","1.211287758706183","2.07","6.278060343669716","working_net_combined_queue","23.200652609455844","0.8126819729804993"
"2025-12-18","weekly","EH4000","Plan","173826.550883915","757.1520505684902","18.0",,"432.0","0.0","432.0","0.0","45.35999858379364","25.131599170231816","361.5084056854248","0.0","361.5084056854248","93.26916375399134","229.57944940306422","229.57944940306422","229.57944940306422","2.8145730481252964","26.3292060186814","2.8145730481252964","31.855488495859646","","0.6500000000000004","6.413956530542398","3.2244815439395342","","1.7367328471211463","1.8300000000000003","5.301264895356004","working_net_combined_queue","21.256435816959083","0.8368250131607056"
"2025-12-18","weekly","EH5000","Plan","309477.2060828729","1059.8534454892897","24.0",,"576.0","0.0","576.0","0.0","40.89600133895874","85.61663787208558","449.4873504638672","0.0","449.4873504638672","80.53315163101956","292.0000000000003","292.0000000000003","292.0000000000003","2.6860579292722986","22.983436750364543","2.6860579292722986","28.89764528970074","","1.3387614869903515","7.012157385634752","1.532387530935245","","0.4003614616392111","3.0020183791845643","5.577045262361821","working_net_combined_queue","20.794541669637663","0.7803599834442139"
"2025-12-19","weekly","CAT793","Plan","491703.6156092756","2040.9504763833713","53.0",,"1272.0","0.0","1272.0","0.0","119.56799590587616","118.70049655907536","1033.731469631195","0.0","1033.731469631195","296.23233411588944","240.9189352210985","240.9189352210985","240.9189352210985","2.7836532405582486","24.5280763368568","2.7836532405582486","29.468029228152986","","1.3200000000000007","6.809306695712035","2.4179051544261596","","1.1460282398826498","2.070000000000001","5.667810125352025","working_net_combined_queue","21.681050215372867","0.8126819729804993"
"2025-12-19","weekly","EH4000","Plan","188970.94710689044","826.2564714678438","18.0",,"432.0","0.0","432.0","0.0","45.35999858379364","25.131599170231816","361.5084056854248","0.0","361.5084056854248","93.26916375399134","228.70737311283474","228.70737311283474","228.70737311283474","2.317892760298365","25.190115333123867","2.3178927602983657","30.541407923522804","","0.6499999999999998","5.520957874894143","3.1921934264511993","","1.6318837566648394","1.8299999999999998","4.553606892195312","working_net_combined_queue","19.478641950205496","0.8368250131607056"
"2025-12-19","weekly","EH5000","Plan","363243.23815851705","1243.9836923236903","24.0",,"576.0","0.0","576.0","0.0","40.89600133895874","85.61663787208558","449.4873504638672","0.0","449.4873504638672","80.53315163101956","291.9999999999996","291.9999999999996","291.9999999999996","1.8526726931993742","21.13435197955674","1.8526726931993742","27.09561755018901","","1.346224338262863","5.259700496115891","1.5930719354672223","","0.26167097321296784","3.01395894122058","4.10252179659906","working_net_combined_queue","17.503691447180763","0.7803599834442139"
"2025-12-20","weekly","CAT793","Plan","456922.8854017378","1894.7247022590773","53.0",,"1272.0","0.0","1272.0","0.0","75.04800045490265","147.2251000106492","1049.7269082069397","0.0","1049.7269082069397","284.5354135135576","241.1552901890968","241.1552901890968","241.1552901890968","3.606147822604208","26.63342853751406","3.6061478226042074","31.487274683596805","","1.3200000000000003","8.123958545235354","2.480111799727655","","1.1031651522321992","2.07","6.871628984421733","working_net_combined_queue","24.218864481616954","0.8252570033073425"
"2025-12-20","weekly","EH4000","Plan","186140.84496044746","814.9503891494854","18.0",,"432.0","0.0","432.0","0.0","55.29600262641907","24.485758931150443","352.21824645996094","0.0","352.21824645996094","90.87230280007361","228.4075784719993","228.4075784719993","228.4075784719993","2.382130240998075","26.76154266496955","2.382130240998075","32.244746119038915","","0.6500000000000001","5.340791308229582","3.094728801139146","","1.5979429163685503","1.8300000000000003","4.432592334026558","working_net_combined_queue","19.04605535976383","0.8153200149536133"
"2025-12-20","weekly","EH5000","Plan","327261.9507648757","1120.7601053591652","24.0",,"576.0","0.0","576.0","0.0","81.21600151062012","79.16543798881531","415.6185607910156","0.0","415.6185607910156","79.55632022982468","291.9999999999995","291.9999999999995","291.9999999999995","1.8337718128733174","19.45570191308026","1.8337718128733163","26.183692294796437","","1.2398538233681689","5.65522175781421","1.748635047963928","","0.39161362392900767","2.84376611738907","4.202092949062988","working_net_combined_queue","17.991124363195187","0.721560001373291"
"2025-12-21","weekly","CAT793","Plan","481868.6297860444","1998.6307071041122","53.0",,"1272.0","0.0","1272.0","0.0","75.04800045490265","147.2251000106492","1049.7269082069397","0.0","1049.7269082069397","284.5354135135576","241.0993827290091","241.0993827290091","241.0993827290091","2.905144654880274","25.973881341351404","2.9051446548802744","30.636847639411833","","1.3199999999999998","6.71092152158678","2.4486015420813554","","1.1163740609036739","2.07","5.689510923068417","working_net_combined_queue","21.605408047640235","0.8252570033073425"
"2025-12-21","weekly","EH4000","Plan","153432.74910273057","669.413070772169","18.0",,"432.0","0.0","432.0","0.0","55.29600262641907","24.485758931150443","352.21824645996094","0.0","352.21824645996094","90.87230280007361","229.20488977866185","229.20488977866185","229.20488977866185","2.9129272121496577","25.675245251349928","2.912927212149657","31.771228805380943","","0.6500000000000002","6.8071650735172735","3.0626870012178573","","1.4584450683703116","1.83","5.501066194184422","working_net_combined_queue","21.409363337289868","0.8153200149536133"
"2025-12-21","weekly","EH5000","Plan","334460.3202354948","1145.4120556010093","24.0",,"576.0","0.0","576.0","0.0","81.21600151062012","79.16543798881531","415.6185607910156","0.0","415.6185607910156","79.55632022982468","292.00000000000006","292.00000000000006","292.00000000000006","1.5535020347045145","18.745182662652052","1.5535020347045145","24.634065981186872","","1.2531828584718505","4.972484064824983","1.658057351053725","","0.41562920784844476","2.865092573554962","3.7837895763312397","working_net_combined_queue","16.870416843461324","0.721560001373291"
"2025-12-22","weekly","CAT793","Plan","511902.88559646934","2129.863239365345","53.0",,"1272.0","0.0","1272.0","0.0","75.04800045490265","147.2251000106492","1049.7269082069397","0.0","1049.7269082069397","284.5354135135576","240.34542506541675","240.34542506541675","240.34542506541675","2.8465860558794245","25.365980241811812","2.8465860558794245","30.174729915856943","","1.3200000000000005","6.733237262056863","2.353571545736949","","1.0512826954629253","2.07","5.660205205780878","working_net_combined_queue","21.438296709037633","0.8252570033073425"
"2025-12-22","weekly","EH4000","Plan","183274.26218058154","801.7764697118238","18.0",,"432.0","0.0","432.0","0.0","55.29600262641907","24.485758931150443","352.21824645996094","0.0","352.21824645996094","90.87230280007361","228.58523429410988","228.58523429410988","228.58523429410988","2.2586677528123245","24.22442966036883","2.2586677528123245","29.827193584605325","","0.65","5.594355246697523","3.086245753940974","","1.5711210984829338","1.8300000000000003","4.543507078007006","working_net_combined_queue","19.375229177128432","0.8153200149536133"
"2025-12-22","weekly","EH5000","Plan","329513.061274211","1128.4693879253819","24.0",,"576.0","0.0","576.0","0.0","81.21600151062012","79.16543798881531","415.6185607910156","0.0","415.6185607910156","79.55632022982468","291.99999999999955","291.99999999999955","291.99999999999955","1.7554323092997486","18.954866051420307","1.7554323092997486","25.162348316420772","","1.2526354706608884","5.556670159116885","1.6803144251262199","","0.4076548629984948","2.864216753057421","4.185854882600522","working_net_combined_queue","17.868215702417604","0.721560001373291"
"2025-12-23","weekly","CAT793","Plan","512901.1563791107","2134.080720694298","53.0",,"1272.0","0.0","1272.0","0.0","75.04800045490265","147.2251000106492","1049.7269082069397","0.0","1049.7269082069397","284.5354135135576","240.33821748422164","240.33821748422164","240.33821748422164","2.7121451577283855","23.731255412037772","2.7121451577283855","28.73125073655846","","1.3199999999999994","6.857147109931587","2.24597281470017","","1.0574391826593592","2.07","5.663822677118699","working_net_combined_queue","21.4643817844098","0.8252570033073425"
"2025-12-23","weekly","EH4000","Plan","193295.7528795823","845.928368996163","18.0",,"432.0","0.0","432.0","0.0","55.29600262641907","24.485758931150443","352.21824645996094","0.0","352.21824645996094","90.87230280007361","228.5013246558457","228.5013246558457","228.5013246558457","1.957598186632171","23.120542489932213","1.957598186632171","28.70611258491438","","0.6499999999999999","5.080152909434377","3.204777997140487","","1.5800282414151354","1.8300000000000003","4.091668311077956","working_net_combined_queue","18.53662745906794","0.8153200149536133"
"2025-12-23","weekly","EH5000","Plan","302614.88096387644","1036.3523320680688","24.0",,"576.0","0.0","576.0","0.0","81.21600151062012","79.16543798881531","415.6185607910156","0.0","415.6185607910156","79.55632022982468","292.00000000000034","292.00000000000034","292.00000000000034","2.1883831117881667","20.53210325528699","2.1883831117881667","27.451507123582466","","1.2660127091676514","6.395009077965729","1.703148645334485","","0.4276945285720441","2.8856203346682427","4.783088451799172","working_net_combined_queue","19.389419296291187","0.721560001373291"
"2025-12-24","weekly","CAT793","Plan","523598.1075558092","2179.3948958076653","53.0",,"1272.0","0.0","1272.0","0.0","75.04800045490265","147.2251000106492","1049.7269082069397","0.0","1049.7269082069397","284.5354135135576","240.24930431975164","240.24930431975164","240.24930431975164","2.606920054483794","23.483955331755794","2.6069200544837936","28.527505522334497","","1.3199999999999998","6.660513574453863","2.232513865848443","","1.0141734935720417","2.0699999999999994","5.482961107362452","working_net_combined_queue","21.0301620412368","0.8252570033073425"
"2025-12-24","weekly","EH4000","Plan","190152.47664758706","835.4643281605242","18.0",,"432.0","0.0","432.0","0.0","55.29600262641907","24.485758931150443","352.21824645996094","0.0","352.21824645996094","90.87230280007361","227.60095223485303","227.60095223485303","227.60095223485303","1.9671920716650895","23.98557544506501","1.967192071665089","29.38706622432208","","0.6499999999999999","4.920937776549787","3.208314674236283","","1.5727371932201506","1.8300000000000003","4.0164446290394595","working_net_combined_queue","18.298434273045675","0.8153200149536133"
"2025-12-24","weekly","EH5000","Plan","204251.9917141633","699.4931223087766","24.0",,"576.0","0.0","576.0","0.0","81.21600151062012","79.16543798881531","415.6185607910156","0.0","415.6185607910156","79.55632022982468","292.00000000000074","292.00000000000074","292.00000000000074","2.3005399525133248","21.14486225398607","2.3005399525133248","28.66856529349676","","1.3383167799303","6.527940238758409","1.8723886962521779","","0.3114313988628778","3.0013068478884803","4.814764734045169","working_net_combined_queue","19.782425838424995","0.721560001373291"
"2025-12-25","weekly","CAT793","Plan","461211.97252616164","1912.2879830549216","53.0",,"1272.0","0.0","1272.0","0.0","75.04800045490265","147.2251000106492","1049.7269082069397","0.0","1049.7269082069397","284.5354135135576","241.18332417137586","241.18332417137586","241.18332417137586","3.4312023965467096","25.332002569279926","3.4312023965467096","30.66398945158814","","1.319999999999999","8.126958902272628","2.3654829911115858","","1.1624191425427144","2.069999999999999","6.713808198956973","working_net_combined_queue","24.008669234883907","0.8252570033073425"
"2025-12-25","weekly","EH4000","Plan","185478.35078858398","814.2803686254122","18.0",,"432.0","0.0","432.0","0.0","55.29600262641907","24.485758931150443","352.21824645996094","0.0","352.21824645996094","90.87230280007361","227.7819261462612","227.7819261462612","227.7819261462612","2.2875656142820584","24.829020622622682","2.2875656142820584","30.91833518875717","","0.6499999999999999","5.527964189286875","3.139335142199756","","1.5706550555953174","1.8299999999999996","4.439240858829719","working_net_combined_queue","19.257195245911653","0.8153200149536133"
"2025-12-25","weekly","EH5000","Plan","291137.3659339557","997.0457737464252","24.0",,"576.0","0.0","576.0","0.0","81.21600151062012","79.16543798881531","415.6185607910156","0.0","415.6185607910156","79.55632022982468","291.99999999999955","291.99999999999955","291.99999999999955","1.8929259561175082","19.798610591770366","1.8929259561175087","26.278055358802757","","1.2894335018032133","5.73654180633565","1.749611598405515","","0.2406131736112166","2.92309360288514","4.322068578373871","working_net_combined_queue","18.195967813948577","0.721560001373291"
"2025-12-26","weekly","CAT793","Plan","476563.65527083667","1977.3248054119508","53.0",,"1272.0","0.0","1272.0","0.0","75.04800045490265","147.2251000106492","1049.7269082069397","0.0","1049.7269082069397","284.5354135135576","241.01435129245274","241.01435129245274","241.01435129245274","3.261340871846883","25.392668274691392","3.2613408718468824","30.54128985788681","","1.3199999999999998","7.70617920865944","2.3554576385356336","","1.1102767220744691","2.069999999999999","6.4070788503479505","working_net_combined_queue","23.218992419617496","0.8252570033073425"
"2025-12-26","weekly","EH4000","Plan","208450.0512835455","918.3382687326224","18.0",,"432.0","0.0","432.0","0.0","55.29600262641907","24.485758931150443","352.21824645996094","0.0","352.21824645996094","90.87230280007361","226.98613177824186","226.98613177824186","226.98613177824186","1.7781594697826928","23.43389208442674","1.7781594697826923","29.851851627467866","","0.6500000000000001","4.552789088666297","2.9430739505980212","","1.425310443452375","1.8299999999999998","3.5739681919359487","working_net_combined_queue","17.07514167465264","0.8153200149536133"
"2025-12-26","weekly","EH5000","Plan","338718.753237909","1159.9957302668115","24.0",,"576.0","0.0","576.0","0.0","81.21600151062012","79.16543798881531","415.6185607910156","0.0","415.6185607910156","79.55632022982468","292.00000000000006","292.00000000000006","292.00000000000006","1.7122072301954947","19.573420194897505","1.7122072301954947","25.583835771333533","","1.2692940351915383","5.248568353859306","1.627417301300844","","0.23856277686333452","2.890870456306462","4.015521156793873","working_net_combined_queue","17.216909618088742","0.721560001373291"
"2025-12-27","weekly","CAT793","Plan","589326.9935779157","2453.495657155896","53.0",,"1272.0","0.0","1272.0","0.0","83.95199954509735","146.12990809230425","1041.918125152588","0.0","1041.918125152588","249.0184242106767","240.19891449943157","240.19891449943157","240.19891449943157","2.0056619294596736","23.37927496795325","2.0056619294596736","27.66317650434463","","1.2619535862758269","5.147281766972418","2.26890357251591","","1.1810073097125233","2.010271081530199","4.350177057529185","working_net_combined_queue","18.45445183182541","0.8191180229187012"
"2025-12-27","weekly","EH4000","Plan","46247.056094502776","204.6489147334688","18.0",,"432.0","0.0","432.0","0.0","32.40000128746033","25.97399896359444","373.62600803375244","0.0","373.62600803375244","117.31857044209107","225.98241556635733","225.98241556635733","225.98241556635733","1.8152598304823078","21.654348459645366","1.8152598304823084","27.28290304850069","","0.6499999999999999","5.029732944027916","2.788344515320578","","1.2166436091687174","1.8300000000000003","3.9920821341966346","working_net_combined_queue","17.606803202713838","0.8648750185966492"
"2025-12-27","weekly","EH5000","Plan","322532.06609842274","1104.5618702000763","24.0",,"576.0","0.0","576.0","0.0","62.78399848937988","82.11455840629577","431.10145568847656","0.0","431.10145568847656","103.33860860557195","292.0000000000004","292.0000000000004","292.0000000000004","1.8430322590015513","19.89929105697732","1.843032259001551","26.906763263797725","","1.2539451738874035","5.557079155406371","1.661827002684768","","0.4025383370887426","2.8663122782198447","4.109819321481818","working_net_combined_queue","17.766319330660444","0.7484400272369385"
"2025-12-28","weekly","CAT793","Plan","528248.0425511049","2201.037218230384","53.0",,"1272.0","0.0","1272.0","0.0","83.95199954509735","146.12990809230425","1041.918125152588","0.0","1041.918125152588","249.0184242106767","239.99959572506094","239.99959572506094","239.99959572506094","2.28476976099792","23.382806911737884","2.284769760997921","28.495590250111018","","1.251279021117748","5.862691599743726","2.3453218727992766","","1.0581567040987832","1.999287108686377","4.8107859657106475","working_net_combined_queue","19.559595060274237","0.8191180229187012"
"2025-12-28","weekly","EH4000","Plan","78342.16770565738","343.99371403341473","18.0",,"432.0","0.0","432.0","0.0","32.40000128746033","25.97399896359444","373.62600803375244","0.0","373.62600803375244","117.31857044209107","227.74302119383324","227.74302119383324","227.74302119383324","1.5082984522100051","22.432794490757143","1.5082984522100051","25.989356892913264","","0.65","4.034178941455004","3.0835766232592645","","1.7658150327587463","1.8300000000000003","3.482114140241659","working_net_combined_queue","16.94568473771465","0.8648750185966492"
"2025-12-28","weekly","EH5000","Plan","270862.459488685","927.611162632481","24.0",,"576.0","0.0","576.0","0.0","62.78399848937988","82.11455840629577","431.10145568847656","0.0","431.10145568847656","103.33860860557195","292.0000000000006","292.0000000000006","292.0000000000006","2.2217446211165957","20.19694345571768","2.2217446211165925","27.982412130211035","","1.2665907313198743","6.600240158084795","1.7529769200604608","","0.384695763341934","2.8865451701118","4.763873702048509","working_net_combined_queue","19.5548945692094","0.7484400272369385"
"2025-12-29","weekly","CAT793","Plan","580691.5020347626","2418.131962232749","53.0",,"1272.0","0.0","1272.0","0.0","83.95199954509735","146.12990809230425","1041.918125152588","0.0","1041.918125152588","249.0184242106767","240.14053455485904","240.14053455485904","240.14053455485904","2.3050751689392057","23.495524955033527","2.3050751689392044","28.54821253656353","","1.236494098354018","5.886419239452783","2.31893543417504","","1.0120473391797657","1.9840736374367438","4.844594384296978","working_net_combined_queue","19.51077998463986","0.8191180229187012"
"2025-12-29","weekly","EH4000","Plan","140064.58534841816","615.4162895602464","18.0",,"432.0","0.0","432.0","0.0","32.40000128746033","25.97399896359444","373.62600803375244","0.0","373.62600803375244","117.31857044209107","227.59323684542557","227.59323684542557","227.59323684542557","2.186449329998999","22.465170746160595","2.186449329998999","28.292905164304745","","0.6499999999999999","5.839571008929919","2.7818101840057188","","1.4159856042728196","1.8299999999999998","4.636744054316829","working_net_combined_queue","19.254110851525272","0.8648750185966492"
"2025-12-29","weekly","EH5000","Plan","311533.67787631636","1066.8961571106747","24.0",,"576.0","0.0","576.0","0.0","62.78399848937988","82.11455840629577","431.10145568847656","0.0","431.10145568847656","103.33860860557195","291.9999999999994","291.9999999999994","291.9999999999994","2.0025566833269206","20.94196519715885","2.0025566833269206","26.247143099018007","","1.2591078030677192","5.737446312627632","1.5429479440059246","","0.5032515897039029","2.87457248490835","4.57777063760172","working_net_combined_queue","18.432693572956527","0.7484400272369385"
"2025-12-30","weekly","CAT793","Plan","546352.5738936383","2274.238908239298","53.0",,"1272.0","0.0","1272.0","0.0","83.95199954509735","146.12990809230425","1041.918125152588","0.0","1041.918125152588","249.0184242106767","240.23534726904361","240.23534726904361","240.23534726904361","2.566436340880917","24.430337000428594","2.5664363408809194","29.264911920963474","","1.236443679351223","6.303072301055592","2.3826837901886","","1.1748346929649456","1.984021757013578","5.261802286257677","working_net_combined_queue","20.57106120579279","0.8191180229187012"
"2025-12-30","weekly","EH4000","Plan","134090.2912258658","587.0550140340373","18.0",,"432.0","0.0","432.0","0.0","32.40000128746033","25.97399896359444","373.62600803375244","0.0","373.62600803375244","117.31857044209107","228.4117979070549","228.4117979070549","228.4117979070549","2.1347799687381395","22.714060600701202","2.1347799687381395","28.108032807465328","","0.6499999999999999","5.639097314037025","2.8405212969850138","","1.5430971073116557","1.8300000000000005","4.556946371937821","working_net_combined_queue","19.1596620902715","0.8648750185966492"
"2025-12-30","weekly","EH5000","Plan","324466.8034661775","1111.187683103349","24.0",,"576.0","0.0","576.0","0.0","62.78399848937988","82.11455840629577","431.10145568847656","0.0","431.10145568847656","103.33860860557195","291.99999999999966","291.99999999999966","291.99999999999966","1.8444588362386471","19.736183945317617","1.8444588362386471","26.41557488380359","","1.2705299143090123","5.607341848907653","1.5547323409145861","","0.24893581564084338","2.89284786289442","4.1894802843065655","working_net_combined_queue","17.69797329224462","0.7484400272369385"
"2025-12-31","weekly","CAT793","Plan","566526.001506128","2357.6290422129246","53.0",,"1272.0","0.0","1272.0","0.0","83.95199954509735","146.12990809230425","1041.918125152588","0.0","1041.918125152588","249.0184242106767","240.29480098971538","240.29480098971538","240.29480098971538","2.3798365586752874","23.97207110150745","2.3798365586752874","28.666001225444344","","1.2319846752373211","5.956523026979429","2.366458900969978","","1.1359465419111228","1.9794335064036206","4.981168890545315","working_net_combined_queue","19.878555022543473","0.8191180229187012"
"2025-12-31","weekly","EH4000","Plan","166650.92611780192","733.5015580604803","18.0",,"432.0","0.0","432.0","0.0","32.40000128746033","25.97399896359444","373.62600803375244","0.0","373.62600803375244","117.31857044209107","227.19914400517314","227.19914400517314","227.19914400517314","1.9719586284464352","21.879790512108354","1.9719586284464352","28.002429169375713","","0.65","5.407616569331812","2.7141641842970223","","1.4417978038212036","1.83","4.225259065602125","working_net_combined_queue","18.368837623052148","0.8648750185966492"
"2025-12-31","weekly","EH5000","Plan","304281.70884454745","1042.0606467279022","24.0",,"576.0","0.0","576.0","0.0","62.78399848937988","82.11455840629577","431.10145568847656","0.0","431.10145568847656","103.33860860557195","292.0","292.0","292.0","2.1588738986721348","21.484274446475727","2.1588738986721348","27.446652642969752","","1.2640384174753203","6.029174233602128","1.550927262089762","","0.4862899162676309","2.882461467960513","4.719425556380436","working_net_combined_queue","18.872001356015833","0.7484400272369385"
"2026-01-01","weekly","CAT793","Plan","561629.4571631216","2336.924787022842","53.0",,"1272.0","0.0","1272.0","0.0","83.95199954509735","146.12990809230425","1041.918125152588","0.0","1041.918125152588","249.0184242106767","240.3284266065821","240.3284266065821","240.3284266065821","2.3484457618390167","23.931768322768043","2.3484457618390167","28.801386561337576","","1.2366965182902896","5.88785349289405","2.4242430467021414","","1.1360501744257738","1.9842819246175452","4.892359796992951","working_net_combined_queue","19.789753610868043","0.8191180229187012"
"2026-01-01","weekly","EH4000","Plan","136031.2231818811","595.4893799520198","18.0",,"432.0","0.0","432.0","0.0","32.40000128746033","25.97399896359444","373.62600803375244","0.0","373.62600803375244","117.31857044209107","228.43601877978327","228.43601877978327","228.43601877978327","1.8474133596170905","22.576964141397486","1.8474133596170905","27.568388394886775","","0.65","4.9096415657488075","2.913571380866589","","1.634067362626947","1.83","4.020721124111277","working_net_combined_queue","18.058001433353617","0.8648750185966492"
"2026-01-01","weekly","EH5000","Plan","298754.21788427024","1023.1308831653105","24.0",,"576.0","0.0","576.0","0.0","62.78399848937988","82.11455840629577","431.10145568847656","0.0","431.10145568847656","103.33860860557195","291.9999999999996","291.9999999999996","291.9999999999996","2.243918038302177","21.64300624091017","2.243918038302177","27.719488446660456","","1.26375587375421","6.2207200238033415","1.534045979780642","","0.522237174778632","2.882009398006736","4.857055084447309","working_net_combined_queue","19.221167361586158","0.7484400272369385"
"2026-01-02","weekly","CAT793","Plan","565642.2932176675","2355.506787990308","53.0",,"1272.0","0.0","1272.0","0.0","83.95199954509735","146.12990809230425","1041.918125152588","0.0","1041.918125152588","249.0184242106767","240.1361338042533","240.1361338042533","240.1361338042533","2.285150929403343","23.759019492271293","2.2851509294033425","28.53821186334261","","1.2383517229465837","5.7708213004666105","2.4782218293113916","","1.1761931634990708","1.985985106220397","4.80440247695818","working_net_combined_queue","19.68267604886656","0.8191180229187012"
"2026-01-02","weekly","EH4000","Plan","128777.85225594344","566.8077709438439","18.0",,"432.0","0.0","432.0","0.0","32.40000128746033","25.97399896359444","373.62600803375244","0.0","373.62600803375244","117.31857044209107","227.19845926160036","227.19845926160036","227.19845926160036","2.169768481455579","24.689088097314276","2.169768481455579","29.917359576036368","","0.65","5.273022169721068","3.1114401719779194","","1.4341016566331315","1.8299999999999998","4.351524022581627","working_net_combined_queue","18.75008802091373","0.8648750185966492"
"2026-01-02","weekly","EH5000","Plan","299863.0572386173","1026.9282782144433","24.0",,"576.0","0.0","576.0","0.0","62.78399848937988","82.11455840629577","431.10145568847656","0.0","431.10145568847656","103.33860860557195","291.99999999999983","291.99999999999983","291.99999999999983","2.1624107895942797","21.27752359665286","2.1624107895942797","27.633370422699684","","1.2646867660420504","6.097732510378546","1.5387982750254412","","0.4466536016577459","2.883498825667281","4.69521616042453","working_net_combined_queue","18.8675921932589","0.7484400272369385"
"2026-01-03","weekly","CAT793","Plan","544022.6360361893","2261.9098857173203","53.0",,"1272.0","0.0","1272.0","0.0","96.39238339662552","124.61440588845254","1050.9932055473328","0.0","1050.9932055473328","251.22575026553127","240.514725839161","240.514725839161","240.514725839161","2.5850534273262","24.31347955968677","2.5850534273262","29.081566871150674","","1.2637249363317653","6.379309274051526","2.3188913201653194","","1.2381917867857526","2.012093775066018","5.3333854508863","working_net_combined_queue","20.780916091894955","0.8262525200843811"
"2026-01-03","weekly","EH4000","Plan","145351.29839334864","637.5981979061091","18.0",,"432.0","0.0","432.0","0.0","30.97571289539337","26.066577705683024","374.9577054977417","0.0","374.9577054977417","117.73672345975376","227.96692159840867","227.96692159840867","227.96692159840867","2.2258149351930596","21.691274559685432","2.2258149351930596","28.321981948452066","","0.65","6.1568026232904","3.22097773465829","","1.474835044686137","1.83","4.7153796070716965","working_net_combined_queue","20.147995009706534","0.8679576516151428"
"2026-01-03","weekly","EH5000","Plan","309688.8154671692","1060.5781351615385","24.0",,"576.0","0.0","576.0","0.0","72.42714500427246","67.98233812579852","435.59053802490234","0.0","435.59053802490234","101.16941616260249","292.0","292.0","292.0","1.7294300538205234","20.702034823620526","1.7294300538205234","25.23269487155583","","1.2305744923681172","5.012348018603326","1.6116617181584314","","0.5064363625139994","2.828919187788988","4.112355170838448","working_net_combined_queue","17.23390214712646","0.7562335729598999"
"2026-01-04","weekly","CAT793","Plan","501167.2557626517","2080.926200332473","53.0",,"1272.0","0.0","1272.0","0.0","96.39238339662552","124.61440588845254","1050.9932055473328","0.0","1050.9932055473328","251.22575026553127","240.83855337232978","240.83855337232978","240.83855337232978","2.6446386776772006","24.333283045409996","2.6446386776772006","29.023977622945683","","1.2617200639489725","6.521040353022304","2.4123001034870457","","1.303130230251935","2.0100307904402457","5.467145913700838","working_net_combined_queue","21.21016399327281","0.8262525200843811"
"2026-01-04","weekly","EH4000","Plan","138129.80501856166","607.1723432436131","18.0",,"432.0","0.0","432.0","0.0","30.97571289539337","26.066577705683024","374.9577054977417","0.0","374.9577054977417","117.73672345975376","227.49686568503736","227.49686568503736","227.49686568503736","2.2140873894701287","21.640136906019624","2.2140873894701287","27.94502040234742","","0.6499999999999999","6.138835624984158","3.219276330525628","","1.415697188638973","1.8300000000000005","4.753807349414157","working_net_combined_queue","20.10761649356291","0.8679576516151428"
"2026-01-04","weekly","EH5000","Plan","296785.114817166","1016.3873795108437","24.0",,"576.0","0.0","576.0","0.0","72.42714500427246","67.98233812579852","435.59053802490234","0.0","435.59053802490234","101.16941616260249","291.99999999999966","291.99999999999966","291.99999999999966","1.573481290856609","19.886349609179305","1.573481290856609","25.61711070871788","","1.2372946788127683","4.747421186230102","1.6049324714332547","","0.2583728118805231","2.8396714861004297","3.685383512796695","working_net_combined_queue","16.304683344108927","0.7562335729598999"
"2026-01-05","weekly","CAT793","Plan","540381.8096653458","2246.186208629723","53.0",,"1272.0","0.0","1272.0","0.0","96.39238339662552","124.61440588845254","1050.9932055473328","0.0","1050.9932055473328","251.22575026553127","240.5774764305955","240.5774764305955","240.5774764305955","2.3966615590745395","23.75843016096951","2.3966615590745395","28.35399192062757","","1.2683874124427061","6.052575551927978","2.3599779440726607","","1.30272964366224","2.0168913954120598","5.071585473643938","working_net_combined_queue","20.308683267885765","0.8262525200843811"
"2026-01-05","weekly","EH4000","Plan","134765.38061987143","591.8392059338897","18.0",,"432.0","0.0","432.0","0.0","30.97571289539337","26.066577705683024","374.9577054977417","0.0","374.9577054977417","117.73672345975376","227.7060716300791","227.7060716300791","227.7060716300791","2.3139591868070517","21.245959620619985","2.3139591868070517","28.119211229256567","","0.65","6.534774314156003","3.2322688404354447","","1.319596039582791","1.8300000000000007","4.937462508335579","working_net_combined_queue","20.604101702509805","0.8679576516151428"
"2026-01-05","weekly","EH5000","Plan","278136.1290140414","952.5209897741166","24.0",,"576.0","0.0","576.0","0.0","72.42714500427246","67.98233812579852","435.59053802490234","0.0","435.59053802490234","101.16941616260249","291.9999999999993","291.9999999999993","291.9999999999993","1.9650002540577576","21.415428504323703","1.9650002540577576","28.854465857376834","","1.2496065255878783","5.505377360049641","1.6920368247433095","","0.32451188039584805","2.8593704409406056","4.086023142006059","working_net_combined_queue","17.623891187838538","0.7562335729598999"
"2026-01-06","weekly","CAT793","Plan","540820.7149550309","2247.0259462527856","53.0",,"1272.0","0.0","1272.0","0.0","96.39238339662552","124.61440588845254","1050.9932055473328","0.0","1050.9932055473328","251.22575026553127","240.68289725667003","240.68289725667003","240.68289725667003","2.386327433182626","23.176583321245417","2.386327433182626","28.104786912823478","","1.2689345134055805","6.177771934990444","2.3288568802033653","","1.2589612904729226","2.0174543543738572","5.094493206266881","working_net_combined_queue","20.383150748427543","0.8262525200843811"
"2026-01-06","weekly","EH4000","Plan","141591.54691050513","621.1716712277441","18.0",,"432.0","0.0","432.0","0.0","30.97571289539337","26.066577705683024","374.9577054977417","0.0","374.9577054977417","117.73672345975376","227.94269840195676","227.94269840195676","227.94269840195676","2.206974656942707","21.34184016942556","2.206974656942707","27.845666036233286","","0.6499999999999999","6.204642072348845","3.229595069858391","","1.3794056044628773","1.8299999999999998","4.75544306407529","working_net_combined_queue","20.149085810745387","0.8679576516151428"
"2026-01-06","weekly","EH5000","Plan","282189.2133968423","966.4014157426097","24.0",,"576.0","0.0","576.0","0.0","72.42714500427246","67.98233812579852","435.59053802490234","0.0","435.59053802490234","101.16941616260249","292.0000000000003","292.0000000000003","292.0000000000003","2.0545038171936714","21.53236630243909","2.0545038171936714","28.4246901876043","","1.2259532149808858","5.724880735363339","1.7841450925395594","","0.3687269218076776","2.821525143969417","4.336730786440624","working_net_combined_queue","18.157094440266103","0.7562335729598999"
"2026-01-07","weekly","CAT793","Plan","527111.0059956849","2198.3469164304943","53.0",,"1272.0","0.0","1272.0","0.0","96.39238339662552","124.61440588845254","1050.9932055473328","0.0","1050.9932055473328","251.22575026553127","239.77607995173344","239.77607995173344","239.77607995173344","2.614851304409428","24.68653970700518","2.614851304409428","29.277848096193484","","1.2683171922357788","6.355328860449625","2.2449514387982914","","1.26148726664695","2.0067504051460276","5.35869568518472","working_net_combined_queue","20.69300042111763","0.8262525200843811"
"2026-01-07","weekly","EH4000","Plan","123797.62751284329","543.3404231988234","18.0",,"432.0","0.0","432.0","0.0","30.97571289539337","26.066577705683024","374.9577054977417","0.0","374.9577054977417","117.73672345975376","227.8454210787521","227.8454210787521","227.8454210787521","3.183585112003535","24.482181938107125","3.183585112003535","31.754594691182692","","0.6499999999999998","7.8022092639909815","3.163030591003761","","1.25316969265385","1.8299999999999998","6.015353323758571","working_net_combined_queue","22.81376287140717","0.8679576516151428"
"2026-01-07","weekly","EH5000","Plan","306139.10877582274","1048.4216053966534","24.0",,"576.0","0.0","576.0","0.0","72.42714500427246","67.98233812579852","435.59053802490234","0.0","435.59053802490234","101.16941616260249","291.99999999999994","291.99999999999994","291.99999999999994","2.3290417152810514","23.73399763283044","2.3290417152810514","29.531216779481618","","1.241542188104816","5.887862006169663","1.7153667034556834","","0.2934747317534876","2.8464675009677056","4.732026585980589","working_net_combined_queue","18.63905522861484","0.7562335729598999"
"2026-01-08","weekly","CAT793","Plan","540562.9642798081","2262.571981775165","53.0",,"1272.0","0.0","1272.0","0.0","96.39238339662552","124.61440588845254","1050.9932055473328","0.0","1050.9932055473328","251.22575026553127","238.91525601571982","238.91525601571982","238.91525601571982","2.5494046319714903","24.68673941592658","2.5494046319714903","29.207332028932694","","1.2730086719685412","6.196212279844658","2.2253728136809054","","1.225374841029508","2.0089638747824687","5.237187626954885","working_net_combined_queue","20.354676108381014","0.8262525200843811"
"2026-01-08","weekly","EH4000","Plan","107337.70620509678","472.9723190621964","18.0",,"432.0","0.0","432.0","0.0","30.97571289539337","26.066577705683024","374.9577054977417","0.0","374.9577054977417","117.73672345975376","226.94289259448553","226.94289259448553","226.94289259448553","3.8856842344296574","27.125088562788363","3.8856842344296583","34.37809469986265","","0.6499999999999998","8.595033838363747","3.057637992014791","","1.2024132636757823","1.8299999999999992","6.781674671072185","working_net_combined_queue","24.216759765126508","0.8679576516151428"
"2026-01-08","weekly","EH5000","Plan","324365.3544607732","1110.8402550026476","24.0",,"576.0","0.0","576.0","0.0","72.42714500427246","67.98233812579852","435.59053802490234","0.0","435.59053802490234","101.16941616260249","292.00000000000006","292.00000000000006","292.00000000000006","2.056941478510484","22.050513958930235","2.056941478510484","27.59000959154672","","1.242961692918366","5.596989210342039","1.6623213226917404","","0.28653722728886843","2.848738708669384","4.473231091171585","working_net_combined_queue","18.034931163505522","0.7562335729598999"
"2026-01-09","weekly","CAT793","Plan","520001.24102118175","2173.164889811278","53.0",,"1272.0","0.0","1272.0","0.0","96.39238339662552","124.61440588845254","1050.9932055473328","0.0","1050.9932055473328","251.22575026553127","239.28292025109042","239.28292025109042","239.28292025109042","3.031416524479822","25.762616937019526","3.031416524479822","30.540315127006988","","1.2595917496977855","7.060035551257611","2.217714131324907","","1.1916379733079183","1.988495401112715","5.955570226187591","working_net_combined_queue","21.832262261707157","0.8262525200843811"
"2026-01-09","weekly","EH4000","Plan","144906.40172615764","636.9377742696477","18.0",,"432.0","0.0","432.0","0.0","30.97571289539337","26.066577705683024","374.9577054977417","0.0","374.9577054977417","117.73672345975376","227.5048012222486","227.5048012222486","227.5048012222486","3.575053417806545","27.206367225318022","3.575053417806545","33.36887887511042","","0.65","7.884301615570997","3.101544502423215","","1.3721052621997145","1.83","6.428241292469341","working_net_combined_queue","23.366192672663264","0.8679576516151428"
"2026-01-09","weekly","EH5000","Plan","319188.3761188581","1093.1108771193792","24.0",,"576.0","0.0","576.0","0.0","72.42714500427246","67.98233812579852","435.59053802490234","0.0","435.59053802490234","101.16941616260249","291.99999999999943","291.99999999999943","291.99999999999943","2.049018450495348","21.345595286201938","2.049018450495348","26.35582388767812","","1.260175995876703","5.759553921140422","1.6157502051281352","","0.2505070067945303","2.876281593402725","4.664665675171639","working_net_combined_queue","18.356112832628384","0.7562335729598999"
"2026-01-10","weekly","CAT793","Plan","568098.9947949689","2370.694631813286","53.0",,"1272.0","0.0","1272.0","0.0","126.56400060653687","121.41621450196767","1024.0197529792786","0.0","1024.0197529792786","161.7951284171587","239.63398202848418","239.63398202848418","239.63398202848418","3.145216436856737","25.787853665678213","3.1452164368567366","30.864621888520514","","0.8299999999999997","7.317902011463936","2.1901395907014978","","1.933096356966367","0.7999999999999996","6.114216687734388","working_net_combined_queue","21.81535464686621","0.8050469756126404"
"2026-01-10","weekly","EH4000","Plan","166071.19701709854","730.9630604812387","18.0",,"432.0","0.0","432.0","0.0","49.982399582862854","24.83114311631298","357.1864528656006","0.0","357.1864528656006","85.72474677164669","227.19506086636375","227.19506086636375","227.19506086636375","3.224758459979651","27.13865763224771","3.22475845997965","32.40001780826198","","0.5999999999999999","7.129516508173509","3.0778904444886557","","2.2212916684239192","1.1800000000000004","5.971771643577317","working_net_combined_queue","22.13047026466339","0.8268204927444458"
"2026-01-10","weekly","EH5000","Plan","346645.5713749334","1187.142367722376","24.0",,"576.0","0.0","576.0","0.0","57.02399969100952","93.4156837676239","425.56032943725586","0.0","425.56032943725586","63.834051952125606","291.99999999999966","291.99999999999966","291.99999999999966","1.8972894336057842","19.589491006934576","1.8972894336057842","25.557336668358822","","0.6999999999999998","5.811144657921394","1.5658596962121403","","1.9193552753104612","1.4799999999999998","4.454195188393125","working_net_combined_queue","18.24055481783712","0.7388200163841248"
"2026-01-11","weekly","CAT793","Plan","588803.6735804963","2458.404018588981","53.0",,"1272.0","0.0","1272.0","0.0","126.56400060653687","121.41621450196767","1024.0197529792786","0.0","1024.0197529792786","161.7951284171587","239.50647213733586","239.50647213733586","239.50647213733586","2.3360610380558646","22.846349021220455","2.336061038055864","27.86764482984624","","0.8300000000000003","6.135057385018638","2.269827165451355","","1.9489132312511834","0.8000000000000003","5.029619945968187","working_net_combined_queue","19.643417727689382","0.8050469756126404"
"2026-01-11","weekly","EH4000","Plan","132850.3119212189","583.5871212561636","18.0",,"432.0","0.0","432.0","0.0","49.982399582862854","24.83114311631298","357.1864528656006","0.0","357.1864528656006","85.72474677164669","227.64435177263738","227.64435177263738","227.64435177263738","2.8644448034727032","24.660212030287504","2.8644448034727032","30.737029210209894","","0.5999999999999998","6.969392152722641","3.101108040983794","","2.1468025166836453","1.1799999999999997","5.591519174900396","working_net_combined_queue","21.53882188529049","0.8268204927444458"
"2026-01-11","weekly","EH5000","Plan","299157.67226238706","1024.5125762410516","24.0",,"576.0","0.0","576.0","0.0","57.02399969100952","93.4156837676239","425.56032943725586","0.0","425.56032943725586","63.834051952125606","292.0","292.0","292.0","2.76858992763738","24.093938932428408","2.7685899276373798","31.422482352522053","","0.6999999999999996","6.894488946955265","1.6512804615900019","","1.979332238012549","1.4799999999999995","5.286514088690702","working_net_combined_queue","20.301615735248514","0.7388200163841248"
"2026-01-12","weekly","CAT793","Plan","620509.5128908303","2585.0225450709036","53.0",,"1272.0","0.0","1272.0","0.0","126.56400060653687","121.41621450196767","1024.0197529792786","0.0","1024.0197529792786","161.7951284171587","240.0402712440601","240.0402712440601","240.0402712440601","2.3320421471083446","23.45093989073825","2.3320421471083446","28.55046864068592","","0.8299999999999996","5.9666064336194005","2.3506235127128394","","1.971484540409066","0.7999999999999995","4.900883785392709","working_net_combined_queue","19.449598272133997","0.8050469756126404"
"2026-01-12","weekly","EH4000","Plan","147067.45044841908","642.9009296137133","18.0",,"432.0","0.0","432.0","0.0","49.982399582862854","24.83114311631298","357.1864528656006","0.0","357.1864528656006","85.72474677164669","228.75600838963553","228.75600838963553","228.75600838963553","2.968362436560361","25.995932994023438","2.968362436560361","31.747077355068132","","0.5999999999999999","6.851138839085634","3.0931376644281814","","2.122015073524894","1.18","5.61002022963192","working_net_combined_queue","21.40631180667062","0.8268204927444458"
"2026-01-12","weekly","EH5000","Plan","344170.37935820175","1178.6656827335653","24.0",,"576.0","0.0","576.0","0.0","57.02399969100952","93.4156837676239","425.56032943725586","0.0","425.56032943725586","63.834051952125606","292.00000000000057","292.00000000000057","292.00000000000057","2.104462708650895","21.451433201639556","2.104462708650895","28.073941078353872","","0.7000000000000001","5.886215682288441","1.5968085488332262","","1.9429731602495246","1.4800000000000002","4.497685671087027","working_net_combined_queue","18.41368306245823","0.7388200163841248"
"2026-01-13","weekly","CAT793","Plan","600237.6485021292","2499.4460868750116","53.0",,"1272.0","0.0","1272.0","0.0","126.56400060653687","121.41621450196767","1024.0197529792786","0.0","1024.0197529792786","161.7951284171587","240.14826791186755","240.14826791186755","240.14826791186755","2.703618119578785","24.486716364142865","2.703618119578785","30.077360972248705","","0.8300000000000001","6.624697438496482","2.332378873453791","","1.9718748279808764","0.8","5.393328468026133","working_net_combined_queue","20.582279607957283","0.8050469756126404"
"2026-01-13","weekly","EH4000","Plan","177837.79887966783","777.0935707082817","18.0",,"432.0","0.0","432.0","0.0","49.982399582862854","24.83114311631298","357.1864528656006","0.0","357.1864528656006","85.72474677164669","228.84991664205586","228.84991664205586","228.84991664205586","2.6290796938644956","24.917381789148667","2.6290796938644956","30.283272826305776","","0.5999999999999999","6.330712551050063","3.0096196070299213","","2.1769273920382957","1.1799999999999997","5.20897402789449","working_net_combined_queue","20.456233578012778","0.8268204927444458"
"2026-01-13","weekly","EH5000","Plan","319071.283824325","1092.709876110703","22.0",,"528.0","0.0","528.0","0.0","52.27199971675873","85.63104345365525","390.09696865081787","0.0","390.09696865081787","58.514547622781805","291.9999999999998","291.9999999999998","291.9999999999998","2.0095581253090575","20.711955321631397","2.0095581253090575","26.94240171276117","","0.6999999999999992","5.821443975046503","1.5179991512458844","","1.902303533839986","1.4799999999999993","4.475231599766188","working_net_combined_queue","18.20697825989856","0.7388200163841248"
"2026-01-14","weekly","CAT793","Plan","618445.8367675563","2573.533374727472","53.0",,"1272.0","0.0","1272.0","0.0","126.56400060653687","121.41621450196767","1024.0197529792786","0.0","1024.0197529792786","161.7951284171587","240.31001223485103","240.31001223485103","240.31001223485103","2.388635146652179","23.10837226629943","2.388635146652179","27.656236287567157","","0.8300000000000004","6.2019993077635185","2.2732641218602923","","1.953417113832441","0.8000000000000004","5.182126277376337","working_net_combined_queue","19.870806820832595","0.8050469756126404"
"2026-01-14","weekly","EH4000","Plan","163878.18308009385","722.7111651259393","18.0",,"432.0","0.0","432.0","0.0","49.982399582862854","24.83114311631298","357.1864528656006","0.0","357.1864528656006","85.72474677164669","226.75474101958355","226.75474101958355","226.75474101958355","2.3660941580987833","22.51065301490241","2.3660941580987833","27.95580647694163","","0.6000000000000005","6.306598453272035","3.0396728538393996","","2.1755493188980854","1.1800000000000006","5.078216920803999","working_net_combined_queue","20.330037546813518","0.8268204927444458"
"2026-01-14","weekly","EH5000","Plan","322269.7233786507","1103.663436228256","22.0",,"528.0","0.0","528.0","0.0","52.27199971675873","85.63104345365525","390.09696865081787","0.0","390.09696865081787","58.514547622781805","292.0","292.0","292.0","1.9632079207796176","20.749445154616957","1.9632079207796171","26.649262543833036","","0.7000000000000002","5.676897592635968","1.530022260792799","","1.9092564659942375","1.4799999999999998","4.420102622090593","working_net_combined_queue","18.02627894151358","0.7388200163841248"
"2026-01-15","weekly","CAT793","Plan","617822.7978672204","2570.0785094329317","53.0",,"1272.0","0.0","1272.0","0.0","126.56400060653687","121.41621450196767","1024.0197529792786","0.0","1024.0197529792786","161.7951284171587","240.39063227042752","240.39063227042752","240.39063227042752","2.4977867421701205","23.960854319925705","2.4977867421701205","28.82170743564629","","0.8300000000000004","6.254668657852427","2.3088982166921856","","1.95145103551228","0.8000000000000004","5.199803129805334","working_net_combined_queue","19.974821039862213","0.8050469756126404"
"2026-01-15","weekly","EH4000","Plan","156773.02152528422","684.8770398026171","18.0",,"432.0","0.0","432.0","0.0","49.982399582862854","24.83114311631298","357.1864528656006","0.0","357.1864528656006","85.72474677164669","228.90681452902336","228.90681452902336","228.90681452902336","3.12616074962249","25.35009401337526","3.1261607496224886","31.122384785187457","","0.6000000000000002","7.399169599859613","3.148890954985237","","2.17717770648922","1.18","6.02684036817841","working_net_combined_queue","22.48207862951248","0.8268204927444458"
"2026-01-15","weekly","EH5000","Plan","302153.1799580972","1034.7711642400595","22.0",,"528.0","0.0","528.0","0.0","52.27199971675873","85.63104345365525","390.09696865081787","0.0","390.09696865081787","58.514547622781805","291.9999999999998","291.9999999999998","291.9999999999998","2.34960589558372","22.642710750471167","2.34960589558372","28.84599857487538","","0.7","6.2261252766341","1.471874293265964","","1.8903009537341284","1.4799999999999998","4.887206569364959","working_net_combined_queue","18.965507092999108","0.7388200163841248"
"2026-01-16","weekly","CAT793","Plan","588989.1325905691","2448.735153649869","53.0",,"1272.0","0.0","1272.0","0.0","126.56400060653687","121.41621450196767","1024.0197529792786","0.0","1024.0197529792786","161.7951284171587","240.5279034413639","240.5279034413639","240.5279034413639","2.7886616905938797","24.630926346772533","2.7886616905938797","29.66596247776194","","0.8299999999999993","6.793073840584856","2.2883132583645436","","1.9428074631714554","0.7999999999999996","5.640123813985748","working_net_combined_queue","20.924318376106584","0.8050469756126404"
"2026-01-16","weekly","EH4000","Plan","159237.87190295782","699.0876236809665","18.0",,"432.0","0.0","432.0","0.0","49.982399582862854","24.83114311631298","357.1864528656006","0.0","357.1864528656006","85.72474677164669","227.77956082888275","227.77956082888275","227.77956082888275","2.70548566378919","26.103330077066282","2.7054856637891893","31.50710375473175","","0.5999999999999998","6.218713832606731","3.1566150738091734","","2.2004364741580824","1.18","5.1521441352086415","working_net_combined_queue","20.457909515782628","0.8268204927444458"
"2026-01-16","weekly","EH5000","Plan","303713.43290383776","1040.1144962460182","22.0",,"528.0","0.0","528.0","0.0","52.27199971675873","85.63104345365525","390.09696865081787","0.0","390.09696865081787","58.514547622781805","292.0000000000004","292.0000000000004","292.0000000000004","2.209639194309758","21.616613133011256","2.209639194309758","27.6135068946385","","0.6999999999999995","6.133169467520417","1.4543622459612797","","1.891463851820372","1.48","4.801213846703665","working_net_combined_queue","18.7702094120057","0.7388200163841248"
"2026-01-17","weekly","CAT793","Plan","580396.4623860811","2412.80059152569","53.0",,"1272.0","0.0","1272.0","0.0","113.34286165237427","122.81765521456003","1035.8394885063171","0.0","1035.8394885063171","163.66264671638118","240.54887271851925","240.54887271851925","240.54887271851925","2.554130218657089","23.976525693134445","2.5541302186570896","28.352021124370008","","0.8300000000000004","6.3915771234239775","2.346104387204469","","1.9654785249905387","0.8","5.405181254880664","working_net_combined_queue","20.36834129049965","0.8143392205238342"
"2026-01-17","weekly","EH4000","Plan","104363.30168709949","460.468390327794","18.0",,"432.0","0.0","432.0","0.0","49.13143014907837","24.886456127480102","357.9821033477783","0.0","357.9821033477783","85.91570288310115","226.64596284840812","226.64596284840812","226.64596284840812","2.45965450099354","22.788365045502825","2.45965450099354","28.60195308269237","","0.6","6.476079778647238","2.5804705996954826","","2.1883478413668715","1.18","5.15976197964312","working_net_combined_queue","20.134660199352698","0.8286622762680054"
"2026-01-17","weekly","EH5000","Plan","311617.66948823817","1067.1837996172526","22.0",,"528.0","0.0","528.0","0.0","71.43285870552063","82.18208869862896","374.38507175445557","0.0","374.38507175445557","56.157762994677256","292.0000000000004","292.0000000000004","292.0000000000004","1.928326014199543","20.904903568718755","1.9283260141995429","26.060365939614634","","0.6999999999999997","5.534565632969515","1.534767179838815","","1.8926034416555095","1.4799999999999995","4.439675218685109","working_net_combined_queue","17.891611473148938","0.7090626358985901"
"2026-01-18","weekly","CAT793","Plan","569326.9842401645","2370.4923341595813","53.0",,"1272.0","0.0","1272.0","0.0","113.34286165237427","122.81765521456003","1035.8394885063171","0.0","1035.8394885063171","163.66264671638118","240.17246376880183","240.17246376880183","240.17246376880183","2.8130056365272647","24.83569891735423","2.8130056365272638","29.552968349610374","","0.829999999999999","6.795876321149097","2.282030836228282","","1.971511198617594","0.799999999999999","5.711112880268795","working_net_combined_queue","21.020531236263782","0.8143392205238342"
"2026-01-18","weekly","EH4000","Plan","120626.8576328099","527.583038538968","18.0",,"432.0","0.0","432.0","0.0","49.13143014907837","24.886456127480102","357.9821033477783","0.0","357.9821033477783","85.91570288310115","228.64051499240955","228.64051499240955","228.64051499240955","3.583308219005017","28.14479411899542","3.583308219005015","34.44423317572473","","0.6000000000000001","7.639014598269692","2.8463126387327136","","2.211730558677042","1.1800000000000002","6.2419300218831815","working_net_combined_queue","22.668987817562602","0.8286622762680054"
"2026-01-18","weekly","EH5000","Plan","313308.09048349725","1072.9729126147172","22.0",,"528.0","0.0","528.0","0.0","71.43285870552063","82.18208869862896","374.38507175445557","0.0","374.38507175445557","56.157762994677256","291.99999999999983","291.99999999999983","291.99999999999983","1.7016083200319894","20.105689360641055","1.7016083200319894","25.085796912314812","","0.6999999999999998","5.077990481728207","1.5126364964705528","","1.903097947797068","1.48","4.069892599337731","working_net_combined_queue","17.053617525333568","0.7090626358985901"
"2026-01-19","weekly","CAT793","Plan","541340.2259488157","2266.189639707006","53.0",,"1272.0","0.0","1272.0","0.0","113.34286165237427","122.81765521456003","1035.8394885063171","0.0","1035.8394885063171","163.66264671638118","238.87684263652588","238.87684263652588","238.87684263652588","3.326246459342148","25.094011637559884","3.326246459342148","29.775665218475627","","0.8299999999999993","7.953084203635738","2.1973818715905025","","1.916976335592182","0.7999999999999996","6.702613899510594","working_net_combined_queue","23.030056310329","0.8143392205238342"
"2026-01-19","weekly","EH4000","Plan","171273.40702954886","755.154283152222","18.0",,"432.0","0.0","432.0","0.0","49.13143014907837","24.886456127480102","357.9821033477783","0.0","357.9821033477783","85.91570288310115","226.8058472960075","226.8058472960075","226.8058472960075","2.9983045115176656","26.833630815739674","2.9983045115176656","32.432988663317296","","0.6","6.70420905491246","3.1305485323401436","","2.2145674771606165","1.1799999999999995","5.546768216724054","working_net_combined_queue","21.326093281137254","0.8286622762680054"
"2026-01-19","weekly","EH5000","Plan","302491.06134734396","1035.9282922854254","22.0",,"528.0","0.0","528.0","0.0","71.43285870552063","82.18208869862896","374.38507175445557","0.0","374.38507175445557","56.157762994677256","291.9999999999998","291.9999999999998","291.9999999999998","2.337465426478679","24.3922435626394","2.3374654264786785","29.96014462738308","","0.6999999999999994","5.749693554369584","1.6247416826005252","","1.8858431187429059","1.4799999999999995","4.681149818633933","working_net_combined_queue","18.431428174346955","0.7090626358985901"
"2026-01-20","weekly","CAT793","Plan","563949.6595433311","2363.9153656651856","53.0",,"1272.0","0.0","1272.0","0.0","113.34286165237427","122.81765521456003","1035.8394885063171","0.0","1035.8394885063171","163.66264671638118","238.5659265701505","238.5659265701505","238.5659265701505","3.006044221493106","24.379922916325164","3.006044221493106","29.327063729735077","","0.83","7.397999325453682","2.2499201515796092","","1.9122916422896923","0.7999999999999999","6.150041304909581","working_net_combined_queue","21.970252424232562","0.8143392205238342"
"2026-01-20","weekly","EH4000","Plan","165469.5151358005","734.4288405119814","18.0",,"432.0","0.0","432.0","0.0","49.13143014907837","24.886456127480102","357.9821033477783","0.0","357.9821033477783","85.91570288310115","225.3036727430927","225.3036727430927","225.3036727430927","3.0466077217587304","26.42678818860853","3.0466077217587304","32.34127864747957","","0.5999999999999999","6.917089659208743","3.1411798900936545","","2.2207407525684317","1.1800000000000002","5.652109964420642","working_net_combined_queue","21.66112026629146","0.8286622762680054"
"2026-01-20","weekly","EH5000","Plan","288319.43899031496","987.3953390079286","22.0",,"528.0","0.0","528.0","0.0","71.43285870552063","82.18208869862896","374.38507175445557","0.0","374.38507175445557","56.157762994677256","291.99999999999983","291.99999999999983","291.99999999999983","2.4663803974940333","24.974656853679225","2.466380397494033","30.39089851837838","","0.7000000000000001","5.925319603654191","1.6880884328101138","","1.8861928691696839","1.4799999999999993","4.869313875670766","working_net_combined_queue","18.858914781304772","0.7090626358985901"
"2026-01-21","weekly","CAT793","Plan","562946.1671049821","2356.984642918336","53.0",,"1272.0","0.0","1272.0","0.0","113.34286165237427","122.81765521456003","1035.8394885063171","0.0","1035.8394885063171","163.66264671638118","238.84167798732955","238.84167798732955","238.84167798732955","3.062698674073331","24.773534340541303","3.0626986740733306","29.40595320953916","","0.8300000000000005","7.417670725475688","2.2596336924124647","","1.913859551819157","0.8000000000000009","6.24914006816784","working_net_combined_queue","22.100304037875127","0.8143392205238342"
"2026-01-21","weekly","EH4000","Plan","162524.53643746965","721.8914644740317","18.0",,"432.0","0.0","432.0","0.0","49.13143014907837","24.886456127480102","357.9821033477783","0.0","357.9821033477783","85.91570288310115","225.13708006768664","225.13708006768664","225.13708006768664","3.222852549058971","26.982921194962415","3.222852549058971","32.88862491595574","","0.6000000000000002","7.166427665350026","3.1245447743307646","","2.263396996088283","1.18","5.879575489631531","working_net_combined_queue","22.16394492540059","0.8286622762680054"
"2026-01-21","weekly","EH5000","Plan","280035.7466472721","959.0265296139453","22.0",,"528.0","0.0","528.0","0.0","71.43285870552063","82.18208869862896","374.38507175445557","0.0","374.38507175445557","56.157762994677256","292.00000000000006","292.00000000000006","292.00000000000006","2.536761136913785","24.027093101149703","2.536761136913784","29.564719470238114","","0.7000000000000002","6.33475167279158","1.724024739251013","","1.884770106498793","1.4800000000000002","5.148219598973289","working_net_combined_queue","19.581766117514647","0.7090626358985901"
"2026-01-22","weekly","CAT793","Plan","550589.3826671985","2303.367639570098","53.0",,"1272.0","0.0","1272.0","0.0","113.34286165237427","122.81765521456003","1035.8394885063171","0.0","1035.8394885063171","163.66264671638118","239.0366927139607","239.0366927139607","239.0366927139607","3.255579967553767","25.13933753333775","3.255579967553767","29.812886749302645","","0.8300000000000014","7.770085341118829","2.191376050638499","","1.929457903750692","0.8000000000000007","6.552025628910125","working_net_combined_queue","22.702944924418162","0.8143392205238342"
"2026-01-22","weekly","EH4000","Plan","175481.11543791616","776.2436318580824","18.0",,"432.0","0.0","432.0","0.0","49.13143014907837","24.886456127480102","357.9821033477783","0.0","357.9821033477783","85.91570288310115","226.06448315443146","226.06448315443146","226.06448315443146","2.816123735328763","25.86846258150851","2.816123735328763","31.209920196686593","","0.5999999999999998","6.531792277462532","2.9321593939326327","","2.2251542586277044","1.1799999999999995","5.413901190867647","working_net_combined_queue","20.83300712089049","0.8286622762680054"
"2026-01-22","weekly","EH5000","Plan","307701.8496391022","1053.7734576681598","22.0",,"528.0","0.0","528.0","0.0","71.43285870552063","82.18208869862896","374.38507175445557","0.0","374.38507175445557","56.157762994677256","291.99999999999955","291.99999999999955","291.99999999999955","1.9493750379473502","20.969342824288933","1.9493750379473502","25.37253995114987","","0.6999999999999997","5.577785782650401","1.5519560787724225","","1.8897520086052948","1.4799999999999998","4.6098066059618255","working_net_combined_queue","18.11930047598993","0.7090626358985901"
"2026-01-23","weekly","CAT793","Plan","596121.1710851693","2479.0679983669716","53.0",,"1272.0","0.0","1272.0","0.0","113.34286165237427","122.81765521456003","1035.8394885063171","0.0","1035.8394885063171","163.66264671638118","240.46180721055262","240.46180721055262","240.46180721055262","2.7042966702335454","24.159695586336912","2.7042966702335454","29.068292745630213","","0.8300000000000004","6.716053173524866","2.220881963733461","","1.9629078941608993","0.8000000000000005","5.581951497251405","working_net_combined_queue","20.741794528670635","0.8143392205238342"
"2026-01-23","weekly","EH4000","Plan","153469.91410005206","672.4561028405273","18.0",,"432.0","0.0","432.0","0.0","49.13143014907837","24.886456127480102","357.9821033477783","0.0","357.9821033477783","85.91570288310115","228.2229478649663","228.2229478649663","228.2229478649663","2.7259331317605815","24.771806682019157","2.7259331317605815","31.22673214524637","","0.6","6.602505420985442","2.668080402992245","","2.1662191357676934","1.1799999999999995","5.237691447983709","working_net_combined_queue","20.404496407729077","0.8286622762680054"
"2026-01-23","weekly","EH5000","Plan","318321.72555814165","1090.1428957470603","22.0",,"528.0","0.0","528.0","0.0","71.43285870552063","82.18208869862896","374.38507175445557","0.0","374.38507175445557","56.157762994677256","292.00000000000006","292.00000000000006","292.00000000000006","1.6762084162466753","19.172436139560226","1.6762084162466753","23.37675408426268","","0.7000000000000001","5.245682094998879","1.5795542024055103","","1.8973223543241395","1.4799999999999993","4.302244212874118","working_net_combined_queue","17.51480286460265","0.7090626358985901"
"2026-01-24","weekly","CAT793","Plan","574204.8335552784","2394.6340461853","53.0",,"1272.0","0.0","1272.0","0.0","108.22114589810371","123.36055707810188","1040.4182921648026","0.0","1040.4182921648026","164.38609772771787","239.78813567358992","239.78813567358992","239.78813567358992","2.814425724817401","24.218450819240022","2.814425724817401","28.75764056748711","","0.8300000000000002","6.972598897816004","2.337033134068769","","1.773198340243246","0.8","5.872023579012269","working_net_combined_queue","21.21485395114026","0.8179389089345932"
"2026-01-24","weekly","EH4000","Plan","115488.94575018574","505.6797653771385","18.0",,"432.0","0.0","432.0","0.0","46.89257284998894","25.031981846583065","360.07543659210205","0.0","360.07543659210205","86.41810285050931","228.3835614107547","228.3835614107547","228.3835614107547","3.632606429910468","29.442966128271433","3.6326064299104672","36.15464739663185","","0.6","7.402664013030405","2.870973200585139","","2.2203735005674665","1.1799999999999997","6.028447281024589","working_net_combined_queue","22.252457995207603","0.8335079550743103"
"2026-01-24","weekly","EH5000","Plan","332371.69879002863","1138.2592424316065","24.0",,"576.0","0.0","576.0","0.0","71.11706614494324","90.87893170511437","414.0040168762207","0.0","414.0040168762207","62.10060499908934","291.9999999999996","291.9999999999996","291.9999999999996","2.3199221714688174","20.93324828468516","2.3199221714688174","27.25607297411891","","0.7000000000000001","6.64948546900697","1.5095683025911562","","0.793555543011774","1.4799999999999998","5.1069473735377215","working_net_combined_queue","18.54955668814761","0.7187569737434387"
"2026-01-25","weekly","CAT793","Plan","574322.2655551931","2396.3619443017437","53.0",,"1272.0","0.0","1272.0","0.0","113.34286165237427","122.81765521456003","1035.8394885063171","0.0","1035.8394885063171","163.66264671638118","239.6642405880553","239.6642405880553","239.6642405880553","2.55666462250846","23.52465922455356","2.55666462250846","28.11472369823697","","0.8300000000000002","6.520811880258757","2.3375609677586415","","1.7274237345247887","0.7999999999999997","5.456211449807955","working_net_combined_queue","20.30200803235014","0.8143392205238342"
"2026-01-25","weekly","EH4000","Plan","116460.74264592474","509.33593545311095","18.0",,"432.0","0.0","432.0","0.0","49.13143014907837","24.886456127480102","357.9821033477783","0.0","357.9821033477783","85.91570288310115","228.6521223803303","228.6521223803303","228.6521223803303","2.6358650499347656","26.39963046573565","2.6358650499347642","31.905380604008474","","0.6","5.99068624090602","2.9672095871160336","","1.9749127091534624","1.18","4.956903820047715","working_net_combined_queue","19.61971235722322","0.8286622762680054"
"2026-01-25","weekly","EH5000","Plan","341301.929472499","1168.842224220889","24.0",,"576.0","0.0","576.0","0.0","77.92675495147705","89.65318767123159","408.4200782775879","0.0","408.4200782775879","61.26301417601155","291.9999999999995","291.9999999999995","291.9999999999995","1.9954361532132647","20.651265899405892","1.9954361532132647","26.686724162736922","","0.6999999999999998","5.797522039374847","1.5205615992721304","","0.783596280437137","1.4799999999999993","4.486356904005901","working_net_combined_queue","17.07803682308999","0.7090626358985901"
"2026-01-26","weekly","CAT793","Plan","636705.9605434244","2661.7993592137564","53.0",,"1272.0","0.0","1272.0","0.0","113.34286165237427","122.81765521456003","1035.8394885063171","0.0","1035.8394885063171","163.66264671638118","239.2013351192236","239.2013351192236","239.2013351192236","2.1878995609143317","23.058278127142785","2.1878995609143317","27.41419670103694","","0.8300000000000006","5.693138617333801","2.3313375547288286","","1.8312793497574273","0.8000000000000006","4.788539860804839","working_net_combined_queue","18.904295382624884","0.8143392205238342"
"2026-01-26","weekly","EH4000","Plan","143823.0150154464","631.8506887627618","18.0",,"432.0","0.0","432.0","0.0","49.13143014907837","24.886456127480102","357.9821033477783","0.0","357.9821033477783","85.91570288310115","227.62183783809564","227.62183783809564","227.62183783809564","2.365385752463529","26.379865482490175","2.3653857524635287","30.83109458305775","","0.6000000000000002","5.379979865402053","3.0201725500931658","","2.075043464934614","1.18","4.603247048705208","working_net_combined_queue","18.808442929135037","0.8286622762680054"
"2026-01-26","weekly","EH5000","Plan","355435.4161468797","1217.2445758454808","24.0",,"576.0","0.0","576.0","0.0","77.92675495147705","89.65318767123159","408.4200782775879","0.0","408.4200782775879","61.26301417601155","291.99999999999943","291.99999999999943","291.99999999999943","2.0008198146115816","20.54835916035302","2.0008198146115816","26.817173138929586","","0.6999999999999998","5.842276161316253","1.5478016223916446","","0.7552891877381301","1.4799999999999998","4.476578804737012","working_net_combined_queue","17.11194577618303","0.7090626358985901"
"2026-01-27","weekly","CAT793","Plan","636864.0840626926","2660.698286843806","53.0",,"1272.0","0.0","1272.0","0.0","113.34286165237427","122.81765521456003","1035.8394885063171","0.0","1035.8394885063171","163.66264671638118","239.35975274301336","239.35975274301336","239.35975274301336","2.0970647238049844","22.53927131854241","2.097064723804985","26.967976057251732","","0.8299999999999995","5.582429070135349","2.3599651373506574","","1.9218691856764076","0.8000000000000002","4.665677660095105","working_net_combined_queue","18.789941053257515","0.8143392205238342"
"2026-01-27","weekly","EH4000","Plan","131845.654886474","580.8389757240767","18.0",,"432.0","0.0","432.0","0.0","49.13143014907837","24.886456127480102","357.9821033477783","0.0","357.9821033477783","85.91570288310115","226.99174882696974","226.99174882696974","226.99174882696974","1.7995951397380348","23.1797727664414","1.7995951397380348","27.228328363634795","","0.6000000000000001","4.658186664392341","2.931393022805734","","2.1385797374289415","1.1799999999999997","3.9655650887658114","working_net_combined_queue","17.423724513392827","0.8286622762680054"
"2026-01-27","weekly","EH5000","Plan","353605.5109478763","1210.9777772187547","24.0",,"576.0","0.0","576.0","0.0","77.92675495147705","89.65318767123159","408.4200782775879","0.0","408.4200782775879","61.26301417601155","291.99999999999994","291.99999999999994","291.99999999999994","1.8933916022572206","19.799870066165653","1.8933916022572206","25.899221873307095","","0.6999999999999996","5.737587961729142","1.5266946077381756","","1.0598502116388848","1.4799999999999993","4.3863671538533024","working_net_combined_queue","17.200499934959502","0.7090626358985901"
"2026-01-28","weekly","CAT793","Plan","604207.2183078276","2521.5081581897525","53.0",,"1272.0","0.0","1272.0","0.0","113.34286165237427","122.81765521456003","1035.8394885063171","0.0","1035.8394885063171","163.66264671638118","239.62136166222106","239.62136166222106","239.62136166222106","2.3736836841638835","23.345654151021648","2.3736836841638835","27.654291568562925","","0.8299999999999996","6.100536747804105","2.3299831345593254","","1.9115559437350105","0.8","5.150051329166413","working_net_combined_queue","19.752127155264855","0.8143392205238342"
"2026-01-28","weekly","EH4000","Plan","131713.21923085552","578.3836273040918","18.0",,"432.0","0.0","432.0","0.0","49.13143014907837","24.886456127480102","357.9821033477783","0.0","357.9821033477783","85.91570288310115","227.7263964832217","227.7263964832217","227.7263964832217","2.0948033824069023","23.802628435112528","2.0948033824069023","28.594500773544556","","0.5999999999999999","5.280433767516397","3.021284733838055","","2.1493154487235637","1.18","4.395537587447585","working_net_combined_queue","18.5765715375256","0.8286622762680054"
"2026-01-28","weekly","EH5000","Plan","342421.4871536059","1172.676325868513","24.0",,"576.0","0.0","576.0","0.0","77.92675495147705","89.65318767123159","408.4200782775879","0.0","408.4200782775879","61.26301417601155","292.0000000000001","292.0000000000001","292.0000000000001","1.9411160029960448","19.914549426792714","1.9411160029960448","26.001977162854345","","0.7000000000000001","5.848335188697261","1.517411989885362","","1.4273902577965454","1.4800000000000004","4.479157852124566","working_net_combined_queue","17.76229528850374","0.7090626358985901"
"2026-01-29","weekly","CAT793","Plan","604859.6861963705","2521.6591655174166","53.0",,"1272.0","0.0","1272.0","0.0","113.34286165237427","122.81765521456003","1035.8394885063171","0.0","1035.8394885063171","163.66264671638118","239.86575762004696","239.86575762004696","239.86575762004696","2.456637283493657","23.766797054864146","2.4566372834936563","28.72214279130288","","0.8300000000000003","6.201855330752391","2.2814915461860807","","1.8700522285438799","0.7999999999999998","5.1318677050185775","working_net_combined_queue","19.74526681050091","0.8143392205238342"
"2026-01-29","weekly","EH4000","Plan","128621.7115638496","564.5009375023026","18.0",,"432.0","0.0","432.0","0.0","49.13143014907837","24.886456127480102","357.9821033477783","0.0","357.9821033477783","85.91570288310115","227.85030638381352","227.85030638381352","227.85030638381352","2.318098590794419","23.242299668501122","2.318098590794419","29.184400667872282","","0.5999999999999998","5.984171851813779","3.184849012853362","","2.160624930717472","1.1799999999999995","4.765762265619462","working_net_combined_queue","19.825408061004058","0.8286622762680054"
"2026-01-29","weekly","EH5000","Plan","318913.3796205107","1092.169108289419","24.0",,"576.0","0.0","576.0","0.0","77.92675495147705","89.65318767123159","408.4200782775879","0.0","408.4200782775879","61.26301417601155","292.0000000000003","292.0000000000003","292.0000000000003","2.0299231779192515","20.603708995495047","2.0299231779192515","26.54773872923473","","0.7000000000000001","5.91133327993447","1.5042411154313746","","1.3711511907324765","1.48","4.587787755385446","working_net_combined_queue","17.864513341483757","0.7090626358985901"
"2026-01-30","weekly","CAT793","Plan","562696.7345148165","2343.4532879981653","53.0",,"1272.0","0.0","1272.0","0.0","113.34286165237427","122.81765521456003","1035.8394885063171","0.0","1035.8394885063171","163.66264671638118","240.11433784348472","240.11433784348472","240.11433784348472","3.0430555623917184","24.78289689754381","3.0430555623917184","29.457908630475046","","0.8300000000000004","7.36731200143106","2.2492946006489194","","1.8485024757284925","0.7999999999999999","6.198109174478715","working_net_combined_queue","21.923218252287175","0.8143392205238342"
"2026-01-30","weekly","EH4000","Plan","175417.79130951615","768.9983384636324","18.0",,"432.0","0.0","432.0","0.0","49.13143014907837","24.886456127480102","357.9821033477783","0.0","357.9821033477783","85.91570288310115","228.11205504030102","228.11205504030102","228.11205504030102","2.300916899435101","24.86564843194127","2.300916899435101","29.53653287037687","","0.6000000000000001","5.552037556710845","3.146465476221433","","2.1478142994296068","1.1800000000000002","4.674042636350383","working_net_combined_queue","19.250359968712264","0.8286622762680054"
"2026-01-30","weekly","EH5000","Plan","319555.94650981494","1094.369679828134","24.0",,"576.0","0.0","576.0","0.0","77.92675495147705","89.65318767123159","408.4200782775879","0.0","408.4200782775879","61.26301417601155","291.99999999999983","291.99999999999983","291.99999999999983","2.060938407183975","20.172627735757956","2.060938407183975","26.269711138513067","","0.6999999999999996","6.129905635042559","1.5163825619010587","","1.494037581432512","1.4799999999999998","4.70718173409035","working_net_combined_queue","18.337507512466473","0.7090626358985901"
"2026-01-31","weekly","CAT793","Plan","612493.8905670828","2556.247187189807","53.0",,"1272.0","0.0","1272.0","0.0","79.9314277768135","126.35926716354847","1065.7093062400818","0.0","1065.7093062400818","168.3820781355223","239.60667561278524","239.60667561278524","239.60667561278524","2.630655499945648","24.485979136100394","2.630655499945648","29.447536617554412","","0.8300000000000002","6.44611061372799","2.240131404250625","","1.708015224750003","0.7999999999999999","5.360018124661976","working_net_combined_queue","20.01427536739061","0.8378217816352844"
"2026-01-31","weekly","EH4000","Plan","128246.53638162147","564.0947725472766","18.0",,"432.0","0.0","432.0","0.0","34.34857249259949","25.84734183990615","371.80409717559814","0.0","371.80409717559814","89.23298132763095","227.34927289345364","227.34927289345364","227.34927289345364","2.8358509530559015","28.440988937540787","2.8358509530559","34.79977965773333","","0.6000000000000004","5.982599886277603","3.0436680840357657","","1.89506450399956","1.18","4.889429153197021","working_net_combined_queue","19.54076162750995","0.8606576323509216"
"2026-01-31","weekly","EH5000","Plan","357007.71829950286","1222.6291722585702","24.0",,"576.0","0.0","576.0","0.0","51.78714323043823","70.76873847598773","453.4441108703613","0.0","453.4441108703613","68.01661933329171","292.0000000000003","292.0000000000003","292.0000000000003","2.4457583302195145","22.15868241957647","2.445758330219514","29.054539857202943","","0.6999999999999998","6.622483098702928","1.5716937807608444","","1.1798209313365722","1.4800000000000006","5.050690891488719","working_net_combined_queue","18.914688702289073","0.7872293591499329"
"2026-02-01","weekly","CAT793","Plan","566259.7921918376","2358.677206602361","53.0",,"1272.0","0.0","1272.0","0.0","79.9314277768135","126.35926716354847","1065.7093062400818","0.0","1065.7093062400818","168.3820781355223","240.07515339817368","240.07515339817368","240.07515339817368","2.7816996776950225","24.45819920733473","2.7816996776950225","29.426215188377693","","0.8299999999999991","6.823968487902796","2.2519182114456147","","1.9215526226899013","0.7999999999999995","5.671880654485993","working_net_combined_queue","20.92931997652431","0.8378217816352844"
"2026-02-01","weekly","EH4000","Plan","123345.96792587591","538.9048001970328","18.0",,"432.0","0.0","432.0","0.0","34.34857249259949","25.84734183990615","371.80409717559814","0.0","371.80409717559814","89.23298132763095","228.88266699568925","228.88266699568925","228.88266699568925","2.9230684303408476","24.738219956476662","2.923068430340847","30.82016298332458","","0.6000000000000001","7.089600873830613","3.0529653196497666","","2.1975685609254705","1.1800000000000004","5.690563866107502","working_net_combined_queue","21.760698620513338","0.8606576323509216"
"2026-02-01","weekly","EH5000","Plan","339802.13142316794","1163.705929531395","24.0",,"576.0","0.0","576.0","0.0","51.78714323043823","70.76873847598773","453.4441108703613","0.0","453.4441108703613","68.01661933329171","292.0000000000005","292.0000000000005","292.0000000000005","2.1540707962838517","20.641538712471036","2.1540707962838517","26.761020845968662","","0.7000000000000002","6.261366925080318","1.543712670011324","","1.9197496926157889","1.4800000000000009","4.829570909156881","working_net_combined_queue","19.044400196864338","0.7872293591499329"
"2026-02-02","weekly","CAT793","Plan","614392.2838948328","2562.208133609287","53.0",,"1272.0","0.0","1272.0","0.0","79.9314277768135","126.35926716354847","1065.7093062400818","0.0","1065.7093062400818","168.3820781355223","239.7901543733535","239.7901543733535","239.7901543733535","2.567105440013166","24.61125841208997","2.567105440013166","29.359091534542756","","0.8299999999999998","6.258368581637681","2.358311375791683","","1.8330079968003343","0.7999999999999996","5.2462906156196505","working_net_combined_queue","19.955978569849343","0.8378217816352844"
"2026-02-02","weekly","EH4000","Plan","120974.98679751813","529.6264870457046","18.0",,"432.0","0.0","432.0","0.0","34.34857249259949","25.84734183990615","371.80409717559814","0.0","371.80409717559814","89.23298132763095","228.41566605236358","228.41566605236358","228.41566605236358","3.158398192549053","28.149567179542277","3.1583981925490523","33.83124763658798","","0.5999999999999996","6.732035712814274","3.0353977737504536","","2.050115498096396","1.18","5.6014455508285055","working_net_combined_queue","21.148994535489614","0.8606576323509216"
"2026-02-02","weekly","EH5000","Plan","358548.2233691305","1227.9048745518196","24.0",,"576.0","0.0","576.0","0.0","51.78714323043823","70.76873847598773","453.4441108703613","0.0","453.4441108703613","68.01661933329171","291.9999999999993","291.9999999999993","291.9999999999993","2.3132242605916287","21.706913989967827","2.313224260591629","27.903864382971186","","0.6999999999999997","6.3939745511334865","1.5504424464030278","","1.425017715502969","1.4799999999999998","4.973986890511081","working_net_combined_queue","18.83342160355056","0.7872293591499329"
"2026-02-03","weekly","CAT793","Plan","552066.4586827138","2306.459461940048","53.0",,"1272.0","0.0","1272.0","0.0","79.9314277768135","126.35926716354847","1065.7093062400818","0.0","1065.7093062400818","168.3820781355223","239.35667103307782","239.35667103307782","239.35667103307782","3.3011950462265522","26.68764482026483","3.3011950462265536","31.205428637697715","","0.8299999999999994","7.421850227232889","2.383344275746402","","1.8403684027304998","0.7999999999999996","6.347347606509488","working_net_combined_queue","22.25291051221928","0.8378217816352844"
"2026-02-03","weekly","EH4000","Plan","126246.08375179807","556.090259922992","18.0",,"432.0","0.0","432.0","0.0","34.34857249259949","25.84734183990615","371.80409717559814","0.0","371.80409717559814","89.23298132763095","227.02444701923167","227.02444701923167","227.02444701923167","3.2968976364863556","27.79043844617586","3.2968976364863547","33.839113826349205","","0.6","7.1180545989695165","3.0637292737202695","","1.971309078713863","1.18","5.845716267993736","working_net_combined_queue","21.72880921939737","0.8606576323509216"
"2026-02-03","weekly","EH5000","Plan","360700.582719624","1235.2759682178907","24.0",,"576.0","0.0","576.0","0.0","51.78714323043823","70.76873847598773","453.4441108703613","0.0","453.4441108703613","68.01661933329171","291.9999999999999","291.9999999999999","291.9999999999999","2.26638681239015","21.280490546321587","2.2663868123901496","27.52294869982278","","0.7","6.390041077643964","1.5582765251497697","","1.3420009632450476","1.4800000000000009","4.940720931703243","working_net_combined_queue","18.72103949774203","0.7872293591499329"
"2026-02-04","weekly","CAT793","Plan","571309.9417403096","2392.93764673251","53.0",,"1272.0","0.0","1272.0","0.0","79.9314277768135","126.35926716354847","1065.7093062400818","0.0","1065.7093062400818","168.3820781355223","238.7483612539664","238.7483612539664","238.7483612539664","3.1901231466205147","25.836900017585553","3.1901231466205147","30.395878155588733","","0.8300000000000003","7.40829544825238","2.2248707440015743","","1.8530783243867657","0.8000000000000005","6.29714949564758","working_net_combined_queue","22.043394012288303","0.8378217816352844"
"2026-02-04","weekly","EH4000","Plan","167861.0376435923","741.4244084211994","18.0",,"432.0","0.0","432.0","0.0","34.34857249259949","25.84734183990615","371.80409717559814","0.0","371.80409717559814","89.23298132763095","226.40344145270078","226.40344145270078","226.40344145270078","3.120873118679076","27.488325989819124","3.120873118679076","33.323346166578","","0.5999999999999999","6.812069501434805","3.0857179792459553","","2.037089442103027","1.18","5.61925522679206","working_net_combined_queue","21.28413214957583","0.8606576323509216"
"2026-02-04","weekly","EH5000","Plan","350328.989545121","1199.7568135106883","24.0",,"576.0","0.0","576.0","0.0","51.78714323043823","70.76873847598773","453.4441108703613","0.0","453.4441108703613","68.01661933329171","292.0","292.0","292.0","2.387567723786575","21.623292350735216","2.387567723786575","27.82731114845302","","0.6999999999999997","6.624988512552932","1.5743214760633024","","1.4380049884060724","1.4799999999999995","5.147966422733527","working_net_combined_queue","19.275281399755823","0.7872293591499329"
"2026-02-05","weekly","CAT793","Plan","561326.3034981536","2351.754049776729","53.0",,"1272.0","0.0","1272.0","0.0","79.9314277768135","126.35926716354847","1065.7093062400818","0.0","1065.7093062400818","168.3820781355223","238.68410200099146","238.68410200099146","238.68410200099146","3.0154018203892754","25.062541796347166","3.0154018203892754","29.544835832698215","","0.8299999999999995","7.218905037386351","2.238245340124911","","1.858360725284026","0.7999999999999995","6.123713472224544","working_net_combined_queue","21.699224575019834","0.8378217816352844"
"2026-02-05","weekly","EH4000","Plan","137012.93162483882","603.7257069227658","18.0",,"432.0","0.0","432.0","0.0","34.34857249259949","25.84734183990615","371.80409717559814","0.0","371.80409717559814","89.23298132763095","226.9456643203149","226.9456643203149","226.9456643203149","2.794441171131776","26.163060825887705","2.794441171131776","31.708820249217492","","0.5999999999999996","6.4085189184747335","3.1738901789462766","","2.2185643523765117","1.1799999999999993","5.28769184567957","working_net_combined_queue","20.818665295477086","0.8606576323509216"
"2026-02-05","weekly","EH5000","Plan","301302.8179728825","1031.8589656605548","24.0",,"576.0","0.0","576.0","0.0","51.78714323043823","70.76873847598773","453.4441108703613","0.0","453.4441108703613","68.01661933329171","292.00000000000045","292.00000000000045","292.00000000000045","2.96288714922763","24.152777419960255","2.962887149227629","30.90584746012168","","0.7000000000000001","7.360363815001378","1.6725905607313827","","1.2209641675280876","1.4800000000000002","5.752090415350734","working_net_combined_queue","20.496008958611586","0.7872293591499329"
"2026-02-06","weekly","CAT793","Plan","541708.4626972278","2266.6621000762916","53.0",,"1272.0","0.0","1272.0","0.0","79.9314277768135","126.35926716354847","1065.7093062400818","0.0","1065.7093062400818","168.3820781355223","238.98950914606766","238.98950914606766","238.98950914606766","3.2557428302800884","25.400886497109482","3.2557428302800884","30.10005348171887","","0.8300000000000005","7.690462686766256","2.2738333266219537","","1.83107471185017","0.8000000000000004","6.489841286675684","working_net_combined_queue","22.545212011914053","0.8378217816352844"
"2026-02-06","weekly","EH4000","Plan","107814.36925176755","473.461125455212","18.0",,"432.0","0.0","432.0","0.0","34.34857249259949","25.84734183990615","371.80409717559814","0.0","371.80409717559814","89.23298132763095","227.71535709105743","227.71535709105743","227.71535709105743","3.3978000166618996","25.544148409389766","3.3978000166618996","31.7302524461624","","0.6000000000000001","7.981005971793296","3.170201242353261","","2.23398682403032","1.1800000000000002","6.425035582229372","working_net_combined_queue","23.540229620406244","0.8606576323509216"
"2026-02-06","weekly","EH5000","Plan","290811.2597363353","995.928971699778","24.0",,"576.0","0.0","576.0","0.0","51.78714323043823","70.76873847598773","453.4441108703613","0.0","453.4441108703613","68.01661933329171","292.0000000000001","292.0000000000001","292.0000000000001","3.408646296539298","23.85894048788474","3.408646296539298","31.086629825090913","","0.7000000000000001","8.571997482294314","1.705594898409384","","1.4695143881158603","1.4799999999999998","6.578994858660584","working_net_combined_queue","22.816101627480148","0.7872293591499329"
"2026-02-07","weekly","CAT793","Plan","550130.0177422817","2285.1112797617","53.0",,"1272.0","0.0","1272.0","0.0","87.76799780130386","125.52859075076151","1058.703426361084","0.0","1058.703426361084","230.79734139359584","240.74539503373825","240.74539503373825","240.74539503373825","3.137998778629792","26.187391531507163","3.137998778629792","31.28000130291613","","0.8299999999999991","7.189716718874422","2.34506389351562","","1.5293822971025943","0.7999999999999995","6.019178992177177","working_net_combined_queue","21.3433419016698","0.8323140144348145"
"2026-02-07","weekly","EH4000","Plan","148419.73243516753","650.3677850271185","18.0",,"432.0","0.0","432.0","0.0","56.5919988155365","24.401519181947705","351.0064888000488","0.0","351.0064888000488","103.19590762352789","228.20892401516912","228.20892401516912","228.20892401516912","2.89376650867725","25.932409840950108","2.893766508677249","31.67752918841134","","0.6","6.695328031044018","2.9486556717158106","","2.0026738190521973","1.1799999999999997","5.481045869706054","working_net_combined_queue","20.857703391518072","0.8125150203704834"
"2026-02-07","weekly","EH5000","Plan","296159.04438484943","1014.2433026878392","24.0",,"576.0","0.0","576.0","0.0","84.67199993133545","66.3292826449585","424.998722076416","0.0","424.998722076416","89.67472843289954","292.0000000000004","292.0000000000004","292.0000000000004","2.4862731352162997","21.06864344412641","2.4862731352162997","26.672338238153408","","0.7000000000000001","7.080493269943581","1.4767962477769911","","1.196681936007024","1.4800000000000002","5.59292502895711","working_net_combined_queue","19.836896482684704","0.7378450036048889"
"2026-02-08","weekly","CAT793","Plan","521011.29028116143","2173.6778528840227","53.0",,"1272.0","0.0","1272.0","0.0","87.76799780130386","125.52859075076151","1058.703426361084","0.0","1058.703426361084","230.79734139359584","239.69112515448725","239.69112515448725","239.69112515448725","3.6143738902353624","26.720349192893284","3.614373890235362","31.353522320322575","","0.8299999999999996","8.116002970193213","2.2233687491810685","","1.3366231847402767","0.8000000000000002","6.916684868722289","working_net_combined_queue","22.852679772836844","0.8323140144348145"
"2026-02-08","weekly","EH4000","Plan","189234.0080613762","829.5278661026905","18.0",,"432.0","0.0","432.0","0.0","56.5919988155365","24.401519181947705","351.0064888000488","0.0","351.0064888000488","103.19590762352789","228.1225451176708","228.1225451176708","228.1225451176708","1.879298906558191","23.521306793503662","1.8792989065581909","27.72534001477494","","0.5999999999999999","4.793863512066176","3.1289043122957465","","2.204482488076289","1.1799999999999995","4.06696308623816","working_net_combined_queue","17.924213398676354","0.8125150203704834"
"2026-02-08","weekly","EH5000","Plan","328576.20780164","1125.2609856220554","24.0",,"576.0","0.0","576.0","0.0","84.67199993133545","66.3292826449585","424.998722076416","0.0","424.998722076416","89.67472843289954","291.99999999999983","291.99999999999983","291.99999999999983","2.235470929662166","21.020865781232136","2.235470929662166","27.59150235040175","","0.6999999999999997","6.380719860714893","1.551352893913821","","0.5965093855457619","1.4799999999999995","4.86121611198808","working_net_combined_queue","17.879798252162555","0.7378450036048889"
"2026-02-09","weekly","CAT793","Plan","513222.6397968393","2139.991904738884","53.0",,"1272.0","0.0","1272.0","0.0","87.76799780130386","125.52859075076151","1058.703426361084","0.0","1058.703426361084","230.79734139359584","239.82457067259858","239.82457067259858","239.82457067259858","3.652758932846384","26.37878851008111","3.652758932846385","30.9787875980178","","0.8299999999999994","8.308400360654362","2.1967401798638084","","1.3632095387929501","0.8000000000000005","7.07469700927891","working_net_combined_queue","23.203047088590026","0.8323140144348145"
"2026-02-09","weekly","EH4000","Plan","188287.7431860314","827.3393360518373","18.0",,"432.0","0.0","432.0","0.0","56.5919988155365","24.401519181947705","351.0064888000488","0.0","351.0064888000488","103.19590762352789","227.5822446501373","227.5822446501373","227.5822446501373","2.0453682563663538","25.02837795646557","2.0453682563663524","29.440682669145414","","0.5999999999999998","4.90331796952421","3.083685597115706","","2.024499583821728","1.1799999999999995","4.16845277540378","working_net_combined_queue","17.909955925865418","0.8125150203704834"
"2026-02-09","weekly","EH5000","Plan","308000.0714609378","1054.7947652771838","24.0",,"576.0","0.0","576.0","0.0","84.67199993133545","66.3292826449585","424.998722076416","0.0","424.998722076416","89.67472843289954","292.0000000000001","292.0000000000001","292.0000000000001","2.581126598988227","21.82926755997628","2.5811265989882264","28.65249320572582","","0.7000000000000002","7.094493459929074","1.5118954785192058","","0.5728499869359949","1.4799999999999995","5.405030369515814","working_net_combined_queue","19.074269294900095","0.7378450036048889"
"2026-02-10","weekly","CAT793","Plan","536410.7107595354","2241.818397726256","53.0",,"1272.0","0.0","1272.0","0.0","87.76799780130386","125.52859075076151","1058.703426361084","0.0","1058.703426361084","230.79734139359584","239.2748276593613","239.2748276593613","239.2748276593613","3.4214608266359083","26.18833515551878","3.4214608266359083","30.621444235818387","","0.8300000000000003","7.8388965308049885","2.141453314755705","","1.1254210062880776","0.8000000000000003","6.704048575149382","working_net_combined_queue","22.069819426998144","0.8323140144348145"
"2026-02-10","weekly","EH4000","Plan","159474.39485997098","695.5680453394472","18.0",,"432.0","0.0","432.0","0.0","56.5919988155365","24.401519181947705","351.0064888000488","0.0","351.0064888000488","103.19590762352789","229.27216960081194","229.27216960081194","229.27216960081194","3.082176495790179","28.00055363953693","3.0821764957901783","34.34742412574477","","0.6","6.604533329165599","2.9722571290483333","","2.12064050580908","1.1799999999999997","5.384118153093111","working_net_combined_queue","20.81154911711613","0.8125150203704834"
"2026-02-10","weekly","EH5000","Plan","335784.6944295249","1149.9475836627562","24.0",,"576.0","0.0","576.0","0.0","84.67199993133545","66.3292826449585","424.998722076416","0.0","424.998722076416","89.67472843289954","292.00000000000006","292.00000000000006","292.00000000000006","2.1534043470189714","20.762656823241556","2.1534043470189714","27.372905726725214","","0.7","6.222915589324197","1.5766529780254779","","0.4862421314843652","1.48","4.720151456006778","working_net_combined_queue","17.49596215484084","0.7378450036048889"
"2026-02-11","weekly","CAT793","Plan","539851.6921517624","2247.7974034866625","53.0",,"1272.0","0.0","1272.0","0.0","87.76799780130386","125.52859075076151","1058.703426361084","0.0","1058.703426361084","230.79734139359584","240.16919465890186","240.16919465890186","240.16919465890186","2.7575942745263884","24.775185874897527","2.7575942745263884","29.644475576023464","","0.8299999999999997","6.6782811360953165","2.2268085378881595","","1.3771410568541904","0.7999999999999999","5.581331875724066","working_net_combined_queue","20.123562606561723","0.8323140144348145"
"2026-02-11","weekly","EH4000","Plan","114853.09856585132","501.83946930875123","18.0",,"432.0","0.0","432.0","0.0","56.5919988155365","24.401519181947705","351.0064888000488","0.0","351.0064888000488","103.19590762352789","228.86421971562626","228.86421971562626","228.86421971562626","3.073488387582271","27.181612673703135","3.07348838758227","33.775368100814966","","0.5999999999999998","6.7843400415069235","2.876251543423897","","2.1611267190092995","1.18","5.459875454339952","working_net_combined_queue","21.011593758280075","0.8125150203704834"
"2026-02-11","weekly","EH5000","Plan","330730.30706170626","1132.6380378825534","24.0",,"576.0","0.0","576.0","0.0","84.67199993133545","66.3292826449585","424.998722076416","0.0","424.998722076416","89.67472843289954","292.0000000000006","292.0000000000006","292.0000000000006","2.0639335965677783","20.488164228251534","2.0639335965677783","27.474292707691152","","0.6999999999999998","6.044270946603735","1.5743836279850458","","0.8591208469974311","1.48","4.507341357668511","working_net_combined_queue","17.475116779254705","0.7378450036048889"
"2026-02-12","weekly","CAT793","Plan","554910.5080980811","2306.944547883317","53.0",,"1272.0","0.0","1272.0","0.0","87.76799780130386","125.52859075076151","1058.703426361084","0.0","1058.703426361084","230.79734139359584","240.53916190019666","240.53916190019666","240.53916190019666","2.960756560543445","24.247330104944826","2.960756560543445","29.250474573744338","","0.83","7.326389869059397","2.268926040781873","","1.4936769516398043","0.8","6.073248253963847","working_net_combined_queue","21.42224111544493","0.8323140144348145"
"2026-02-12","weekly","EH4000","Plan","164284.75098437825","725.0563000542935","18.0",,"432.0","0.0","432.0","0.0","56.5919988155365","24.401519181947705","351.0064888000488","0.0","351.0064888000488","103.19590762352789","226.5820612441769","226.5820612441769","226.5820612441769","1.8555388605211844","21.472790090526193","1.8555388605211844","27.55477436454666","","0.6","5.1848097597894816","2.976352070674794","","2.118409256542835","1.18","4.040400772597752","working_net_combined_queue","18.049971859604856","0.8125150203704834"
"2026-02-12","weekly","EH5000","Plan","345425.15297215636","1182.962852644373","24.0",,"576.0","0.0","576.0","0.0","84.67199993133545","66.3292826449585","424.998722076416","0.0","424.998722076416","89.67472843289954","291.99999999999955","291.99999999999955","291.99999999999955","1.9258242525304414","19.31294187261722","1.9258242525304414","26.103632688043476","","0.7","5.983006416834808","1.5437022653858712","","0.5643931901348107","1.48","4.4265660849860495","working_net_combined_queue","17.00766795734152","0.7378450036048889"
"2026-02-13","weekly","CAT793","Plan","553092.7833238309","2301.9217798372147","53.0",,"1272.0","0.0","1272.0","0.0","87.76799780130386","125.52859075076151","1058.703426361084","0.0","1058.703426361084","230.79734139359584","240.27436039244742","240.27436039244742","240.27436039244742","2.7593217369571104","23.996203463707438","2.7593217369571104","29.102583712339655","","0.8300000000000002","6.899395750991334","2.263734318340743","","1.7771026955866585","0.7999999999999996","5.688818073813445","working_net_combined_queue","20.88905083873217","0.8323140144348145"
"2026-02-13","weekly","EH4000","Plan","147662.1076031864","653.0473222919777","18.0",,"432.0","0.0","432.0","0.0","56.5919988155365","24.401519181947705","351.0064888000488","0.0","351.0064888000488","103.19590762352789","226.11241568978764","226.11241568978764","226.11241568978764","1.9317905525677668","22.437234315326005","1.9317905525677666","28.389511498708124","","0.5999999999999998","5.165852062029504","3.125345273111382","","2.2177809240891464","1.1799999999999995","4.082755462676433","working_net_combined_queue","18.321733721906472","0.8125150203704834"
"2026-02-13","weekly","EH5000","Plan","303031.79820164776","1037.7801308275602","24.0",,"576.0","0.0","576.0","0.0","84.67199993133545","66.3292826449585","424.998722076416","0.0","424.998722076416","89.67472843289954","292.00000000000017","292.00000000000017","292.00000000000017","2.6236788378845888","23.390171398478873","2.6236788378845883","30.29951482255864","","0.6999999999999997","6.730208496176853","1.6853852114497536","","1.1654383389391072","1.4799999999999998","5.195486831883928","working_net_combined_queue","19.266518878449624","0.7378450036048889"
"2026-02-14","weekly","CAT793","Plan","562947.5990603782","2342.2690325609583","53.0",,"1272.0","0.0","1272.0","0.0","109.84142857789993","123.18880711607157","1038.9697494506836","0.0","1038.9697494506836","164.1572279683536","240.3428433004855","240.3428433004855","240.3428433004855","3.342615628080298","25.367030031632634","3.3426156280802974","30.347045996514037","","0.8299999999999996","7.906204921692598","2.2357529186164204","","1.3491304040083418","0.8000000000000004","6.608779573071323","working_net_combined_queue","22.359867817388686","0.8168001174926758"
"2026-02-14","weekly","EH4000","Plan","189465.64833141843","830.3506775338014","18.0",,"432.0","0.0","432.0","0.0","31.682856917381287","26.020613345939772","374.29651737213135","0.0","374.29651737213135","89.83116216142854","228.1754606308559","228.1754606308559","228.1754606308559","2.5277043668556574","24.304945405593877","2.527704366855657","30.572732673030313","","0.6","6.239975423949472","3.0448582777852384","","2.157944029752835","1.1800000000000002","4.960703501166844","working_net_combined_queue","20.133481232654393","0.8664271235466003"
"2026-02-14","weekly","EH5000","Plan","252294.73075111443","864.0230505175151","24.0",,"576.0","0.0","576.0","0.0","54.68285608291626","70.3778172253694","450.9393310546875","0.0","450.9393310546875","67.64090234601099","292.0","292.0","292.0","4.597879453938621","25.074077371724492","4.597879453938621","31.0662069109798","","0.7000000000000002","11.002309801732252","1.7283007525729732","","0.42827254133275994","1.48","8.880156113903139","working_net_combined_queue","26.529039209541125","0.7828807830810547"
"2026-02-15","weekly","CAT793","Plan","522239.9758472357","2167.376612970292","53.0",,"1272.0","0.0","1272.0","0.0","109.84142857789993","123.18880711607157","1038.9697494506836","0.0","1038.9697494506836","164.1572279683536","240.95488191668235","240.95488191668235","240.95488191668235","3.3393110911202974","25.538411298429214","3.339311091120299","30.34075008733655","","0.8299999999999998","7.845384864623167","2.290877819584315","","1.449443885907843","0.7999999999999994","6.603616090257522","working_net_combined_queue","22.449322660372836","0.8168001174926758"
"2026-02-15","weekly","EH4000","Plan","155392.9297449975","683.0170173102902","18.0",,"432.0","0.0","432.0","0.0","31.682856917381287","26.020613345939772","374.29651737213135","0.0","374.29651737213135","89.83116216142854","227.5096019670671","227.5096019670671","227.5096019670671","1.9389879781775663","21.299593442007662","1.9389879781775663","26.972001466481625","","0.6","5.462042221951821","3.202534011575327","","2.1767396606798792","1.1799999999999997","4.313335027629669","working_net_combined_queue","18.884650921836688","0.8664271235466003"
"2026-02-15","weekly","EH5000","Plan","254588.53653433817","871.8785497751294","24.0",,"576.0","0.0","576.0","0.0","54.68285608291626","70.3778172253694","450.9393310546875","0.0","450.9393310546875","67.64090234601099","292.00000000000045","292.00000000000045","292.00000000000045","3.7775933710787806","25.708222499021687","3.777593371078778","33.01207485461321","","0.6999999999999997","8.816463381447399","1.8427286237219254","","1.3710594283098987","1.4799999999999998","6.86583934099656","working_net_combined_queue","23.386090774475786","0.7828807830810547"
"2026-02-16","weekly","CAT793","Plan","555810.715118479","2308.065097634791","53.0",,"1272.0","0.0","1272.0","0.0","109.84142857789993","123.18880711607157","1038.9697494506836","0.0","1038.9697494506836","164.1572279683536","240.81240849231273","240.81240849231273","240.81240849231273","2.9028052835585063","24.491915756153276","2.9028052835585063","29.483136013983405","","0.8299999999999998","7.111257393973064","2.3398271856463926","","1.572064280520424","0.7999999999999998","5.9073877667187435","working_net_combined_queue","21.19053662685862","0.8168001174926758"
"2026-02-16","weekly","EH4000","Plan","105843.87100869293","465.99062853150747","18.0",,"432.0","0.0","432.0","0.0","31.682856917381287","26.020613345939772","374.29651737213135","0.0","374.29651737213135","89.83116216142854","227.1373382384157","227.1373382384157","227.1373382384157","1.5999832069619888","21.313963753382097","1.5999832069619888","26.378399247048275","","0.6000000000000001","4.5040422104727575","3.20472414999714","","1.9351805597799185","1.1800000000000002","3.6393031858618774","working_net_combined_queue","17.013250106111702","0.8664271235466003"
"2026-02-16","weekly","EH5000","Plan","298140.89611783804","1021.0304661569794","24.0",,"576.0","0.0","576.0","0.0","54.68285608291626","70.3778172253694","450.9393310546875","0.0","450.9393310546875","67.64090234601099","292.00000000000006","292.00000000000006","292.00000000000006","2.861152983364564","26.26558776773678","2.861152983364563","32.619524368969564","","0.7","6.535897103081125","1.865245068000187","","1.827542228490731","1.4799999999999995","5.262773824046923","working_net_combined_queue","19.981458223618972","0.7828807830810547"
"2026-02-17","weekly","CAT793","Plan","499550.4968586261","2070.520870506779","53.0",,"1272.0","0.0","1272.0","0.0","109.84142857789993","123.18880711607157","1038.9697494506836","0.0","1038.9697494506836","164.1572279683536","241.26803258754717","241.26803258754717","241.26803258754717","3.718552431167597","26.092224225322013","3.718552431167597","30.822004470407826","","0.8299999999999995","8.550943911233475","2.308760025240059","","1.8128669329217504","0.8000000000000002","7.238761712732425","working_net_combined_queue","24.17133258212769","0.8168001174926758"
"2026-02-17","weekly","EH4000","Plan","129936.78051016314","571.3231831510797","18.0",,"432.0","0.0","432.0","0.0","31.682856917381287","26.020613345939772","374.29651737213135","0.0","374.29651737213135","89.83116216142854","227.4313109324725","227.4313109324725","227.4313109324725","2.1051766572411483","22.788117134049834","2.105176657241148","29.041787135535753","","0.5999999999999999","5.54282737320744","3.1726616263988174","","2.1111393874801605","1.1799999999999995","4.349270891801085","working_net_combined_queue","18.90589927888752","0.8664271235466003"
"2026-02-17","weekly","EH5000","Plan","387698.5582099359","1327.734788390192","24.0",,"576.0","0.0","576.0","0.0","54.68285608291626","70.3778172253694","450.9393310546875","0.0","450.9393310546875","67.64090234601099","291.9999999999999","291.9999999999999","291.9999999999999","2.1604949152938775","24.029164408451937","2.1604949152938766","29.94923748401675","","0.6999999999999998","5.39468175897274","1.6713422176103758","","1.2924597499243031","1.4800000000000002","4.328313700367601","working_net_combined_queue","17.176797426875037","0.7828807830810547"
"2026-02-18","weekly","CAT793","Plan","469897.3182066111","1946.219763746378","53.0",,"1272.0","0.0","1272.0","0.0","109.84142857789993","123.18880711607157","1038.9697494506836","0.0","1038.9697494506836","164.1572279683536","241.44103711190442","241.44103711190442","241.44103711190442","3.5272176197519602","25.952120584477175","3.527217619751961","30.344881658798908","","0.8299999999999998","8.154750071240898","2.4386423001634387","","1.9764930991347798","0.7999999999999999","6.974258774996798","working_net_combined_queue","23.804144245535902","0.8168001174926758"
"2026-02-18","weekly","EH4000","Plan","122513.0902774376","536.9140727955354","18.0",,"432.0","0.0","432.0","0.0","31.682856917381287","26.020613345939772","374.29651737213135","0.0","374.29651737213135","89.83116216142854","228.18006918602848","228.18006918602848","228.18006918602848","2.9084135970900986","24.8954194638106","2.908413597090099","32.2068179511311","","0.6000000000000001","7.009514986444636","3.1395597239053443","","2.2165031573794054","1.18","5.418256969384252","working_net_combined_queue","21.513834837113652","0.8664271235466003"
"2026-02-18","weekly","EH5000","Plan","322537.56055827456","1104.5806868434054","24.0",,"576.0","0.0","576.0","0.0","54.68285608291626","70.3778172253694","450.9393310546875","0.0","450.9393310546875","67.64090234601099","292.00000000000017","292.00000000000017","292.00000000000017","2.2047134674189084","22.487697363968085","2.204713467418908","28.182686312474893","","0.6999999999999998","5.882452342901525","1.6676549026913814","","1.3971434198533597","1.4799999999999989","4.693761502308611","working_net_combined_queue","18.131012167754882","0.7828807830810547"
"2026-02-19","weekly","CAT793","Plan","515055.0098706954","2132.8561175323107","53.0",,"1272.0","0.0","1272.0","0.0","109.84142857789993","123.18880711607157","1038.9697494506836","0.0","1038.9697494506836","164.1572279683536","241.48605507745546","241.48605507745546","241.48605507745546","3.260563462771874","24.971621439794678","3.2605634627718736","29.419323146924","","0.8300000000000002","7.83424529472288","2.421027604868047","","1.9430504877353105","0.8000000000000003","6.649840541513862","working_net_combined_queue","23.108163928840096","0.8168001174926758"
"2026-02-19","weekly","EH4000","Plan","111331.97677363006","490.7428389250295","18.0",,"432.0","0.0","432.0","0.0","31.682856917381287","26.020613345939772","374.29651737213135","0.0","374.29651737213135","89.83116216142854","226.86419024983098","226.86419024983098","226.86419024983098","2.0147944799703987","21.114127222615192","2.0147944799703987","27.37530462164762","","0.6000000000000001","5.725440011024562","3.2068219314253747","","2.0264781531278646","1.18","4.415938761924474","working_net_combined_queue","19.104678857502286","0.8664271235466003"
"2026-02-19","weekly","EH5000","Plan","389632.99271784996","1334.359564102225","24.0",,"576.0","0.0","576.0","0.0","54.68285608291626","70.3778172253694","450.9393310546875","0.0","450.9393310546875","67.64090234601099","292.00000000000017","292.00000000000017","292.00000000000017","1.8436614276568608","20.850573672915566","1.8436614276568608","26.44931435396851","","0.7","5.305354538187319","1.713906633387783","","1.1674377116681205","1.48","4.1823271552146695","working_net_combined_queue","16.859026038457895","0.7828807830810547"
"2026-02-20","weekly","CAT793","Plan","523208.82440790883","2172.8324278262307","53.0",,"1272.0","0.0","1272.0","0.0","109.84142857789993","123.18880711607157","1038.9697494506836","0.0","1038.9697494506836","164.1572279683536","240.79575475194065","240.79575475194065","240.79575475194065","3.2452157565834345","25.218216328918988","3.2452157565834345","29.58744669631651","","0.8300000000000004","7.7211228127866836","2.369754282336112","","1.8878544347909672","0.8000000000000004","6.580931007448063","working_net_combined_queue","22.819662537361808","0.8168001174926758"
"2026-02-20","weekly","EH4000","Plan","107169.73825975944","467.2825079861039","18.0",,"432.0","0.0","432.0","0.0","31.682856917381287","26.020613345939772","374.29651737213135","0.0","374.29651737213135","89.83116216142854","229.34677936402974","229.34677936402974","229.34677936402974","2.7092667876832524","24.25216540099507","2.7092667876832524","31.00689773006141","","0.5999999999999998","6.702741985023961","3.2060868665071975","","2.149120878367392","1.1799999999999993","5.242575657718763","working_net_combined_queue","21.03052538761732","0.8664271235466003"
"2026-02-20","weekly","EH5000","Plan","392880.1227720379","1345.47987250698","24.0",,"576.0","0.0","576.0","0.0","54.68285608291626","70.3778172253694","450.9393310546875","0.0","450.9393310546875","67.64090234601099","291.99999999999983","291.99999999999983","291.99999999999983","1.8242986407641286","20.741298045672167","1.8242986407641286","26.232840827082097","","0.6999999999999998","5.277293552448949","1.6875323735303067","","1.4653373890256751","1.4800000000000004","4.172552990633261","working_net_combined_queue","17.092716305638177","0.7828807830810547"
"2026-02-21","weekly","CAT793","Plan","513276.4787017863","2133.777238117705","53.0",,"1272.0","0.0","1272.0","0.0","122.11200106143951","121.88812644817543","1027.9998478889465","0.0","1027.9998478889465","162.42398344182857","240.5482960135844","240.5482960135844","240.5482960135844","3.6925142603200074","26.510724739185854","3.692514260320007","31.2595769989909","","0.8300000000000002","8.357027497317839","2.3213414388519324","","1.8467837269415917","0.7999999999999999","7.087455330132982","working_net_combined_queue","23.872607993244333","0.8081759810447693"
"2026-02-21","weekly","EH4000","Plan","126749.87011822098","555.8560945779199","16.0",,"384.0","0.0","384.0","0.0","44.54399871826172","22.064639273986813","317.391357421875","0.0","317.391357421875","76.17392407863008","228.02641071061097","228.02641071061097","228.02641071061097","2.580318276902212","23.09581830668078","2.5803182769022124","28.763508079793887","","0.5999999999999999","6.703338871060879","3.131330031908743","","2.235547858066023","1.1799999999999997","5.3824831166158","working_net_combined_queue","21.182699877651434","0.8265399932861328"
"2026-02-21","weekly","EH5000","Plan","372930.0734072658","1277.1577856413219","24.0",,"576.0","0.0","576.0","0.0","49.536001682281494","71.07264259706497","455.3913688659668","0.0","455.3913688659668","68.3087080442391","291.9999999999999","291.9999999999999","291.9999999999999","2.1065609979123345","22.44416813574481","2.1065609979123345","26.4401399074901","","0.6999999999999998","5.631470015297393","1.5790090832558876","","1.349771307795283","1.48","4.78037031259939","working_net_combined_queue","17.83062071894795","0.7906100153923035"
"2026-02-22","weekly","CAT793","Plan","493526.92880571674","2063.7843747357283","53.0",,"1272.0","0.0","1272.0","0.0","122.11200106143951","121.88812644817543","1027.9998478889465","0.0","1027.9998478889465","162.42398344182857","239.1368666452443","239.1368666452443","239.1368666452443","3.654100662469052","26.097487237823696","3.654100662469052","30.8838660095005","","0.8300000000000004","8.401040213188983","2.3189997991997933","","1.8907204407370886","0.8","7.099047757838951","working_net_combined_queue","23.969808210964807","0.8081759810447693"
"2026-02-22","weekly","EH4000","Plan","126829.93579367311","565.3365849572524","16.0",,"384.0","0.0","384.0","0.0","44.54399871826172","22.064639273986813","317.391357421875","0.0","317.391357421875","76.17392407863008","224.3441149368801","224.3441149368801","224.3441149368801","2.8777915859429593","26.07577573610044","2.8777915859429593","30.896040901275544","","0.6000000000000001","6.62175871214942","3.1686961573868366","","2.233790084457408","1.1800000000000002","5.588660880800717","working_net_combined_queue","21.342905834794358","0.8265399932861328"
"2026-02-22","weekly","EH5000","Plan","322353.3974824773","1103.9499913783477","24.0",,"576.0","0.0","576.0","0.0","49.536001682281494","71.07264259706497","455.3913688659668","0.0","455.3913688659668","68.3087080442391","291.9999999999998","291.9999999999998","291.9999999999998","2.2680242741177343","22.478864337467893","2.2680242741177343","26.173718829079665","","0.6999999999999996","6.053751399720081","1.5533525538951252","","1.4147633533938209","1.48","5.19916399101354","working_net_combined_queue","18.711031298022576","0.7906100153923035"
"2026-02-23","weekly","CAT793","Plan","562443.4356860146","2357.559490938172","53.0",,"1272.0","0.0","1272.0","0.0","122.11200106143951","121.88812644817543","1027.9998478889465","0.0","1027.9998478889465","162.42398344182857","238.57019848190328","238.57019848190328","238.57019848190328","2.9966251977328384","25.23286850913972","2.9966251977328384","30.212740727862954","","0.8300000000000001","7.125528030982485","2.2663877000294916","","1.775086534960436","0.7999999999999996","5.951049376270471","working_net_combined_queue","21.378051642242863","0.8081759810447693"
"2026-02-23","weekly","EH4000","Plan","126220.66657629679","559.2529360742172","16.0",,"384.0","0.0","384.0","0.0","44.54399871826172","22.064639273986813","317.391357421875","0.0","317.391357421875","76.17392407863008","225.69513440971247","225.69513440971247","225.69513440971247","3.3210317262195876","26.556101916377003","3.3210317262195885","32.49106799437344","","0.6000000000000003","7.503431949486967","3.1719039243283875","","2.2548595562354374","1.1800000000000004","6.1328209835294425","working_net_combined_queue","22.793016413580226","0.8265399932861328"
"2026-02-23","weekly","EH5000","Plan","342529.8010104159","1173.047263734298","24.0",,"576.0","0.0","576.0","0.0","49.536001682281494","71.07264259706497","455.3913688659668","0.0","455.3913688659668","68.3087080442391","292.00000000000074","292.00000000000074","292.00000000000074","2.215810448561624","22.738605895125385","2.2158104485616237","26.064305135997948","","0.7000000000000003","5.846824010534369","1.5463504533128563","","1.422552288050543","1.48","5.100793066226014","working_net_combined_queue","18.40651981812377","0.7906100153923035"
"2026-02-24","weekly","CAT793","Plan","568277.2913662513","2380.165791413423","53.0",,"1272.0","0.0","1272.0","0.0","122.11200106143951","121.88812644817543","1027.9998478889465","0.0","1027.9998478889465","162.42398344182857","238.7553394038106","238.7553394038106","238.7553394038106","2.971368288676064","25.43052133985591","2.971368288676064","30.58633109340541","","0.8300000000000001","7.010556132058203","2.2471268757130765","","1.806161890288837","0.7999999999999995","5.828816041261075","working_net_combined_queue","21.152660939321173","0.8081759810447693"
"2026-02-24","weekly","EH4000","Plan","119201.40952834772","521.9329802893095","16.0",,"384.0","0.0","384.0","0.0","44.54399871826172","22.064639273986813","317.391357421875","0.0","317.391357421875","76.17392407863008","228.3845130121379","228.3845130121379","228.3845130121379","3.9323035429183264","26.28548888777133","3.9323035429183264","33.10138150903174","","0.6","8.97598722939728","3.242386411761476","","2.2300830592072614","1.18","7.1277451821980184","working_net_combined_queue","25.306201882564025","0.8265399932861328"
"2026-02-24","weekly","EH5000","Plan","341838.8260147113","1170.6809110092852","24.0",,"576.0","0.0","576.0","0.0","49.536001682281494","71.07264259706497","455.3913688659668","0.0","455.3913688659668","68.3087080442391","292.0","292.0","292.0","2.221916086052008","22.662930829244623","2.221916086052008","25.785751508912135","","0.6999999999999997","5.882512114941843","1.5353428100167419","","1.5714811384728171","1.4799999999999998","5.170101988962541","working_net_combined_queue","18.649438052393926","0.7906100153923035"
"2026-02-25","weekly","CAT793","Plan","568551.3139422908","2381.9975939805026","53.0",,"1272.0","0.0","1272.0","0.0","122.11200106143951","121.88812644817543","1027.9998478889465","0.0","1027.9998478889465","162.42398344182857","238.6867708762869","238.6867708762869","238.6867708762869","2.898537515622517","25.597474860605182","2.898537515622517","30.437668811252873","","0.8300000000000001","6.794117462148739","2.2804542470790725","","1.9664308698874584","0.7999999999999997","5.713717828254155","working_net_combined_queue","21.014720407369428","0.8081759810447693"
"2026-02-25","weekly","EH4000","Plan","114267.37563442621","501.42930950130193","16.0",,"384.0","0.0","384.0","0.0","44.54399871826172","22.064639273986813","317.391357421875","0.0","317.391357421875","76.17392407863008","227.88331968083634","227.88331968083634","227.88331968083634","3.9772425888274783","26.96178786499659","3.977242588827477","33.853476899165074","","0.5999999999999999","8.850843146031067","3.156299820895429","","2.225362786910552","1.1800000000000002","7.049041256247865","working_net_combined_queue","25.011547010084907","0.8265399932861328"
"2026-02-25","weekly","EH5000","Plan","359423.8796538672","1230.9036974447497","24.0",,"576.0","0.0","576.0","0.0","49.536001682281494","71.07264259706497","455.3913688659668","0.0","455.3913688659668","68.3087080442391","292.0000000000002","292.0000000000002","292.0000000000002","2.1929720600321048","22.814995531756104","2.1929720600321048","26.421445558602482","","0.7","5.767186034237128","1.5600113894898302","","1.7621039273541803","1.4800000000000004","4.979982011585513","working_net_combined_queue","18.55928336266664","0.7906100153923035"
"2026-02-26","weekly","CAT793","Plan","520084.313022147","2167.9643697455967","53.0",,"1272.0","0.0","1272.0","0.0","122.11200106143951","121.88812644817543","1027.9998478889465","0.0","1027.9998478889465","162.42398344182857","239.8952308811132","239.8952308811132","239.8952308811132","3.580742975628889","26.58443883732122","3.580742975628889","31.263292009586078","","0.8299999999999995","8.081591635333618","2.359693566144283","","1.9491660450439952","0.7999999999999997","6.872103503106993","working_net_combined_queue","23.522554749628895","0.8081759810447693"
"2026-02-26","weekly","EH4000","Plan","124457.53794120994","543.8998502876478","16.0",,"384.0","0.0","384.0","0.0","44.54399871826172","22.064639273986813","317.391357421875","0.0","317.391357421875","76.17392407863008","228.82436513889297","228.82436513889297","228.82436513889297","3.506638541228134","26.388380991043807","3.5066385412281345","33.021893900236385","","0.6","7.9731421395309185","3.191291594928861","","2.226849678580046","1.1799999999999997","6.371479270974883","working_net_combined_queue","23.492762684014707","0.8265399932861328"
"2026-02-26","weekly","EH5000","Plan","337039.03163642593","1154.243259028855","24.0",,"576.0","0.0","576.0","0.0","49.536001682281494","71.07264259706497","455.3913688659668","0.0","455.3913688659668","68.3087080442391","292.0000000000002","292.0000000000002","292.0000000000002","2.676097829898362","24.428052002821524","2.6760978298983615","29.29980584009278","","0.6999999999999997","6.5730116251330974","1.6183525401202976","","1.9103423890098126","1.48","5.480100130021655","working_net_combined_queue","20.071806684284844","0.7906100153923035"
"2026-02-27","weekly","CAT793","Plan","519091.29441363236","2148.7816400755873","53.0",,"1272.0","0.0","1272.0","0.0","122.11200106143951","121.88812644817543","1027.9998478889465","0.0","1027.9998478889465","162.42398344182857","241.57470667674374","241.57470667674374","241.57470667674374","3.8168948241222025","27.25755468966009","3.8168948241222025","32.23146975466881","","0.8300000000000001","8.40184279385144","2.4236281488047533","","1.926548115287769","0.7999999999999994","7.10528223473765","working_net_combined_queue","24.11730129268161","0.8081759810447693"
"2026-02-27","weekly","EH4000","Plan","159591.52679302654","694.4299496134009","16.0",,"384.0","0.0","384.0","0.0","44.54399871826172","22.064639273986813","317.391357421875","0.0","317.391357421875","76.17392407863008","229.81659544187778","229.81659544187778","229.81659544187778","2.5594807174955228","24.886856749267515","2.5594807174955228","30.60057685788123","","0.6","6.170680556284043","3.1841471771984344","","2.2617490180900806","1.1799999999999997","5.0184950356639915","working_net_combined_queue","20.365071787236527","0.8265399932861328"
"2026-02-27","weekly","EH5000","Plan","361004.71917974274","1236.3175314374755","24.0",,"576.0","0.0","576.0","0.0","49.536001682281494","71.07264259706497","455.3913688659668","0.0","455.3913688659668","68.3087080442391","291.9999999999999","291.9999999999999","291.9999999999999","2.3829084128878257","23.704516735517036","2.3829084128878257","28.265754351039774","","0.7","6.031530039971137","1.581807902757877","","1.6240326186438598","1.48","5.0582235661441","working_net_combined_queue","18.785594127516966","0.7906100153923035"
"2026-02-28","weekly","CAT793","Plan","558842.2034513153","2320.2698025687","53.0",,"1272.0","0.0","1272.0","0.0","126.4185739159584","121.43162973098696","1024.1497793197632","0.0","1024.1497793197632","161.81567257990082","240.85225038598446","240.85225038598446","240.85225038598446","3.188612587846958","26.82082017680779","3.1886125878469582","31.387197358209","","0.8300000000000004","7.133143356900429","2.3454916597191433","","1.971445180050287","0.7999999999999999","6.0953755471506135","working_net_combined_queue","21.805455743820474","0.8051491975784302"
"2026-02-28","weekly","EH4000","Plan","118358.23167258494","515.9891541259059","16.0",,"384.0","0.0","384.0","0.0","34.732855796813965","19.908227229990576","329.35892486572266","0.0","329.35892486572266","79.04614020095448","229.38123936555553","229.38123936555553","229.38123936555553","3.8337183720960124","27.179170616177117","3.8337183720960124","34.590351886847685","","0.5999999999999999","8.46321271440308","3.142267103969233","","2.195585632123899","1.1799999999999997","6.649920853023256","working_net_combined_queue","24.18098630351945","0.8577055335044861"
"2026-02-28","weekly","EH5000","Plan","363183.3514204136","1243.7786007548445","24.0",,"576.0","0.0","576.0","0.0","50.852859020233154","68.79427402849385","456.35287857055664","0.0","456.35287857055664","68.45293450565862","291.9999999999992","291.9999999999992","291.9999999999992","2.4245160797222547","24.107710869389972","2.4245160797222542","27.709503366622794","","0.7","6.034208953785097","1.4937688819329682","","1.4444943981808758","1.48","5.249858247497891","working_net_combined_queue","18.712330481396855","0.7922793030738831"
"2026-03-01","weekly","CAT793","Plan","519885.7822607","2153.384020085618","53.0",,"1272.0","0.0","1272.0","0.0","126.4185739159584","121.43162973098696","1024.1497793197632","0.0","1024.1497793197632","161.81567257990082","241.42734292234113","241.42734292234113","241.42734292234113","3.431012369351391","26.506311704833756","3.431012369351391","31.24497867245066","","0.8299999999999995","7.766480091741402","2.330229835742341","","1.9595455364849825","0.7999999999999998","6.588602422141998","working_net_combined_queue","22.904857886110733","0.8051491975784302"
"2026-03-01","weekly","EH4000","Plan","140269.78931747258","610.5973041299154","16.0",,"384.0","0.0","384.0","0.0","34.732855796813965","19.908227229990576","329.35892486572266","0.0","329.35892486572266","79.04614020095448","229.72553001581497","229.72553001581497","229.72553001581497","2.963547709536817","25.600077819216217","2.963547709536819","32.243429202048446","","0.6","6.945793830311607","3.2372184183453028","","2.2272369311303972","1.1799999999999995","5.514700730433243","working_net_combined_queue","21.654949910220534","0.8577055335044861"
"2026-03-01","weekly","EH5000","Plan","303959.5441440345","1040.9573429590243","24.0",,"576.0","0.0","576.0","0.0","50.852859020233154","68.79427402849385","456.35287857055664","0.0","456.35287857055664","68.45293450565862","291.99999999999943","291.99999999999943","291.99999999999943","3.058592263171516","25.694588101308486","3.0585922631715152","31.183059644507136","","0.7000000000000002","7.1421863260359295","1.6393594385627392","","1.8167784588183653","1.4800000000000006","5.885103574902631","working_net_combined_queue","20.973427798319683","0.7922793030738831"
"2026-03-02","weekly","CAT793","Plan","500066.1726888034","2065.9643790933255","53.0",,"1272.0","0.0","1272.0","0.0","126.4185739159584","121.43162973098696","1024.1497793197632","0.0","1024.1497793197632","161.81567257990082","242.0497554310514","242.0497554310514","242.0497554310514","3.821517806440206","26.302115373755424","3.821517806440206","30.922475567792375","","0.8299999999999996","8.71759039636796","2.378617815379913","","1.9463166449002225","0.7999999999999998","7.415029494767646","working_net_combined_queue","24.71755435141574","0.8051491975784302"
"2026-03-02","weekly","EH4000","Plan","144914.84014110817","630.064522352645","16.0",,"384.0","0.0","384.0","0.0","34.732855796813965","19.908227229990576","329.35892486572266","0.0","329.35892486572266","79.04614020095448","229.99999999999972","229.99999999999972","229.99999999999972","3.003905027342803","25.153723968267247","3.0039050273428036","31.69803052325504","","0.6000000000000001","7.165312852599611","3.271164313392099","","2.228139457620957","1.18","5.6859779193013456","working_net_combined_queue","22.080594542913992","0.8577055335044861"
"2026-03-02","weekly","EH5000","Plan","302716.54283258296","1036.7004891526824","24.0",,"576.0","0.0","576.0","0.0","50.852859020233154","68.79427402849385","456.35287857055664","0.0","456.35287857055664","68.45293450565862","291.9999999999997","291.9999999999997","291.9999999999997","3.2227979747176687","27.282850389146386","3.2227979747176687","33.022376262561835","","0.6999999999999998","7.087524790297769","1.6594483818620394","","2.000432781104005","1.48","5.855662140894608","working_net_combined_queue","21.093068094158422","0.7922793030738831"
"2026-03-03","weekly","CAT793","Plan","474261.5040972985","1962.9414526052192","53.0",,"1272.0","0.0","1272.0","0.0","126.4185739159584","121.43162973098696","1024.1497793197632","0.0","1024.1497793197632","161.8156725799008","241.60756474313476","241.60756474313476","241.60756474313476","4.281262502722801","27.434345416635246","4.281262502722801","31.878765363213844","","0.8299999999999998","9.363290658562876","2.3574178262402055","","1.9062763549399908","0.8","8.05789519250915","working_net_combined_queue","25.944880032252215","0.8051491975784302"
"2026-03-03","weekly","EH4000","Plan","162266.7873134614","708.7830745032969","16.0",,"384.0","0.0","384.0","0.0","34.732855796813965","19.908227229990576","329.35892486572266","0.0","329.35892486572266","79.04614020095448","228.9371644874212","228.9371644874212","228.9371644874212","2.3235774868988472","23.87085196627552","2.323577486898848","29.334302925365506","","0.6000000000000002","5.840371739177736","3.2276075772841306","","2.246946079200072","1.1800000000000004","4.75261503805425","working_net_combined_queue","19.797540433716176","0.8577055335044861"
"2026-03-03","weekly","EH5000","Plan","251147.4129435175","860.0938799435539","24.0",,"576.0","0.0","576.0","0.0","50.852859020233154","68.79427402849385","456.35287857055664","0.0","456.35287857055664","68.45293450565862","291.9999999999997","291.9999999999997","291.9999999999997","3.645397051058967","27.855485882686807","3.645397051058966","32.88884538491012","","0.7","7.852091468972824","1.6936225467649737","","1.7022779057925452","1.48","6.65039530891807","working_net_combined_queue","22.388387230448426","0.7922793030738831"
"2026-03-04","weekly","CAT793","Plan","527374.1123692647","2189.5509950841347","53.0",,"1272.0","0.0","1272.0","0.0","126.4185739159584","121.43162973098696","1024.1497793197632","0.0","1024.1497793197632","161.8156725799008","240.85947920523316","240.85947920523316","240.85947920523316","3.834034951587384","27.821480881601286","3.834034951587384","32.694725334787364","","0.8299999999999992","8.2685065570098","2.162431349855299","","1.7859528795243451","0.7999999999999996","7.036061466785806","working_net_combined_queue","23.512952253175243","0.8051491975784302"
"2026-03-04","weekly","EH4000","Plan","183199.3495111053","806.2483607671478","16.0",,"384.0","0.0","384.0","0.0","34.732855796813965","19.908227229990576","329.35892486572266","0.0","329.35892486572266","79.04614020095448","227.2244613766291","227.2244613766291","227.2244613766291","1.8067589320258186","22.48546398152179","1.8067589320258193","26.981481029130844","","0.5999999999999998","4.821138492433829","3.150380072343689","","2.247055397004408","1.18","4.017775592248178","working_net_combined_queue","17.96634955403009","0.8577055335044861"
"2026-03-04","weekly","EH5000","Plan","334273.8521525922","1144.7734662760001","24.0",,"576.0","0.0","576.0","0.0","50.852859020233154","68.79427402849385","456.35287857055664","0.0","456.35287857055664","68.45293450565862","292.00000000000017","292.00000000000017","292.00000000000017","2.707064482300794","23.614856628008603","2.707064482300794","28.092225263295276","","0.7","6.87803747855083","1.476949269511883","","1.7038612721049642","1.48","5.781808575708217","working_net_combined_queue","20.330656595875894","0.7922793030738831"
"2026-03-05","weekly","CAT793","Plan","513647.26156659884","2144.12853796987","53.0",,"1272.0","0.0","1272.0","0.0","126.4185739159584","121.43162973098696","1024.1497793197632","0.0","1024.1497793197632","161.8156725799008","239.5599202522329","239.5599202522329","239.5599202522329","3.888530037702302","27.46488923381912","3.888530037702302","32.216257669515635","","0.8300000000000001","8.49491145862142","2.1450944103347758","","1.8183951212348377","0.7999999999999998","7.242051657753764","working_net_combined_queue","23.960452647944788","0.8051491975784302"
"2026-03-05","weekly","EH4000","Plan","149401.86884382513","651.8512134059158","16.0",,"384.0","0.0","384.0","0.0","34.732855796813965","19.908227229990576","329.35892486572266","0.0","329.35892486572266","79.04614020095448","229.19627327715156","229.19627327715156","229.19627327715156","3.081580094276597","25.040224336369143","3.081580094276597","31.11370496937899","","0.5999999999999999","7.383911708332792","3.033998637455093","","2.241821707479074","1.18","5.942551870263048","working_net_combined_queue","22.332283923530007","0.8577055335044861"
"2026-03-05","weekly","EH5000","Plan","334032.0570437541","1143.945400834774","24.0",,"576.0","0.0","576.0","0.0","50.852859020233154","68.79427402849385","456.35287857055664","0.0","456.35287857055664","68.45293450565862","292.00000000000006","292.00000000000006","292.00000000000006","2.804454361230331","24.372918449870838","2.804454361230331","29.318300992712793","","0.7","6.9038618423930105","1.4660628863644138","","1.7461234479643561","1.4800000000000006","5.739325130594829","working_net_combined_queue","20.3453733073166","0.7922793030738831"
"2026-03-06","weekly","CAT793","Plan","507426.71557146596","2117.516488268217","53.0",,"1272.0","0.0","1272.0","0.0","126.4185739159584","121.43162973098696","1024.1497793197632","0.0","1024.1497793197632","161.8156725799008","239.6329466064551","239.6329466064551","239.6329466064551","4.027165781401458","27.751836408609165","4.027165781401458","32.67144159148538","","0.8299999999999996","8.706809283767944","2.1859847165319066","","1.80331927108072","0.7999999999999998","7.395754062687565","working_net_combined_queue","24.351867334068135","0.8051491975784302"
"2026-03-06","weekly","EH4000","Plan","141384.94072539455","619.9705397157015","16.0",,"384.0","0.0","384.0","0.0","34.732855796813965","19.908227229990576","329.35892486572266","0.0","329.35892486572266","79.04614020095448","228.05106318475893","228.05106318475893","228.05106318475893","3.5284745888139755","25.754696647287695","3.5284745888139764","31.794088928546433","","0.5999999999999999","8.220189048552983","3.0898980804988354","","2.252427962358047","1.18","6.658736968517296","working_net_combined_queue","23.951252059927164","0.8577055335044861"
"2026-03-06","weekly","EH5000","Plan","324084.26207697234","1109.8776098526441","24.0",,"576.0","0.0","576.0","0.0","50.852859020233154","68.79427402849385","456.35287857055664","0.0","456.35287857055664","68.45293450565862","292.0000000000002","292.0000000000002","292.0000000000002","2.9725412166381373","24.59998568469774","2.9725412166381373","29.568720657883034","","0.6999999999999998","7.250104747387362","1.4782503850687867","","1.6922029410952022","1.48","6.031795391551356","working_net_combined_queue","20.942353465102688","0.7922793030738831"
"2026-03-07","weekly","CAT793","Plan","521678.1997555573","2183.545164841421","53.0",,"1272.0","0.0","1272.0","0.0","125.97792962193489","121.4783380256019","1024.543725013733","0.0","1024.543725013733","161.87791600241272","238.9134001693269","238.9134001693269","238.9134001693269","4.003519810609457","27.92897179989638","4.003519810609457","32.25626657323062","","0.8300000000000003","8.600788828089211","2.146949775872008","","1.2498466403766995","0.8000000000000006","7.44696191331448","working_net_combined_queue","23.704547157652396","0.8054589033126831"
"2026-03-07","weekly","EH4000","Plan","150636.07231502503","658.282861251394","16.0",,"384.0","0.0","384.0","0.0","36.32164192199707","19.81766642080779","327.8606986999512","0.0","327.8606986999512","78.68656592920644","228.83183078572978","228.83183078572978","228.83183078572978","3.1308566176013612","24.845280102879357","3.1308566176013612","30.559255014905396","","0.5999999999999999","7.560848429891974","3.0536562668015974","","2.219657349554604","1.1799999999999997","6.147119652113784","working_net_combined_queue","22.711281698361944","0.8538039028644562"
"2026-03-07","weekly","EH5000","Plan","336157.7661520049","1151.225226547961","24.0",,"576.0","0.0","576.0","0.0","49.80364429950714","68.9317211540322","457.26464080810547","0.0","457.26464080810547","68.58969884672547","292.0000000000002","292.0000000000002","292.0000000000002","2.744729118681505","23.405604822532023","2.7447291186815046","28.382873607122423","","0.7000000000000001","7.036081672298985","1.5545556094633277","","1.3742505066180721","1.4800000000000002","5.802222474033228","working_net_combined_queue","20.257110262413605","0.7938622236251831"
"2026-03-08","weekly","CAT793","Plan","479790.63779647305","2003.4579142533948","53.0",,"1272.0","0.0","1272.0","0.0","126.4185739159584","121.43162973098696","1024.1497793197632","0.0","1024.1497793197632","161.81567257990082","239.48126605657748","239.48126605657748","239.48126605657748","4.38546255152554","28.23364168645658","4.38546255152554","32.6223838711764","","0.8300000000000004","9.319653341699537","2.190723551199431","","1.347212819087209","0.8000000000000003","8.065865270012338","working_net_combined_queue","25.183454981998505","0.8051491975784302"
"2026-03-08","weekly","EH4000","Plan","154361.65434037228","675.346170427037","16.0",,"384.0","0.0","384.0","0.0","34.732855796813965","19.908227229990576","329.35892486572266","0.0","329.35892486572266","79.04614020095448","228.56671304253615","228.56671304253615","228.56671304253615","2.852437251395425","25.337197613906103","2.852437251395425","30.643850783039476","","0.5999999999999999","6.75474208678048","3.0693583867759844","","2.2371318450286957","1.1799999999999995","5.5850107186414775","working_net_combined_queue","21.37624303722663","0.8577055335044861"
"2026-03-08","weekly","EH5000","Plan","313935.0765717731","1075.1201252457997","24.0",,"576.0","0.0","576.0","0.0","50.852859020233154","68.79427402849385","456.35287857055664","0.0","456.35287857055664","68.45293450565862","291.9999999999996","291.9999999999996","291.9999999999996","2.862430460325571","23.62282640496837","2.862430460325571","28.717328050772217","","0.7","7.270333561076862","1.5493383878194156","","1.4555816658272307","1.48","5.980564323947121","working_net_combined_queue","20.745817938670623","0.7922793030738831"
"2026-03-09","weekly","CAT793","Plan","537529.8677620554","2232.5596068331465","53.0",,"1272.0","0.0","1272.0","0.0","126.4185739159584","121.43162973098696","1024.1497793197632","0.0","1024.1497793197632","161.81567257990082","240.76842836215857","240.76842836215857","240.76842836215857","3.6318819545411403","26.75912147469882","3.63188195454114","31.537900878542963","","0.8299999999999995","8.14350043137659","2.240106093005256","","1.5728054959297548","0.7999999999999997","6.909556793639585","working_net_combined_queue","23.125968813951186","0.8051491975784302"
"2026-03-09","weekly","EH4000","Plan","173866.47213103183","757.794642915862","16.0",,"384.0","0.0","384.0","0.0","34.732855796813965","19.908227229990576","329.35892486572266","0.0","329.35892486572266","79.04614020095448","229.4374521598937","229.4374521598937","229.4374521598937","2.584512194279486","26.781412747069243","2.584512194279486","32.128743604343754","","0.5999999999999999","5.790237173867497","3.0138703149000916","","2.238020280325156","1.1799999999999997","4.826542038693472","working_net_combined_queue","19.59866980778621","0.8577055335044861"
"2026-03-09","weekly","EH5000","Plan","327772.74495306786","1122.5094005242017","24.0",,"576.0","0.0","576.0","0.0","50.852859020233154","68.79427402849385","456.35287857055664","0.0","456.35287857055664","68.45293450565862","292.00000000000085","292.00000000000085","292.00000000000085","2.805747396982065","23.214874741979873","2.805747396982065","27.680110082278645","","0.6999999999999996","7.251593889261996","1.5257314703002869","","1.3847751551459155","1.4799999999999998","6.081798205228296","working_net_combined_queue","20.733898719936487","0.7922793030738831"
"2026-03-10","weekly","CAT793","Plan","498057.6435561497","2071.403581729615","53.0",,"1272.0","0.0","1272.0","0.0","126.4185739159584","121.43162973098696","1024.1497793197632","0.0","1024.1497793197632","161.81567257990082","240.44452174803774","240.44452174803774","240.44452174803774","4.10879923034077","27.603588635924066","4.10879923034077","32.163099751766445","","0.83","8.931011002663906","2.3114569577948316","","1.7424199341366047","0.7999999999999997","7.664931419021779","working_net_combined_queue","24.90981931361712","0.8051491975784302"
"2026-03-10","weekly","EH4000","Plan","173633.61358949303","760.647640594163","16.0",,"384.0","0.0","384.0","0.0","34.732855796813965","19.908227229990576","329.35892486572266","0.0","329.35892486572266","79.04614020095448","228.27075813166658","228.27075813166658","228.27075813166658","2.318895527479373","24.09170928327419","2.3188955274793726","29.57905653188413","","0.5999999999999998","5.775170620432348","3.065830366932183","","2.2221692784504823","1.1799999999999995","4.703792073245677","working_net_combined_queue","19.496962339060676","0.8577055335044861"
"2026-03-10","weekly","EH5000","Plan","324318.44450323004","1110.6796044631149","24.0",,"576.0","0.0","576.0","0.0","50.852859020233154","68.79427402849385","456.35287857055664","0.0","456.35287857055664","68.45293450565862","292.00000000000045","292.00000000000045","292.00000000000045","2.937163015617209","23.910202949998457","2.937163015617209","28.77351456962745","","0.6999999999999996","7.370484529368828","1.5705392911560963","","1.398988564053116","1.4799999999999993","6.124722112433771","working_net_combined_queue","20.954734497011824","0.7922793030738831"
"2026-03-11","weekly","CAT793","Plan","551503.8170715035","2299.6895789855757","52.5",,"1260.0","0.0","1260.0","0.0","125.22594586014748","120.28604831843047","1014.487988948822","0.0","1014.487988948822","160.28910963103382","239.81663530204773","239.81663530204773","239.81663530204773","3.1559896178885296","25.462353716210423","3.15598961788853","29.90637335286715","","0.8300000000000006","7.43683711191073","2.2501446061166406","","1.6405477176264938","0.7999999999999997","6.331739888319082","working_net_combined_queue","21.919269323972944","0.8051491975784302"
"2026-03-11","weekly","EH4000","Plan","160652.7215663292","703.5472189421228","16.0",,"384.0","0.0","384.0","0.0","34.732855796813965","19.908227229990576","329.35892486572266","0.0","329.35892486572266","79.04614020095448","228.34675092297573","228.34675092297573","228.34675092297573","2.281578117220548","23.89281084734007","2.2815781172205503","28.51038122049829","","0.6000000000000001","5.729534624783297","3.088468791713662","","2.1914575084109105","1.1800000000000008","4.801573362856649","working_net_combined_queue","19.54103428776453","0.8577055335044861"
"2026-03-11","weekly","EH5000","Plan","325154.8616168849","1113.5440466331675","23.5",,"564.0","0.0","564.0","0.0","49.79342445731163","67.36105998623356","446.84552693367004","0.0","446.84552693367004","67.02683170345739","292.0","292.0","292.0","2.74455804880888","23.00649237256303","2.74455804880888","28.125059698245202","","0.6999999999999997","7.157696195571225","1.550588229290046","","1.2502278499184185","1.4799999999999993","5.855044742849283","working_net_combined_queue","20.303557017628954","0.7922793030738831"
"2026-03-12","weekly","CAT793","Plan","596154.7866240696","2487.842912698308","52.5",,"1260.0","0.0","1260.0","0.0","125.22594586014748","120.28604831843047","1014.487988948822","0.0","1014.487988948822","160.28910963103382","239.62718207858296","239.62718207858296","239.62718207858296","2.4616940586931224","24.29845726368405","2.4616940586931233","28.62750992784802","","0.83","6.07864285039771","2.253998578081853","","1.6106707229246802","0.7999999999999999","5.159430348425361","working_net_combined_queue","19.362742499829594","0.8051491975784302"
"2026-03-12","weekly","EH4000","Plan","93608.66446731005","410.8830746528373","16.0",,"384.0","0.0","384.0","0.0","34.732855796813965","19.908227229990576","329.35892486572266","0.0","329.35892486572266","79.04614020095448","227.82312108232188","227.82312108232188","227.82312108232188","2.7468591793827035","25.03475371050508","2.746859179382705","30.58790511708163","","0.6","6.583310252171724","3.209458855602323","","2.2128247729347925","1.1800000000000002","5.388128089586766","working_net_combined_queue","21.123721970295605","0.8577055335044861"
"2026-03-12","weekly","EH5000","Plan","293576.53891534515","1005.399105874473","23.5",,"564.0","0.0","564.0","0.0","49.79342445731163","67.36105998623356","446.84552693367004","0.0","446.84552693367004","67.02683170345739","291.99999999999903","291.99999999999903","291.99999999999903","2.988341927143841","24.308432025770383","2.988341927143841","29.82779294916624","","0.7000000000000001","7.376062571150064","1.7000559946110974","","1.8048154001030807","1.4799999999999995","6.011189494784338","working_net_combined_queue","21.38212346064855","0.7922793030738831"
"2026-03-13","weekly","CAT793","Plan","620549.4423738568","2592.2444940155992","53.0",,"1272.0","0.0","1272.0","0.0","126.4185739159584","121.43162973098696","1024.1497793197632","0.0","1024.1497793197632","161.81567257990082","239.38692658290685","239.38692658290685","239.38692658290685","2.4010174519562946","23.87063704031121","2.401017451956295","28.229894847587243","","0.8299999999999993","6.035073419871307","2.211312622192122","","1.4902704544960346","0.8000000000000002","5.103137928609406","working_net_combined_queue","19.099794425168874","0.8051491975784302"
"2026-03-13","weekly","EH4000","Plan","114729.60549388076","500.8784154562247","16.0",,"384.0","0.0","384.0","0.0","34.732855796813965","19.908227229990576","329.35892486572266","0.0","329.35892486572266","79.04614020095448","229.05679692621493","229.05679692621493","229.05679692621493","3.456147926906486","26.34812185812968","3.4561479269064854","32.592610925882035","","0.5999999999999999","7.8703475234765445","3.231582137409728","","2.1995531126526644","1.18","6.362450559298886","working_net_combined_queue","23.393933332837825","0.8577055335044861"
"2026-03-13","weekly","EH5000","Plan","316073.2379841771","1082.4425958362222","24.0",,"576.0","0.0","576.0","0.0","50.852859020233154","68.79427402849385","456.35287857055664","0.0","456.35287857055664","68.45293450565862","292.00000000000017","292.00000000000017","292.00000000000017","2.677638927912448","22.49904543048209","2.6776389279124455","27.379552409982548","","0.7000000000000003","7.140673419730253","1.4915064875749062","","1.3613508268235417","1.4800000000000002","5.867821842703715","working_net_combined_queue","20.351352576832415","0.7922793030738831"
"2026-03-14","weekly","CAT793","Plan","547221.5145732084","2283.473538466189","53.0",,"1272.0","0.0","1272.0","0.0","116.6500039100647","122.46709813938439","1032.8829245567322","0.0","1032.8829245567322","189.01757347007265","239.6443424261345","239.6443424261345","239.6443424261345","3.2114842794159317","25.25832554188485","3.2114842794159304","29.798378010305072","","0.8300000000000001","7.628734392762002","2.220250726946958","","1.2914352221200864","0.7999999999999997","6.466427692752902","working_net_combined_queue","21.866848034581963","0.8120148777961731"
"2026-03-14","weekly","EH4000","Plan","178030.59444772618","780.8537117561284","16.0",,"384.0","0.0","384.0","0.0","34.865713119506836","19.900654362593123","329.23363494873047","0.0","329.23363494873047","69.13906118060947","227.99481102207739","227.99481102207739","227.99481102207739","1.8491813457508195","21.5947335116988","1.8491813457508206","26.21643668840127","","0.6","5.137867558538858","3.200918353772262","","2.1693813799645443","1.18","4.232111406434435","working_net_combined_queue","18.470278698710093","0.8573792576789856"
"2026-03-14","weekly","EH5000","Plan","326673.8662994322","1118.74611746381","24.0",,"576.0","0.0","576.0","0.0","46.44428586959839","69.37179709913951","460.1839141845703","0.0","460.1839141845703","73.62942462378533","291.9999999999997","291.9999999999997","291.9999999999997","2.8729969412191525","24.533072861861378","2.872996941219152","30.073307198164983","","0.7000000000000001","7.026425814808032","1.5262544967790486","","1.137833380118752","1.4800000000000002","5.731987351350151","working_net_combined_queue","19.912501043055965","0.7989304065704346"
"2026-03-15","weekly","CAT793","Plan","551116.04815318","2294.6095118335897","53.0",,"1272.0","0.0","1272.0","0.0","116.6500039100647","122.46709813938439","1032.8829245567322","0.0","1032.8829245567322","189.01757347007265","240.17857736185843","240.17857736185843","240.17857736185843","3.101038535315064","26.10517709169814","3.101038535315064","30.510325448110684","","0.8299999999999997","7.127410454460184","2.2516833521444184","","1.4700812872724522","0.7999999999999997","6.098339148670914","working_net_combined_queue","21.207514242547987","0.8120148777961731"
"2026-03-15","weekly","EH4000","Plan","163584.107929621","715.9441837746195","16.0",,"384.0","0.0","384.0","0.0","34.865713119506836","19.900654362593123","329.23363494873047","0.0","329.23363494873047","69.13906118060947","228.4872363473485","228.4872363473485","228.4872363473485","2.5593372934007563","24.714962375910076","2.5593372934007577","29.608282129033","","0.6000000000000001","6.213249903779829","3.1728664049070807","","1.9828359226711276","1.1800000000000002","5.186394703172221","working_net_combined_queue","20.28534693453024","0.8573792576789856"
"2026-03-15","weekly","EH5000","Plan","280516.10325740936","960.6715864979781","24.0",,"576.0","0.0","576.0","0.0","46.44428586959839","69.37179709913951","460.1839141845703","0.0","460.1839141845703","73.62942462378533","291.9999999999998","291.9999999999998","291.9999999999998","3.377770164577444","24.459835472306416","3.3777701645774427","29.976580104392067","","0.7","8.285673470866419","1.479873294639076","","0.9203917918502746","1.4800000000000002","6.760818251077033","working_net_combined_queue","21.93675680843278","0.7989304065704346"
"2026-03-16","weekly","CAT793","Plan","512495.122698015","2134.1846652942804","53.0",,"1272.0","0.0","1272.0","0.0","116.6500039100647","122.46709813938439","1032.8829245567322","0.0","1032.8829245567322","189.01757347007265","240.13625954310172","240.13625954310172","240.13625954310172","3.7218824002452493","27.000416904448915","3.7218824002452493","31.34499767090376","","0.8300000000000001","8.270722070884736","2.2592160934584786","","1.6453358595942031","0.7999999999999995","7.12435669510376","working_net_combined_queue","23.559630719041174","0.8120148777961731"
"2026-03-16","weekly","EH4000","Plan","180990.72702462852","789.712950688911","16.0",,"384.0","0.0","384.0","0.0","34.865713119506836","19.900654362593123","329.23363494873047","0.0","329.23363494873047","69.13906118060947","229.18546146006614","229.18546146006614","229.18546146006614","2.171023972406277","23.35714528732364","2.1710239724062785","27.994723969190385","","0.5999999999999998","5.57694173418838","3.1861789854400753","","2.228299577709911","1.1799999999999997","4.653071003226752","working_net_combined_queue","19.374491300565094","0.8573792576789856"
"2026-03-16","weekly","EH5000","Plan","318256.1445893038","1089.9183033880286","24.0",,"576.0","0.0","576.0","0.0","46.44428586959839","69.37179709913951","460.1839141845703","0.0","460.1839141845703","73.62942462378533","291.99999999999955","291.99999999999955","291.99999999999955","3.2848463999592346","24.366098089163497","3.284846399959234","30.034983123817582","","0.6999999999999998","8.088729811245717","1.469413059953929","","0.6696400583780378","1.4799999999999995","6.562040777085109","working_net_combined_queue","21.279823706662793","0.7989304065704346"
"2026-03-17","weekly","CAT793","Plan","604132.7762103038","2522.4704500654725","53.0",,"1272.0","0.0","1272.0","0.0","116.6500039100647","122.4670981393844","1032.8829245567322","0.0","1032.8829245567322","189.01757347007262","239.50043743609487","239.50043743609487","239.50043743609487","2.6160681936461594","24.4302550495636","2.6160681936461603","29.038782455952703","","0.8300000000000002","6.424987839886405","2.1945579655705703","","1.33692881136726","0.8","5.405326199776441","working_net_combined_queue","19.621800816600675","0.8120148777961731"
"2026-03-17","weekly","EH4000","Plan","124565.55272386968","545.9653099610289","16.0",,"384.0","0.0","384.0","0.0","34.865713119506836","19.900654362593123","329.23363494873047","0.0","329.23363494873047","69.13906118060947","228.15653385150276","228.15653385150276","228.15653385150276","3.2543199906674665","25.045738141186472","3.2543199906674665","31.57417508914104","","0.5999999999999999","7.7961048039128835","3.255434636882696","","2.178256984384315","1.18","6.184142543353456","working_net_combined_queue","23.143938968533337","0.8573792576789856"
"2026-03-17","weekly","EH5000","Plan","267729.0940898288","916.8804592117406","24.0",,"576.0","0.0","576.0","0.0","46.44428586959839","69.37179709913951","460.1839141845703","0.0","460.1839141845703","73.62942462378533","292.00000000000057","292.00000000000057","292.00000000000057","3.8197766046938337","24.438570711437965","3.8197766046938337","30.62799085594391","","0.7","9.378068749919324","1.5435680263236853","","0.5609113181719706","1.4800000000000002","7.482913174409292","working_net_combined_queue","23.455461268824266","0.7989304065704346"
"2026-03-18","weekly","CAT793","Plan","555803.9931805794","2319.475397290502","53.0",,"1272.0","0.0","1272.0","0.0","116.6500039100647","122.46709813938439","1032.8829245567322","0.0","1032.8829245567322","189.01757347007265","239.62487113674175","239.62487113674175","239.62487113674175","2.831600581655669","24.409564579571875","2.831600581655669","29.253840303244132","","0.8300000000000004","6.960223905080407","2.186408872457971","","1.2177804874363214","0.8000000000000003","5.807648949273144","working_net_combined_queue","20.43206221424785","0.8120148777961731"
"2026-03-18","weekly","EH4000","Plan","83296.15745166045","365.56237416969583","16.0",,"384.0","0.0","384.0","0.0","34.865713119506836","19.900654362593123","329.23363494873047","0.0","329.23363494873047","69.13906118060947","227.8575787260698","227.8575787260698","227.8575787260698","4.346392911561743","25.955402839961675","4.346392911561743","33.16309952800333","","0.6","10.047371497243525","3.288556186914931","","1.927954915080804","1.18","7.863667100039782","working_net_combined_queue","26.85754969927904","0.8573792576789856"
"2026-03-18","weekly","EH5000","Plan","244517.84339846895","837.3898746522909","24.0",,"576.0","0.0","576.0","0.0","46.44428586959839","69.37179709913951","460.1839141845703","0.0","460.1839141845703","73.62942462378533","292.0","292.0","292.0","4.475701047082078","25.515560648614223","4.475701047082075","32.01083033756871","","0.7","10.524638926149148","1.5755402409630006","","0.4259924473730601","1.4800000000000002","8.389100188686976","working_net_combined_queue","25.405271803172177","0.7989304065704346"
"2026-03-19","weekly","CAT793","Plan","535604.5256170784","2236.5179957293685","53.0",,"1272.0","0.0","1272.0","0.0","116.6500039100647","122.46709813938439","1032.8829245567322","0.0","1032.8829245567322","189.01757347007265","239.48142900697215","239.48142900697215","239.48142900697215","3.1197703109400026","25.16681895951804","3.1197703109400026","30.647666201294445","","0.83","7.437817983969194","2.192197542749828","","0.9393031727431361","0.7999999999999997","6.1076826348524405","working_net_combined_queue","20.9370013343146","0.8120148777961731"
"2026-03-19","weekly","EH4000","Plan","86222.82762010077","379.8639887576846","16.0",,"384.0","0.0","384.0","0.0","34.865713119506836","19.900654362593123","329.23363494873047","0.0","329.23363494873047","69.13906118060947","226.98342083461444","226.98342083461444","226.98342083461444","4.268059804563086","27.284330474669364","4.268059804563086","32.28706446937522","","0.5999999999999998","9.38573840071069","3.1852308893708914","","1.4555960210488976","1.1800000000000002","7.931460864665615","working_net_combined_queue","25.68802617579608","0.8573792576789856"
"2026-03-19","weekly","EH5000","Plan","245891.9899780913","842.0958560893553","24.0",,"576.0","0.0","576.0","0.0","46.44428586959839","69.37179709913951","460.1839141845703","0.0","460.1839141845703","73.62942462378533","291.9999999999995","291.9999999999995","291.9999999999995","4.626664014749889","25.895191487350733","4.626664014749888","32.493299146279334","","0.7","10.720130840530574","1.5655024138368212","","0.4413200860953543","1.48","8.543295023238047","working_net_combined_queue","25.760248363700786","0.7989304065704346"
"2026-03-20","weekly","CAT793","Plan","503860.4247893716","2102.5193120486542","53.0",,"1272.0","0.0","1272.0","0.0","116.6500039100647","122.46709813938439","1032.8829245567322","0.0","1032.8829245567322","189.01757347007265","239.64603887439196","239.64603887439196","239.64603887439196","3.75251313085088","25.774032706102513","3.7525131308508803","31.197434820445014","","0.8300000000000002","8.735566933526234","2.1735430345257023","","1.1424228645111731","0.8000000000000003","7.216964764792197","working_net_combined_queue","23.52849759735531","0.8120148777961731"
"2026-03-20","weekly","EH4000","Plan","116416.24490952464","511.74629340667656","16.0",,"384.0","0.0","384.0","0.0","34.865713119506836","19.900654362593123","329.23363494873047","0.0","329.23363494873047","69.13906118060947","227.48820345047525","227.48820345047525","227.48820345047525","5.140157461060509","29.124736749369724","5.140157461060509","34.15709574862101","","0.6000000000000003","10.589261297625454","3.0898784012428635","","1.3631138774524472","1.1800000000000002","9.029147265135434","working_net_combined_queue","27.801400841456193","0.8573792576789856"
"2026-03-20","weekly","EH5000","Plan","298555.91020223947","1022.4517472679412","24.0",,"576.0","0.0","576.0","0.0","46.44428586959839","69.37179709913951","460.1839141845703","0.0","460.1839141845703","73.62942462378533","292.0000000000006","292.0000000000006","292.0000000000006","3.4386339878721524","24.255687076308213","3.438633987872155","29.589086732368074","","0.6999999999999998","8.505965575135189","1.4316687974297546","","0.8289866012396999","1.4799999999999998","6.972774832101662","working_net_combined_queue","22.229395805906258","0.7989304065704346"
"2026-03-21","weekly","CAT793","Plan","545106.3226785043","2274.967870326295","53.0",,"1272.0","0.0","1272.0","0.0","96.67199689149857","124.58476685834597","1050.743236541748","0.0","1050.743236541748","192.28601053352293","239.6105588077253","239.6105588077253","239.6105588077253","3.198018060210072","24.8179194670085","3.198018060210072","30.33087266027188","","0.8300000000000003","7.7315539631627805","2.2903939776278532","","1.2609121754652337","0.8000000000000003","6.326263202572964","working_net_combined_queue","21.869123318828834","0.8260560035705566"
"2026-03-21","weekly","EH4000","Plan","116960.1111551528","515.4097505879613","15.0",,"360.0","0.0","360.0","0.0","39.96000051498413","18.242279980183838","301.79771661758423","0.0","301.79771661758423","63.37751851095266","226.92646194940787","226.92646194940787","226.92646194940787","3.9651959755550124","26.2542311149873","3.9651959755550124","30.577750634466316","","0.6000000000000002","9.061844450568891","3.1057670818729384","","1.8353979923926507","1.1800000000000006","7.780551335425366","working_net_combined_queue","25.51356086025985","0.8383269906044006"
"2026-03-21","weekly","EH5000","Plan","291407.086681437","997.9694749364259","24.0",,"576.0","0.0","576.0","0.0","56.44799852371216","68.06131076887894","451.49067306518555","0.0","451.49067306518555","72.23850607577322","292.0000000000006","292.0000000000006","292.0000000000006","2.967812792815233","22.623613035230097","2.967812792815233","27.467383999492416","","0.7000000000000001","7.870925271379973","1.367144479954931","","0.7305986661027448","1.4800000000000004","6.4829168868868114","working_net_combined_queue","20.94158530432448","0.7838379740715027"
"2026-03-22","weekly","CAT793","Plan","483467.42438205035","2015.9852456381684","53.0",,"1272.0","0.0","1272.0","0.0","96.67199689149857","124.58476685834597","1050.743236541748","0.0","1050.743236541748","192.28601053352293","239.81694579763987","239.81694579763987","239.81694579763987","3.7670353352879933","25.49293587277132","3.7670353352879933","30.783509603574224","","0.8300000000000003","8.866068672721644","2.268926766319148","","1.3964861889966926","0.7999999999999999","7.342311615145939","working_net_combined_queue","24.133793243183412","0.8260560035705566"
"2026-03-22","weekly","EH4000","Plan","123410.37885661496","544.72168439865","15.0",,"360.0","0.0","360.0","0.0","39.96000051498413","18.242279980183838","301.79771661758423","0.0","301.79771661758423","63.37751851095266","226.55675804948882","226.55675804948882","226.55675804948882","2.9791629275895377","23.68820358183805","2.9791629275895377","29.032807940492177","","0.6","7.545940536935492","3.150575406697194","","1.5282712807889465","1.1799999999999997","6.1568201057834715","working_net_combined_queue","22.11160733020511","0.8383269906044006"
"2026-03-22","weekly","EH5000","Plan","293957.0484000285","1006.7022205480434","24.0",,"576.0","0.0","576.0","0.0","56.44799852371216","68.06131076887894","451.49067306518555","0.0","451.49067306518555","72.23850607577322","291.99999999999983","291.99999999999983","291.99999999999983","3.001764773367789","22.911746687001216","3.0017647733677886","28.099804162511703","","0.7","7.860853598920456","1.4571275636663483","","0.8311811860115126","1.48","6.409506819351745","working_net_combined_queue","21.048669167950077","0.7838379740715027"
"2026-03-23","weekly","CAT793","Plan","496543.7576591525","2080.7188917852422","53.0",,"1272.0","0.0","1272.0","0.0","96.67199689149857","124.58476685834597","1050.743236541748","0.0","1050.743236541748","192.28601053352293","238.64048123921316","238.64048123921316","238.64048123921316","2.856368797501186","23.774202503464096","2.856368797501186","28.934664119634462","","0.8299999999999998","7.208743503598045","2.2231017969981646","","1.270137444326367","0.8","5.92307300134771","working_net_combined_queue","20.885055746270293","0.8260560035705566"
"2026-03-23","weekly","EH4000","Plan","56875.26005611022","250.3496806757896","15.0",,"360.0","0.0","360.0","0.0","39.96000051498413","18.242279980183838","301.79771661758423","0.0","301.79771661758423","63.37751851095266","227.1832738215688","227.1832738215688","227.1832738215688","3.151476378423787","21.29913065317418","3.151476378423787","28.460627864063703","","0.6","8.877760589597004","3.2212974706409767","","2.001262977218257","1.1800000000000002","6.643865469467845","working_net_combined_queue","24.4741865069241","0.8383269906044006"
"2026-03-23","weekly","EH5000","Plan","328071.457276033","1123.532387931617","24.0",,"576.0","0.0","576.0","0.0","56.44799852371216","68.06131076887894","451.49067306518555","0.0","451.49067306518555","72.23850607577322","292.00000000000074","292.00000000000074","292.00000000000074","2.637771132685248","21.848969347326776","2.637771132685248","27.620230461150946","","0.7000000000000003","7.243649137183616","1.5301259680839645","","0.8386140755040498","1.4799999999999995","5.730084989106925","working_net_combined_queue","19.83247416987856","0.7838379740715027"
"2026-03-24","weekly","CAT793","Plan","504206.32008842065","2109.0235151712163","53.0",,"1272.0","0.0","1272.0","0.0","96.67199689149857","124.58476685834597","1050.743236541748","0.0","1050.743236541748","192.28601053352293","239.07098069861388","239.07098069861388","239.07098069861388","3.0698397632385546","23.955892263291847","3.069839763238556","28.80972809532581","","0.83","7.688729927899716","2.3088779062873432","","1.3212028260001707","0.7999999999999998","6.393339957422127","working_net_combined_queue","21.972150617609355","0.8260560035705566"
"2026-03-24","weekly","EH4000","Plan","73051.184751368","322.61401550296756","15.0",,"360.0","0.0","360.0","0.0","39.96000051498413","18.242279980183838","301.79771661758423","0.0","301.79771661758423","63.37751851095266","226.4352484422551","226.4352484422551","226.4352484422551","3.433820075155265","23.652744020045496","3.4338200751552654","29.86037550910422","","0.6","8.71058361493736","3.1536609297203264","","1.8977830987453885","1.1800000000000004","6.899752631928526","working_net_combined_queue","24.391780275331623","0.8383269906044006"
"2026-03-24","weekly","EH5000","Plan","335748.0507184026","1149.8220915013762","24.0",,"576.0","0.0","576.0","0.0","56.44799852371216","68.06131076887894","451.49067306518555","0.0","451.49067306518555","72.23850607577322","292.0000000000006","292.0000000000006","292.0000000000006","2.583283277018969","21.68829630420031","2.583283277018969","27.446484812667105","","0.6999999999999997","7.146573176940612","1.5402466421711398","","0.9484133377572807","1.4799999999999993","5.64724399787633","working_net_combined_queue","19.772477154745346","0.7838379740715027"
"2026-03-25","weekly","CAT793","Plan","450366.8753231541","1884.9414556721615","53.0",,"1272.0","0.0","1272.0","0.0","96.67199689149857","124.58476685834597","1050.743236541748","0.0","1050.743236541748","192.28601053352293","238.92883992121406","238.92883992121406","238.92883992121406","2.8101087263770395","24.332094481395004","2.8101087263770395","29.264916712929057","","0.8299999999999998","6.929388002810182","2.2721770526140523","","1.150096788576932","0.7999999999999994","5.7613874400036496","working_net_combined_queue","20.37304928400483","0.8260560035705566"
"2026-03-25","weekly","EH4000","Plan","43033.45399375233","190.04844762039758","15.0",,"360.0","0.0","360.0","0.0","39.96000051498413","18.242279980183838","301.79771661758423","0.0","301.79771661758423","63.37751851095266","226.43412525898276","226.43412525898276","226.43412525898276","5.456329757286314","29.49376122796038","5.456329757286311","36.75544560202998","","0.6","11.099967308571669","3.234142291553885","","1.5369414684380347","1.18","8.906973649071954","working_net_combined_queue","28.50802471763553","0.8383269906044006"
"2026-03-25","weekly","EH5000","Plan","296245.66300409776","1014.5399417948541","24.0",,"576.0","0.0","576.0","0.0","56.44799852371216","68.06131076887894","451.49067306518555","0.0","451.49067306518555","72.23850607577322","292.00000000000034","292.00000000000034","292.00000000000034","2.5427889926240015","21.573166454297233","2.5427889926240015","27.221227677765096","","0.6999999999999998","7.07208836869887","1.5346943094138432","","0.9078682988217447","1.4799999999999995","5.604719278773032","working_net_combined_queue","19.609370255707503","0.7838379740715027"
"2026-03-26","weekly","CAT793","Plan","529342.7539347643","2214.683051258627","53.0",,"1272.0","0.0","1272.0","0.0","96.67199689149857","124.58476685834597","1050.743236541748","0.0","1050.743236541748","192.28601053352293","239.01512843290755","239.01512843290755","239.01512843290755","2.461039195150367","22.845455001948842","2.461039195150367","28.051274175537","","0.8300000000000001","6.463532973907747","2.2943879122551243","","1.3254392953146792","0.8000000000000003","5.264015844164243","working_net_combined_queue","19.607376025641813","0.8260560035705566"
"2026-03-26","weekly","EH4000","Plan","53525.07114948824","237.5307559318914","15.0",,"360.0","0.0","360.0","0.0","39.96000051498413","18.242279980183838","301.79771661758423","0.0","301.79771661758423","63.37751851095266","225.33953946088482","225.33953946088482","225.33953946088482","3.082118627140573","22.31805745870469","3.082118627140573","29.445622917290198","","0.6","8.285986267873303","3.231658413944125","","1.8802613145566358","1.18","6.280292257626069","working_net_combined_queue","23.4081982540001","0.8383269906044006"
"2026-03-26","weekly","EH5000","Plan","323097.47026755166","1106.498185847778","24.0",,"576.0","0.0","576.0","0.0","56.44799852371216","68.06131076887894","451.49067306518555","0.0","451.49067306518555","72.23850607577322","292.00000000000045","292.00000000000045","292.00000000000045","2.42759242310653","21.273618012311424","2.42759242310653","26.797440789081985","","0.6999999999999998","6.8467688618879174","1.5203864674599186","","1.0477514273289252","1.4800000000000002","5.435427454913376","working_net_combined_queue","19.340334211590147","0.7838379740715027"
"2026-03-27","weekly","CAT793","Plan","644741.7454488508","2690.396738814983","53.0",,"1272.0","0.0","1272.0","0.0","96.67199689149857","124.58476685834597","1050.743236541748","0.0","1050.743236541748","192.28601053352293","239.64560176088932","239.64560176088932","239.64560176088932","2.029514562998235","22.744871175378478","2.029514562998235","27.17242249648252","","0.8299999999999995","5.353772850193679","2.41585666686728","","1.5042158269683215","0.8000000000000003","4.481413970199285","working_net_combined_queue","18.015259314228555","0.8260560035705566"
"2026-03-27","weekly","EH4000","Plan","55650.67929488776","246.8363832477812","15.0",,"360.0","0.0","360.0","0.0","39.96000051498413","18.242279980183838","301.79771661758423","0.0","301.79771661758423","63.37751851095266","225.45573939569542","225.45573939569542","225.45573939569542","2.972522241636528","21.39028089600791","2.972522241636528","29.3270594825898","","0.6000000000000001","8.337961308936226","3.121771248828241","","2.070275236167637","1.1800000000000002","6.081459841006941","working_net_combined_queue","23.341467634939026","0.8383269906044006"
"2026-03-27","weekly","EH5000","Plan","332048.3756382874","1137.151971363998","24.0",,"576.0","0.0","576.0","0.0","56.44799852371216","68.06131076887894","451.49067306518555","0.0","451.49067306518555","72.23850607577322","292.0","292.0","292.0","2.6132919981641183","21.371848994972886","2.6132919981641183","27.337477457552282","","0.6999999999999998","7.3366380197955365","1.5178872126099796","","0.930482661595249","1.48","5.7356250273387985","working_net_combined_queue","20.010632921339553","0.7838379740715027"
"2026-03-28","weekly","CAT793","Plan","619934.7671060602","2577.921675908898","53.0",,"1272.0","0.0","1272.0","0.0","96.67199689149857","124.58476685834599","1050.743236541748","0.0","1050.743236541748","192.28601053352293","240.47851139134772","240.47851139134772","240.47851139134772","2.3869989560408422","23.292132826178992","2.3869989560408422","28.206951001374442","","0.83","6.148854569534299","2.271814398850018","","1.4118277857566768","0.8000000000000005","5.077469640567385","working_net_combined_queue","19.16996639470836","0.8260560035705566"
"2026-03-28","weekly","EH4000","Plan","70022.17134634628","309.69852290990326","15.0",,"360.0","0.0","360.0","0.0","39.96000051498413","18.242279980183838","301.79771661758423","0.0","301.79771661758423","63.37751851095266","226.09785377218915","226.09785377218915","226.09785377218915","4.337319802747847","25.00298698082132","4.337319802747847","33.15989375061995","","0.5999999999999999","10.408323948034239","3.311952866103127","","2.1166666666666694","1.1799999999999997","7.84801031396566","working_net_combined_queue","27.414953794769698","0.8383269906044006"
"2026-03-28","weekly","EH5000","Plan","255985.919989165","876.6641095519386","24.0",,"576.0","0.0","576.0","0.0","56.44799852371216","68.06131076887894","451.49067306518555","0.0","451.49067306518555","72.23850607577322","291.99999999999875","291.99999999999875","291.99999999999875","2.010209437770697","20.64090858639861","2.010209437770697","25.608893154289824","","0.6999999999999998","5.843374857331612","1.515339474753494","","1.3231905254789027","1.48","4.709792240514606","working_net_combined_queue","17.881697098078597","0.7838379740715027"
"2026-03-29","weekly","CAT793","Plan","590125.1936441944","2453.614877657356","53.0",,"1272.0","0.0","1272.0","0.0","96.67199689149857","124.58476685834599","1050.743236541748","0.0","1050.743236541748","192.28601053352293","240.51255925201664","240.51255925201664","240.51255925201664","2.354595155820963","23.347896226279246","2.354595155820963","28.190012444284466","","0.8300000000000002","6.050896748043825","2.2813528921407773","","1.4310140915319045","0.8000000000000002","5.0115518617978285","working_net_combined_queue","19.034815593514335","0.8260560035705566"
"2026-03-29","weekly","EH4000","Plan","70956.60166891775","313.97906514048134","15.0",,"360.0","0.0","360.0","0.0","39.96000051498413","18.242279980183838","301.79771661758423","0.0","301.79771661758423","63.37751851095266","225.99150563484275","225.99150563484275","225.99150563484275","4.976063067888559","26.800023225625335","4.976063067888557","35.17964740115319","","0.6","11.140430049621608","3.3100892416010566","","2.11666666666667","1.18","8.48683276068101","working_net_combined_queue","28.78401871857035","0.8383269906044006"
"2026-03-29","weekly","EH5000","Plan","240886.2348894857","824.9528592105657","24.0",,"576.0","0.0","576.0","0.0","56.44799852371216","68.06131076887894","451.49067306518555","0.0","451.49067306518555","72.23850607577322","292.0000000000006","292.0000000000006","292.0000000000006","2.605196086445433","22.00257965718956","2.605196086445433","27.847535839734558","","0.7","7.1042472120149585","1.5810776995801183","","1.2219347691880325","1.4800000000000002","5.613127354833702","working_net_combined_queue","20.010387035616784","0.7838379740715027"
"2026-03-30","weekly","CAT793","Plan","598935.077015976","2487.674980619203","53.0",,"1272.0","0.0","1272.0","0.0","96.67199689149857","124.58476685834599","1050.743236541748","0.0","1050.743236541748","192.28601053352293","240.76098432557137","240.76098432557137","240.76098432557137","2.5438263364948566","24.123781221522155","2.5438263364948575","29.230097847281268","","0.83","6.326934355279351","2.256451506404492","","1.4180893929524403","0.8000000000000002","5.221658202690134","working_net_combined_queue","19.48313345732641","0.8260560035705566"
"2026-03-30","weekly","EH4000","Plan","53762.68828518783","236.71801127473321","15.0",,"360.0","0.0","360.0","0.0","39.96000051498413","18.242279980183838","301.79771661758423","0.0","301.79771661758423","63.37751851095266","227.11701570858182","227.11701570858182","227.11701570858182","6.554697506145066","30.95284470981981","6.554697506145065","39.13327589450048","","0.5999999999999999","12.705838641187478","3.3298124657503863","","1.791085856863268","1.1799999999999993","10.049806497901011","working_net_combined_queue","31.60654346170214","0.8383269906044006"
"2026-03-30","weekly","EH5000","Plan","253049.7119879268","866.6086026983785","24.0",,"576.0","0.0","576.0","0.0","56.44799852371216","68.06131076887893","451.49067306518555","0.0","451.49067306518555","72.23850607577322","292.00000000000034","292.00000000000034","292.00000000000034","2.0722600520048466","20.764605735377753","2.0722600520048466","25.589375045979093","","0.7","5.987862457145222","1.510391713274302","","1.3139835954446386","1.48","4.8588761115456744","working_net_combined_queue","18.161113877409807","0.7838379740715027"
"2026-03-31","weekly","CAT793","Plan","599537.650985089","2490.675792774122","52.5",,"1260.0","0.0","1260.0","0.0","95.75999692082405","123.40943886911631","1040.8305644989014","0.0","1040.8305644989014","190.47199156622554","240.71284296593345","240.71284296593345","240.71284296593345","2.5246267570442598","23.55733814621795","2.52462675704426","28.914443932789393","","0.8299999999999997","6.430166450999253","2.246103363561809","","1.471625920374924","0.7999999999999999","5.238821323168447","working_net_combined_queue","19.64671705810442","0.8260560035705566"
"2026-03-31","weekly","EH4000","Plan","84498.92988005483","368.0949086583345","15.0",,"360.0","0.0","360.0","0.0","39.96000051498413","18.242279980183838","301.79771661758423","0.0","301.79771661758423","63.37751851095266","229.55745350579323","229.55745350579323","229.55745350579323","6.215777520852408","30.007903629280342","6.215777520852406","37.79893938472672","","0.6000000000000002","12.428280757581485","3.337915425278377","","2.061666988002379","1.1800000000000004","9.866590367925495","working_net_combined_queue","31.424453538787727","0.8383269906044006"
"2026-03-31","weekly","EH5000","Plan","237659.91998669904","813.9038355708878","23.5",,"564.0","0.0","564.0","0.0","55.271998554468155","66.64336679452728","442.0846173763275","0.0","442.0846173763275","70.73353719919461","291.9999999999997","291.9999999999997","291.9999999999997","2.3065172047437867","21.09805445411345","2.3065172047437867","26.308869655531723","","0.7000000000000001","6.559421513752201","1.5500294178015497","","1.2620054347680263","1.4800000000000004","5.260242423814244","working_net_combined_queue","19.12169879013604","0.7838379740715027"
"2026-04-01","weekly","CAT793","Plan","581916.4521952191","2420.7172996153445","52.5",,"1260.0","0.0","1260.0","0.0","95.75999692082405","123.4094388691163","1040.8305644989014","0.0","1040.8305644989014","190.47199156622554","240.39009110551095","240.39009110551095","240.39009110551095","2.650703449978437","23.88049474102717","2.650703449978437","29.40626260991216","","0.8299999999999993","6.659920940644019","2.235990221181463","","1.4838827653427107","0.7999999999999997","5.408446802930231","working_net_combined_queue","20.048240730098414","0.8260560035705566"
"2026-04-01","weekly","EH4000","Plan","109260.04244993057","476.15395836506417","15.0",,"360.0","0.0","360.0","0.0","39.96000051498413","18.242279980183838","301.79771661758423","0.0","301.79771661758423","63.37751851095266","229.46368612599372","229.46368612599372","229.46368612599372","3.5601716925793374","27.712328957678707","3.560171692579336","34.144626799458315","","0.6","7.708132430189407","3.2513701939768764","","2.198678221011411","1.18","6.256044408080892","working_net_combined_queue","23.144225253258572","0.8383269906044006"
"2026-04-01","weekly","EH5000","Plan","254594.37265731156","871.8985364976445","23.5",,"564.0","0.0","564.0","0.0","55.271998554468155","66.64336679452728","442.0846173763275","0.0","442.0846173763275","70.73353719919461","291.99999999999926","291.99999999999926","291.99999999999926","2.2147639612069523","21.16354617279171","2.2147639612069523","26.70886438985861","","0.7000000000000001","6.278996751652986","1.5178767262425992","","1.312651316586071","1.4800000000000004","4.9753458527002765","working_net_combined_queue","18.574870647181935","0.7838379740715027"
"2026-04-02","weekly","CAT793","Plan","595194.0304044158","2473.3548559403207","53.0",,"1272.0","0.0","1272.0","0.0","96.67199689149857","124.58476685834599","1050.743236541748","0.0","1050.743236541748","192.28601053352293","240.64239264936967","240.64239264936967","240.64239264936967","2.6976184768077527","24.321041999730287","2.6976184768077527","29.539812671153253","","0.8300000000000003","6.655023605084852","2.222379503935942","","1.5730294215397462","0.8","5.479286900371063","working_net_combined_queue","20.189719430931607","0.8260560035705566"
"2026-04-02","weekly","EH4000","Plan","107624.77763075476","471.7268971514371","15.0",,"360.0","0.0","360.0","0.0","39.96000051498413","18.242279980183838","301.79771661758423","0.0","301.79771661758423","63.37751851095266","228.15060637978482","228.15060637978482","228.15060637978482","4.047048455984902","27.380177106257918","4.047048455984902","34.1007850741609","","0.6","8.868565985411225","3.253523425534082","","2.213060287766797","1.18","7.120742435431131","working_net_combined_queue","25.185892134143213","0.8383269906044006"
"2026-04-02","weekly","EH5000","Plan","251440.6519809231","861.0981232223378","24.0",,"576.0","0.0","576.0","0.0","56.44799852371216","68.06131076887893","451.49067306518555","0.0","451.49067306518555","72.23850607577322","292.00000000000057","292.00000000000057","292.00000000000057","2.8643197718567768","22.824419161596378","2.8643197718567768","29.555638371621686","","0.6999999999999998","7.529619268496928","1.5797803893709321","","1.22313552973837","1.4800000000000004","5.814768206002274","working_net_combined_queue","20.637303393608494","0.7838379740715027"
"2026-04-03","weekly","CAT793","Plan","603988.1054156943","2512.9945514030715","53.0",,"1272.0","0.0","1272.0","0.0","96.67199689149857","124.58476685834599","1050.743236541748","0.0","1050.743236541748","192.28601053352293","240.34596695741809","240.34596695741809","240.34596695741809","2.6196882161463826","24.206084602441752","2.6196882161463826","29.257890771077406","","0.8300000000000001","6.493462100554979","2.1128796820646736","","1.3627549803866155","0.8000000000000002","5.372270140681602","working_net_combined_queue","19.60136690368787","0.8260560035705566"
"2026-04-03","weekly","EH4000","Plan","115292.96887232999","501.4766622376224","15.0",,"360.0","0.0","360.0","0.0","39.96000051498413","18.242279980183838","301.79771661758423","0.0","301.79771661758423","63.37751851095266","229.90694792831445","229.90694792831445","229.90694792831445","3.8667287400019132","28.156903749660145","3.8667287400019124","34.56551807393286","","0.6000000000000001","8.239674591454861","3.261441532203986","","2.236402379072383","1.1800000000000004","6.711999047833667","working_net_combined_queue","24.17951755056489","0.8383269906044006"
"2026-04-03","weekly","EH5000","Plan","237227.99998881895","812.4246574959541","24.0",,"576.0","0.0","576.0","0.0","56.44799852371216","68.06131076887893","451.49067306518555","0.0","451.49067306518555","72.23850607577322","292.00000000000045","292.00000000000045","292.00000000000045","3.2793699748870964","24.552941298097405","3.2793699748870964","31.813891156610026","","0.7","8.013793382403142","1.5759923403906306","","1.3425035156046514","1.4799999999999998","6.184788824624622","working_net_combined_queue","21.607078063023046","0.7838379740715027"
"2026-04-04","weekly","CAT793","Plan","611662.2704920385","2550.207551477121","53.0",,"1272.0","0.0","1272.0","0.0","108.12000113725662","111.73248086204052","1052.147521018982","0.0","1052.147521018982","192.54299459051308","239.84803516786462","239.84803516786462","239.84803516786462","2.737382281502736","24.235917029904996","2.737382281502736","29.390071609122046","","0.8300000000000002","6.776840203219989","2.2008204447662423","","1.0196439455609079","0.8000000000000002","5.5883816505974995","working_net_combined_queue","19.845686244144623","0.8271600008010864"
"2026-04-04","weekly","EH4000","Plan","166628.37705363802","725.335990179652","15.0",,"360.0","0.0","360.0","0.0","38.159999549388885","18.344880035276415","303.49512577056885","0.0","303.49512577056885","63.73397442195035","229.72578130635338","229.72578130635338","229.72578130635338","2.1485422236872207","24.30640532080788","2.1485422236872207","28.00903573791131","","0.6","5.303644521671646","3.1861440179640526","","2.0959945120319814","1.18","4.602533790434819","working_net_combined_queue","18.918316842102488","0.8430420160293579"
"2026-04-04","weekly","EH5000","Plan","191923.19999228345","657.2712328502854","24.0",,"576.0","0.0","576.0","0.0","37.439998626708984","59.780160922851564","478.7798538208008","0.0","478.7798538208008","76.60477489907794","292.00000000000017","292.00000000000017","292.00000000000017","2.673363080758149","21.982490631631478","2.673363080758152","27.391854051371492","","0.7","7.2967975982976405","1.3345532347566826","","1.0583333333333347","1.48","5.855820659115183","working_net_combined_queue","20.03550482550281","0.8312150239944458"
"2026-04-05","weekly","CAT793","Plan","616784.0016123747","2571.6228391293334","53.0",,"1272.0","0.0","1272.0","0.0","108.12000113725662","111.73248086204052","1052.147521018982","0.0","1052.147521018982","192.54299459051308","239.84232533150055","239.84232533150055","239.84232533150055","2.5822458629795477","23.915710849022126","2.5822458629795477","29.42169824989141","","0.8300000000000007","6.4783669930140455","2.1956966747911224","","1.1805223107866185","0.8000000000000007","5.266003018005417","working_net_combined_queue","19.380588996597208","0.8271600008010864"
"2026-04-05","weekly","EH4000","Plan","182926.15236447484","795.6599068425028","15.0",,"360.0","0.0","360.0","0.0","38.159999549388885","18.344880035276415","303.49512577056885","0.0","303.49512577056885","63.73397442195035","229.9049515896799","229.9049515896799","229.9049515896799","1.7488360166934513","22.260191388280163","1.7488360166934513","25.365518510331512","","0.5999999999999996","4.71380318216186","3.171392052303686","","2.157316733341573","1.1799999999999997","4.136724465493124","working_net_combined_queue","17.909236433300237","0.8430420160293579"
"2026-04-05","weekly","EH5000","Plan","183926.3999910412","629.8849314761657","24.0",,"576.0","0.0","576.0","0.0","37.439998626708984","59.780160922851564","478.7798538208008","0.0","478.7798538208008","76.60477489907794","292.0000000000013","292.0000000000013","292.0000000000013","2.6945426534945707","21.975222307952073","2.6945426534945707","27.312509497058198","","0.7000000000000001","7.357038620317872","1.333833333333335","","1.0583333333333351","1.4800000000000004","5.919359377324439","working_net_combined_queue","20.15856466430895","0.8312150239944458"
"2026-04-06","weekly","CAT793","Plan","566473.9681671902","2360.6397753818933","53.0",,"1272.0","0.0","1272.0","0.0","108.12000113725662","111.73248086204052","1052.147521018982","0.0","1052.147521018982","192.54299459051308","239.96628967905477","239.96628967905477","239.96628967905477","2.6643961112711927","24.296056235994122","2.6643961112711927","29.529854594585448","","0.8299999999999995","6.579823701569993","2.220980561753421","","1.1659804904688706","0.7999999999999996","5.413632030060316","working_net_combined_queue","19.6404167838526","0.8271600008010864"
"2026-04-06","weekly","EH4000","Plan","177450.20842540622","772.596911196745","15.0",,"360.0","0.0","360.0","0.0","38.159999549388885","18.344880035276415","303.49512577056885","0.0","303.49512577056885","63.73397442195035","229.68019397144312","229.68019397144312","229.68019397144312","1.6544265574751906","22.041330786430432","1.6544265574751906","24.8067768558745","","0.5999999999999999","4.5036116199310205","3.1662577266803225","","2.158492516836579","1.18","4.001551431902541","working_net_combined_queue","17.55991329535045","0.8430420160293579"
"2026-04-06","weekly","EH5000","Plan","167932.79999222563","575.1123287404992","24.0",,"576.0","0.0","576.0","0.0","37.439998626708984","59.780160922851564","478.7798538208008","0.0","478.7798538208008","76.60477489907794","291.9999999999998","291.9999999999998","291.9999999999998","2.5859375499174","21.983106841668977","2.5859375499174","27.48242267893441","","0.7","7.057976568668872","1.3338333333333348","","1.0583333333333347","1.4799999999999998","5.645654126190739","working_net_combined_queue","19.585797361526275","0.8312150239944458"
"2026-04-07","weekly","CAT793","Plan","599778.5543185233","2498.4445112290023","53.0",,"1272.0","0.0","1272.0","0.0","108.12000113725662","111.73248086204052","1052.147521018982","0.0","1052.147521018982","192.54299459051308","240.060786470494","240.060786470494","240.060786470494","2.7478547254259316","24.86624568789907","2.7478547254259307","29.83267353331618","","0.8300000000000003","6.630324721909628","2.202307519723927","","1.0885954712605883","0.8","5.5265339642266005","working_net_combined_queue","19.70776167712075","0.8271600008010864"
"2026-04-07","weekly","EH4000","Plan","155418.7869995557","675.7338565198069","15.0",,"360.0","0.0","360.0","0.0","38.159999549388885","18.344880035276415","303.49512577056885","0.0","303.49512577056885","63.73397442195035","230.0000000000002","230.0000000000002","230.0000000000002","2.4429938940665723","26.63708900241619","2.4429938940665723","30.22921607285738","","0.5999999999999999","5.5028398047060785","3.1757693963532536","","2.142938242717043","1.1799999999999997","4.8489392940496145","working_net_combined_queue","19.400486737825965","0.8430420160293579"
"2026-04-07","weekly","EH5000","Plan","182818.20414152063","626.0897402106872","24.0",,"576.0","0.0","576.0","0.0","37.439998626708984","59.780160922851564","478.7798538208008","0.0","478.7798538208008","76.60477489907794","291.99999999999994","291.99999999999994","291.99999999999994","2.410061213016297","22.070075274158153","2.410061213016297","28.054367951059117","","0.6999999999999998","6.552024448702004","1.3660837266770902","","1.025971202707909","1.48","5.1544085054148825","working_net_combined_queue","18.58848788350191","0.8312150239944458"
"2026-04-08","weekly","CAT793","Plan","635061.4210513618","2641.851140343734","53.0",,"1272.0","0.0","1272.0","0.0","108.12000113725662","111.73248086204052","1052.147521018982","0.0","1052.147521018982","192.54299459051308","240.3850131270959","240.3850131270959","240.3850131270959","2.359949674946309","23.728111971520875","2.3599496749463094","28.586957390929374","","0.8300000000000001","5.967477760840268","2.246879422816483","","1.308074665354539","0.7999999999999999","4.953202208980351","working_net_combined_queue","18.735634057991657","0.8271600008010864"
"2026-04-08","weekly","EH4000","Plan","123364.44209914783","537.7147844454762","15.0",,"360.0","0.0","360.0","0.0","38.159999549388885","18.344880035276415","303.49512577056885","0.0","303.49512577056885","63.73397442195035","229.4235636953309","229.4235636953309","229.4235636953309","2.915823389368007","26.340487876530535","2.9158233893680063","31.486325377663675","","0.6","6.641843696371354","3.213332952060418","","2.1645723503936636","1.1800000000000002","5.556361412887801","working_net_combined_queue","21.30611041171322","0.8430420160293579"
"2026-04-08","weekly","EH5000","Plan","326857.5599819886","1119.375205417769","24.0",,"576.0","0.0","576.0","0.0","37.439998626708984","59.780160922851564","478.7798538208008","0.0","478.7798538208008","76.60477489907794","292.0000000000001","292.0000000000001","292.0000000000001","2.4370036353494475","21.22210366735421","2.4370036353494475","27.429401982706775","","0.6999999999999997","6.889996411896536","1.5018297279066453","","1.0243608557343045","1.4800000000000009","5.330784032883885","working_net_combined_queue","19.236971028421387","0.8312150239944458"
"2026-04-09","weekly","CAT793","Plan","608252.786371504","2532.7735915099934","53.0",,"1272.0","0.0","1272.0","0.0","108.12000113725662","111.73248086204052","1052.147521018982","0.0","1052.147521018982","192.54299459051308","240.15284603819433","240.15284603819433","240.15284603819433","2.7182400739889787","24.102260694302768","2.7182400739889783","29.39725907184737","","0.8300000000000001","6.7667679189069005","2.177541718509928","","1.2106469495913776","0.7999999999999999","5.547945951040313","working_net_combined_queue","19.962902538048525","0.8271600008010864"
"2026-04-09","weekly","EH4000","Plan","175034.2667632728","761.3823868807464","15.0",,"360.0","0.0","360.0","0.0","38.159999549388885","18.344880035276415","303.49512577056885","0.0","303.49512577056885","63.73397442195035","229.8900917321693","229.8900917321693","229.8900917321693","2.010717651215423","23.65672422953352","2.010717651215423","27.101655492324866","","0.5999999999999998","5.099736459805885","3.1846360821792343","","2.1267494812610743","1.1799999999999995","4.451501462967502","working_net_combined_queue","18.59262348621369","0.8430420160293579"
"2026-04-09","weekly","EH5000","Plan","254590.1381676731","871.8840348207979","24.0",,"576.0","0.0","576.0","0.0","37.439998626708984","59.780160922851564","478.7798538208008","0.0","478.7798538208008","76.60477489907794","292.00000000000017","292.00000000000017","292.00000000000017","2.0752299047354525","20.363265125845956","2.0752299047354525","26.13249083886056","","0.7000000000000001","6.114628155879027","1.5122915097960803","","1.3279820796157649","1.48","4.76471206100904","working_net_combined_queue","18.209613806299924","0.8312150239944458"
"2026-04-10","weekly","CAT793","Plan","575513.8665457221","2390.5148709018654","53.0",,"1272.0","0.0","1272.0","0.0","108.12000113725662","111.73248086204052","1052.147521018982","0.0","1052.147521018982","192.54299459051308","240.7489171270451","240.7489171270451","240.7489171270451","3.054944698126412","24.182267955994902","3.054944698126412","29.59303906157","","0.8299999999999996","7.579796990966043","2.185041706969576","","1.2928141935200916","0.7999999999999998","6.193912071897231","working_net_combined_queue","21.511564963352946","0.8271600008010864"
"2026-04-10","weekly","EH4000","Plan","178112.92484286532","774.7905299011044","15.0",,"360.0","0.0","360.0","0.0","38.159999549388885","18.344880035276415","303.49512577056885","0.0","303.49512577056885","63.73397442195035","229.88526313763793","229.88526313763793","229.88526313763793","1.9050705796986098","23.14809864040328","1.9050705796986098","26.164832169641546","","0.6000000000000001","4.937953503550701","3.175030178152641","","2.1639206572238208","1.1799999999999995","4.368620981048798","working_net_combined_queue","18.37552531997595","0.8430420160293579"
"2026-04-10","weekly","EH5000","Plan","250828.52804170686","859.001808362012","24.0",,"576.0","0.0","576.0","0.0","37.439998626708984","59.780160922851564","478.7798538208008","0.0","478.7798538208008","76.60477489907794","291.99999999999926","291.99999999999926","291.99999999999926","2.5764013640537717","21.39564662725122","2.5764013640537717","27.424421508482393","","0.6999999999999998","7.225025003279664","1.5470365374500497","","1.2342262115368483","1.4799999999999995","5.636730816561193","working_net_combined_queue","20.133018568827747","0.8312150239944458"
"2026-04-11","weekly","CAT793","Plan","573001.2203710906","2382.450718811073","53.0",,"1272.0","0.0","1272.0","0.0","105.94285601377487","111.94148679571151","1054.1156573295593","0.0","1054.1156573295593","192.90316353206407","240.50915968454467","240.50915968454467","240.50915968454467","3.20325901653049","24.94982699858545","3.2032590165304895","30.548222635511337","","0.8299999999999988","7.7032815098367635","2.216867940084686","","1.209718078192356","0.7999999999999998","6.291545772892468","working_net_combined_queue","21.68141330100628","0.8287072777748108"
"2026-04-11","weekly","EH4000","Plan","192981.67521971342","845.5844404624418","14.0",,"336.0","0.0","336.0","0.0","10.689333021640778","18.54270802746149","306.7679557800293","0.0","306.7679557800293","64.4212687024787","228.22283143499382","228.22283143499382","228.22283143499382","1.8050050548014531","24.781334569168525","1.8050050548014531","27.680471645928428","","0.5999999999999999","4.3702369210909255","3.170554136399745","","1.9651864403961246","1.18","3.9125165449995962","working_net_combined_queue","17.148494042886377","0.9129998683929443"
"2026-04-11","weekly","EH5000","Plan","322131.3228106756","1103.1894616803952","24.0",,"576.0","0.0","576.0","0.0","39.991427421569824","59.49695232297216","476.51162338256836","0.0","476.51162338256836","76.24185803707257","292.00000000000017","292.00000000000017","292.00000000000017","2.8556188307357426","22.77189206693007","2.8556188307357426","28.3212164997536","","0.7","7.524062091132285","1.4882765859734401","","0.916036462144636","1.48","6.049780024302107","working_net_combined_queue","20.468155163552478","0.8272771239280701"
"2026-04-12","weekly","CAT793","Plan","586232.9710439296","2434.7055383246093","53.0",,"1272.0","0.0","1272.0","0.0","105.94285601377487","111.94148679571151","1054.1156573295593","0.0","1054.1156573295593","192.90316353206407","240.78187765052414","240.78187765052414","240.78187765052414","2.647702438145198","25.431362190408382","2.647702438145198","30.89125296461696","","0.8300000000000002","6.2467022056973365","2.35955960717529","","1.4519935999441609","0.7999999999999998","5.142625534505629","working_net_combined_queue","19.460880947322437","0.8287072777748108"
"2026-04-12","weekly","EH4000","Plan","108032.04721126624","471.4454135105603","14.0",,"336.0","0.0","336.0","0.0","10.689333021640778","18.54270802746149","306.7679557800293","0.0","306.7679557800293","64.4212687024787","229.1507014710757","229.1507014710757","229.1507014710757","3.631141548904682","28.850836060449307","3.631141548904682","34.83064369842159","","0.6","7.5515486787902795","3.182002112335244","","2.1902692894379494","1.18","6.255080865592904","working_net_combined_queue","22.90890094615635","0.9129998683929443"
"2026-04-12","weekly","EH5000","Plan","327681.58803282655","1122.1972192905043","24.0",,"576.0","0.0","576.0","0.0","39.991427421569824","59.49695232297216","476.51162338256836","0.0","476.51162338256836","76.24185803707257","291.9999999999994","291.9999999999994","291.9999999999994","2.7621218400343914","22.123132238675428","2.7621218400343914","27.25129352664548","","0.6999999999999997","7.491132296010994","1.4561378709280304","","0.9906107021065647","1.4799999999999995","6.0814474821175155","working_net_combined_queue","20.5093283511631","0.8272771239280701"
"2026-04-13","weekly","CAT793","Plan","565529.5785475832","2363.142505242246","53.0",,"1272.0","0.0","1272.0","0.0","105.94285601377487","111.94148679571151","1054.1156573295593","0.0","1054.1156573295593","192.90316353206407","239.31251597948415","239.31251597948415","239.31251597948415","2.9216693733256083","25.119898201471106","2.9216693733256087","30.41541394011607","","0.8300000000000002","6.978537930112724","2.2827013750261673","","1.264226400781663","0.7999999999999999","5.763530384451758","working_net_combined_queue","20.54899609037231","0.8287072777748108"
"2026-04-13","weekly","EH4000","Plan","136088.75506967754","596.6681132211198","14.0",,"336.0","0.0","336.0","0.0","10.689333021640778","18.54270802746149","306.7679557800293","0.0","306.7679557800293","64.4212687024787","228.08115944892847","228.08115944892847","228.08115944892847","2.760940686502885","25.69155731348197","2.760940686502885","30.422173630316568","","0.5999999999999998","6.447894114353387","3.1653437095740995","","2.199515882385335","1.1799999999999995","5.445253294626249","working_net_combined_queue","20.988007000939067","0.9129998683929443"
"2026-04-13","weekly","EH5000","Plan","321854.00509483414","1102.2397434754605","24.0",,"576.0","0.0","576.0","0.0","39.991427421569824","59.49695232297216","476.51162338256836","0.0","476.51162338256836","76.24185803707257","291.9999999999997","291.9999999999997","291.9999999999997","3.1083974965760617","22.51598116236162","3.1083974965760617","28.132594564343513","","0.7000000000000002","8.283176666816948","1.4888506591748192","","0.8970465767971132","1.4800000000000002","6.6294578471246615","working_net_combined_queue","21.788531749913517","0.8272771239280701"
"2026-04-14","weekly","CAT793","Plan","550697.173346971","2300.076220260775","53.0",,"1272.0","0.0","1272.0","0.0","105.94285601377487","111.94148679571151","1054.1156573295593","0.0","1054.1156573295593","192.90316353206407","239.4256192451461","239.4256192451461","239.4256192451461","3.3708709874912253","25.325340880089765","3.3708709874912235","30.74604431460717","","0.8299999999999998","7.9861613791141455","2.246630690910355","","1.3259460729146941","0.7999999999999996","6.578155458957209","working_net_combined_queue","22.396893601896412","0.8287072777748108"
"2026-04-14","weekly","EH4000","Plan","160653.98288486924","705.2297986338758","14.0",,"336.0","0.0","336.0","0.0","10.689333021640778","18.54270802746149","306.7679557800293","0.0","306.7679557800293","64.4212687024787","227.8037360248779","227.8037360248779","227.8037360248779","2.456998666103506","24.09942805557492","2.4569986661035057","28.038734341016134","","0.6","6.117154300353104","3.1584381744450445","","2.2100598911667024","1.1799999999999997","5.2577237678863","working_net_combined_queue","20.473376133851133","0.9129998683929443"
"2026-04-14","weekly","EH5000","Plan","253498.3553022669","868.1450524050239","24.0",,"576.0","0.0","576.0","0.0","39.991427421569824","59.49695232297216","476.51162338256836","0.0","476.51162338256836","76.24185803707257","291.9999999999999","291.9999999999999","291.9999999999999","3.5501329363638345","22.773592053455626","3.5501329363638345","28.46526636391894","","0.7","9.353288479122844","1.526874762579622","","0.6361816474535951","1.48","7.4830838910338695","working_net_combined_queue","23.48942878018993","0.8272771239280701"
"2026-04-15","weekly","CAT793","Plan","551364.8118030814","2309.0306264145383","53.0",,"1272.0","0.0","1272.0","0.0","105.94285601377487","111.94148679571151","1054.1156573295593","0.0","1054.1156573295593","192.90316353206407","238.7862705222063","238.7862705222063","238.7862705222063","3.3180210014825517","24.960938451314327","3.3180210014825517","30.369866544874792","","0.830000000000001","7.975712150296593","2.247066909341342","","1.1993486529729718","0.8000000000000005","6.555223408531901","working_net_combined_queue","22.237351121142822","0.8287072777748108"
"2026-04-15","weekly","EH4000","Plan","158274.03249116152","696.7385198951898","14.0",,"336.0","0.0","336.0","0.0","10.689333021640778","18.54270802746149","306.7679557800293","0.0","306.7679557800293","64.4212687024787","227.16417705019472","227.16417705019472","227.16417705019472","2.52457065703575","24.1018970247691","2.52457065703575","28.198071278680004","","0.6000000000000002","6.284743448471195","3.1539136148496554","","2.073802217626644","1.1800000000000002","5.371794330368675","working_net_combined_queue","20.61425361131617","0.9129998683929443"
"2026-04-15","weekly","EH5000","Plan","266764.37948592537","913.576642075087","24.0",,"576.0","0.0","576.0","0.0","39.991427421569824","59.49695232297216","476.51162338256836","0.0","476.51162338256836","76.24185803707257","292.0","292.0","292.0","3.5145585659060212","22.92052851025598","3.5145585659060212","28.157240113185782","","0.6999999999999998","9.20020294732751","1.4861199258650017","","0.6100660365782622","1.4799999999999998","7.489140026035829","working_net_combined_queue","23.275528935806612","0.8272771239280701"
"2026-04-16","weekly","CAT793","Plan","563153.7311869964","2357.8154974692334","53.0",,"1272.0","0.0","1272.0","0.0","105.94285601377487","111.94148679571151","1054.1156573295593","0.0","1054.1156573295593","192.90316353206407","238.84554656268006","238.84554656268006","238.84554656268006","3.1131824301451783","24.09007714483387","3.1131824301451783","29.81824226742651","","0.8300000000000003","7.7538541983776135","2.246644206755411","","1.2975380721167917","0.8000000000000005","6.264317800273606","working_net_combined_queue","21.82235427752343","0.8287072777748108"
"2026-04-16","weekly","EH4000","Plan","157327.7637035376","690.8693711720991","14.0",,"336.0","0.0","336.0","0.0","10.689333021640778","18.54270802746149","306.7679557800293","0.0","306.7679557800293","64.4212687024787","227.72432860443953","227.72432860443953","227.72432860443953","2.4992446002649342","23.5953761157335","2.4992446002649342","27.568796793052215","","0.6","6.355256863903331","3.1128778826321373","","2.213377636116581","1.1799999999999997","5.439289829786372","working_net_combined_queue","20.85080221243842","0.9129998683929443"
"2026-04-16","weekly","EH5000","Plan","302023.0631577795","1034.3255587595158","24.0",,"576.0","0.0","576.0","0.0","39.991427421569824","59.49695232297216","476.51162338256836","0.0","476.51162338256836","76.24185803707257","292.00000000000085","292.00000000000085","292.00000000000085","3.336087795046263","22.54553769157012","3.3360877950462653","27.91829034499492","","0.7000000000000001","8.878265421792024","1.4308767291220126","","0.8763294483452791","1.4800000000000002","7.169682141322839","working_net_combined_queue","22.845153740582166","0.8272771239280701"
"2026-04-17","weekly","CAT793","Plan","557835.3893326682","2330.616088983337","53.0",,"1272.0","0.0","1272.0","0.0","105.94285601377487","111.94148679571151","1054.1156573295593","0.0","1054.1156573295593","192.90316353206407","239.35104197105562","239.35104197105562","239.35104197105562","2.996787047922462","23.589909760938088","2.9967870479224623","28.647234340983026","","0.8299999999999995","7.622209016377238","2.2048311721098313","","1.4170603387604634","0.7999999999999998","6.2765997141341385","working_net_combined_queue","21.780700241381663","0.8287072777748108"
"2026-04-17","weekly","EH4000","Plan","136492.93051437542","599.3660394792972","14.0",,"336.0","0.0","336.0","0.0","10.689333021640778","18.54270802746149","306.7679557800293","0.0","306.7679557800293","64.4212687024787","227.72883600971863","227.72883600971863","227.72883600971863","2.876721369773123","22.86484572981295","2.876721369773123","27.830544740301807","","0.6","7.548849628201686","3.056258778470183","","2.215683535908217","1.1800000000000002","6.20193689333138","working_net_combined_queue","22.75272883591145","0.9129998683929443"
"2026-04-17","weekly","EH5000","Plan","303939.6285713505","1040.8891389429828","24.0",,"576.0","0.0","576.0","0.0","39.991427421569824","59.49695232297216","476.51162338256836","0.0","476.51162338256836","76.24185803707257","291.99999999999955","291.99999999999955","291.99999999999955","3.37583180643212","22.61747202149357","3.3758318064321258","28.05814614326461","","0.7000000000000002","8.9554618744943","1.441572218141679","","0.8946522105442752","1.4800000000000004","7.218934114595803","working_net_combined_queue","23.00062041777606","0.8272771239280701"
"2026-04-18","weekly","CAT793","Plan","439053.1441543063","1829.4132509707445","53.0",,"1272.0","0.0","1272.0","0.0","106.84799855947495","111.854593110569","1053.2974390983582","0.0","1053.2974390983582","192.7534295971198","239.99670053845455","239.99670053845455","239.99670053845455","3.5762123396991465","24.37308966217307","3.576212339699148","30.681435676086732","","0.8299999999999998","8.803674189693101","2.1898183995420704","","1.2643124781869923","0.8000000000000003","6.993569096546156","working_net_combined_queue","23.51137416396831","0.8280640244483948"
"2026-04-18","weekly","EH4000","Plan","70655.06815326576","308.0160845152585","14.0",,"336.0","0.0","336.0","0.0","26.208000540733337","17.65814397841072","292.13384914398193","0.0","292.13384914398193","61.34810640485743","229.38759274360442","229.38759274360442","229.38759274360442","3.8671523572358995","28.86212844514459","3.867152357235898","35.727095709755496","","0.5999999999999999","8.03922489206397","3.237226464839614","","1.9571685387020326","1.1799999999999995","6.494486518555633","working_net_combined_queue","23.45810641416125","0.8694459795951843"
"2026-04-18","weekly","EH5000","Plan","296471.94530542917","1015.3148811829763","24.0",,"576.0","0.0","576.0","0.0","59.32800006866455","57.35059273148346","459.32141876220703","0.0","459.32141876220703","73.49142535929172","292.0000000000001","292.0000000000001","292.0000000000001","2.8440517779715977","22.229955117565837","2.844051777971597","28.254030811175497","","0.6999999999999998","7.676268610342618","1.3759560484525362","","0.7730349470748983","1.48","6.039602201141518","working_net_combined_queue","20.35486180701157","0.7974330186843872"
"2026-04-19","weekly","CAT793","Plan","489183.50488385954","2042.5092425662876","53.0",,"1272.0","0.0","1272.0","0.0","106.84799855947495","111.854593110569","1053.2974390983582","0.0","1053.2974390983582","192.7534295971198","239.501244199625","239.501244199625","239.501244199625","3.3020785946085174","24.990045124015513","3.3020785946085174","30.49671608734492","","0.8300000000000004","7.928145575300005","2.2544200514097925","","1.2000654372372845","0.8000000000000005","6.496591800542286","working_net_combined_queue","22.13922286448937","0.8280640244483948"
"2026-04-19","weekly","EH4000","Plan","104693.64913426519","459.1300329629541","14.0",,"336.0","0.0","336.0","0.0","26.208000540733337","17.65814397841072","292.13384914398193","0.0","292.13384914398193","61.34810640485743","228.0261399121164","228.0261399121164","228.0261399121164","2.6463202200105838","25.4839520514747","2.6463202200105838","30.260784590190802","","0.5999999999999999","6.230556896352614","3.1785255389787124","","2.112242502874342","1.1799999999999997","5.247028963422983","working_net_combined_queue","20.498353901628633","0.8694459795951843"
"2026-04-19","weekly","EH5000","Plan","271647.3229695718","930.2990512656587","24.0",,"576.0","0.0","576.0","0.0","59.32800006866455","57.35059273148346","459.32141876220703","0.0","459.32141876220703","73.49142535929172","291.99999999999943","291.99999999999943","291.99999999999943","2.8877820018297222","22.15295255918253","2.8877820018297222","28.13281361053568","","0.7","7.821391737597666","1.3565329672972475","","0.6707030408758722","1.4799999999999998","6.158890557782504","working_net_combined_queue","20.497518303553292","0.7974330186843872"
"2026-04-20","weekly","CAT793","Plan","549765.7996984671","2300.2111417897095","53.0",,"1272.0","0.0","1272.0","0.0","106.84799855947495","111.854593110569","1053.2974390983582","0.0","1053.2974390983582","192.7534295971198","239.00666756648897","239.00666756648897","239.00666756648897","3.377162600092749","25.707326432783734","3.377162600092751","31.10659425043689","","0.8300000000000004","7.882179289836912","2.2332282046119354","","1.4942733230514305","0.8000000000000008","6.514045040553391","working_net_combined_queue","22.383725858053666","0.8280640244483948"
"2026-04-20","weekly","EH4000","Plan","153791.43575421956","675.8000534319405","14.0",,"336.0","0.0","336.0","0.0","26.208000540733337","17.65814397841072","292.13384914398193","0.0","292.13384914398193","61.34810640485743","227.56943414433724","227.56943414433724","227.56943414433724","2.36024830718","23.47840451235454","2.36024830718","27.304864315073324","","0.6000000000000002","6.031708771193588","3.1200128183740334","","2.143854448819229","1.1800000000000002","5.186434797722954","working_net_combined_queue","20.2120108361098","0.8694459795951843"
"2026-04-20","weekly","EH5000","Plan","319659.8716522331","1094.7255878501137","24.0",,"576.0","0.0","576.0","0.0","59.32800006866455","57.35059273148346","459.32141876220703","0.0","459.32141876220703","73.49142535929172","291.99999999999994","291.99999999999994","291.99999999999994","2.8968472327945074","21.965826293090753","2.8968472327945065","28.154477509830375","","0.6999999999999997","7.912783778242926","1.4524611041852924","","0.8750781474126593","1.48","6.173470415388915","working_net_combined_queue","20.90379344522982","0.7974330186843872"
"2026-04-21","weekly","CAT793","Plan","577644.6073068755","2411.352816310763","53.0",,"1272.0","0.0","1272.0","0.0","106.84799855947495","111.854593110569","1053.2974390983582","0.0","1053.2974390983582","192.7534295971198","239.55209017925463","239.55209017925463","239.55209017925463","2.9457434514650793","25.133082369767887","2.94574345146508","30.079560729846165","","0.8300000000000002","7.032349016629473","2.145590946779495","","1.4557605571753411","0.8000000000000007","5.875903862935459","working_net_combined_queue","20.76960438351977","0.8280640244483948"
"2026-04-21","weekly","EH4000","Plan","126430.93798501341","552.4403347600236","14.0",,"336.0","0.0","336.0","0.0","26.208000540733337","17.65814397841072","292.13384914398193","0.0","292.13384914398193","61.34810640485743","228.85899169533698","228.85899169533698","228.85899169533698","3.0511388298939046","26.134014345808588","3.0511388298939046","31.016343347274823","","0.6000000000000002","7.004983136966673","3.195243031420943","","2.1121094854651625","1.1800000000000006","5.902318263113989","working_net_combined_queue","21.944653916966775","0.8694459795951843"
"2026-04-21","weekly","EH5000","Plan","338618.428968083","1159.6521540002846","24.0",,"576.0","0.0","576.0","0.0","59.32800006866455","57.35059273148346","459.32141876220703","0.0","459.32141876220703","73.49142535929172","291.99999999999994","291.99999999999994","291.99999999999994","2.3584143605478314","21.861988420875104","2.3584143605478314","27.977843045704443","","0.6999999999999998","6.472643700504057","1.5230344807444798","","0.9704649001452901","1.4799999999999998","5.057747353922472","working_net_combined_queue","18.5138904353163","0.7974330186843872"
"2026-04-22","weekly","CAT793","Plan","590953.0189408864","2463.31403720328","53.0",,"1272.0","0.0","1272.0","0.0","106.84799855947495","111.854593110569","1053.2974390983582","0.0","1053.2974390983582","192.7534295971198","239.9016162843062","239.9016162843062","239.9016162843062","2.839584659817095","24.48090230579732","2.839584659817096","29.606648718383642","","0.83","6.959509803226461","2.1667473606135927","","1.3298852311511775","0.8000000000000003","5.754622254265301","working_net_combined_queue","20.470764649256537","0.8280640244483948"
"2026-04-22","weekly","EH4000","Plan","137730.68377886718","598.8775425583822","14.0",,"336.0","0.0","336.0","0.0","26.208000540733337","17.65814397841072","292.13384914398193","0.0","292.13384914398193","61.34810640485743","229.98138015075156","229.98138015075156","229.98138015075156","2.660754199895779","25.4579929525449","2.6607541998957775","30.58479080659792","","0.6","6.270928438519654","3.2195587270236987","","2.1626351678970717","1.18","5.219759487755172","working_net_combined_queue","20.602881821195577","0.8694459795951843"
"2026-04-22","weekly","EH5000","Plan","350847.9599803343","1201.5341095216918","24.0",,"576.0","0.0","576.0","0.0","59.32800006866455","57.35059273148346","459.32141876220703","0.0","459.32141876220703","73.49142535929172","292.0000000000002","292.0000000000002","292.0000000000002","2.3309131764088313","21.987557802436072","2.3309131764088313","27.548621769807333","","0.6999999999999998","6.360633219985665","1.5008455015404347","","0.937346777706709","1.4799999999999995","5.0766528994857945","working_net_combined_queue","18.365478398718604","0.7974330186843872"
"2026-04-23","weekly","CAT793","Plan","582674.7050350221","2434.6564534805493","53.0",,"1272.0","0.0","1272.0","0.0","106.84799855947495","111.854593110569","1053.2974390983582","0.0","1053.2974390983582","192.7534295971198","239.32522561942523","239.32522561942523","239.32522561942523","3.104715633695829","25.203911759446612","3.1047156336958293","30.50092056009128","","0.8299999999999995","7.391032780930504","2.164930802146352","","1.158090358315558","0.7999999999999998","6.1074529752223405","working_net_combined_queue","21.08150691661477","0.8280640244483948"
"2026-04-23","weekly","EH4000","Plan","180175.26122666415","783.439881631108","14.0",,"336.0","0.0","336.0","0.0","26.208000540733337","17.65814397841072","292.13384914398193","0.0","292.13384914398193","61.34810640485743","229.97969014743342","229.97969014743342","229.97969014743342","1.6971133314814748","22.46072603502804","1.6971133314814748","26.535393543805863","","0.5999999999999998","4.5335489035433305","3.1926720099723838","","2.1686546485837286","1.1799999999999997","3.8373955042644488","working_net_combined_queue","17.462271066363886","0.8694459795951843"
"2026-04-23","weekly","EH5000","Plan","305806.2206428797","1047.281577544108","24.0",,"576.0","0.0","576.0","0.0","59.32800006866455","57.35059273148346","459.32141876220703","0.0","459.32141876220703","73.49142535929172","292.0000000000002","292.0000000000002","292.0000000000002","2.5113019166836485","21.82921009913162","2.5113019166836485","27.67779645279482","","0.7000000000000001","6.902591267240266","1.5230581838651787","","1.0527378399754486","1.4799999999999995","5.444006904885085","working_net_combined_queue","19.41239419596597","0.7974330186843872"
"2026-04-24","weekly","CAT793","Plan","588216.3615410097","2459.963671811599","53.0",,"1272.0","0.0","1272.0","0.0","106.84799855947495","111.854593110569","1053.2974390983582","0.0","1053.2974390983582","192.7534295971198","239.11587324695233","239.11587324695233","239.11587324695233","2.9087725810744436","24.083071038933067","2.908772581074444","29.965875705659734","","0.8300000000000003","7.246847986385316","2.254811437045289","","1.2737914071277825","0.8000000000000005","5.824170018548911","working_net_combined_queue","20.859620849107294","0.8280640244483948"
"2026-04-24","weekly","EH4000","Plan","177239.5942276246","770.6069314244537","14.0",,"336.0","0.0","336.0","0.0","26.208000540733337","17.65814397841072","292.13384914398193","0.0","292.13384914398193","61.34810640485743","230.0000000000003","230.0000000000003","230.0000000000003","1.697095426147204","22.906525849753823","1.6970954261472038","27.592296350010447","","0.5999999999999999","4.445271458304821","3.1997811740355506","","2.167968963068953","1.18","3.690367930134009","working_net_combined_queue","17.233389525543334","0.8694459795951843"
"2026-04-24","weekly","EH5000","Plan","255469.51132450136","874.8955867277418","24.5",,"588.0","0.0","588.0","0.0","60.56400007009506","58.5453967467227","468.8906149864197","0.0","468.8906149864197","75.02249672094364","292.00000000000085","292.00000000000085","292.00000000000085","2.820741012332445","22.260164478205642","2.8207410123324492","28.0075886274433","","0.7000000000000001","7.603019326548535","1.5673301487385827","","1.2393348946667608","1.4800000000000002","6.04280729023963","working_net_combined_queue","20.9424916601935","0.7974330186843872"
"2026-04-25","weekly","CAT793","Plan","607858.152649489","2534.09460333216","53.0",,"1272.0","0.0","1272.0","0.0","127.45439672470093","109.876378869512","1034.6692514419556","0.0","1034.6692514419556","189.34447128708726","239.87192579558683","239.87192579558683","239.87192579558683","2.490719448063632","23.68298454865397","2.490719448063631","27.90124775669363","","0.8299999999999996","6.310149237179297","2.318158035367604","","1.3511430062121401","0.7999999999999996","5.356146369761037","working_net_combined_queue","19.59559664852008","0.8134192228317261"
"2026-04-25","weekly","EH4000","Plan","114183.52288887552","496.45009951684955","14.0",,"336.0","0.0","336.0","0.0","24.494399070739746","17.755819262251425","293.7497806549072","0.0","293.7497806549072","61.68745201155687","230.00000000000026","230.00000000000026","230.00000000000026","3.818736400682105","28.699359387254308","3.818736400682105","35.921021993091394","","0.6","7.983599248653711","3.270619366767425","","2.228695904140367","1.18","6.378554153748555","working_net_combined_queue","23.591468673310082","0.8742552995681763"
"2026-04-25","weekly","EH5000","Plan","154648.8952705332","529.6195043511394","24.0",,"576.0","0.0","576.0","0.0","34.272000789642334","60.13180868729782","481.59619903564453","0.0","481.59619903564453","77.0553901233809","292.0000000000009","292.0000000000009","292.0000000000009","3.344973146651802","22.904899949167934","3.344973146651802","30.216510736216705","","0.6999999999999997","8.762246909810182","1.7036197073351267","","0.7222203506775058","1.4799999999999993","6.6420107388030205","working_net_combined_queue","22.320097706625837","0.8361045122146606"
"2026-04-26","weekly","CAT793","Plan","645719.1503287269","2694.7105092890274","53.0",,"1272.0","0.0","1272.0","0.0","127.45439672470093","109.876378869512","1034.6692514419556","0.0","1034.6692514419556","189.34447128708726","239.62468254116595","239.62468254116595","239.62468254116595","2.190693832372135","23.549934085589165","2.190693832372135","27.818794283323978","","0.8299999999999997","5.5814011820424065","2.2799411435678665","","1.2410509349091097","0.7999999999999998","4.724921885673565","working_net_combined_queue","18.087315146192953","0.8134192228317261"
"2026-04-26","weekly","EH4000","Plan","94566.07404328615","411.15684366646116","14.0",,"336.0","0.0","336.0","0.0","24.494399070739746","17.755819262251425","293.7497806549072","0.0","293.7497806549072","61.68745201155687","230.0000000000002","230.0000000000002","230.0000000000002","4.2444021213328105","29.581846963042462","4.2444021213328105","37.09526266253315","","0.6","8.60879740193804","3.27302038570951","","2.2262442169973258","1.18","6.865138807527133","working_net_combined_queue","24.703200812172003","0.8742552995681763"
"2026-04-26","weekly","EH5000","Plan","144280.55379304037","494.11148559260397","24.0",,"576.0","0.0","576.0","0.0","34.272000789642334","60.13180868729782","481.59619903564453","0.0","481.59619903564453","77.0553901233809","292.0","292.0","292.0","3.7136617314397045","22.758983596580634","3.7136617314397045","29.663157237518746","","0.6999999999999998","9.790406629576342","1.6858787450690724","","0.800186753412067","1.48","7.5116651306609405","working_net_combined_queue","24.278137258718438","0.8361045122146606"
"2026-04-27","weekly","CAT793","Plan","598414.4436947203","2501.9796238116496","53.0",,"1272.0","0.0","1272.0","0.0","127.45439672470093","109.876378869512","1034.6692514419556","0.0","1034.6692514419556","189.34447128708726","239.17638577050587","239.17638577050587","239.17638577050587","2.4561740375107193","23.135845906629193","2.4561740375107193","27.819685607367656","","0.8299999999999997","6.369788372787208","2.235462119931377","","1.4259583138808074","0.7999999999999998","5.297343914325694","working_net_combined_queue","19.588552720925094","0.8134192228317261"
"2026-04-27","weekly","EH4000","Plan","98069.2690087679","427.8690394999985","14.0",,"336.0","0.0","336.0","0.0","24.494399070739746","17.755819262251425","293.7497806549072","0.0","293.7497806549072","61.68745201155687","229.20393848400482","229.20393848400482","229.20393848400482","4.471197325831137","29.129189614051146","4.471197325831136","36.62609349871376","","0.6000000000000001","9.20972547140347","3.267939783493265","","2.196951462240768","1.1799999999999997","7.324609695524569","working_net_combined_queue","25.72922641266207","0.8742552995681763"
"2026-04-27","weekly","EH5000","Plan","302564.1256452629","1036.1785124837768","24.0",,"576.0","0.0","576.0","0.0","34.272000789642334","60.13180868729782","481.59619903564453","0.0","481.59619903564453","77.0553901233809","292.00000000000006","292.00000000000006","292.00000000000006","2.79800623855234","22.08203831756986","2.79800623855234","28.090069714734074","","0.7000000000000002","7.6025759895346345","1.507462411142016","","0.8088243816124571","1.48","5.97650258678718","working_net_combined_queue","20.385365369076283","0.8361045122146606"
"2026-04-28","weekly","CAT793","Plan","601869.6259110774","2511.452581857651","53.0",,"1272.0","0.0","1272.0","0.0","127.45439672470093","109.876378869512","1034.6692514419556","0.0","1034.6692514419556","189.34447128708726","239.65000584079965","239.65000584079965","239.65000584079965","2.5273980889742176","23.421629376285555","2.5273980889742176","28.21098580102537","","0.8300000000000005","6.474523309296013","2.1986659699912074","","1.452090730394855","0.8","5.375348681822432","working_net_combined_queue","19.76062869150449","0.8134192228317261"
"2026-04-28","weekly","EH4000","Plan","113612.08029356056","499.1225961822629","14.0",,"336.0","0.0","336.0","0.0","24.494399070739746","17.755819262251425","293.7497806549072","0.0","293.7497806549072","61.68745201155687","227.62359621176762","227.62359621176762","227.62359621176762","3.658832521846279","29.202296528816927","3.658832521846279","36.49167966071124","","0.6","7.517557774750484","3.122440666464867","","2.2077967787239774","1.18","6.015890563325689","working_net_combined_queue","22.59368578326502","0.8742552995681763"
"2026-04-28","weekly","EH5000","Plan","327194.727115832","1120.5298873829875","24.0",,"576.0","0.0","576.0","0.0","34.272000789642334","60.13180868729782","481.59619903564453","0.0","481.59619903564453","77.0553901233809","291.99999999999966","291.99999999999966","291.99999999999966","3.076806450960523","22.252611197371372","3.076806450960523","28.507777518758125","","0.7","8.296032560863624","1.486585299837376","","0.9132423161222989","1.4800000000000004","6.475720070993224","working_net_combined_queue","21.66158024781651","0.8361045122146606"
"2026-04-29","weekly","CAT793","Plan","581642.4488401371","2430.572453001821","53.0",,"1272.0","0.0","1272.0","0.0","127.45439672470093","109.876378869512","1034.6692514419556","0.0","1034.6692514419556","189.34447128708726","239.30265815437568","239.30265815437568","239.30265815437568","2.8058007020023323","24.513321386528702","2.8058007020023332","29.28607849318922","","0.83","6.867614529488265","2.1708498934477856","","1.4534520472372727","0.7999999999999999","5.748398241823025","working_net_combined_queue","20.50031471199636","0.8134192228317261"
"2026-04-29","weekly","EH4000","Plan","124315.23172405618","547.021863077054","14.0",,"336.0","0.0","336.0","0.0","24.494399070739746","17.755819262251425","293.7497806549072","0.0","293.7497806549072","61.68745201155687","227.25825074846236","227.25825074846236","227.25825074846236","3.1162651886208232","26.63578201397181","3.1162651886208232","32.984909671247216","","0.6","7.019726742739188","3.1404975341681127","","2.1374807631530386","1.1800000000000004","5.66852882669057","working_net_combined_queue","21.696233866750905","0.8742552995681763"
"2026-04-29","weekly","EH5000","Plan","322431.8701247143","1104.2187333038166","24.0",,"576.0","0.0","576.0","0.0","34.272000789642334","60.13180868729782","481.59619903564453","0.0","481.59619903564453","77.0553901233809","291.99999999999983","291.99999999999983","291.99999999999983","3.119027998180694","22.07310987211493","3.119027998180694","28.015183344207724","","0.7000000000000001","8.478265227468409","1.4806921051663002","","0.8525915096153189","1.4800000000000004","6.680009107616071","working_net_combined_queue","21.981557949866094","0.8361045122146606"
"2026-04-30","weekly","CAT793","Plan","588282.9937136901","2457.9585797889376","53.0",,"1272.0","0.0","1272.0","0.0","127.45439672470093","109.876378869512","1034.6692514419556","0.0","1034.6692514419556","189.34447128708726","239.3380419633456","239.3380419633456","239.3380419633456","2.5863707065497583","24.477653090918245","2.586370706549759","28.886175661879516","","0.8299999999999993","6.3397516835697605","2.249995129896324","","1.5690698824377765","0.7999999999999998","5.372197559463586","working_net_combined_queue","19.791014255367458","0.8134192228317261"
"2026-04-30","weekly","EH4000","Plan","63831.94328063753","280.0572973470346","14.0",,"336.0","0.0","336.0","0.0","24.494399070739746","17.755819262251425","293.7497806549072","0.0","293.7497806549072","61.68745201155687","227.92458502354188","227.92458502354188","227.92458502354188","4.902271300359719","31.10143043892453","4.902271300359718","38.617516886116746","","0.6","9.457323147859503","3.223886884494851","","2.161774595685604","1.1800000000000002","7.616654351158633","working_net_combined_queue","26.189638979198563","0.8742552995681763"
"2026-04-30","weekly","EH5000","Plan","328446.53639757785","1124.8169054711568","24.0",,"576.0","0.0","576.0","0.0","34.272000789642334","60.13180868729782","481.59619903564453","0.0","481.59619903564453","77.0553901233809","292.00000000000006","292.00000000000006","292.00000000000006","2.847899321981807","22.03103645757838","2.847899321981807","28.052146856117048","","0.6999999999999998","7.756056309376679","1.4899434406769003","","0.9178289310133182","1.4800000000000002","6.091297047436057","working_net_combined_queue","20.745125728502963","0.8361045122146606"
"2026-05-01","weekly","CAT793","Plan","614892.4751999859","2575.2896146628955","53.0",,"1272.0","0.0","1272.0","0.0","127.45439672470093","109.876378869512","1034.6692514419556","0.0","1034.6692514419556","189.34447128708726","238.76633979300038","238.76633979300038","238.76633979300038","2.2271967693107406","23.584273131520003","2.2271967693107406","28.09912131120447","","0.8299999999999997","5.666140542616413","2.2538330975030876","","1.4873746272510262","0.7999999999999995","4.755729002293001","working_net_combined_queue","18.423077269663533","0.8134192228317261"
"2026-05-01","weekly","EH4000","Plan","28573.492766074163","125.58775394606401","14.0",,"336.0","0.0","336.0","0.0","24.494399070739746","17.755819262251425","293.7497806549072","0.0","293.7497806549072","61.68745201155687","227.51814463013312","227.51814463013312","227.51814463013312","6.6504977961574285","32.961461265248076","6.650497796157421","41.83398479879398","","0.6000000000000001","12.105951995221487","3.336841772566142","","2.11666666666667","1.18","9.538414035589286","working_net_combined_queue","30.827874470043575","0.8742552995681763"
"2026-05-01","weekly","EH5000","Plan","338887.3199821774","1160.5730136375935","24.0",,"576.0","0.0","576.0","0.0","34.272000789642334","60.13180868729782","481.59619903564453","0.0","481.59619903564453","77.0553901233809","292.0000000000001","292.0000000000001","292.0000000000001","2.613119961286017","22.03940026574159","2.613119961286017","28.092431482076577","","0.6999999999999998","7.113950279349191","1.507275925550429","","0.939779700226001","1.4800000000000004","5.581118806935376","working_net_combined_queue","19.632124712060996","0.8361045122146606"
"2026-05-02","weekly","CAT793","Plan","610395.4566935027","2531.9381881943395","54.0",,"1296.0","0.0","1296.0","0.0","119.88000154495239","112.90752083311558","1063.21244430542","0.0","1063.21244430542","194.56787553346464","241.07834051383708","241.07834051383708","241.07834051383708","2.335533601630913","22.623150362348877","2.335533601630913","27.20430287118067","","0.8299999999999993","6.194186656296678","3.2325328050078457","","1.1802588211243226","0.7999999999999994","5.151097484887435","working_net_combined_queue","20.01807576731627","0.8203799724578857"
"2026-05-02","weekly","EH4000","Plan","60562.550449243085","266.38351128944953","14.0",,"336.0","0.0","336.0","0.0","14.481599807739258","18.326548820540857","303.19184589385986","0.0","303.19184589385986","63.67028564982992","227.35097287397963","227.35097287397963","227.35097287397963","5.049344433209543","29.85461406100339","5.0493444332095425","37.94434530978876","","0.5999999999999998","10.147867440976404","3.2757225792215694","","1.584769239332945","1.1799999999999995","7.984342950685085","working_net_combined_queue","26.722702210216013","0.9023566842079163"
"2026-05-02","weekly","EH5000","Plan","181589.02399024367","621.8802191446703","24.0",,"576.0","0.0","576.0","0.0","32.543999433517456","60.32361684029961","483.13239669799805","0.0","483.13239669799805","77.3011817438636","291.99999999999994","291.99999999999994","291.99999999999994","1.9064807761017448","20.086102081671612","1.9064807761017448","26.574627349988226","","0.7000000000000001","5.694925083074405","2.4410385403035026","","0.0","1.4800000000000002","4.304438405084742","working_net_combined_queue","16.93040202846263","0.8387715220451355"
"2026-05-03","weekly","CAT793","Plan","600014.3111412729","2486.0163760033297","54.0",,"1296.0","0.0","1296.0","0.0","119.88000154495239","112.90752083311558","1063.21244430542","0.0","1063.21244430542","194.56787553346464","241.35573559893126","241.35573559893126","241.35573559893126","2.329663046156435","23.19900992255236","2.329663046156435","27.528623071543667","","0.8299999999999995","6.025247768591303","3.2728075414592217","","1.2365591359556463","0.7999999999999999","5.077616210811374","working_net_combined_queue","19.87223065681755","0.8203799724578857"
"2026-05-03","weekly","EH4000","Plan","58330.12483263982","254.70792184486766","14.0",,"336.0","0.0","336.0","0.0","14.481599807739258","18.326548820540857","303.19184589385986","0.0","303.19184589385986","63.67028564982992","229.00789425845323","229.00789425845323","229.00789425845323","6.312465862384147","31.898169297293475","6.3124658623841485","40.61688827896651","","0.6","11.873657958646083","3.2302506760778145","","1.1798788739423196","1.18","9.32488843413403","working_net_combined_queue","29.338675942800204","0.9023566842079163"
"2026-05-03","weekly","EH5000","Plan","152302.89499390475","521.5852568284413","24.0",,"576.0","0.0","576.0","0.0","32.543999433517456","60.32361684029961","483.13239669799805","0.0","483.13239669799805","77.3011817438636","291.9999999999998","291.9999999999998","291.9999999999998","1.7299576332277062","20.60355830466483","1.7299576332277062","26.142784737513924","","0.6999999999999997","5.037841350450699","2.486821854568161","","0.4769886529855607","1.48","3.9704055645119123","working_net_combined_queue","16.462057422516367","0.8387715220451355"
"2026-05-04","weekly","CAT793","Plan","601910.068359072","2490.0772185837186","54.0",,"1296.0","0.0","1296.0","0.0","119.88000154495239","112.90752083311558","1063.21244430542","0.0","1063.21244430542","194.56787553346464","241.7234549462769","241.7234549462769","241.7234549462769","2.3034568196716823","23.91250065761937","2.3034568196716827","28.334499262174443","","0.8299999999999997","5.779713763907965","3.4043878405358097","","1.3462786954134145","0.7999999999999999","4.87770783953126","working_net_combined_queue","19.668088139388445","0.8203799724578857"
"2026-05-04","weekly","EH4000","Plan","45109.22520167017","197.6111879328865","14.0",,"336.0","0.0","336.0","0.0","14.481599807739258","18.326548820540857","303.19184589385986","0.0","303.19184589385986","63.67028564982992","228.27262805074753","228.27262805074753","228.27262805074753","6.80842811305292","33.11992042227467","6.80842811305292","41.29796797432004","","0.6","12.334138535805067","3.2493534842643643","","1.3615371794158142","1.1800000000000004","9.891665542411017","working_net_combined_queue","30.566694741896313","0.9023566842079163"
"2026-05-04","weekly","EH5000","Plan","308393.5613097697","1056.1423332526354","24.0",,"576.0","0.0","576.0","0.0","32.543999433517456","60.32361684029961","483.13239669799805","0.0","483.13239669799805","77.3011817438636","292.00000000000017","292.00000000000017","292.00000000000017","2.2517471105677873","21.935231040633624","2.2517471105677873","27.984671861175833","","0.7000000000000003","6.1592616181609445","2.3292611698426446","","0.711024117951263","1.4800000000000009","4.827815287750547","working_net_combined_queue","18.517362193705416","0.8387715220451355"
"2026-05-05","weekly","CAT793","Plan","610784.4186498043","2526.8646118310626","54.0",,"1296.0","0.0","1296.0","0.0","119.88000154495239","112.90752083311558","1063.21244430542","0.0","1063.21244430542","194.56787553346464","241.71632140085518","241.71632140085518","241.71632140085518","2.2945982586861935","23.773933204335997","2.294598258686193","28.453537401208777","","0.8299999999999997","5.791044095979107","3.39944982706241","","1.3765510633505207","0.7999999999999997","4.83862141918856","working_net_combined_queue","19.6656664055806","0.8203799724578857"
"2026-05-05","weekly","EH4000","Plan","33747.97887355325","148.0353533323951","14.0",,"336.0","0.0","336.0","0.0","14.481599807739258","18.326548820540857","303.19184589385986","0.0","303.19184589385986","63.67028564982992","227.97242762528714","227.97242762528714","227.97242762528714","6.035145277413197","31.776534275901927","6.035145277413196","39.61524214048835","","0.6","11.39547546314391","3.257930639277507","","1.5330653446847935","1.18","9.140641255217831","working_net_combined_queue","29.05711270232408","0.9023566842079163"
"2026-05-05","weekly","EH5000","Plan","326946.1232359167","1119.6785042325912","24.0",,"576.0","0.0","576.0","0.0","32.543999433517456","60.32361684029961","483.13239669799805","0.0","483.13239669799805","77.3011817438636","292.00000000000006","292.00000000000006","292.00000000000006","2.470329399717285","22.20915012325376","2.470329399717285","28.285959278413088","","0.6999999999999998","6.67381521402054","2.2756328348202044","","0.801076763609193","1.48","5.2400472801413365","working_net_combined_queue","19.48057209259127","0.8387715220451355"
"2026-05-06","weekly","CAT793","Plan","589537.2089889304","2442.0052511644603","54.0",,"1296.0","0.0","1296.0","0.0","119.88000154495239","112.90752083311558","1063.21244430542","0.0","1063.21244430542","194.56787553346464","241.41520936853516","241.41520936853516","241.41520936853516","2.453273682580852","23.62684659664028","2.453273682580852","28.50743980774923","","0.8300000000000004","6.230049378480425","3.2684395234557084","","1.3840627082845873","0.8000000000000002","5.163438805712691","working_net_combined_queue","20.305990415933433","0.8203799724578857"
"2026-05-06","weekly","EH4000","Plan","36598.09014162636","159.90428084772861","14.0",,"336.0","0.0","336.0","0.0","14.481599807739258","18.326548820540857","303.19184589385986","0.0","303.19184589385986","63.67028564982992","228.87498663326886","228.87498663326886","228.87498663326886","6.049218890192237","31.053113070622846","6.049218890192235","38.91032085431084","","0.6","11.688140013082892","3.2393323909278986","","1.3552956126669053","1.1800000000000002","9.327939874114989","working_net_combined_queue","29.340707890792686","0.9023566842079163"
"2026-05-06","weekly","EH5000","Plan","332550.0562955614","1138.8700558067178","24.0",,"576.0","0.0","576.0","0.0","32.543999433517456","60.32361684029961","483.13239669799805","0.0","483.13239669799805","77.3011817438636","291.99999999999983","291.99999999999983","291.99999999999983","2.5750675501507514","21.988480978942224","2.5750675501507514","28.114861944267723","","0.7","7.026590566079097","2.3163687911329043","","0.7506221127882331","1.4800000000000002","5.495458356342617","working_net_combined_queue","20.07903982634286","0.8387715220451355"
"2026-05-07","weekly","CAT793","Plan","604131.5139852","2508.9033730735005","54.0",,"1296.0","0.0","1296.0","0.0","119.88000154495239","112.90752083311558","1063.21244430542","0.0","1063.21244430542","194.56787553346464","240.795050327154","240.795050327154","240.795050327154","2.4127230489027","23.060126858969664","2.4127230489027","27.961371813190766","","0.8300000000000001","6.2776490268028855","3.210198730778673","","1.3983965291941618","0.8000000000000002","5.177263258087714","working_net_combined_queue","20.323507544863435","0.8203799724578857"
"2026-05-07","weekly","EH4000","Plan","61480.13732586075","269.91598828958547","14.0",,"336.0","0.0","336.0","0.0","14.481599807739258","18.326548820540857","303.19184589385986","0.0","303.19184589385986","63.67028564982992","227.77508555699336","227.77508555699336","227.77508555699336","5.343303758977741","30.62363046916307","5.34330375897774","38.27329182312749","","0.6000000000000002","10.468981653285546","3.2778476953730884","","1.7133292044941346","1.1800000000000002","8.376552166462353","working_net_combined_queue","27.56671071961512","0.9023566842079163"
"2026-05-07","weekly","EH5000","Plan","336974.8077305418","1154.0233141456906","24.0",,"576.0","0.0","576.0","0.0","32.543999433517456","60.32361684029961","483.13239669799805","0.0","483.13239669799805","77.3011817438636","292.0000000000001","292.0000000000001","292.0000000000001","2.460386685684352","21.953473050787082","2.460386685684352","28.045054094852606","","0.7","6.724366609308248","2.315422696001305","","0.8019677911530262","1.4800000000000002","5.263787355937242","working_net_combined_queue","19.595544452399828","0.8387715220451355"
"2026-05-08","weekly","CAT793","Plan","559731.4576922929","2318.646905539524","54.0",,"1296.0","0.0","1296.0","0.0","119.88000154495239","112.90752083311558","1063.21244430542","0.0","1063.21244430542","194.56787553346464","241.40435370087081","241.40435370087081","241.40435370087081","2.7275002700918582","24.241059587540526","2.7275002700918582","29.055399001841565","","0.8299999999999996","6.750943192665749","3.308662215902957","","1.5519645669555395","0.8000000000000003","5.632344480801629","working_net_combined_queue","21.503914456325877","0.8203799724578857"
"2026-05-08","weekly","EH4000","Plan","51397.85972887557","226.1526729682069","14.0",,"336.0","0.0","336.0","0.0","14.481599807739258","18.326548820540857","303.19184589385986","0.0","303.19184589385986","63.67028564982992","227.270626759743","227.270626759743","227.270626759743","5.706849463067298","31.24161679810538","5.706849463067296","40.154900866385816","","0.6","10.960091150109847","3.277982092578767","","1.4799128960292738","1.1799999999999997","8.527252225659817","working_net_combined_queue","27.975238364377706","0.9023566842079163"
"2026-05-08","weekly","EH5000","Plan","337643.31351726316","1156.3127175248717","24.0",,"576.0","0.0","576.0","0.0","32.543999433517456","60.32361684029961","483.13239669799805","0.0","483.13239669799805","77.3011817438636","292.00000000000057","292.00000000000057","292.00000000000057","2.6118517630802995","22.161288191151105","2.6118517630802995","28.196418868078766","","0.7000000000000001","7.071389732993588","2.3056763400939175","","0.8480068997847886","1.48","5.5578372032992815","working_net_combined_queue","20.272910176171575","0.8387715220451355"
"2026-05-09","weekly","CAT793","Plan","517994.7418050964","2138.4168600379744","53.0",,"1272.0","0.0","1272.0","0.0","68.98047575354576","115.48987533153732","1087.5296216011047","0.0","1087.5296216011047","199.01791893799128","242.23281787812772","242.23281787812772","242.23281787812772","3.319666281954653","24.535905035431618","3.319666281954653","30.222560995713533","","0.8299999999999994","8.117898101971331","3.185453183377635","","1.7015331641007823","0.7999999999999998","6.590440067124983","working_net_combined_queue","23.85532451657472","0.8549761176109314"
"2026-05-09","weekly","EH4000","Plan","148308.37695055068","646.3407100215544","14.0",,"336.0","0.0","336.0","0.0","19.84285694360733","18.0209571636366","298.1361894607544","0.0","298.1361894607544","62.60859783202524","229.45851104691337","229.45851104691337","229.45851104691337","2.82068923136097","24.98285734602175","2.82068923136097","31.15925145305886","","0.6","6.774299334043472","3.1147450813895716","","1.6099636839489504","1.1800000000000002","5.43149613644021","working_net_combined_queue","20.66050423582221","0.8873100876808167"
"2026-05-09","weekly","EH5000","Plan","351813.88455032016","1204.8420703778086","24.0",,"576.0","0.0","576.0","0.0","42.881428241729736","59.17616222780023","473.9424018859863","0.0","473.9424018859863","75.8307826068077","292.00000000000006","292.00000000000006","292.00000000000006","2.324705605477198","22.63369341519149","2.324705605477198","27.708937707029452","","0.7000000000000002","6.162597229271156","2.289081847173222","","1.8500655664423697","1.4800000000000002","5.033839182266694","working_net_combined_queue","19.825583825153448","0.8228166699409485"
"2026-05-10","weekly","CAT793","Plan","505053.9768291905","2084.6756021076185","53.0",,"1272.0","0.0","1272.0","0.0","68.98047575354576","115.48987533153732","1087.5296216011047","0.0","1087.5296216011047","199.01791893799128","242.26981709699973","242.26981709699973","242.26981709699973","3.476792715902852","24.420450430782665","3.4767927159028513","29.976219674330647","","0.83","8.542330680813954","3.187955416108472","","1.6802505729402468","0.8","6.959101755342643","working_net_combined_queue","24.6296384252053","0.8549761176109314"
"2026-05-10","weekly","EH4000","Plan","148736.91627196537","647.100143769106","14.0",,"336.0","0.0","336.0","0.0","19.84285694360733","18.0209571636366","298.1361894607544","0.0","298.1361894607544","62.60859783202524","229.8514653475903","229.8514653475903","229.8514653475903","2.9704677957804586","24.8992816017006","2.970467795780458","30.799622627400986","","0.6000000000000001","7.157960241497677","3.1404593841293096","","1.3993121573057574","1.18","5.786696476867425","working_net_combined_queue","21.21442825980018","0.8873100876808167"
"2026-05-10","weekly","EH5000","Plan","327909.37682828883","1122.9773179050965","24.0",,"576.0","0.0","576.0","0.0","42.881428241729736","59.17616222780023","473.9424018859863","0.0","473.9424018859863","75.8307826068077","292.00000000000057","292.00000000000057","292.00000000000057","2.4717123458055186","22.855519749926774","2.4717123458055186","28.29678419615855","","0.7000000000000001","6.488705676833547","2.342381162938736","","1.8225157908126028","1.4799999999999995","5.240975077601364","working_net_combined_queue","20.384577708186264","0.8228166699409485"
"2026-05-11","weekly","CAT793","Plan","494367.7366960057","2036.6524177845563","53.0",,"1272.0","0.0","1272.0","0.0","68.98047575354576","115.48987533153732","1087.5296216011047","0.0","1087.5296216011047","199.01791893799128","242.7354478255904","242.7354478255904","242.7354478255904","3.663088831530796","25.134689448504517","3.663088831530796","30.55363661177277","","0.8300000000000003","8.744302583970248","3.2523798268335433","","1.6763837288148429","0.7999999999999999","7.193426192912211","working_net_combined_queue","25.126492332530844","0.8549761176109314"
"2026-05-11","weekly","EH4000","Plan","156501.0516088743","680.5097784366702","14.0",,"336.0","0.0","336.0","0.0","19.84285694360733","18.0209571636366","298.1361894607544","0.0","298.1361894607544","62.60859783202524","229.9761980913822","229.9761980913822","229.9761980913822","2.6635122335779537","24.68832461857292","2.6635122335779533","30.44544009535373","","0.6000000000000001","6.473129970692798","3.211440964257735","","1.4471204383603118","1.1800000000000006","5.249086021228705","working_net_combined_queue","20.110777394539564","0.8873100876808167"
"2026-05-11","weekly","EH5000","Plan","316505.6024261303","1083.9232959799017","24.0",,"576.0","0.0","576.0","0.0","42.881428241729736","59.17616222780023","473.9424018859863","0.0","473.9424018859863","75.8307826068077","291.9999999999991","291.9999999999991","291.9999999999991","2.7677765824104674","22.2801842446493","2.767776582410467","28.491047087934373","","0.7000000000000001","7.453555730110707","2.537689995450778","","1.7272833117552036","1.4799999999999995","5.828729089249769","working_net_combined_queue","22.037258126566467","0.8228166699409485"
"2026-05-12","weekly","CAT793","Plan","520763.75353632297","2155.4213880598218","53.0",,"1272.0","0.0","1272.0","0.0","68.98047575354576","115.48987533153732","1087.5296216011047","0.0","1087.5296216011047","199.01791893799128","241.60647028054342","241.60647028054342","241.60647028054342","3.2753793869534986","24.102716171147126","3.2753793869534995","29.73593761592358","","0.8300000000000003","8.153552563194655","3.0937944449100856","","1.6991888645872528","0.8000000000000003","6.608931110750385","working_net_combined_queue","23.815466983442374","0.8549761176109314"
"2026-05-12","weekly","EH4000","Plan","156511.8291693865","680.8867684680405","14.0",,"336.0","0.0","336.0","0.0","19.84285694360733","18.0209571636366","298.1361894607544","0.0","298.1361894607544","62.60859783202524","229.86469471499632","229.86469471499632","229.86469471499632","2.523325348000589","23.819555211379082","2.523325348000589","29.644442110696314","","0.6","6.356101931227865","3.1557829884545834","","1.4620682615350022","1.18","5.107180641642345","working_net_combined_queue","19.8111338228598","0.8873100876808167"
"2026-05-12","weekly","EH5000","Plan","341572.94732631336","1169.7703675558678","24.0",,"576.0","0.0","576.0","0.0","42.881428241729736","59.17616222780023","473.9424018859863","0.0","473.9424018859863","75.8307826068077","291.99999999999994","291.99999999999994","291.99999999999994","2.476838717924057","22.785298064860505","2.476838717924057","28.336221020220044","","0.7000000000000003","6.522202283788874","2.3566204347073367","","1.806630078068669","1.4800000000000002","5.244535711709712","working_net_combined_queue","20.419988508274596","0.8228166699409485"
"2026-05-13","weekly","CAT793","Plan","530798.5701231336","2200.400458662398","53.0",,"1272.0","0.0","1272.0","0.0","68.98047575354576","115.48987533153732","1087.5296216011047","0.0","1087.5296216011047","199.01791893799128","241.2281673699527","241.2281673699527","241.2281673699527","3.096974747979851","23.624940299328962","3.096974747979852","29.451376168079292","","0.8299999999999995","7.865352569126662","3.0740000126330784","","1.6963228894563562","0.7999999999999998","6.309331143588103","working_net_combined_queue","23.20500661480421","0.8549761176109314"
"2026-05-13","weekly","EH4000","Plan","147682.06916318164","642.6715097310331","14.0",,"336.0","0.0","336.0","0.0","19.84285694360733","18.0209571636366","298.1361894607544","0.0","298.1361894607544","62.60859783202524","229.79401907047136","229.79401907047136","229.79401907047136","2.5581619787964094","23.392173880001025","2.5581619787964107","29.200428561309046","","0.5999999999999996","6.56158420825563","3.1333554528195995","","1.502402962539436","1.179999999999999","5.256420069504067","working_net_combined_queue","20.183762693118734","0.8873100876808167"
"2026-05-13","weekly","EH5000","Plan","355527.216813294","1217.5589616893606","24.0",,"576.0","0.0","576.0","0.0","42.881428241729736","59.17616222780023","473.9424018859863","0.0","473.9424018859863","75.8307826068077","292.00000000000057","292.00000000000057","292.00000000000057","2.2942033841915412","22.66748850980907","2.2942033841915412","28.02867611735697","","0.6999999999999997","6.072671129486852","2.29634331601597","","1.8483790950303849","1.4799999999999993","4.911120399520058","working_net_combined_queue","19.61851394005324","0.8228166699409485"
"2026-05-14","weekly","CAT793","Plan","522277.85878485226","2161.94628866495","53.0",,"1272.0","0.0","1272.0","0.0","68.98047575354576","115.48987533153732","1087.5296216011047","0.0","1087.5296216011047","199.01791893799128","241.57762915903453","241.57762915903453","241.57762915903453","3.332636161386086","24.012966909150375","3.332636161386087","29.876097608888333","","0.8299999999999995","8.327091376908081","3.130010502775128","","1.6631417229943628","0.7999999999999996","6.692914593493508","working_net_combined_queue","24.07315819617109","0.8549761176109314"
"2026-05-14","weekly","EH4000","Plan","153022.6938077472","665.3209838112201","14.0",,"336.0","0.0","336.0","0.0","19.84285694360733","18.0209571636366","298.1361894607544","0.0","298.1361894607544","62.60859783202524","229.99829786094082","229.99829786094082","229.99829786094082","2.5932798648681135","24.091270766905165","2.593279864868114","29.684724423720223","","0.6000000000000002","6.458637794475929","3.213160994874303","","1.4496800013986084","1.1799999999999997","5.241645152944517","working_net_combined_queue","20.093123943693374","0.8873100876808167"
"2026-05-14","weekly","EH5000","Plan","347983.6594624358","1191.7248611727296","24.0",,"576.0","0.0","576.0","0.0","42.881428241729736","59.17616222780023","473.9424018859863","0.0","473.9424018859863","75.8307826068077","291.999999999999","291.999999999999","291.999999999999","2.3247022619765985","21.99924114657009","2.3247022619765985","27.566395820409586","","0.6999999999999997","6.340315776771356","2.3074443295188036","","1.8461809842889811","1.4799999999999998","5.059861166737156","working_net_combined_queue","20.04380225731627","0.8228166699409485"
"2026-05-15","weekly","CAT793","Plan","515975.56175619195","2136.979864152768","53.0",,"1272.0","0.0","1272.0","0.0","68.98047575354576","115.48987533153732","1087.5296216011047","0.0","1087.5296216011047","199.01791893799128","241.45082993599323","241.45082993599323","241.45082993599323","3.493291893151041","24.322690321294257","3.493291893151041","30.30953744976937","","0.8299999999999998","8.617365547164084","3.10722757584699","","1.6622912962214744","0.8000000000000003","6.915233000055476","working_net_combined_queue","24.56211741928803","0.8549761176109314"
"2026-05-15","weekly","EH4000","Plan","165114.58983264005","718.0089576318215","14.0",,"336.0","0.0","336.0","0.0","19.84285694360733","18.0209571636366","298.1361894607544","0.0","298.1361894607544","62.60859783202524","229.9617408357","229.9617408357","229.9617408357","2.323899465380434","24.370834594830896","2.323899465380434","30.238606715863394","","0.5999999999999999","5.721345626480937","3.156392890865722","","1.4150154036259637","1.18","4.611124091563318","working_net_combined_queue","18.63387801253594","0.8873100876808167"
"2026-05-15","weekly","EH5000","Plan","345042.81483971165","1181.653475478467","24.0",,"576.0","0.0","576.0","0.0","42.881428241729736","59.17616222780023","473.9424018859863","0.0","473.9424018859863","75.8307826068077","291.9999999999994","291.9999999999994","291.9999999999994","2.3417341314467968","21.723530115180637","2.3417341314467968","27.365823936499098","","0.6999999999999997","6.467827610974796","2.2849094774604155","","1.8376121268503278","1.4799999999999995","5.13428896615135","working_net_combined_queue","20.21463818143687","0.8228166699409485"
"2026-05-16","weekly","CAT793","Plan","471871.29668154713","1943.5080212889106","49.0",,"1176.0","0.0","1176.0","0.0","103.4879994392395","102.96115294880676","969.550835609436","0.0","969.550835609436","177.42780129841427","242.7935936012283","242.7935936012283","242.7935936012283","3.2594133045493616","25.307436874830064","3.2594133045493616","30.68251250253635","","0.8300000000000001","7.72756242523572","3.5520906208487806","","1.6579306175034454","0.8000000000000002","6.373819557860376","working_net_combined_queue","23.571403221448314","0.8244479894638062"
"2026-05-16","weekly","EH4000","Plan","38388.60699585757","166.90698693851118","4.0",,"96.0","0.0","96.0","0.0","22.176000595092773","4.2079679682798385","69.61602973937988","0.0","69.61602973937988","14.619365788831516","229.99999999999997","229.99999999999997","229.99999999999997","1.2138216900052579","23.530171578550593","1.2138216900052579","26.483985983557456","","0.5999999999999999","3.095145360805805","3.3336577655853374","","1.6246989298665535","1.1799999999999995","2.749937318556634","working_net_combined_queue","14.533439374814307","0.7251669764518738"
"2026-05-16","weekly","EH5000","Plan","223150.0420617245","764.2124728141255","16.0",,"384.0","0.0","384.0","0.0","20.736000537872314","40.32230445994949","322.9416961669922","0.0","322.9416961669922","51.670670231789245","291.99999999999983","291.99999999999983","291.99999999999983","2.630600902274911","22.913415904947602","2.630600902274911","29.113114593545674","","0.6999999999999998","6.888368578096371","2.643155096906751","","1.8550843030910422","1.48","5.421476071525738","working_net_combined_queue","21.29808404961991","0.8409940004348755"
"2026-05-17","weekly","CAT793","Plan","427807.7031672121","1765.9756335359273","49.0",,"1176.0","0.0","1176.0","0.0","103.4879994392395","102.96115294880676","969.550835609436","0.0","969.550835609436","177.42780129841427","242.25005999127717","242.25005999127717","242.25005999127717","3.2163114524660776","25.592823212356475","3.2163114524660776","30.73147443033416","","0.8300000000000004","7.540343851349412","3.592502797708549","","1.724342368095192","0.8000000000000007","6.279512803247765","working_net_combined_queue","23.396701820400924","0.8244479894638062"
"2026-05-17","weekly","EH4000","Plan","35005.680723075435","152.19861183945892","4.0",,"96.0","0.0","96.0","0.0","22.176000595092773","4.2079679682798385","69.61602973937988","0.0","69.61602973937988","14.619365788831516","229.99999999999923","229.99999999999923","229.99999999999923","0.9643602937061665","21.621931475319656","0.9643602937061665","23.807971268617155","","0.6","2.676061465110835","3.3400000000000003","","1.6300000000000001","1.18","2.4303464150530614","working_net_combined_queue","13.806407880163865","0.7251669764518738"
"2026-05-17","weekly","EH5000","Plan","216149.12180516036","740.2367185108233","16.0",,"384.0","0.0","384.0","0.0","20.736000537872314","40.32230445994949","322.9416961669922","0.0","322.9416961669922","51.670670231789245","291.99999999999994","291.99999999999994","291.99999999999994","2.471904665953513","22.141156670861086","2.471904665953513","28.793024246730763","","0.6999999999999998","6.698578676894513","2.665570730969441","","1.8540517038307942","1.4799999999999998","5.151049041819593","working_net_combined_queue","20.85925015351435","0.8409940004348755"
"2026-05-18","weekly","CAT793","Plan","475946.2999596038","1964.6968914560357","49.0",,"1176.0","0.0","1176.0","0.0","103.4879994392395","102.96115294880676","969.550835609436","0.0","969.550835609436","177.42780129841427","242.24922532802518","242.24922532802518","242.24922532802518","3.2401956743870506","25.234031891714043","3.2401956743870506","30.58127772764224","","0.8300000000000001","7.704347101465816","3.484646114775588","","1.6825795426624206","0.8","6.357214443250531","working_net_combined_queue","23.48878720215435","0.8244479894638062"
"2026-05-18","weekly","EH4000","Plan","47284.0166136778","205.60356392960864","4.0",,"96.0","0.0","96.0","0.0","22.176000595092773","4.2079679682798385","69.61602973937988","0.0","69.61602973937988","14.619365788831516","229.97663907161729","229.97663907161729","229.97663907161729","1.1077484184112456","23.330220197023735","1.1077484184112456","26.146435983441453","","0.5999999999999999","2.848876030460859","3.3357795979492724","","1.616615050829634","1.18","2.5420254273571734","working_net_combined_queue","14.073296106596896","0.7251669764518738"
"2026-05-18","weekly","EH5000","Plan","226016.79715065542","774.0301272282729","16.0",,"384.0","0.0","384.0","0.0","20.736000537872314","40.32230445994949","322.9416961669922","0.0","322.9416961669922","51.670670231789245","291.99999999999966","291.99999999999966","291.99999999999966","2.535033396009843","22.43670425114708","2.535033396009843","28.93253036651254","","0.7000000000000004","6.779159811442197","2.648283522891111","","1.8533721773649967","1.4800000000000006","5.257127594226547","working_net_combined_queue","21.02794310592487","0.8409940004348755"
"2026-05-19","weekly","CAT793","Plan","489474.7162291166","2019.9372831522262","49.0",,"1176.0","0.0","1176.0","0.0","103.4879994392395","102.96115294880676","969.550835609436","0.0","969.550835609436","177.42780129841427","242.32173954691487","242.32173954691487","242.32173954691487","3.1213615756826663","24.786620204058217","3.1213615756826645","30.026003827959197","","0.8300000000000003","7.555757622424743","3.5214699418306106","","1.701037158799655","0.8","6.237316681035307","working_net_combined_queue","23.275581404090303","0.8244479894638062"
"2026-05-19","weekly","EH4000","Plan","48810.874561847406","212.2211937471624","4.0",,"96.0","0.0","96.0","0.0","22.176000595092773","4.2079679682798385","69.61602973937988","0.0","69.61602973937988","14.619365788831516","230.00000000000026","230.00000000000026","230.00000000000026","1.1188887076787242","22.26837727727777","1.1188887076787242","25.48070724812905","","0.6","3.0147379678727204","3.3308419578838215","","1.661404800920903","1.1799999999999997","2.6346726488784094","working_net_combined_queue","14.371657375555815","0.7251669764518738"
"2026-05-19","weekly","EH5000","Plan","222648.1370526153","762.4936200432028","16.0",,"384.0","0.0","384.0","0.0","20.736000537872314","40.32230445994949","322.9416961669922","0.0","322.9416961669922","51.670670231789245","292.0000000000001","292.0000000000001","292.0000000000001","2.625066625834958","22.702864161569174","2.625066625834958","28.964136993877812","","0.7000000000000001","6.9376267430043566","2.6422830510112596","","1.8382883700348815","1.4800000000000002","5.437897134079614","working_net_combined_queue","21.34609529813013","0.8409940004348755"
"2026-05-20","weekly","CAT793","Plan","484072.5444145324","1995.965975948817","49.0",,"1176.0","0.0","1176.0","0.0","103.4879994392395","102.96115294880676","969.550835609436","0.0","969.550835609436","177.42780129841427","242.52544895431905","242.52544895431905","242.52544895431905","3.1309272859660138","24.79703082161867","3.1309272859660138","29.856616348002426","","0.8299999999999997","7.57573108285947","3.5614005174369465","","1.6558153290572795","0.7999999999999994","6.291926552170384","working_net_combined_queue","23.344873481524083","0.8244479894638062"
"2026-05-20","weekly","EH4000","Plan","41927.659515789725","182.2941718077815","4.0",,"96.0","0.0","96.0","0.0","22.176000595092773","4.2079679682798385","69.61602973937988","0.0","69.61602973937988","14.619365788831516","229.9999999999999","229.9999999999999","229.9999999999999","1.0561924898490944","22.382946039676295","1.0561924898490944","24.303939667938412","","0.6","2.831242557553079","3.337559244541519","","1.6320065252437912","1.1799999999999997","2.6074599532743643","working_net_combined_queue","14.13826828061274","0.7251669764518738"
"2026-05-20","weekly","EH5000","Plan","232496.22521646036","796.2199493714389","16.0",,"384.0","0.0","384.0","0.0","20.736000537872314","40.32230445994949","322.9416961669922","0.0","322.9416961669922","51.670670231789245","292.0000000000002","292.0000000000002","292.0000000000002","2.4180109510346375","22.79693841851315","2.4180109510346375","28.55372984627531","","0.6999999999999998","6.364041276010107","2.6616586513603178","","1.8452458357138743","1.4800000000000004","5.080970431644092","working_net_combined_queue","20.441916194728403","0.8409940004348755"
"2026-05-21","weekly","CAT793","Plan","480597.36981967685","1984.0968336187602","49.0",,"1176.0","0.0","1176.0","0.0","103.4879994392395","102.96115294880676","969.550835609436","0.0","969.550835609436","177.42780129841427","242.2247552016519","242.2247552016519","242.2247552016519","3.02875611921366","25.041115712089812","3.02875611921366","30.287689598781107","","0.8299999999999994","7.257079486481621","3.5055375012999264","","1.6368474094138084","0.7999999999999998","5.999974562606879","working_net_combined_queue","22.659438959802223","0.8244479894638062"
"2026-05-21","weekly","EH4000","Plan","28398.298267409722","123.65322177018798","4.0",,"96.0","0.0","96.0","0.0","22.176000595092773","4.2079679682798385","69.61602973937988","0.0","69.61602973937988","14.619365788831516","229.6608035024638","229.6608035024638","229.6608035024638","1.1879284375340946","23.71428349145487","1.1879284375340944","26.322336771918263","","0.6000000000000001","3.0056023525960183","3.279609543708801","","1.6339658665231254","1.1800000000000002","2.707803143377661","working_net_combined_queue","14.356980906205589","0.7251669764518738"
"2026-05-21","weekly","EH5000","Plan","231991.1496711828","794.4902385999414","16.0",,"384.0","0.0","384.0","0.0","20.736000537872314","40.32230445994949","322.9416961669922","0.0","322.9416961669922","51.670670231789245","291.9999999999999","291.9999999999999","291.9999999999999","2.405707157466517","22.6553100386013","2.405707157466517","28.200596429550643","","0.7000000000000001","6.371240526042366","2.6578976309311297","","1.8488651918012788","1.4800000000000002","5.118417612499092","working_net_combined_queue","20.486420961273893","0.8409940004348755"
"2026-05-22","weekly","CAT793","Plan","500089.6762404711","2063.937518337765","49.0",,"1176.0","0.0","1176.0","0.0","103.4879994392395","102.96115294880676","969.550835609436","0.0","969.550835609436","177.42780129841427","242.29884470690212","242.29884470690212","242.29884470690212","2.9189710069688837","24.56387315713209","2.9189710069688832","30.1118807798183","","0.8300000000000001","7.129912261710318","3.4953733872526014","","1.7047618612196456","0.8000000000000005","5.816251123560334","working_net_combined_queue","22.40629863374289","0.8244479894638062"
"2026-05-22","weekly","EH4000","Plan","38933.89925986844","169.27782286899392","4.0",,"96.0","0.0","96.0","0.0","22.176000595092773","4.2079679682798385","69.61602973937988","0.0","69.61602973937988","14.619365788831516","229.99999999999906","229.99999999999906","229.99999999999906","1.7547572262193958","27.50452638815204","1.7547572262193958","31.749769850040256","","0.6000000000000001","3.827931158942512","3.320775758660657","","1.5973574036780702","1.18","3.3161006857827746","working_net_combined_queue","15.792165007064009","0.7251669764518738"
"2026-05-22","weekly","EH5000","Plan","229411.25246533536","785.6549741963544","16.0",,"384.0","0.0","384.0","0.0","20.736000537872314","40.32230445994949","322.9416961669922","0.0","322.9416961669922","51.670670231789245","291.99999999999983","291.99999999999983","291.99999999999983","2.460317763930446","22.68427896626575","2.460317763930446","28.30162656604885","","0.7","6.507549393805025","2.653713067824444","","1.8496216585163725","1.4799999999999998","5.215921618191135","working_net_combined_queue","20.716805738336973","0.8409940004348755"
"2026-05-23","weekly","CAT793","Plan","464046.80566692335","1916.0616584452018","49.0",,"1176.0","0.0","1176.0","0.0","108.18904745578766","102.50985233529528","965.3011121749878","0.0","965.3011121749878","176.65010191700273","242.1878250220176","242.1878250220176","242.1878250220176","3.529499254585472","25.849789616401672","3.529499254585472","30.501696767434982","","0.8299999999999995","8.192328000254225","3.4618400622240553","","1.687384000767897","0.8000000000000003","6.942890977174217","working_net_combined_queue","24.54444304042039","0.8208342790603638"
"2026-05-23","weekly","EH4000","Plan","57258.339042793355","248.94930018605834","4.0",,"96.0","0.0","96.0","0.0","10.045714616775513","4.899394269405433","81.05489158630371","0.0","81.05489158630371","17.021526701686497","229.99999999999974","229.99999999999974","229.99999999999974","1.214805206459906","23.275623746808773","1.2148052064599086","25.00687810735671","","0.6","3.131529929357437","3.3394344173989596","","1.6260409217927159","1.18","2.9147305823093403","working_net_combined_queue","14.741735850858438","0.8443217873573303"
"2026-05-23","weekly","EH5000","Plan","219144.51548491974","750.4949160442441","16.0",,"384.0","0.0","384.0","0.0","20.69428539276123","40.3269348411165","322.97877502441406","0.0","322.97877502441406","51.67660284884414","292.0000000000006","292.0000000000006","292.0000000000006","2.7008981230002904","22.850338887634205","2.7008981230002904","28.929219528818226","","0.6999999999999998","7.091968665187511","2.67508567664635","","1.831069517551003","1.48","5.601737275303445","working_net_combined_queue","21.6898611346883","0.8410905599594116"
"2026-05-24","weekly","CAT793","Plan","443479.01458003925","1826.555593342551","49.0",,"1176.0","0.0","1176.0","0.0","108.18904745578766","102.50985233529528","965.3011121749878","0.0","965.3011121749878","176.65010191700273","242.79524597906365","242.79524597906365","242.79524597906365","3.375831772710048","25.06521924854738","3.375831772710048","30.1170656861973","","0.8300000000000003","8.080915006332585","3.680192351155464","","1.653760042933426","0.8000000000000004","6.725419683081272","working_net_combined_queue","24.40028708350276","0.8208342790603638"
"2026-05-24","weekly","EH4000","Plan","47118.09347144664","204.86127596281173","4.0",,"96.0","0.0","96.0","0.0","10.045714616775513","4.899394269405433","81.05489158630371","0.0","81.05489158630371","17.021526701686497","229.99999999999972","229.99999999999972","229.99999999999972","1.4340057045079035","24.35167030343147","1.4340057045079087","26.235006682255868","","0.5999999999999999","3.53324191722282","3.3387030050727042","","1.6225295865892353","1.18","3.2796005471829432","working_net_combined_queue","15.504075056067688","0.8443217873573303"
"2026-05-24","weekly","EH5000","Plan","209719.68583528986","718.2181021756516","16.0",,"384.0","0.0","384.0","0.0","20.69428539276123","40.3269348411165","322.97877502441406","0.0","322.97877502441406","51.67660284884414","291.99999999999943","291.99999999999943","291.99999999999943","2.7150025343474167","23.408098965543704","2.7150025343474167","29.711384735695095","","0.7","6.959136335702914","2.956730134503261","","1.81312684604006","1.4799999999999998","5.482751931960197","working_net_combined_queue","21.701745248206432","0.8410905599594116"
"2026-05-25","weekly","CAT793","Plan","475876.4041141442","1959.484135188857","49.0",,"1176.0","0.0","1176.0","0.0","108.18904745578766","102.50985233529528","965.3011121749878","0.0","965.3011121749878","176.65010191700273","242.85800306736283","242.85800306736283","242.85800306736283","3.198670041615315","25.342363179954017","3.1986700416153147","30.532815309028322","","0.8299999999999994","7.573098101945328","3.630495210824413","","1.740937614203327","0.7999999999999999","6.2857027940089605","working_net_combined_queue","23.49023372098201","0.8208342790603638"
"2026-05-25","weekly","EH4000","Plan","38750.47330866386","168.4803187333212","4.0",,"96.0","0.0","96.0","0.0","10.045714616775513","4.899394269405433","81.05489158630371","0.0","81.05489158630371","17.021526701686497","229.9999999999999","229.9999999999999","229.9999999999999","2.214901589027329","27.67914669266935","2.214901589027332","31.733016746590295","","0.5999999999999999","4.801235269902158","3.3224478321779793","","1.5624755374893986","1.1799999999999995","4.187880919198121","working_net_combined_queue","17.604039558767646","0.8443217873573303"
"2026-05-25","weekly","EH5000","Plan","221057.0355999133","757.0446424654558","16.0",,"384.0","0.0","384.0","0.0","20.69428539276123","40.3269348411165","322.97877502441406","0.0","322.97877502441406","51.67660284884414","292.0000000000003","292.0000000000003","292.0000000000003","2.5872273327159614","21.857633432346514","2.5872273327159614","28.693270871917903","","0.6999999999999998","7.102033275625881","2.6634512888232127","","1.8366161975645912","1.4799999999999998","5.410106106616266","working_net_combined_queue","21.50220686862995","0.8410905599594116"
"2026-05-26","weekly","CAT793","Plan","491785.0249659104","2023.8066871025098","49.0",,"1176.0","0.0","1176.0","0.0","108.18904745578766","102.50985233529528","965.3011121749878","0.0","965.3011121749878","176.65010191700273","243.00000000000026","243.00000000000026","243.00000000000026","3.029214610227852","26.143671161678387","3.0292146102278514","31.52041730305912","","0.8300000000000004","6.952079357549678","3.655633785821986","","1.6989390378380136","0.8","5.766195125723529","working_net_combined_queue","22.332847306933203","0.8208342790603638"
"2026-05-26","weekly","EH4000","Plan","35180.9220654341","152.9630154422316","4.0",,"96.0","0.0","96.0","0.0","10.045714616775513","4.899394269405433","81.05489158630371","0.0","81.05489158630371","17.021526701686497","229.9962638924349","229.9962638924349","229.9962638924349","1.6266405338609113","25.128492531610643","1.6266405338609116","27.684956176138947","","0.6000000000000001","3.8839748110189953","3.3353354037653613","","1.6020489455613596","1.1799999999999997","3.5253236960430026","working_net_combined_queue","16.07668285638872","0.8443217873573303"
"2026-05-26","weekly","EH5000","Plan","219931.64509053942","753.1905653785595","16.0",,"384.0","0.0","384.0","0.0","20.69428539276123","40.3269348411165","322.97877502441406","0.0","322.97877502441406","51.67660284884414","292.00000000000006","292.00000000000006","292.00000000000006","2.607989597763963","21.906600542047308","2.60798959776396","28.773459222897554","","0.6999999999999998","7.143024111180228","2.6971645180223733","","1.84372168490227","1.4800000000000002","5.438323374803447","working_net_combined_queue","21.612233688908326","0.8410905599594116"
"2026-05-27","weekly","CAT793","Plan","493929.901327892","2034.0048593010188","49.0",,"1176.0","0.0","1176.0","0.0","108.18904745578766","102.50985233529528","965.3011121749878","0.0","965.3011121749878","176.65010191700273","242.8361461720548","242.8361461720548","242.8361461720548","3.095284112521749","26.152938251620274","3.0952841125217487","31.440868420872576","","0.8300000000000002","7.1011924153416714","3.5733198410489218","","1.6689096541710784","0.7999999999999999","5.9068675923726515","working_net_combined_queue","22.510289502934338","0.8208342790603638"
"2026-05-27","weekly","EH4000","Plan","30403.705948880743","132.19002586469878","4.0",,"96.0","0.0","96.0","0.0","10.045714616775513","4.899394269405433","81.05489158630371","0.0","81.05489158630371","17.021526701686497","230.00000000000017","230.00000000000017","230.00000000000017","2.4921902033085757","28.47126580947143","2.4921902033085757","32.073644512699936","","0.5999999999999999","5.2520113857660125","3.3199062987072905","","1.6151425859036095","1.1799999999999995","4.662127253399776","working_net_combined_queue","18.579187523776696","0.8443217873573303"
"2026-05-27","weekly","EH5000","Plan","212445.79080368337","727.554078094807","16.0",,"384.0","0.0","384.0","0.0","20.69428539276123","40.3269348411165","322.97877502441406","0.0","322.97877502441406","51.67660284884414","291.9999999999996","291.9999999999996","291.9999999999996","2.83287213380234","22.978321366027","2.83287213380234","28.974092722685526","","0.7000000000000001","7.397073324922732","2.7605334541066124","","1.8598117201967699","1.4800000000000002","5.866355494025842","working_net_combined_queue","22.373773993251966","0.8410905599594116"
"2026-05-28","weekly","CAT793","Plan","479806.5870853792","1977.5543004863296","49.0",,"1176.0","0.0","1176.0","0.0","108.18904745578766","102.50985233529528","965.3011121749878","0.0","965.3011121749878","176.65010191700273","242.62625151045555","242.62625151045555","242.62625151045555","3.260671200318077","26.95480401986362","3.2606712003180762","32.64182292839114","","0.8299999999999994","7.258085492846202","3.5031505809261363","","1.6913567871524173","0.7999999999999999","5.993546146251561","working_net_combined_queue","22.706139007176326","0.8208342790603638"
"2026-05-28","weekly","EH4000","Plan","32859.69500254175","142.86823914148573","4.0",,"96.0","0.0","96.0","0.0","10.045714616775513","4.899394269405433","81.05489158630371","0.0","81.05489158630371","17.021526701686497","230.0000000000002","230.0000000000002","230.0000000000002","1.4838904686308043","24.5696858619243","1.4838904686308048","26.60894467470563","","0.5999999999999999","3.6237104787661765","3.3350327835317266","","1.6001877332610532","1.1799999999999997","3.345996213163732","working_net_combined_queue","15.634927208722704","0.8443217873573303"
"2026-05-28","weekly","EH5000","Plan","227542.1392327858","779.2539014821411","16.0",,"384.0","0.0","384.0","0.0","20.69428539276123","40.3269348411165","322.97877502441406","0.0","322.97877502441406","51.67660284884414","292.00000000000074","292.00000000000074","292.00000000000074","2.4062774586855973","21.79416488666958","2.4062774586855973","28.117591521417665","","0.7000000000000001","6.6245551629025226","2.7885112516235657","","1.8515686642041533","1.4800000000000002","5.134744468108572","working_net_combined_queue","20.88937954683882","0.8410905599594116"
"2026-05-29","weekly","CAT793","Plan","467397.97945182363","1926.4662718827924","49.0",,"1176.0","0.0","1176.0","0.0","108.18904745578766","102.50985233529528","965.3011121749878","0.0","965.3011121749878","176.65010191700273","242.61934209469538","242.61934209469538","242.61934209469538","3.282431412388774","26.621576908951326","3.2824314123887737","32.52891069755556","","0.8300000000000002","7.397979669532827","3.5309346633615424","","1.6625077898173144","0.7999999999999999","6.054487547230601","working_net_combined_queue","22.905909669942286","0.8208342790603638"
"2026-05-29","weekly","EH4000","Plan","27005.38661025009","117.4147243923916","4.0",,"96.0","0.0","96.0","0.0","10.045714616775513","4.899394269405433","81.05489158630371","0.0","81.05489158630371","17.021526701686497","230.00000000000017","230.00000000000017","230.00000000000017","1.498457992415361","24.617685837482004","1.4984579924153616","26.531639049048795","","0.5999999999999999","3.6521499274327303","3.3357671773897466","","1.60052744275952","1.18","3.388689231702217","working_net_combined_queue","15.707133779284232","0.8443217873573303"
"2026-05-29","weekly","EH5000","Plan","233349.61587680702","799.1425201260525","16.0",,"384.0","0.0","384.0","0.0","20.69428539276123","40.3269348411165","322.97877502441406","0.0","322.97877502441406","51.67660284884414","291.9999999999996","291.9999999999996","291.9999999999996","2.291356522139252","21.66166803645371","2.291356522139252","28.006116988581553","","0.7000000000000002","6.346759219880583","2.8191434022511066","","1.804616302186042","1.4800000000000002","4.908977256090447","working_net_combined_queue","20.369496180408177","0.8410905599594116"
"2026-05-30","weekly","CAT793","Plan","481128.0754802207","1983.047996415693","49.0",,"1176.0","0.0","1176.0","0.0","104.66400182247162","102.84825671903515","968.4877738952637","0.0","968.4877738952637","177.2332610064949","242.62048944344616","242.62048944344616","242.62048944344616","3.4586878915196815","26.57054418680053","3.4586878915196797","31.94987199581159","","0.8299999999999993","7.8102003493880785","3.518259213820068","","1.8568806753597724","0.7999999999999995","6.495214551043754","working_net_combined_queue","23.940554789611657","0.8235440254211426"
"2026-05-30","weekly","EH4000","Plan","43824.44255614607","190.74733423304318","4.0",,"96.0","0.0","96.0","0.0","2.111999988555908","5.351616003450394","88.53638648986816","0.0","88.53638648986816","18.59264058238253","229.7512713997046","229.7512713997046","229.7512713997046","2.9706890949974483","22.17996351057696","2.9706890949974483","30.171449930911116","","0.5999999999999999","8.036142422635137","3.1644673428150014","","1.1627347432959425","1.1799999999999997","5.907616177147519","working_net_combined_queue","22.000960685893585","0.9222540259361267"
"2026-05-30","weekly","EH5000","Plan","207663.73727462575","711.1771824473485","16.0",,"384.0","0.0","384.0","0.0","47.232001304626465","30.645887259017947","306.12210845947266","0.0","306.12210845947266","48.97953625873765","292.0","292.0","292.0","2.6376073921946905","22.328359815337393","2.6376073921946914","28.103814306928285","","0.7","7.087687803336758","2.6475560109233913","","1.8380076540780386","1.4799999999999995","5.631137531842692","working_net_combined_queue","21.69438900018087","0.7971929907798767"
"2026-05-31","weekly","CAT793","Plan","478694.62761729845","1972.017395777854","49.0",,"1176.0","0.0","1176.0","0.0","104.66400182247162","102.84825671903515","968.4877738952637","0.0","968.4877738952637","177.2332610064949","242.74361303414332","242.74361303414332","242.74361303414332","3.3112967403637708","26.346610943137975","3.3112967403637708","31.082964884453528","","0.8300000000000003","7.540924517791623","3.6223582744420186","","1.8876093379492862","0.7999999999999998","6.391854997114417","working_net_combined_queue","23.70274712729735","0.8235440254211426"
"2026-05-31","weekly","EH4000","Plan","42100.26183410203","183.14867895342343","4.0",,"96.0","0.0","96.0","0.0","2.111999988555908","5.351616003450394","88.53638648986816","0.0","88.53638648986816","18.59264058238253","229.86931751120386","229.86931751120386","229.86931751120386","2.859538430570763","21.576032523613044","2.859538430570763","29.723237172307396","","0.6000000000000001","7.951985873513826","3.183259341105394","","1.3214442948904868","1.1800000000000002","5.772329064954493","working_net_combined_queue","21.959018574464217","0.9222540259361267"
"2026-05-31","weekly","EH5000","Plan","195503.19621857262","669.5314938992217","16.0",,"384.0","0.0","384.0","0.0","47.232001304626465","30.645887259017947","306.12210845947266","0.0","306.12210845947266","48.97953625873765","291.99999999999983","291.99999999999983","291.99999999999983","2.694863035443886","22.130054033268852","2.6948630354438863","27.91453349181895","","0.7000000000000001","7.3064341317719546","2.644785784223373","","1.8500412984465167","1.4800000000000002","5.792387043617297","working_net_combined_queue","22.083648258059142","0.7971929907798767"
"2026-06-01","weekly","CAT793","Plan","485697.35275164794","2000.5468282889065","49.0",,"1176.0","0.0","1176.0","0.0","104.66400182247162","102.84825671903515","968.4877738952637","0.0","968.4877738952637","177.2332610064949","242.78229626200311","242.78229626200311","242.78229626200311","3.3879251993739556","26.640380478178724","3.3879251993739556","31.417269357721125","","0.8299999999999992","7.630353182415746","3.663176720832364","","1.7062892005326469","0.7999999999999997","6.470183950359144","working_net_combined_queue","23.7300030541399","0.8235440254211426"
"2026-06-01","weekly","EH4000","Plan","54947.63289780751","244.5885126190513","4.0",,"96.0","0.0","96.0","0.0","2.111999988555908","5.351616003450394","88.53638648986816","0.0","88.53638648986816","18.59264058238253","224.65336703440738","224.65336703440738","224.65336703440738","1.9697036797314393","23.329410152242993","1.9697036797314393","29.420689271476355","","0.6","5.065804065025785","2.436330310782722","","1.8922742080275314","1.1799999999999997","4.016976614428445","working_net_combined_queue","17.14138519826447","0.9222540259361267"
"2026-06-01","weekly","EH5000","Plan","208464.14105675824","713.9182912902661","16.0",,"384.0","0.0","384.0","0.0","47.232001304626465","30.645887259017947","306.12210845947266","0.0","306.12210845947266","48.97953625873765","292.00000000000074","292.00000000000074","292.00000000000074","2.626280158591159","22.24591934714712","2.626280158591159","28.130651989163088","","0.7000000000000002","7.083402895447323","2.6603017281440864","","1.7757828670241864","1.4800000000000002","5.601605308550035","working_net_combined_queue","21.611092799165622","0.7971929907798767"
"2026-06-02","weekly","CAT793","Plan","472870.0214240734","1946.6247002284763","49.0",,"1176.0","0.0","1176.0","0.0","104.66400182247162","102.84825671903515","968.4877738952637","0.0","968.4877738952637","177.2332610064949","242.91791908762505","242.91791908762505","242.91791908762505","3.542202231843963","26.526169138011248","3.5422022318439628","31.285151603479516","","0.8300000000000005","8.01216839132965","3.5872010310194398","","1.6848049918365624","0.8000000000000003","6.7933867351628905","working_net_combined_queue","24.33756114934853","0.8235440254211426"
"2026-06-02","weekly","EH4000","Plan","38309.89510489711","169.13141155665087","4.0",,"96.0","0.0","96.0","0.0","2.111999988555908","5.351616003450394","88.53638648986816","0.0","88.53638648986816","18.59264058238253","226.50963976650274","226.50963976650274","226.50963976650274","3.948364249062642","29.043581294778125","3.948364249062639","36.95621615196972","","0.5999999999999999","8.156771458014104","2.7013771095003514","","1.4482447678101897","1.18","6.41033849270664","working_net_combined_queue","22.446731828031254","0.9222540259361267"
"2026-06-02","weekly","EH5000","Plan","209930.75084440387","718.9409275493282","16.0",,"384.0","0.0","384.0","0.0","47.232001304626465","30.645887259017947","306.12210845947266","0.0","306.12210845947266","48.97953625873765","292.00000000000006","292.00000000000006","292.00000000000006","2.5800753095204296","22.204758471607462","2.5800753095204296","27.98859018795007","","0.7","6.971682163044895","2.6436206571383423","","1.8238247836823258","1.48","5.530986646046709","working_net_combined_queue","21.46011424991228","0.7971929907798767"
"2026-06-03","weekly","CAT793","Plan","467360.69051436364","1923.7958000321028","49.0",,"1176.0","0.0","1176.0","0.0","104.66400182247162","102.84825671903515","968.4877738952637","0.0","968.4877738952637","177.2332610064949","242.93674542098736","242.93674542098736","242.93674542098736","3.6698715043446786","26.973065515064533","3.6698715043446786","31.87032708780644","","0.83","8.163413614878246","3.637738452965267","","1.7077566322608815","0.7999999999999994","6.909006288326614","working_net_combined_queue","24.67791498843101","0.8235440254211426"
"2026-06-03","weekly","EH4000","Plan","39143.64660744121","170.2447315110599","4.0",,"96.0","0.0","96.0","0.0","2.111999988555908","5.351616003450394","88.53638648986816","0.0","88.53638648986816","18.59264058238253","229.92574430943992","229.92574430943992","229.92574430943992","3.3483351084768844","21.09306290175509","3.348335108476882","28.16715841651789","","0.6","9.524463442997497","3.1893920442057895","","1.0742610947648685","1.18","7.1324236381189365","working_net_combined_queue","24.650540220087112","0.9222540259361267"
"2026-06-03","weekly","EH5000","Plan","185962.60449117652","636.8582345588227","16.0",,"384.0","0.0","384.0","0.0","47.232001304626465","30.645887259017947","306.12210845947266","0.0","306.12210845947266","48.97953625873765","292.00000000000045","292.00000000000045","292.00000000000045","3.093912121796379","21.36346217416862","3.093912121796379","27.74584279189812","","0.7000000000000001","8.689355957118261","2.6197924374286985","","1.7363517428690705","1.48","6.690542028227331","working_net_combined_queue","24.226042165643346","0.7971929907798767"
"2026-06-04","weekly","CAT793","Plan","463620.93732168217","1907.955080449138","49.0",,"1176.0","0.0","1176.0","0.0","104.66400182247162","102.84825671903515","968.4877738952637","0.0","968.4877738952637","177.2332610064949","242.99363337869804","242.99363337869804","242.99363337869804","3.6506224345642804","26.59130049337926","3.6506224345642786","31.522425238037716","","0.8299999999999995","8.237180657200014","3.6264973982995765","","1.8088886306137995","0.8000000000000002","6.948619734040866","working_net_combined_queue","24.881186420154258","0.8235440254211426"
"2026-06-04","weekly","EH4000","Plan","41508.3642267717","180.47226600365948","4.0",,"96.0","0.0","96.0","0.0","2.111999988555908","5.351616003450394","88.53638648986816","0.0","88.53638648986816","18.59264058238253","229.99857621297903","229.99857621297903","229.99857621297903","3.320509491763084","22.249428008754172","3.3205094917630835","30.394246249994495","","0.6","8.954413094457824","3.1997966018541057","","0.8144832442215316","1.18","6.55487778400891","working_net_combined_queue","23.253570724542328","0.9222540259361267"
"2026-06-04","weekly","EH5000","Plan","178925.26379732162","612.7577527305549","16.0",,"384.0","0.0","384.0","0.0","47.232001304626465","30.645887259017947","306.12210845947266","0.0","306.12210845947266","48.97953625873765","291.9999999999993","291.9999999999993","291.9999999999993","3.44503135591934","22.60601548262519","3.44503135591934","28.714885409407128","","0.6999999999999998","9.143667158594573","2.655258082568977","","1.6915329612747305","1.4799999999999998","7.198422644146924","working_net_combined_queue","25.178880846585233","0.7971929907798767"
"2026-06-05","weekly","CAT793","Plan","461593.72959877877","1899.590029057103","49.0",,"1176.0","0.0","1176.0","0.0","104.66400182247162","102.84825671903515","968.4877738952637","0.0","968.4877738952637","177.2332610064949","242.99650058065393","242.99650058065393","242.99650058065393","3.6305634517840644","26.41192416531216","3.6305634517840644","31.449506237494866","","0.8299999999999994","8.247555374747506","3.6718059375163032","","1.7685300789137386","0.7999999999999999","6.926461912058165","working_net_combined_queue","24.874353303235715","0.8235440254211426"
"2026-06-05","weekly","EH4000","Plan","38457.49080438097","167.2345523765488","4.0",,"96.0","0.0","96.0","0.0","2.111999988555908","5.351616003450394","88.53638648986816","0.0","88.53638648986816","18.59264058238253","229.9613940891191","229.9613940891191","229.9613940891191","3.791342312920732","23.80933057858331","3.791342312920732","32.322271211216936","","0.6000000000000001","9.554260168064724","3.1944848698740826","","0.7197794585295463","1.1799999999999997","7.037888435769959","working_net_combined_queue","24.23641293223832","0.9222540259361267"
"2026-06-05","weekly","EH5000","Plan","210663.26820537727","721.4495486485538","16.0",,"384.0","0.0","384.0","0.0","47.232001304626465","30.645887259017947","306.12210845947266","0.0","306.12210845947266","48.97953625873765","291.9999999999994","291.9999999999994","291.9999999999994","2.6093033768356473","22.672100249744528","2.6093033768356473","28.500951953430906","","0.6999999999999997","6.905324204002802","2.6669778567643685","","1.8301043891733093","1.4799999999999995","5.493086787625441","working_net_combined_queue","21.385493237565907","0.7971929907798767"
"2026-06-06","weekly","CAT793","Plan","483881.7674234025","1993.1973674303665","49.0",,"1176.0","0.0","1176.0","0.0","92.29809379577637","104.03538389991681","979.6665344238281","0.0","979.6665344238281","179.27897416456562","242.766609734802","242.766609734802","242.766609734802","3.510035847820812","26.9956176477338","3.510035847820811","32.00920771246744","","0.8300000000000002","7.801345893151963","3.5959753839332143","","1.7873071421244986","0.7999999999999999","6.579424044513919","working_net_combined_queue","24.024052463723603","0.8330497741699219"
"2026-06-06","weekly","EH4000","Plan","38226.64296528677","166.2027955012467","4.0",,"96.0","0.0","96.0","0.0","3.1885714530944824","5.290251429939611","87.52117538452148","0.0","87.52117538452148","18.37944625691597","230.00000000000014","230.00000000000014","230.00000000000014","3.539674774575975","21.898118571875848","3.5396747745759747","30.043935509702102","","0.6000000000000001","9.698572312386812","3.1999999999999997","","0.6575584566982836","1.1800000000000002","7.0689968831138765","working_net_combined_queue","24.35512765219897","0.9116789102554321"
"2026-06-06","weekly","EH5000","Plan","195626.2403072602","669.9528777645908","16.0",,"384.0","0.0","384.0","0.0","48.64285469055176","30.51749960350564","304.83963775634766","0.0","304.83963775634766","48.774340950824126","291.99999999999955","291.99999999999955","291.99999999999955","2.8295159361165902","21.712455168389134","2.8295159361165902","27.41074558061331","","0.6999999999999998","7.8190584551747335","2.619080520179433","","1.81110349413899","1.4799999999999995","6.193591329637843","working_net_combined_queue","22.932833799131","0.793853223323822"
"2026-06-07","weekly","CAT793","Plan","474353.37636002235","1952.3504563483834","49.0",,"1176.0","0.0","1176.0","0.0","92.29809379577637","104.03538389991681","979.6665344238281","0.0","979.6665344238281","179.27897416456562","242.9652805507257","242.9652805507257","242.9652805507257","3.516582684139319","26.829204477995688","3.5165826841393186","32.25607055465119","","0.83","7.864376344867376","3.5311751170748145","","1.7935868003615818","0.7999999999999996","6.541248125399284","working_net_combined_queue","23.990386387703055","0.8330497741699219"
"2026-06-07","weekly","EH4000","Plan","44650.22826824858","194.24946782991603","4.0",,"96.0","0.0","96.0","0.0","3.1885714530944824","5.290251429939611","87.52117538452148","0.0","87.52117538452148","18.37944625691597","229.86023471294203","229.86023471294203","229.86023471294203","2.5617643909858994","21.376286477859015","2.5617643909858994","30.445988575425073","","0.6","7.190484821503416","3.180033530420277","","1.2943596728949256","1.18","5.048476684485782","working_net_combined_queue","20.443354709304426","0.9116789102554321"
"2026-06-07","weekly","EH5000","Plan","195211.8716394184","668.5338069843087","16.0",,"384.0","0.0","384.0","0.0","48.64285469055176","30.51749960350564","304.83963775634766","0.0","304.83963775634766","48.774340950824126","292.00000000000034","292.00000000000034","292.00000000000034","2.651576009075032","21.958459106067544","2.651576009075032","27.29707345988958","","0.6999999999999997","7.245251580541963","2.654893683548678","","1.805539787767955","1.48","5.828264366078512","working_net_combined_queue","22.023949417937107","0.793853223323822"
"2026-06-08","weekly","CAT793","Plan","449076.5460781206","1848.468470262315","49.0",,"1176.0","0.0","1176.0","0.0","92.29809379577637","104.03538389991681","979.6665344238281","0.0","979.6665344238281","179.27897416456562","242.94520209716774","242.94520209716774","242.94520209716774","3.471016146540625","26.39373844991177","3.4710161465406246","31.999471999709428","","0.8299999999999998","7.890544539101989","3.659566577987779","","1.7006690170145666","0.7999999999999999","6.508262661156677","working_net_combined_queue","24.019042795261022","0.8330497741699219"
"2026-06-08","weekly","EH4000","Plan","39247.13836201569","170.66049395534236","4.0",,"96.0","0.0","96.0","0.0","3.1885714530944824","5.290251429939611","87.52117538452148","0.0","87.52117538452148","18.37944625691597","229.97201902090885","229.97201902090885","229.97201902090885","1.400662044073459","20.75399789116609","1.400662044073459","26.093478569471475","","0.6","4.049326933784595","3.288521861076195","","1.4402790903718403","1.1800000000000002","3.220717483897731","working_net_combined_queue","15.728845369130351","0.9116789102554321"
"2026-06-08","weekly","EH5000","Plan","206580.26586441498","707.4666639192302","16.0",,"384.0","0.0","384.0","0.0","48.64285469055176","30.51749960350564","304.83963775634766","0.0","304.83963775634766","48.774340950824126","291.99999999999966","291.99999999999966","291.99999999999966","2.5013863141549253","21.51170475759621","2.5013863141549253","27.33083851756675","","0.6999999999999997","6.976814740649422","2.9770008283583564","","1.7816436217060938","1.4799999999999995","5.491349222704248","working_net_combined_queue","21.716808413418125","0.793853223323822"
"2026-06-09","weekly","CAT793","Plan","463656.11017090536","1908.3606324817242","49.0",,"1176.0","0.0","1176.0","0.0","92.29809379577637","104.03538389991681","979.6665344238281","0.0","979.6665344238281","179.27897416456562","242.96042492133398","242.96042492133398","242.96042492133398","3.6258218572179612","26.0037039973178","3.6258218572179612","31.341824143729195","","0.8299999999999996","8.366089363865902","3.5231503991632453","","1.6353257732585385","0.8","6.941182186315229","working_net_combined_queue","24.725747722602918","0.8330497741699219"
"2026-06-09","weekly","EH4000","Plan","59201.42558077229","257.3975025250986","4.0",,"96.0","0.0","96.0","0.0","3.1885714530944824","5.290251429939611","87.52117538452148","0.0","87.52117538452148","18.37944625691597","229.99999999999847","229.99999999999847","229.99999999999847","0.8560570203265827","20.119834093181463","0.8560570203265827","22.17354095481255","","0.5999999999999998","2.5528749880199975","3.3345975793763465","","1.6382920760193829","1.18","2.3164284551695395","working_net_combined_queue","13.572193098585265","0.9116789102554321"
"2026-06-09","weekly","EH5000","Plan","218955.3173405473","749.8469771936574","16.0",,"384.0","0.0","384.0","0.0","48.64285469055176","30.51749960350564","304.83963775634766","0.0","304.83963775634766","48.774340950824126","291.99999999999915","291.99999999999915","291.99999999999915","2.3219203623530595","21.768130869253593","2.3219203623530595","27.326266783915067","","0.7000000000000001","6.399962522182345","2.666969577498446","","1.8342559503858968","1.4799999999999995","5.098216409977672","working_net_combined_queue","20.48940446004437","0.793853223323822"
"2026-06-10","weekly","CAT793","Plan","477835.41600552644","1966.48241963245","49.0",,"1176.0","0.0","1176.0","0.0","92.29809379577637","104.03538389991681","979.6665344238281","0.0","979.6665344238281","179.27897416456562","242.98992517555146","242.98992517555146","242.98992517555146","3.404940126749169","25.062211018759815","3.4049401267491683","30.04350123296994","","0.8300000000000003","8.151571601245722","3.588334040555733","","1.60971095488618","0.8000000000000002","6.80001994510393","working_net_combined_queue","24.409636541791574","0.8330497741699219"
"2026-06-10","weekly","EH4000","Plan","41676.595108206166","181.20258742698294","4.0",,"96.0","0.0","96.0","0.0","3.1885714530944824","5.290251429939611","87.52117538452148","0.0","87.52117538452148","18.37944625691597","230.00000000000048","230.00000000000048","230.00000000000048","3.3633000608221537","26.463159230526422","3.3633000608221537","30.926790177790362","","0.6","7.625620278040965","3.334788695868001","","1.5935208710760047","1.1800000000000002","6.525022560997863","working_net_combined_queue","22.808952405982826","0.9116789102554321"
"2026-06-10","weekly","EH5000","Plan","222010.87407456766","760.3112125841353","16.0",,"384.0","0.0","384.0","0.0","48.64285469055176","30.51749960350564","304.83963775634766","0.0","304.83963775634766","48.774340950824126","292.00000000000017","292.00000000000017","292.00000000000017","2.2871336929268375","21.929019533202077","2.287133692926837","27.565447215922855","","0.7000000000000003","6.257827504227327","2.675099388039764","","1.806217833814082","1.4800000000000004","4.97826211563664","working_net_combined_queue","20.20740684171782","0.793853223323822"
"2026-06-11","weekly","CAT793","Plan","487322.7779412939","2008.081479457679","49.0",,"1176.0","0.0","1176.0","0.0","92.29809379577637","104.03538389991681","979.6665344238281","0.0","979.6665344238281","179.27897416456562","242.6807791050913","242.6807791050913","242.6807791050913","3.395562739557413","26.057706395952938","3.395562739557413","31.420241495389778","","0.8299999999999998","7.818560900090845","3.5522678765766207","","1.7102565363113513","0.7999999999999999","6.48415653976874","working_net_combined_queue","23.82524185274756","0.8330497741699219"
"2026-06-11","weekly","EH4000","Plan","37786.0501681709","164.29318424325982","4.0",,"96.0","0.0","96.0","0.0","3.1885714530944824","5.290251429939611","87.52117538452148","0.0","87.52117538452148","18.37944625691597","229.9915869438819","229.9915869438819","229.9915869438819","3.5654640362286982","27.142857412309823","3.5654640362286982","31.92252514044586","","0.5999999999999999","7.881552001842716","3.327478996802017","","1.6117740492134847","1.1799999999999997","6.701469925468872","working_net_combined_queue","23.252274973327104","0.9116789102554321"
"2026-06-11","weekly","EH5000","Plan","242387.12065347115","830.0928789502416","16.0",,"384.0","0.0","384.0","0.0","48.64285469055176","30.51749960350564","304.83963775634766","0.0","304.83963775634766","48.774340950824126","292.00000000000074","292.00000000000074","292.00000000000074","1.9192353224028016","21.853462536494547","1.9192353224028016","27.524026034573062","","0.6999999999999996","5.269376381516869","2.732850826626871","","1.8326789320176808","1.4799999999999998","4.183767272982609","working_net_combined_queue","18.508673413144024","0.793853223323822"
"2026-06-12","weekly","CAT793","Plan","501546.7528335677","2067.7328713775323","49.0",,"1176.0","0.0","1176.0","0.0","92.29809379577637","104.03538389991681","979.6665344238281","0.0","979.6665344238281","179.27897416456562","242.5587752539017","242.5587752539017","242.5587752539017","3.1429025323520303","25.00890442348616","3.1429025323520308","30.601425274824216","","0.83","7.540280403648133","3.4786098889027466","","1.7839186571064765","0.8000000000000002","6.162266961345155","working_net_combined_queue","23.22507591100252","0.8330497741699219"
"2026-06-12","weekly","EH4000","Plan","41755.57526276665","181.54597940333318","4.0",,"96.0","0.0","96.0","0.0","3.1885714530944824","5.290251429939611","87.52117538452148","0.0","87.52117538452148","18.37944625691597","230.0000000000001","230.0000000000001","230.0000000000001","3.397203307521507","26.818688473211367","3.397203307521507","31.11655820968571","","0.6000000000000002","7.6003790660715635","3.3400000000000003","","1.63","1.18","6.5506023216874665","working_net_combined_queue","22.850981387759056","0.9116789102554321"
"2026-06-12","weekly","EH5000","Plan","232949.35867933166","797.7717762990821","16.0",,"384.0","0.0","384.0","0.0","48.64285469055176","30.51749960350564","304.83963775634766","0.0","304.83963775634766","48.774340950824126","291.9999999999996","291.9999999999996","291.9999999999996","2.0592587504449438","21.53616525990765","2.0592587504449438","27.461477018884104","","0.7000000000000002","5.737118170090901","2.6969395495058044","","1.8352493268319618","1.4800000000000004","4.499230865904725","working_net_combined_queue","19.258537912333413","0.793853223323822"
"2026-06-13","weekly","CAT793","Plan","460590.8906347779","1899.6630685523837","49.0",,"1176.0","0.0","1176.0","0.0","121.57333159446716","101.22496104681333","953.2017230987549","0.0","953.2017230987549","174.43591373624514","242.45925409592022","242.45925409592022","242.45925409592022","3.4054794331269287","25.544129558240556","3.4054794331269287","31.301420585620797","","0.8299999999999994","7.99904986082014","3.5783182727984664","","1.6641933374380387","0.8000000000000003","6.527779320069581","working_net_combined_queue","24.02934079112622","0.8105456829071045"
"2026-06-13","weekly","EH4000","Plan","31110.422572207837","135.2627068356863","4.0",,"96.0","0.0","96.0","0.0","5.5647618770599365","5.154808575702764","85.28042793273926","0.0","85.28042793273926","17.908889306733187","229.99999999999994","229.99999999999994","229.99999999999994","3.695700217921201","27.780002152303627","3.695700217921201","32.68695353156844","","0.5999999999999998","7.9820732863724535","3.333605052664125","","1.600937032060437","1.1799999999999997","6.783807884118593","working_net_combined_queue","23.430423255215587","0.8883377909660339"
"2026-06-13","weekly","EH5000","Plan","248785.45056151575","852.0049676764258","16.0",,"384.0","0.0","384.0","0.0","22.609047889709473","32.88657597427848","328.5043716430664","0.0","328.5043716430664","52.56069828806744","291.9999999999993","291.9999999999993","291.9999999999993","2.192461979253516","21.79959093705843","2.192461979253516","27.49794511620633","","0.7000000000000002","6.034412257322916","2.758447480865789","","1.3657692907808416","1.4799999999999998","4.7839108776779575","working_net_combined_queue","19.432539906647488","0.8554801344871521"
"2026-06-14","weekly","CAT793","Plan","442802.61450419686","1824.66648312815","49.0",,"1176.0","0.0","1176.0","0.0","121.57333159446716","101.22496104681333","953.2017230987549","0.0","953.2017230987549","174.43591373624514","242.67591836567863","242.67591836567863","242.67591836567863","3.678586108677803","26.225554226201336","3.678586108677803","31.900827819966413","","0.8300000000000001","8.41603439976711","3.529245588818337","","1.6042044068923185","0.8000000000000002","6.9187911914475375","working_net_combined_queue","24.728275586925314","0.8105456829071045"
"2026-06-14","weekly","EH4000","Plan","32151.57710094437","139.78946565627984","4.0",,"96.0","0.0","96.0","0.0","5.5647618770599365","5.154808575702764","85.28042793273926","0.0","85.28042793273926","17.908889306733187","230.00000000000006","230.00000000000006","230.00000000000006","4.424352282998122","29.504580893242306","4.424352282998122","35.62196449571598","","0.5999999999999999","8.997285470361932","3.3134628164386406","","1.444942746899072","1.1799999999999997","7.452175665713568","working_net_combined_queue","24.937866699413227","0.8883377909660339"
"2026-06-14","weekly","EH5000","Plan","235287.86136007114","805.7803471235312","16.0",,"384.0","0.0","384.0","0.0","22.609047889709473","32.88657597427848","328.5043716430664","0.0","328.5043716430664","52.56069828806744","292.00000000000006","292.00000000000006","292.00000000000006","2.246471210425249","22.017568655398936","2.246471210425249","27.621529837199432","","0.7000000000000002","6.12185090620637","2.7862088687781545","","1.413288151631951","1.4800000000000002","4.879826476663438","working_net_combined_queue","19.69117440327991","0.8554801344871521"
"2026-06-15","weekly","CAT793","Plan","464585.259520796","1916.5442909759738","49.0",,"1176.0","0.0","1176.0","0.0","121.57333159446716","101.22496104681333","953.2017230987549","0.0","953.2017230987549","174.43591373624514","242.40778661275414","242.40778661275414","242.40778661275414","3.512461425844891","26.266633406611646","3.5124614258448905","31.884264234523116","","0.8299999999999997","8.023399203403265","3.5287280713484273","","1.721881767617823","0.8000000000000002","6.609771014333257","working_net_combined_queue","24.143780056702784","0.8105456829071045"
"2026-06-15","weekly","EH4000","Plan","37864.7638138125","164.62940788614162","4.0",,"96.0","0.0","96.0","0.0","5.5647618770599365","5.154808575702764","85.28042793273926","0.0","85.28042793273926","17.908889306733187","229.99999999999955","229.99999999999955","229.99999999999955","3.515604855251577","27.428619738253808","3.5156048552515804","30.22879769696346","","0.5999999999999999","7.69037207588352","3.34","","1.63","1.18","6.977991431537609","working_net_combined_queue","23.368363507421133","0.8883377909660339"
"2026-06-15","weekly","EH5000","Plan","234773.1797737111","804.0177389510676","16.0",,"384.0","0.0","384.0","0.0","22.609047889709473","32.88657597427848","328.5043716430664","0.0","328.5043716430664","52.56069828806744","291.9999999999992","291.9999999999992","291.9999999999992","2.373628246765356","22.0916195986252","2.373628246765356","27.67970456042094","","0.6999999999999998","6.446684190360777","2.691372256480226","","1.8190979765707584","1.4800000000000004","5.145202850523328","working_net_combined_queue","20.592357273935082","0.8554801344871521"
"2026-06-16","weekly","CAT793","Plan","457879.16296436946","1887.139134481026","49.0",,"1176.0","0.0","1176.0","0.0","121.57333159446716","101.22496104681333","953.2017230987549","0.0","953.2017230987549","174.43591373624514","242.63137497293692","242.63137497293692","242.63137497293692","3.4950677606710583","26.930738392708367","3.4950677606710583","32.598902192175785","","0.8300000000000002","7.7867922736586355","3.5513087558770784","","1.686741997357558","0.8000000000000004","6.432856677320733","working_net_combined_queue","23.717699704214","0.8105456829071045"
"2026-06-16","weekly","EH4000","Plan","35760.935333286005","155.48232753602628","4.0",,"96.0","0.0","96.0","0.0","5.5647618770599365","5.154808575702764","85.28042793273926","0.0","85.28042793273926","17.908889306733187","229.99999999999974","229.99999999999974","229.99999999999974","2.7985829875417774","26.96242545265052","2.7985829875417774","30.12561290593729","","0.6","6.22774013960231","3.3363201797442206","","1.605893398908767","1.1800000000000002","5.573827818102688","working_net_combined_queue","20.473781536357976","0.8883377909660339"
"2026-06-16","weekly","EH5000","Plan","252191.65547223188","863.670052987093","16.0",,"384.0","0.0","384.0","0.0","22.609047889709473","32.88657597427848","328.5043716430664","0.0","328.5043716430664","52.56069828806744","292.00000000000085","292.00000000000085","292.00000000000085","1.9907821821585232","21.148210723863773","1.9907821821585212","26.943870724623267","","0.7","5.648086851845425","2.7607633154141955","","1.8380494433269394","1.48","4.433176366911232","working_net_combined_queue","19.17007597749779","0.8554801344871521"
"2026-06-17","weekly","CAT793","Plan","429142.46461659257","1766.9742088505432","49.0",,"1176.0","0.0","1176.0","0.0","121.57333159446716","101.22496104681333","953.2017230987549","0.0","953.2017230987549","174.43591373624514","242.86855035408777","242.86855035408777","242.86855035408777","3.339205567651466","25.63241335574953","3.339205567651466","31.20782313584615","","0.8299999999999996","7.816366382611706","3.6604087409057895","","1.689018227954875","0.7999999999999998","6.419939423104389","working_net_combined_queue","23.845732774576767","0.8105456829071045"
"2026-06-17","weekly","EH4000","Plan","49737.150672987314","216.24848118690082","4.0",,"96.0","0.0","96.0","0.0","5.5647618770599365","5.154808575702764","85.28042793273926","0.0","85.28042793273926","17.908889306733187","230.0000000000006","230.0000000000006","230.0000000000006","1.3963487548581675","23.75473672305094","1.3963487548581675","25.121509304941316","","0.6","3.52691449575997","3.33979738855005","","1.6295224158679755","1.18","3.3350275365425843","working_net_combined_queue","15.561261836720611","0.8883377909660339"
"2026-06-17","weekly","EH5000","Plan","214368.31164432282","734.1380535764491","16.0",,"384.0","0.0","384.0","0.0","22.609047889709473","32.88657597427848","328.5043716430664","0.0","328.5043716430664","52.56069828806744","291.99999999999955","291.99999999999955","291.99999999999955","2.1984387062761357","21.829234955382624","2.1984387062761352","27.780909637958935","","0.6999999999999998","6.0426452253675","2.7045378702323135","","1.7481288567739128","1.4800000000000002","4.748092272555957","working_net_combined_queue","19.733404224929682","0.8554801344871521"
"2026-06-18","weekly","CAT793","Plan","476135.88700244454","1961.2959103261685","49.0",,"1176.0","0.0","1176.0","0.0","121.57333159446716","101.22496104681333","953.2017230987549","0.0","953.2017230987549","174.43591373624514","242.76596126856856","242.76596126856856","242.76596126856856","3.2428919345421727","24.98807274798647","3.242891934542173","30.74104812688355","","0.8300000000000002","7.786655579038563","3.598389550271642","","1.6647817602752257","0.8","6.329436630443731","working_net_combined_queue","23.639263520029154","0.8105456829071045"
"2026-06-18","weekly","EH4000","Plan","53957.942568270446","234.59975029682792","4.0",,"96.0","0.0","96.0","0.0","5.5647618770599365","5.154808575702764","85.28042793273926","0.0","85.28042793273926","17.908889306733187","230.0000000000001","230.0000000000001","230.0000000000001","1.5140719899284047","23.949676558054033","1.5140719899284047","25.784785359500823","","0.6","3.7931334552889506","3.3347902955465574","","1.6276377507087463","1.18","3.5231753194420605","working_net_combined_queue","16.00873682098633","0.8883377909660339"
"2026-06-18","weekly","EH5000","Plan","248756.4672861858","851.9057098841981","16.0",,"384.0","0.0","384.0","0.0","22.609047889709473","32.88657597427848","328.5043716430664","0.0","328.5043716430664","52.56069828806744","291.99999999999994","291.99999999999994","291.99999999999994","2.100329320910722","21.4084193624487","2.1003293209107223","27.422200005068852","","0.7000000000000002","5.886457898694168","2.715583293969538","","1.7472249568673868","1.4800000000000002","4.595537893799522","working_net_combined_queue","19.43480404333061","0.8554801344871521"
"2026-06-19","weekly","CAT793","Plan","476824.3670620224","1966.572832293688","49.0",,"1176.0","0.0","1176.0","0.0","121.57333159446716","101.22496104681333","953.2017230987549","0.0","953.2017230987549","174.43591373624514","242.46463656567664","242.46463656567664","242.46463656567664","3.289824640239435","25.268691827396832","3.289824640239435","31.605674139771388","","0.8300000000000004","7.811622372961644","3.521308856262899","","1.6495440767356286","0.8000000000000004","6.245381052194632","working_net_combined_queue","23.487856358154797","0.8105456829071045"
"2026-06-19","weekly","EH4000","Plan","58337.57731105656","253.68789309882052","4.0",,"96.0","0.0","96.0","0.0","5.5647618770599365","5.154808575702764","85.28042793273926","0.0","85.28042793273926","17.908889306733187","229.95806618304792","229.95806618304792","229.95806618304792","1.4144345685306237","23.7097235151871","1.4144345685306237","25.155156740089495","","0.6000000000000001","3.5793784797818096","3.3330949494096864","","1.6323845958953782","1.18","3.373704842657064","working_net_combined_queue","15.648562867743957","0.8883377909660339"
"2026-06-19","weekly","EH5000","Plan","235218.1464576464","805.5415974576946","16.0",,"384.0","0.0","384.0","0.0","22.609047889709473","32.88657597427848","328.5043716430664","0.0","328.5043716430664","52.56069828806744","291.9999999999995","291.9999999999995","291.9999999999995","2.314184014062331","21.431930806889056","2.314184014062331","27.223862527097403","","0.6999999999999998","6.478699567241404","2.6905556478623303","","1.7938039482073158","1.4800000000000002","5.10034315320002","working_net_combined_queue","20.55340231651106","0.8554801344871521"
"2026-06-20","weekly","CAT793","Plan","468536.2968584721","1929.31565175572","49.0",,"1176.0","0.0","1176.0","0.0","108.97285920381546","102.43460640683055","964.5925211906433","0.0","964.5925211906433","139.86591154804967","242.85103188381524","242.85103188381524","242.85103188381524","3.601375470244725","26.007913274129287","3.601375470244725","31.28702463716168","","0.8299999999999996","8.30833777155148","3.7041793553788045","","1.621493462281224","0.7999999999999996","6.906458211370726","working_net_combined_queue","24.800468800582255","0.8202317357063293"
"2026-06-20","weekly","EH4000","Plan","36736.59824722317","159.73735825414167","4.0",,"96.0","0.0","96.0","0.0","8.879047393798828","4.9658943011498735","82.15505790710449","0.0","82.15505790710449","16.84178672405173","229.98125578598433","229.98125578598433","229.98125578598433","2.1931454708529943","27.432035876340436","2.1931454708529956","30.980945428021588","","0.5999999999999999","4.796899830707505","3.322369742576796","","1.559537283068155","1.18","4.24740841291953","working_net_combined_queue","17.656215269271982","0.8557818531990051"
"2026-06-20","weekly","EH5000","Plan","235460.19262636453","806.3705226930297","16.0",,"384.0","0.0","384.0","0.0","41.88523864746094","31.13244265094056","310.9823226928711","0.0","310.9823226928711","45.09243549294695","291.99999999999983","291.99999999999983","291.99999999999983","2.2708699849510077","22.90421463225012","2.2708699849510077","29.137069516283635","","0.7000000000000004","5.9487828456345095","2.9992751776469917","","1.3556044445191233","1.4800000000000004","4.676249237107188","working_net_combined_queue","19.46991170490779","0.8098497986793518"
"2026-06-21","weekly","CAT793","Plan","464768.5796473506","1912.9502554876328","49.0",,"1176.0","0.0","1176.0","0.0","108.97285920381546","102.43460640683055","964.5925211906433","0.0","964.5925211906433","139.86591154804967","242.95905150386452","242.95905150386452","242.95905150386452","3.624546224632694","25.72139245162795","3.6245462246326947","31.087452736188546","","0.8300000000000002","8.454937806611532","3.669083997460412","","1.653189208017753","0.8","6.995516014884171","working_net_combined_queue","25.032727026973866","0.8202317357063293"
"2026-06-21","weekly","EH4000","Plan","45521.72435701787","197.92054068268675","4.0",,"96.0","0.0","96.0","0.0","8.879047393798828","4.9658943011498735","82.15505790710449","0.0","82.15505790710449","16.84178672405173","229.99999999999957","229.99999999999957","229.99999999999957","1.9361635405439823","25.539067470198454","1.9361635405439859","28.5227623773427","","0.6000000000000001","4.548710032901457","3.3277151857123086","","1.6218868313000478","1.18","4.072880841475566","working_net_combined_queue","17.30119289138936","0.8557818531990051"
"2026-06-21","weekly","EH5000","Plan","208346.00253878013","713.5137073245896","16.0",,"384.0","0.0","384.0","0.0","41.88523864746094","31.13244265094056","310.9823226928711","0.0","310.9823226928711","45.09243549294695","291.99999999999994","291.99999999999994","291.99999999999994","2.610298349459503","23.13361558894001","2.6102983494595033","29.086677152287418","","0.6999999999999998","6.770143662387469","3.0035309962374157","","1.7790960522982908","1.4800000000000002","5.3845236479772165","working_net_combined_queue","21.427294358900383","0.8098497986793518"
"2026-06-22","weekly","CAT793","Plan","474347.5205171619","1952.1188411705184","49.0",,"1176.0","0.0","1176.0","0.0","108.97285920381546","102.43460640683055","964.5925211906433","0.0","964.5925211906433","139.86591154804967","242.9911081810656","242.9911081810656","242.9911081810656","3.5536559790198394","25.574463926085805","3.5536559790198394","30.9401709630559","","0.8299999999999998","8.337197579485052","3.6501721337222843","","1.6388507089545026","0.8","6.891343910018625","working_net_combined_queue","24.777564332180454","0.8202317357063293"
"2026-06-22","weekly","EH4000","Plan","45798.66808891496","199.1246438648475","4.0",,"96.0","0.0","96.0","0.0","8.879047393798828","4.9658943011498735","82.15505790710449","0.0","82.15505790710449","16.84178672405173","230.00000000000014","230.00000000000014","230.00000000000014","1.868320556404145","25.228352307807043","1.868320556404149","27.44350519746192","","0.6000000000000002","4.443383064281967","3.3356079228125513","","1.6337210075668496","1.18","4.084727245214153","working_net_combined_queue","17.22743923987549","0.8557818531990051"
"2026-06-22","weekly","EH5000","Plan","235177.9579428925","805.4039655578483","16.0",,"384.0","0.0","384.0","0.0","41.88523864746094","31.13244265094056","310.9823226928711","0.0","310.9823226928711","45.09243549294695","292.00000000000097","292.00000000000097","292.00000000000097","2.214384580598612","22.032343128594423","2.214384580598612","27.869792090323305","","0.7000000000000001","6.030365179974068","2.6891603849297194","","1.7923909012745363","1.4800000000000006","4.76727900966467","working_net_combined_queue","19.76919547584299","0.8098497986793518"
"2026-06-23","weekly","CAT793","Plan","489030.85563232965","2015.5321961398936","49.0",,"1176.0","0.0","1176.0","0.0","108.97285920381546","102.43460640683055","964.5925211906433","0.0","964.5925211906433","139.86591154804967","242.6311306606323","242.6311306606323","242.6311306606323","3.435674596698029","25.872518537384156","3.4356745966980293","31.132176300381765","","0.8299999999999995","7.9675457765745445","3.5342522333403954","","1.6199895028310556","0.7999999999999998","6.621460504813919","working_net_combined_queue","24.003248017559923","0.8202317357063293"
"2026-06-23","weekly","EH4000","Plan","38172.51637476041","165.96746249895847","4.0",,"96.0","0.0","96.0","0.0","8.879047393798828","4.9658943011498735","82.15505790710449","0.0","82.15505790710449","16.84178672405173","229.99999999999977","229.99999999999977","229.99999999999977","2.355194603759696","27.37506476940819","2.355194603759698","30.63998175666454","","0.5999999999999999","5.162058150945398","3.3289207408734893","","1.6274936252606145","1.1799999999999995","4.612002622842456","working_net_combined_queue","18.46047513992193","0.8557818531990051"
"2026-06-23","weekly","EH5000","Plan","245708.86926528421","841.4687303605645","16.0",,"384.0","0.0","384.0","0.0","41.88523864746094","31.13244265094056","310.9823226928711","0.0","310.9823226928711","45.09243549294695","291.99999999999926","291.99999999999926","291.99999999999926","1.9855818740377105","21.751880368626832","1.9855818740377091","27.160544759867186","","0.7","5.476993732187553","2.763528361142184","","1.8421401520832763","1.4800000000000002","4.386322641742371","working_net_combined_queue","18.95898488715538","0.8098497986793518"
"2026-06-24","weekly","CAT793","Plan","463277.2071649219","1911.0463879755537","49.0",,"1176.0","0.0","1176.0","0.0","108.97285920381546","102.43460640683055","964.5925211906433","0.0","964.5925211906433","139.86591154804967","242.42070212418528","242.42070212418528","242.42070212418528","3.1654348171769557","25.457135498578396","3.1654348171769557","30.388725744755458","","0.8299999999999996","7.460622937770175","3.510624448873123","","1.6362539503007079","0.7999999999999994","6.2498865739178004","working_net_combined_queue","23.11738791086182","0.8202317357063293"
"2026-06-24","weekly","EH4000","Plan","30527.174534962596","132.72684580418496","4.0",,"96.0","0.0","96.0","0.0","8.879047393798828","4.9658943011498735","82.15505790710449","0.0","82.15505790710449","16.84178672405173","230.00000000000043","230.00000000000043","230.00000000000043","2.5759488778074013","28.089619430991814","2.575948877807403","31.828133197006142","","0.5999999999999998","5.502279340172137","3.3244518080294134","","1.5838042745299072","1.1799999999999997","4.855984851885134","working_net_combined_queue","18.996520274616564","0.8557818531990051"
"2026-06-24","weekly","EH5000","Plan","211500.92471959433","724.318235341076","16.0",,"384.0","0.0","384.0","0.0","41.88523864746094","31.13244265094056","310.9823226928711","0.0","310.9823226928711","45.09243549294695","292.00000000000017","292.00000000000017","292.00000000000017","2.0291679928116197","21.826275068645753","2.029167992811617","26.688671595804895","","0.6999999999999998","5.57814282032923","2.8006129522211523","","1.8415984743662825","1.48","4.561863603126449","working_net_combined_queue","19.27221785004313","0.8098497986793518"
"2026-06-25","weekly","CAT793","Plan","481145.1475824755","1980.7950751096146","49.0",,"1176.0","0.0","1176.0","0.0","108.97285920381546","102.43460640683055","964.5925211906433","0.0","964.5925211906433","139.86591154804967","242.90506051255684","242.90506051255684","242.90506051255684","3.7827750993058604","26.974015117169404","3.782775099305861","32.670492519739234","","0.8300000000000001","8.414264801604702","3.5011065449899634","","1.7004813878179899","0.7999999999999999","6.9471406291539815","working_net_combined_queue","24.82299336356665","0.8202317357063293"
"2026-06-25","weekly","EH4000","Plan","32566.22395391392","141.59227806049577","4.0",,"96.0","0.0","96.0","0.0","8.879047393798828","4.9658943011498735","82.15505790710449","0.0","82.15505790710449","16.84178672405173","229.99999999999923","229.99999999999923","229.99999999999923","4.706393404789667","31.52351654987983","4.706393404789667","35.85867367163292","","0.5999999999999999","8.957871303493787","3.22831480615586","","1.5947381085759587","1.18","7.87490376451843","working_net_combined_queue","25.385827982744022","0.8557818531990051"
"2026-06-25","weekly","EH5000","Plan","235071.1863377505","805.0383093758609","16.0",,"384.0","0.0","384.0","0.0","41.88523864746094","31.13244265094056","310.9823226928711","0.0","310.9823226928711","45.09243549294695","291.9999999999989","291.9999999999989","291.9999999999989","2.2211504361143644","22.407424657230298","2.221150436114364","27.422152834048727","","0.6999999999999997","5.947538737962883","2.697359709160863","","1.8221340583494021","1.4799999999999998","4.859903851217265","working_net_combined_queue","19.81693635669043","0.8098497986793518"
"2026-06-26","weekly","CAT793","Plan","480925.0154446006","1979.9361136334358","49.0",,"1176.0","0.0","1176.0","0.0","108.97285920381546","102.43460640683055","964.5925211906433","0.0","964.5925211906433","139.86591154804967","242.8992592907666","242.8992592907666","242.8992592907666","3.7840036731939644","26.71136731418725","3.7840036731939657","32.49512822240079","","0.8300000000000001","8.499760335033454","3.4705087872866476","","1.7753527388105517","0.8","6.986900277412228","working_net_combined_queue","24.992522138542885","0.8202317357063293"
"2026-06-26","weekly","EH4000","Plan","34057.5656674449","148.35750671448955","4.0",,"96.0","0.0","96.0","0.0","8.879047393798828","4.9658943011498735","82.15505790710449","0.0","82.15505790710449","16.84178672405173","229.56415500422142","229.56415500422142","229.56415500422142","5.03299497091592","31.809032752941505","5.03299497091592","35.97999778565126","","0.6","9.493520302877803","3.1377364291744656","","1.6603016044684267","1.1799999999999997","8.392988239020514","working_net_combined_queue","26.414546575541173","0.8557818531990051"
"2026-06-26","weekly","EH5000","Plan","219728.03207118422","752.4932605177546","16.0",,"384.0","0.0","384.0","0.0","41.88523864746094","31.13244265094056","310.9823226928711","0.0","310.9823226928711","45.09243549294695","291.99999999999983","291.99999999999983","291.99999999999983","2.545840730291712","22.19880321423067","2.5458407302917125","27.827618410758536","","0.7000000000000002","6.881021573252254","2.6547706466137106","","1.685752868826014","1.48","5.489166969403581","working_net_combined_queue","21.200712058095565","0.8098497986793518"
"2026-06-27","weekly","CAT793","Plan","442052.137631759","1819.1445993076509","49.0",,"1176.0","0.0","1176.0","0.0","68.20799803733826","106.34803311282921","1001.4439487457275","0.0","1001.4439487457275","145.20936838978074","242.99999999999991","242.99999999999991","242.99999999999991","4.489831400602672","26.67978947396455","4.489831400602671","31.39990443956308","","0.83","10.09715178971124","3.555061982345919","","1.7492516703737488","0.7999999999999995","8.579321779614585","working_net_combined_queue","28.2407872220455","0.8515679836273193"
"2026-06-27","weekly","EH4000","Plan","48815.18078921478","212.6775967563052","4.0",,"96.0","0.0","96.0","0.0","1.7279999256134033","5.3735040070495605","88.89849472045898","0.0","88.89849472045898","18.224191258731196","229.5266710444788","229.5266710444788","229.5266710444788","3.012366868296012","30.100609339897414","3.012366868296012","33.78202993742419","","0.6000000000000001","6.004596453739986","3.1906887582789367","","1.6629076321457676","1.1800000000000002","5.35024130973054","working_net_combined_queue","19.93843415389524","0.9260259866714478"
"2026-06-27","weekly","EH5000","Plan","241826.98299476848","828.1745992971549","16.0",,"384.0","0.0","384.0","0.0","55.295997619628906","29.912063609252925","298.7919387817383","0.0","298.7919387817383","43.324829876694935","291.9999999999991","291.9999999999991","291.9999999999991","1.9551006617356632","22.029920997000794","1.9551006617356632","27.714863208164356","","0.7000000000000001","5.3248506755929865","2.6959984363138982","","1.7647532057167554","1.4800000000000002","4.232603957777547","working_net_combined_queue","18.5082062754012","0.7781040072441101"
"2026-06-28","weekly","CAT793","Plan","459762.8205419943","1892.5934958055523","49.0",,"1176.0","0.0","1176.0","0.0","68.20799803733826","106.34803311282921","1001.4439487457275","0.0","1001.4439487457275","145.20936838978074","242.92740176955093","242.92740176955093","242.92740176955093","4.110610329871093","26.584305489879316","4.110610329871093","31.355192808665013","","0.8299999999999991","9.277527294672435","3.6160773218273747","","1.7425359695701574","0.799999999999999","7.865893898254312","working_net_combined_queue","26.762034484324282","0.8515679836273193"
"2026-06-28","weekly","EH4000","Plan","49641.746438165086","216.53569117179438","4.0",,"96.0","0.0","96.0","0.0","1.7279999256134033","5.3735040070495605","88.89849472045898","0.0","88.89849472045898","18.224191258731196","229.25433756221037","229.25433756221037","229.25433756221037","2.452805471061988","28.175302530783554","2.452805471061988","32.35421876710263","","0.6","5.223309602547382","3.3273231278831505","","1.7029215041569645","1.1800000000000002","4.548659614472232","working_net_combined_queue","18.532213849059723","0.9260259866714478"
"2026-06-28","weekly","EH5000","Plan","229937.05357567998","787.4556629304091","16.0",,"384.0","0.0","384.0","0.0","55.295997619628906","29.912063609252925","298.7919387817383","0.0","298.7919387817383","43.324829876694935","292.0000000000007","292.0000000000007","292.0000000000007","1.9783285389051923","22.034431962650235","1.9783285389051923","27.717905640397014","","0.7","5.387010318011153","2.698843979925714","","1.79592971195088","1.4800000000000009","4.28241995893494","working_net_combined_queue","18.654203968822696","0.7781040072441101"
"2026-06-29","weekly","CAT793","Plan","521418.9680739301","2153.275655957492","49.0",,"1176.0","0.0","1176.0","0.0","68.20799803733826","106.34803311282921","1001.4439487457275","0.0","1001.4439487457275","145.20936838978074","242.1515176801978","242.1515176801978","242.1515176801978","3.256481836103287","25.478241394206673","3.256481836103287","30.564249846154617","","0.8300000000000005","7.6688538719405255","3.4550607117938914","","1.7279616660105777","0.8","6.392727161624735","working_net_combined_queue","23.504603411369747","0.8515679836273193"
"2026-06-29","weekly","EH4000","Plan","56975.893808079934","247.72127742643465","4.0",,"96.0","0.0","96.0","0.0","1.7279999256134033","5.3735040070495605","88.89849472045898","0.0","88.89849472045898","18.224191258731196","229.99999999999986","229.99999999999986","229.99999999999986","1.7297669340831119","26.27884199490361","1.7297669340831119","29.990499951516483","","0.6","3.949413602970575","3.325828964161056","","1.5588484837172503","1.18","3.460629739843291","working_net_combined_queue","16.02472079069218","0.9260259866714478"
"2026-06-29","weekly","EH5000","Plan","256604.1187191055","878.7812284900858","16.0",,"384.0","0.0","384.0","0.0","55.295997619628906","29.912063609252925","298.7919387817383","0.0","298.7919387817383","43.324829876694935","292.0000000000005","292.0000000000005","292.0000000000005","1.6482628677386708","21.575433380480955","1.6482628677386708","26.797512665740197","","0.7","4.5837212314719995","2.8556506112295312","","1.8225137302384011","1.4800000000000004","3.6904832660366824","working_net_combined_queue","17.442368838976613","0.7781040072441101"
"2026-06-30","weekly","CAT793","Plan","523891.4180772484","2161.6990290412386","49.0",,"1176.0","0.0","1176.0","0.0","68.20799803733826","106.34803311282921","1001.4439487457275","0.0","1001.4439487457275","145.20936838978074","242.35169236746424","242.35169236746424","242.35169236746424","3.2023929797533843","25.39564108584153","3.2023929797533843","30.731538043229502","","0.8300000000000001","7.566006234523693","3.525321330142584","","1.7356991115397367","0.7999999999999999","6.2523254942501785","working_net_combined_queue","23.339352170456195","0.8515679836273193"
"2026-06-30","weekly","EH4000","Plan","57796.63149392673","251.28970214750797","4.0",,"96.0","0.0","96.0","0.0","1.7279999256134033","5.3735040070495605","88.89849472045898","0.0","88.89849472045898","18.224191258731196","229.9999999999996","229.9999999999996","229.9999999999996","1.2257125275966543","24.30329221830038","1.2257125275966543","27.229391871301516","","0.6000000000000001","3.0260407106664156","3.3307321638588006","","1.6060465569311395","1.1800000000000006","2.700859130581973","working_net_combined_queue","14.393678562038335","0.9260259866714478"
"2026-06-30","weekly","EH5000","Plan","237951.69444565047","814.9030631700346","16.0",,"384.0","0.0","384.0","0.0","55.295997619628906","29.912063609252925","298.7919387817383","0.0","298.7919387817383","43.324829876694935","292.00000000000045","292.00000000000045","292.00000000000045","2.0012223542279743","22.226948810401524","2.0012223542279743","27.599347302800584","","0.7","5.402151337905987","2.816893885761695","","1.7499999999999998","1.48","4.350586263374941","working_net_combined_queue","18.809631487042633","0.7781040072441101"
"2026-07-01","weekly","CAT793","Plan","506406.2253956687","2089.8453460704545","49.0",,"1176.0","0.0","1176.0","0.0","68.20799803733826","106.34803311282921","1001.4439487457275","0.0","1001.4439487457275","145.20936838978074","242.31756017155365","242.31756017155365","242.31756017155365","3.2474164958430785","25.684336614995566","3.2474164958430785","31.07165484419967","","0.8299999999999995","7.586140637824619","3.47817100999997","","1.7668586116230198","0.7999999999999998","6.270827567040819","working_net_combined_queue","23.361997826488437","0.8515679836273193"
"2026-07-01","weekly","EH4000","Plan","50854.056806962784","221.10592496234491","4.0",,"96.0","0.0","96.0","0.0","1.7279999256134033","5.3735040070495605","88.89849472045898","0.0","88.89849472045898","18.224191258731196","229.99861634473794","229.99861634473794","229.99861634473794","1.3877813165333157","25.282255493777928","1.3877813165333153","28.42813060432237","","0.6","3.29349092340639","3.329137779217256","","1.5835494273468302","1.1799999999999997","2.92903111185716","working_net_combined_queue","14.86520924182764","0.9260259866714478"
"2026-07-01","weekly","EH5000","Plan","216708.9865270682","742.1540634488631","16.0",,"384.0","0.0","384.0","0.0","55.295997619628906","29.912063609252925","298.7919387817383","0.0","298.7919387817383","43.324829876694935","292.0000000000002","292.0000000000002","292.0000000000002","2.174587644480363","21.835736037258567","2.174587644480363","27.584953706953964","","0.7","5.975308478092534","2.8476180575499686","","1.75","1.48","4.729942999176756","working_net_combined_queue","19.792869534819268","0.7781040072441101"
"2026-07-02","weekly","CAT793","Plan","499781.91487354576","2059.070808707781","49.0",,"1176.0","0.0","1176.0","0.0","68.20799803733826","106.34803311282921","1001.4439487457275","0.0","1001.4439487457275","145.20936838978074","242.7220631558542","242.7220631558542","242.7220631558542","3.707236179006872","26.03957164427497","3.707236179006871","31.64109961023599","","0.8299999999999997","8.542159363413202","3.3832197439346214","","1.669342570041742","0.8000000000000002","7.029912786863266","working_net_combined_queue","24.884634464252837","0.8515679836273193"
"2026-07-02","weekly","EH4000","Plan","67182.79563488081","292.09911145600404","4.0",,"96.0","0.0","96.0","0.0","1.7279999256134033","5.3735040070495605","88.89849472045898","0.0","88.89849472045898","18.224191258731196","229.99999999999957","229.99999999999957","229.99999999999957","0.9724350348432823","21.982032447467304","0.9724350348432823","23.712843117432147","","0.5999999999999999","2.654263304816447","3.3367742005156975","","1.613951133606853","1.1799999999999995","2.460527478786576","working_net_combined_queue","13.795516117725589","0.9260259866714478"
"2026-07-02","weekly","EH5000","Plan","205033.19399865658","702.1684725981388","16.0",,"384.0","0.0","384.0","0.0","55.295997619628906","29.912063609252925","298.7919387817383","0.0","298.7919387817383","43.324829876694935","292.00000000000006","292.00000000000006","292.00000000000006","2.7716131230639496","23.07876577258668","2.7716131230639496","28.60934737936023","","0.6999999999999998","7.205618750261199","2.6623601116550226","","1.6589043751179517","1.4800000000000009","5.812673221053942","working_net_combined_queue","21.829556458088103","0.7781040072441101"
"2026-07-03","weekly","CAT793","Plan","486282.38696382253","2002.062204969249","49.0",,"1176.0","0.0","1176.0","0.0","68.20799803733826","106.34803311282921","1001.4439487457275","0.0","1001.4439487457275","145.20936838978074","242.89074822792114","242.89074822792114","242.89074822792114","3.847494427194954","25.889126670090757","3.847494427194954","31.407506401257173","","0.83","8.916857975684197","3.359346864292964","","1.6733205091123935","0.7999999999999998","7.350143073518782","working_net_combined_queue","25.559668422608333","0.8515679836273193"
"2026-07-03","weekly","EH4000","Plan","71312.3502270567","310.05369663937756","4.0",,"96.0","0.0","96.0","0.0","1.7279999256134033","5.3735040070495605","88.89849472045898","0.0","88.89849472045898","18.224191258731196","229.99999999999955","229.99999999999955","229.99999999999955","0.7994875106348481","20.3219047598299","0.7994875106348481","21.618499607970595","","0.5999999999999999","2.360470202227855","3.339305864783706","","1.625141053485943","1.1799999999999997","2.218898235676122","working_net_combined_queue","13.273815356173637","0.9260259866714478"
"2026-07-03","weekly","EH5000","Plan","189690.7715992102","649.625930134282","16.0",,"384.0","0.0","384.0","0.0","55.295997619628906","29.912063609252925","298.7919387817383","0.0","298.7919387817383","43.324829876694935","291.9999999999997","291.9999999999997","291.9999999999997","3.1718779745129786","23.501040227340805","3.1718779745129786","28.90916275810499","","0.7000000000000001","8.098053389541942","2.6375593003652957","","1.7864184800276517","1.4800000000000002","6.583126604641033","working_net_combined_queue","23.59515777457595","0.7781040072441101"
"2026-07-04","weekly","CAT793","Plan","488285.09626896144","2011.1456766474223","49.0",,"1176.0","0.0","1176.0","0.0","105.11238241195679","87.81278706775484","983.074836730957","0.0","983.074836730957","142.54584722428092","242.78952138511028","242.78952138511028","242.78952138511028","3.7965339872313497","26.694316391213032","3.7965339872313497","31.80288303159064","","0.8300000000000004","8.533353538465713","3.5579175119544253","","1.559934079473069","0.8","7.162622300865276","working_net_combined_queue","25.073827430758474","0.8359479904174805"
"2026-07-04","weekly","EH4000","Plan","65914.21539525034","286.5835451967404","4.0",,"96.0","0.0","96.0","0.0","9.359999656677246","4.93848002215147","81.70152282714844","0.0","81.70152282714844","16.748812033471722","230.0000000000002","230.0000000000002","230.0000000000002","0.8742036496363281","20.675846193423215","0.8742036496363281","22.1212450457014","","0.5999999999999998","2.5368837863992346","3.3388360018257828","","1.621852012780481","1.1799999999999995","2.3711241781290338","working_net_combined_queue","13.598695979134531","0.8510575294494629"
"2026-07-04","weekly","EH5000","Plan","202591.93513507742","693.8079970379385","15.0",,"360.0","0.0","360.0","0.0","35.46904653310776","32.45309583027803","292.07786321640015","0.0","292.07786321640015","42.35128894773421","291.9999999999991","291.9999999999991","291.9999999999991","2.8052822504425987","22.762155315922808","2.8052822504425987","29.03823584160689","","0.7","7.39459566506047","2.6680219500767226","","1.2471605606295966","1.48","5.7963898338957","working_net_combined_queue","21.596168009662495","0.8113273978233337"
"2026-07-05","weekly","CAT793","Plan","454641.1415022508","1871.5012497031246","49.0",,"1176.0","0.0","1176.0","0.0","105.11238241195679","87.81278706775484","983.074836730957","0.0","983.074836730957","142.54584722428092","242.92858023705318","242.92858023705318","242.92858023705318","4.008157122430714","26.426805043976177","4.008157122430714","31.685143708059517","","0.83","9.100208176722479","3.576739443723495","","1.6963039427686186","0.8000000000000003","7.589974328715805","working_net_combined_queue","26.223225891930404","0.8359479904174805"
"2026-07-05","weekly","EH4000","Plan","55231.65994202835","240.13765192186239","4.0",,"96.0","0.0","96.0","0.0","9.359999656677246","4.93848002215147","81.70152282714844","0.0","81.70152282714844","16.748812033471722","230.00000000000003","230.00000000000003","230.00000000000003","1.4483702662878188","23.969529581676984","1.4483702662878188","25.422368452043386","","0.5999999999999999","3.6255286396483872","3.339438671702251","","1.6299999999999997","1.1799999999999997","3.418336735273151","working_net_combined_queue","15.743304046623821","0.8510575294494629"
"2026-07-05","weekly","EH5000","Plan","180858.09244707282","619.377028928332","15.0",,"360.0","0.0","360.0","0.0","35.46904653310776","32.45309583027803","292.07786321640015","0.0","292.07786321640015","42.35128894773421","291.9999999999998","291.9999999999998","291.9999999999998","3.0793376140905093","22.989285408045788","3.0793376140905098","29.04094460010156","","0.6999999999999997","8.036798602742483","2.6556897805413175","","1.6388705207457115","1.4799999999999995","6.362060855444229","working_net_combined_queue","23.183419759473768","0.8113273978233337"
"2026-07-06","weekly","CAT793","Plan","472688.43682107434","1945.219904613475","49.0",,"1176.0","0.0","1176.0","0.0","105.11238241195679","87.81278706775484","983.074836730957","0.0","983.074836730957","142.54584722428092","242.99999999999997","242.99999999999997","242.99999999999997","3.9287657009333463","26.076525043744486","3.9287657009333454","31.642539622352945","","0.83","9.039775877367113","3.5679001620983684","","1.6000521469070645","0.8","7.449653057856299","working_net_combined_queue","25.917381244228856","0.8359479904174805"
"2026-07-06","weekly","EH4000","Plan","57088.180793829604","248.2094817123032","4.0",,"96.0","0.0","96.0","0.0","9.359999656677246","4.93848002215147","81.70152282714844","0.0","81.70152282714844","16.748812033471722","229.9999999999995","229.9999999999995","229.9999999999995","1.4333950563705091","23.94590047565811","1.4333950563705091","25.388243728877512","","0.6","3.5915835977710038","3.3393032068044937","","1.62512244763146","1.18","3.387540481360938","working_net_combined_queue","15.673549733567937","0.8510575294494629"
"2026-07-06","weekly","EH5000","Plan","170732.2013858217","584.6993198144587","15.0",,"360.0","0.0","360.0","0.0","35.46904653310776","32.45309583027803","292.07786321640015","0.0","292.07786321640015","42.35128894773421","291.9999999999996","291.9999999999996","291.9999999999996","3.573284196384827","22.690134528406386","3.573284196384827","29.443173000756833","","0.7000000000000001","9.448910561313783","2.644044087412149","","1.7614743424802857","1.48","7.281723738728111","working_net_combined_queue","25.62615272993435","0.8113273978233337"
"2026-07-07","weekly","CAT793","Plan","475985.03985488095","1959.436609643467","49.0",,"1176.0","0.0","1176.0","0.0","105.11238241195679","87.81278706775484","983.074836730957","0.0","983.074836730957","142.54584722428092","242.9193358500583","242.9193358500583","242.9193358500583","3.568546574568657","25.323568937234725","3.568546574568656","30.385258691526527","","0.83","8.45507973243443","3.6282659084377533","","1.6723232519637716","0.8","7.046601006356696","working_net_combined_queue","25.062269899192657","0.8359479904174805"
"2026-07-07","weekly","EH4000","Plan","45020.30674872726","195.76630914520948","4.0",,"96.0","0.0","96.0","0.0","9.359999656677246","4.93848002215147","81.70152282714844","0.0","81.70152282714844","16.748812033471722","229.96963545618814","229.96963545618814","229.96963545618814","1.4867430496555494","23.830077072841235","1.4867430496555494","25.63267325894066","","0.6","3.743361077123751","3.3363987801158363","","1.6229916879214226","1.18","3.4801123580904094","working_net_combined_queue","15.912863903251464","0.8510575294494629"
"2026-07-07","weekly","EH5000","Plan","229478.72382543862","785.8860404980779","15.0",,"360.0","0.0","360.0","0.0","35.46904653310776","32.45309583027803","292.07786321640015","0.0","292.07786321640015","42.35128894773421","291.99999999999983","291.99999999999983","291.99999999999983","2.092816646575813","22.696563146450018","2.092816646575813","27.843000400915358","","0.7000000000000001","5.532511595888433","2.678274239847925","","1.8551805825025973","1.4800000000000002","4.50989465885367","working_net_combined_queue","19.065861077092634","0.8113273978233337"
"2026-07-08","weekly","CAT793","Plan","470136.3778799237","1937.0463761600142","49.0",,"1176.0","0.0","1176.0","0.0","105.11238241195679","87.81278706775484","983.074836730957","0.0","983.074836730957","142.54584722428092","242.70785855520836","242.70785855520836","242.70785855520836","3.431110915501912","25.124821698864995","3.431110915501912","29.91869136007894","","0.8299999999999997","8.19375585616254","3.6135552704817733","","1.7280729741746594","0.7999999999999999","6.880870973013424","working_net_combined_queue","24.67625507383239","0.8359479904174805"
"2026-07-08","weekly","EH4000","Plan","40171.872813584225","174.95581779049155","4.0",,"96.0","0.0","96.0","0.0","9.359999656677246","4.93848002215147","81.70152282714844","0.0","81.70152282714844","16.748812033471722","229.6115289043419","229.6115289043419","229.6115289043419","2.4705376857320074","27.11591336180457","2.4705376857320074","31.22173867003928","","0.5999999999999998","5.466615089304724","3.324379856055327","","1.696283322344937","1.1799999999999995","4.7477260222591555","working_net_combined_queue","18.965004289964163","0.8510575294494629"
"2026-07-08","weekly","EH5000","Plan","224852.79300871716","770.0438116736904","15.0",,"360.0","0.0","360.0","0.0","35.46904653310776","32.45309583027803","292.07786321640015","0.0","292.07786321640015","42.35128894773421","291.99999999999943","291.99999999999943","291.99999999999943","1.9499855276400426","22.066683081505854","1.9499855276400426","27.480970487992728","","0.6999999999999998","5.302071508719851","2.765591523897475","","1.832228533899154","1.4800000000000002","4.257459965233871","working_net_combined_queue","18.647351531750363","0.8113273978233337"
"2026-07-09","weekly","CAT793","Plan","476855.08884932584","1965.7022467680792","49.0",,"1176.0","0.0","1176.0","0.0","105.11238241195679","87.81278706775484","983.074836730957","0.0","983.074836730957","142.54584722428092","242.58765010486704","242.58765010486704","242.58765010486704","3.425729943907468","24.888213480459616","3.425729943907468","29.87139215223423","","0.8300000000000005","8.258680230134875","3.5896074655473993","","1.6766268283129078","0.8000000000000003","6.880958061376274","working_net_combined_queue","24.665872585371478","0.8359479904174805"
"2026-07-09","weekly","EH4000","Plan","42347.20462803552","184.11828099145856","4.0",,"96.0","0.0","96.0","0.0","9.359999656677246","4.93848002215147","81.70152282714844","0.0","81.70152282714844","16.748812033471722","230.00000000000028","230.00000000000028","230.00000000000028","1.8682538552158856","24.52834000725074","1.8682538552158856","28.590785125183967","","0.6","4.570029251054781","3.3192628516506875","","1.581705496497944","1.18","3.92067691818001","working_net_combined_queue","17.121674517383443","0.8510575294494629"
"2026-07-09","weekly","EH5000","Plan","234368.30178553113","802.6311704983923","15.0",,"360.0","0.0","360.0","0.0","35.46904653310776","32.45309583027803","292.07786321640015","0.0","292.07786321640015","42.35128894773421","292.00000000000074","292.00000000000074","292.00000000000074","2.0108739723376416","21.95110410279228","2.0108739723376416","27.508539832569195","","0.7","5.49641775535614","2.7609422344456096","","1.5347345572521505","1.4800000000000004","4.385999368727308","working_net_combined_queue","18.668093915781235","0.8113273978233337"
"2026-07-10","weekly","CAT793","Plan","511055.1162359854","2110.1201373416634","49.0",,"1176.0","0.0","1176.0","0.0","105.11238241195679","87.81278706775484","983.074836730957","0.0","983.074836730957","142.54584722428092","242.1924264842164","242.1924264842164","242.1924264842164","3.3040890344664002","24.903992765816668","3.3040890344664002","30.465799446666605","","0.8300000000000002","7.960383860217647","3.5750546982815448","","1.5316753531017167","0.8000000000000006","6.507143934136115","working_net_combined_queue","23.83425784573701","0.8359479904174805"
"2026-07-10","weekly","EH4000","Plan","52052.05228469132","226.41150793182229","4.0",,"96.0","0.0","96.0","0.0","9.359999656677246","4.93848002215147","81.70152282714844","0.0","81.70152282714844","16.748812033471722","229.90020586924138","229.90020586924138","229.90020586924138","1.556020696247069","24.533272371717946","1.556020696247069","26.458705725864448","","0.6","3.805494854508335","3.333769943067501","","1.6212153616749974","1.18","3.5285641989494514","working_net_combined_queue","16.019044358200322","0.8510575294494629"
"2026-07-10","weekly","EH5000","Plan","225294.6326692817","771.556961196171","15.0",,"360.0","0.0","360.0","0.0","35.46904653310776","32.45309583027803","292.07786321640015","0.0","292.07786321640015","42.35128894773421","291.9999999999997","291.9999999999997","291.9999999999997","2.1016898185930204","21.68577298707517","2.1016898185930186","26.905698251491373","","0.6999999999999997","5.814936326721592","2.7301975822656357","","1.6023365240877827","1.4799999999999998","4.68679117475018","working_net_combined_queue","19.324261607825203","0.8113273978233337"
"2026-07-11","weekly","CAT793","Plan","499104.1594811351","2061.688391874359","49.0",,"1176.0","0.0","1176.0","0.0","79.96800434589386","89.87462612612342","1006.1573510169983","0.0","1006.1573510169983","145.89281169944914","242.08515770289642","242.08515770289642","242.08515770289642","3.610455533522955","26.010620033503958","3.610455533522956","31.777413572186227","","0.8299999999999995","8.328418612564496","3.540283996583412","","1.5237705332813307","0.8","6.817022144337904","working_net_combined_queue","24.46949528676715","0.8555759787559509"
"2026-07-11","weekly","EH4000","Plan","35685.42226398978","155.43678631103484","4.0",,"96.0","0.0","96.0","0.0","10.272000074386597","4.8864959983148575","80.84150505065918","0.0","80.84150505065918","16.572508390829256","229.58157532015562","229.58157532015562","229.58157532015562","2.9915452424367217","26.03087628478881","2.9915452424367217","30.88508624915851","","0.6000000000000001","6.895377342755465","3.2585418521894476","","1.4953798971011376","1.1800000000000004","5.811630671780745","working_net_combined_queue","21.19092976382682","0.8420990109443665"
"2026-07-11","weekly","EH5000","Plan","204214.64203997926","699.3652124656826","15.0",,"360.0","0.0","360.0","0.0","42.480000257492065","31.75200044739246","285.76799869537354","0.0","285.76799869537354","41.43635861851216","291.9999999999999","291.9999999999999","291.9999999999999","2.2630164032182334","22.26162260789509","2.2630164032182334","27.96658679267744","","0.7","6.099330070618447","2.7964163402926796","","1.3498059016324315","1.4800000000000002","4.855114612293191","working_net_combined_queue","19.590666924836768","0.7937999963760376"
"2026-07-12","weekly","CAT793","Plan","510912.16378466523","2111.519046344315","49.0",,"1176.0","0.0","1176.0","0.0","79.96800434589386","89.87462612612342","1006.1573510169983","0.0","1006.1573510169983","145.89281169944914","241.9642695950152","241.9642695950152","241.9642695950152","3.337949736069153","25.344251582582704","3.3379497360691532","30.6153992766191","","0.8299999999999998","7.902264681660012","3.518662005101685","","1.663437150488655","0.7999999999999999","6.541707405302409","working_net_combined_queue","23.886071242552774","0.8555759787559509"
"2026-07-12","weekly","EH4000","Plan","36320.30464607325","158.19735669400112","4.0",,"96.0","0.0","96.0","0.0","10.272000074386597","4.8864959983148575","80.84150505065918","0.0","80.84150505065918","16.572508390829256","229.58856838756856","229.58856838756856","229.58856838756856","3.376877047783063","26.821521072999843","3.376877047783063","31.351991412175312","","0.6","7.554106357933065","3.311495623482578","","1.5341952102483811","1.1800000000000002","6.462512068317953","working_net_combined_queue","22.592309259981988","0.8420990109443665"
"2026-07-12","weekly","EH5000","Plan","204612.40144333793","700.7274022032126","15.0",,"360.0","0.0","360.0","0.0","42.480000257492065","31.75200044739246","285.76799869537354","0.0","285.76799869537354","41.43635861851216","291.9999999999998","291.9999999999998","291.9999999999998","2.3218637323887554","22.519752001114085","2.3218637323887554","27.61447456653609","","0.7000000000000001","6.186205955395662","2.693482220979548","","1.634692598917312","1.4799999999999998","5.0448841098771755","working_net_combined_queue","20.04926488516971","0.7937999963760376"
"2026-07-13","weekly","CAT793","Plan","527766.6804087682","2180.586929095548","49.0",,"1176.0","0.0","1176.0","0.0","79.96800434589386","89.87462612612342","1006.1573510169983","0.0","1006.1573510169983","145.89281169944914","242.02964503124508","242.02964503124508","242.02964503124508","3.34070261725516","25.849192107629694","3.34070261725516","31.241196419338266","","0.8300000000000003","7.7542909736102255","3.5436944865380275","","1.696691258220992","0.8000000000000004","6.41595649362635","working_net_combined_queue","23.670633211995593","0.8555759787559509"
"2026-07-13","weekly","EH4000","Plan","38951.37744804532","169.35734560767256","4.0",,"96.0","0.0","96.0","0.0","10.272000074386597","4.8864959983148575","80.84150505065918","0.0","80.84150505065918","16.572508390829256","229.9952051579667","229.9952051579667","229.9952051579667","3.3848591950756193","26.242591189451712","3.3848591950756193","31.354408209677217","","0.6","7.739005277274997","3.316627025435411","","1.506329064776627","1.18","6.477288627053564","working_net_combined_queue","22.769249994540587","0.8420990109443665"
"2026-07-13","weekly","EH5000","Plan","210777.7488365709","721.841605604695","15.0",,"360.0","0.0","360.0","0.0","42.480000257492065","31.75200044739246","285.76799869537354","0.0","285.76799869537354","41.43635861851216","291.99999999999994","291.99999999999994","291.99999999999994","2.3550718215972557","22.847119598295404","2.3550718215972557","27.467413058266295","","0.7000000000000001","6.184775664516497","2.6170925287347693","","1.8727211070284115","1.4800000000000004","5.144434570379388","working_net_combined_queue","20.30902387065907","0.7937999963760376"
"2026-07-14","weekly","CAT793","Plan","524987.38536197","2162.137860031794","49.0",,"1176.0","0.0","1176.0","0.0","79.96800434589386","89.87462612612342","1006.1573510169983","0.0","1006.1573510169983","145.89281169944914","242.8093948432364","242.8093948432364","242.8093948432364","3.36537734083175","25.814224739560785","3.3653773408317496","31.416353758225203","","0.8299999999999992","7.822146219268586","3.606501208800186","","1.7566524690824983","0.7999999999999994","6.427309865551761","working_net_combined_queue","23.872609762703057","0.8555759787559509"
"2026-07-14","weekly","EH4000","Plan","39578.211828679356","172.07918186382298","4.0",,"96.0","0.0","96.0","0.0","10.272000074386597","4.8864959983148575","80.84150505065918","0.0","80.84150505065918","16.572508390829256","230.0000000000004","230.0000000000004","230.0000000000004","3.2807292044387664","25.529312791210415","3.2807292044387664","31.603476095078125","","0.6000000000000001","7.7104994512072444","3.2915457937675616","","1.4485080973173787","1.1800000000000002","6.228547507689576","working_net_combined_queue","22.40910084998177","0.8420990109443665"
"2026-07-14","weekly","EH5000","Plan","194666.31363728843","666.6654576619485","15.0",,"360.0","0.0","360.0","0.0","42.480000257492065","31.75200044739246","285.76799869537354","0.0","285.76799869537354","41.43635861851216","291.9999999999992","291.9999999999992","291.9999999999992","2.75662230483897","22.911907485845408","2.75662230483897","28.07746614495582","","0.6999999999999998","7.218837558266063","2.6098105153201017","","1.7782909604050128","1.48","5.890750163723453","working_net_combined_queue","21.987689197714616","0.7937999963760376"
"2026-07-15","weekly","CAT793","Plan","462945.5072605192","1907.6270137344789","49.0",,"1176.0","0.0","1176.0","0.0","79.96800434589386","89.87462612612342","1006.1573510169983","0.0","1006.1573510169983","145.89281169944914","242.6813543357361","242.6813543357361","242.6813543357361","3.2653241508490125","25.106324703488976","3.2653241508490143","31.08949621943661","","0.8299999999999995","7.803589388920562","3.5088806077832495","","1.6605811539185944","0.7999999999999996","6.301789120933244","working_net_combined_queue","23.534840271555648","0.8555759787559509"
"2026-07-15","weekly","EH4000","Plan","11762.547517204444","51.21110823683712","4.0",,"96.0","0.0","96.0","0.0","10.272000074386597","4.8864959983148575","80.84150505065918","0.0","80.84150505065918","16.572508390829256","229.68742372857733","229.68742372857733","229.68742372857733","3.004198248128022","22.48424087845746","3.0041982481280214","31.155274332821023","","0.5999999999999999","8.016810345613393","3.1553462469396165","","1.3003424297961563","1.18","5.785598064780705","working_net_combined_queue","21.988097087129887","0.8420990109443665"
"2026-07-15","weekly","EH5000","Plan","211709.49622395606","725.0325213149201","15.0",,"360.0","0.0","360.0","0.0","42.480000257492065","31.75200044739246","285.76799869537354","0.0","285.76799869537354","41.43635861851216","291.99999999999915","291.99999999999915","291.99999999999915","2.3926392548805975","22.342009746985617","2.3926392548805975","27.808135687645997","","0.7000000000000001","6.425489779951633","2.7255246028001636","","1.416169323122729","1.48","5.162458818000261","working_net_combined_queue","20.21964252387476","0.7937999963760376"
"2026-07-16","weekly","CAT793","Plan","440098.4861223409","1816.7903671433014","49.0",,"1176.0","0.0","1176.0","0.0","79.96800434589386","89.87462612612342","1006.1573510169983","0.0","1006.1573510169983","145.89281169944914","242.2395528298327","242.2395528298327","242.2395528298327","4.083400201609466","25.633342838199194","4.083400201609465","31.856278855198912","","0.8300000000000004","9.558020334806248","3.320363939165978","","1.2446090454707828","0.7999999999999998","7.690917486321021","working_net_combined_queue","26.073910805764026","0.8555759787559509"
"2026-07-16","weekly","EH4000","Plan","883.938446735179","3.84321063797903","4.0",,"96.0","0.0","96.0","0.0","10.272000074386597","4.8864959983148575","80.84150505065918","0.0","80.84150505065918","16.572508390829256","230.00000000000054","230.00000000000054","230.00000000000054","5.47736801608076","23.668702026114037","5.47736801608076","31.169612836638738","","0.6","13.885090978045598","3.34","","2.11666666666667","1.18","10.5436690114591","working_net_combined_queue","33.6154266561714","0.8420990109443665"
"2026-07-16","weekly","EH5000","Plan","220480.55994523692","755.0704107713597","15.0",,"360.0","0.0","360.0","0.0","42.480000257492065","31.75200044739246","285.76799869537354","0.0","285.76799869537354","41.43635861851216","291.9999999999999","291.9999999999999","291.9999999999999","2.273368143605469","22.04153332499031","2.273368143605467","28.074778549059165","","0.7000000000000001","6.18841196776804","2.9145549122544363","","0.9637787607020283","1.4800000000000004","4.858527677358976","working_net_combined_queue","19.41527331808348","0.7937999963760376"
"2026-07-17","weekly","CAT793","Plan","440563.1852918022","1819.5919831217668","49.0",,"1176.0","0.0","1176.0","0.0","79.96800434589386","89.87462612612342","1006.1573510169983","0.0","1006.1573510169983","145.89281169944914","242.12196436255667","242.12196436255667","242.12196436255667","4.132566650961383","25.345945799548527","4.132566650961383","31.10753561671431","","0.8299999999999997","9.782787394033631","3.281129145714663","","1.5376503726001487","0.8","7.970866034288344","working_net_combined_queue","26.83243294663678","0.8555759787559509"
"2026-07-17","weekly","EH5000","Plan","206843.97191127177","708.369766819424","15.0",,"360.0","0.0","360.0","0.0","42.480000257492065","31.75200044739246","285.76799869537354","0.0","285.76799869537354","41.43635861851216","292.0","292.0","292.0","2.2836957685408996","21.363766526491887","2.2836957685408987","27.020803506884132","","0.7000000000000001","6.413744783371499","2.9993333788720387","","1.640285404121062","1.4800000000000004","5.070972300196205","working_net_combined_queue","20.6143358665608","0.7937999963760376"
"2026-07-18","weekly","CAT793","Plan","435356.4762419303","1796.5019310303826","49.0",,"1176.0","0.0","1176.0","0.0","85.96190321445465","89.3831264053254","1000.6549587249756","0.0","1000.6549587249756","145.09496484006362","242.33565726936448","242.33565726936448","242.33565726936448","4.6423774120868835","26.31447648475113","4.6423774120868835","32.05335349996426","","0.83","10.585148630512355","3.260879568363102","","1.3819167704600317","0.7999999999999999","8.68996888969897","working_net_combined_queue","28.17791385903445","0.8508970737457275"
"2026-07-18","weekly","EH4000","Plan","15020.93204804925","65.3084002089099","4.0",,"96.0","0.0","96.0","0.0","8.407143115997314","4.992792844998624","82.60006713867188","0.0","82.60006713867188","16.933013615727305","229.99999999999957","229.99999999999957","229.99999999999957","5.47736801608076","23.668702026114037","5.47736801608076","31.16961283663874","","0.5999999999999999","13.8850909780456","3.34","","2.1166666666666702","1.18","10.543669011459098","working_net_combined_queue","33.6154266561714","0.860417366027832"
"2026-07-18","weekly","EH5000","Plan","224913.6130407762","770.2520994547135","15.0",,"360.0","0.0","360.0","0.0","30.736666917800903","32.92633379886051","296.33699655532837","0.0","296.33699655532837","42.968863264108315","291.99999999999983","291.99999999999983","291.99999999999983","2.033440028872137","20.61507248439598","2.033440028872137","25.19693724039745","","0.7","5.91831058681349","2.76293794549855","","1.7231488756418176","1.48","4.842112379306133","working_net_combined_queue","19.736509787259994","0.823158323764801"
"2026-07-19","weekly","CAT793","Plan","398919.55467605806","1648.3464264067084","49.0",,"1176.0","0.0","1176.0","0.0","85.96190321445465","89.3831264053254","1000.6549587249756","0.0","1000.6549587249756","145.09496484006362","242.0119631925175","242.0119631925175","242.0119631925175","4.166554402908255","25.182809962829747","4.166554402908255","30.127630877525934","","0.8299999999999997","9.92713936782629","3.1502841646948934","","1.5707005868585207","0.7999999999999997","8.297806926497522","working_net_combined_queue","27.205931045877207","0.8508970737457275"
"2026-07-19","weekly","EH4000","Plan","785.058463596699","3.41329766781173","4.0",,"96.0","0.0","96.0","0.0","8.407143115997314","4.992792844998624","82.60006713867188","0.0","82.60006713867188","16.933013615727305","230.0000000000003","230.0000000000003","230.0000000000003","3.4936520333117103","31.55892438892392","3.4936520333117103","36.10459204076497","","0.6","6.64215039192754","3.34","","1.75","1.18","5.8058853500415095","working_net_combined_queue","21.2680357419691","0.860417366027832"
"2026-07-19","weekly","EH5000","Plan","222120.73776258022","760.6874580910281","15.0",,"360.0","0.0","360.0","0.0","30.736666917800903","32.92633379886051","296.33699655532837","0.0","296.33699655532837","42.968863264108315","292.0","292.0","292.0","1.8793788151141564","20.27074784306843","1.8793788151141562","25.049708775754137","","0.6999999999999998","5.562830231022213","2.9440392034750293","","1.6535478526926586","1.4799999999999995","4.501558477837217","working_net_combined_queue","19.15197576502712","0.823158323764801"
"2026-07-20","weekly","CAT793","Plan","399088.4763658996","1647.3680130708185","49.0",,"1176.0","0.0","1176.0","0.0","85.96190321445465","89.3831264053254","1000.6549587249756","0.0","1000.6549587249756","145.09496484006362","242.25824053847478","242.25824053847478","242.25824053847478","4.658686706791581","24.88412259234771","4.658686706791583","29.374328330119674","","0.8300000000000002","11.232913733251436","3.4404676719652283","","1.2147151087197456","0.8000000000000005","9.515832984030522","working_net_combined_queue","29.66392949796693","0.8508970737457275"
"2026-07-20","weekly","EH4000","Plan","8004.57544144055","34.80250191930666","4.0",,"96.0","0.0","96.0","0.0","8.407143115997314","4.992792844998624","82.60006713867188","0.0","82.60006713867188","16.933013615727305","230.00000000000054","230.00000000000054","230.00000000000054","3.4936520333117103","31.558924388923916","3.4936520333117103","36.104592040764956","","0.6000000000000001","6.642150391927541","3.3400000000000007","","1.7500000000000002","1.1800000000000002","5.805885350041511","working_net_combined_queue","21.2680357419691","0.860417366027832"
"2026-07-20","weekly","EH5000","Plan","222094.16940080316","760.5964705506951","15.0",,"360.0","0.0","360.0","0.0","30.736666917800903","32.92633379886051","296.33699655532837","0.0","296.33699655532837","42.968863264108315","292.0000000000002","292.0000000000002","292.0000000000002","2.1784966570876643","20.711107950702747","2.178496657087664","26.183459740512316","","0.7","6.311096428852554","3.079631404708053","","1.091600508724524","1.4799999999999998","4.992075177254719","working_net_combined_queue","19.964403519539857","0.823158323764801"
"2026-07-21","weekly","CAT793","Plan","389254.55988742656","1603.2065643027995","49.0",,"1176.0","0.0","1176.0","0.0","85.96190321445465","89.3831264053254","1000.6549587249756","0.0","1000.6549587249756","145.09496484006362","242.79750878933376","242.79750878933376","242.79750878933376","5.382047254479232","25.834186081192545","5.38204725447923","30.608635931983244","","0.8299999999999998","12.499826170403095","3.536005702381867","","1.1706143241187639","0.7999999999999995","10.550056395402082","working_net_combined_queue","32.01650259230581","0.8508970737457275"
"2026-07-21","weekly","EH4000","Plan","17954.652038828888","78.06370451664729","4.0",,"96.0","0.0","96.0","0.0","8.407143115997314","4.992792844998624","82.60006713867188","0.0","82.60006713867188","16.933013615727305","230.00000000000014","230.00000000000014","230.00000000000014","3.4936520333117107","31.558924388923923","3.4936520333117107","36.10459204076496","","0.6000000000000001","6.64215039192754","3.34","","1.7500000000000002","1.18","5.80588535004151","working_net_combined_queue","21.2680357419691","0.860417366027832"
"2026-07-21","weekly","EH5000","Plan","213685.75975253643","731.8005470977272","15.0",,"360.0","0.0","360.0","0.0","30.736666917800903","32.92633379886051","296.33699655532837","0.0","296.33699655532837","42.968863264108315","292.0000000000001","292.0000000000001","292.0000000000001","2.3055246728916834","20.96265421872465","2.305524672891683","26.038487570168872","","0.7000000000000001","6.598948727110042","2.8203312031887187","","1.5516828997991043","1.48","5.312577391475731","working_net_combined_queue","20.773540221573604","0.823158323764801"
"2026-07-22","weekly","CAT793","Plan","429148.59561861854","1768.1611935410165","49.0",,"1176.0","0.0","1176.0","0.0","85.96190321445465","89.3831264053254","1000.6549587249756","0.0","1000.6549587249756","145.09496484006362","242.70897765784693","242.70897765784693","242.70897765784693","4.733125215649942","25.720338097593388","4.733125215649942","30.537320433999266","","0.8299999999999998","11.04136002650637","3.3477281655656665","","1.0834198000605515","0.7999999999999997","9.29968670803264","working_net_combined_queue","29.032194700165213","0.8508970737457275"
"2026-07-22","weekly","EH5000","Plan","205076.5500235416","702.316952135417","15.0",,"360.0","0.0","360.0","0.0","30.736666917800903","32.92633379886051","296.33699655532837","0.0","296.33699655532837","42.968863264108315","291.99999999999983","291.99999999999983","291.99999999999983","2.549383434142117","21.35103724057568","2.549383434142117","26.36266901820806","","0.6999999999999997","7.1641955528902805","2.629302074067944","","1.5598675979278247","1.4799999999999998","5.802257955857169","working_net_combined_queue","21.64562318074322","0.823158323764801"
"2026-07-23","weekly","CAT793","Plan","434508.0347445872","1790.198355635954","49.0",,"1176.0","0.0","1176.0","0.0","85.96190321445465","89.3831264053254","1000.6549587249756","0.0","1000.6549587249756","145.09496484006362","242.71502282227917","242.71502282227917","242.71502282227917","4.241803683565182","24.09751124614947","4.241803683565182","28.620184035673613","","0.8299999999999997","10.561597768922244","3.3954853100666043","","1.0137330062926497","0.7999999999999994","8.89261301383245","working_net_combined_queue","28.123429099113924","0.8508970737457275"
"2026-07-23","weekly","EH5000","Plan","198536.31455635268","679.9188854669611","15.0",,"360.0","0.0","360.0","0.0","30.736666917800903","32.92633379886051","296.33699655532837","0.0","296.33699655532837","42.968863264108315","292.00000000000006","292.00000000000006","292.00000000000006","2.800258498818789","21.488948359135442","2.800258498818789","26.95523564329891","","0.7000000000000002","7.818693922157438","2.653813066635102","","1.1630411856468919","1.4800000000000004","6.233130815567406","working_net_combined_queue","22.35867899000683","0.823158323764801"
"2026-07-24","weekly","CAT793","Plan","379688.24164934584","1564.897909038068","49.0",,"1176.0","0.0","1176.0","0.0","85.96190321445465","89.3831264053254","1000.6549587249756","0.0","1000.6549587249756","145.09496484006362","242.6281225480949","242.6281225480949","242.6281225480949","4.371481712292896","24.178486241437763","4.371481712292897","28.545911797349525","","0.8299999999999996","10.848028289217533","3.3915359054809056","","1.2681866915831819","0.7999999999999998","9.188317563635406","working_net_combined_queue","28.956068449917026","0.8508970737457275"
"2026-07-24","weekly","EH5000","Plan","200739.820480888","687.4651386331789","15.0",,"360.0","0.0","360.0","0.0","30.736666917800903","32.92633379886051","296.33699655532837","0.0","296.33699655532837","42.968863264108315","291.99999999999966","291.99999999999966","291.99999999999966","2.84138140504178","21.63553929177679","2.84138140504178","28.05686891000183","","0.7","7.879761257779403","2.702864585534343","","0.9642903985172268","1.4799999999999998","6.07633320914624","working_net_combined_queue","22.113249450977207","0.823158323764801"
"2026-07-25","weekly","CAT793","Plan","434181.3939568815","1788.2189834590192","49.0",,"1176.0","0.0","1176.0","0.0","69.38400042057037","90.74251447197247","1015.873507976532","0.0","1015.873507976532","147.30165441804257","242.80102044159494","242.80102044159494","242.80102044159494","4.483564684181474","25.452124593278924","4.483564684181474","30.014947431229828","","0.83","10.569407676164142","3.440993189964118","","1.3798727327460285","0.7999999999999998","8.96266374169911","working_net_combined_queue","28.61293734057339","0.8638380169868469"
"2026-07-25","weekly","EH5000","Plan","237355.93263800422","812.8627830068634","15.0",,"360.0","0.0","360.0","0.0","44.63999927043915","31.536000542879105","283.82399797439575","0.0","283.82399797439575","41.154478522081384","292.0000000000001","292.0000000000001","292.0000000000001","2.0290992814093007","21.975030863723603","2.0290992814093007","27.161018293664274","","0.6999999999999998","5.540195034972004","2.6828551821028066","","0.7167844263010874","1.4800000000000004","4.482378221915088","working_net_combined_queue","17.912212865290975","0.7883999943733215"
"2026-07-26","weekly","CAT793","Plan","387039.1948339644","1597.877916706837","49.0",,"1176.0","0.0","1176.0","0.0","69.38400042057037","90.74251447197247","1015.873507976532","0.0","1015.873507976532","147.30165441804257","242.2207546566742","242.2207546566742","242.2207546566742","4.7527442142823535","25.38984068275077","4.7527442142823535","30.040983551442853","","0.83","11.231447113832228","3.516554885558904","","1.3135862705292753","0.7999999999999999","9.492520521793798","working_net_combined_queue","29.81410879171419","0.8638380169868469"
"2026-07-26","weekly","EH5000","Plan","238466.18842655554","816.6650288580649","15.0",,"360.0","0.0","360.0","0.0","44.63999927043915","31.536000542879105","283.82399797439575","0.0","283.82399797439575","41.154478522081384","292.0000000000007","292.0000000000007","292.0000000000007","1.7973757487304167","21.46492091341409","1.7973757487304167","26.755890533374995","","0.7","5.024129618685475","2.702929083644318","","0.7175029910674056","1.48","4.0306094386693445","working_net_combined_queue","16.96517113206654","0.7883999943733215"
"2026-07-27","weekly","CAT793","Plan","441431.82385180023","1817.4147969964074","49.0",,"1176.0","0.0","1176.0","0.0","69.38400042057037","90.74251447197247","1015.873507976532","0.0","1015.873507976532","147.30165441804257","242.8899690820955","242.8899690820955","242.8899690820955","3.8728663828013716","24.15562819302609","3.8728663828013716","28.934757933790944","","0.8299999999999998","9.619786374885908","3.4114848231632475","","1.45511201883263","0.7999999999999997","8.03089431402192","working_net_combined_queue","26.777277530903696","0.8638380169868469"
"2026-07-27","weekly","EH5000","Plan","239282.22213586784","819.4596648488637","15.0",,"360.0","0.0","360.0","0.0","44.63999927043915","31.536000542879105","283.82399797439575","0.0","283.82399797439575","41.154478522081384","291.99999999999955","291.99999999999955","291.99999999999955","2.0014118410634527","21.404449790749254","2.0014118410634527","26.95767924256545","","0.7000000000000001","5.610268502005893","2.6840459453921843","","0.5291359324068114","1.4800000000000002","4.454564110778373","working_net_combined_queue","17.768014490583262","0.7883999943733215"
"2026-07-28","weekly","CAT793","Plan","452583.31107002974","1864.3392139964237","49.0",,"1176.0","0.0","1176.0","0.0","69.38400042057037","90.74251447197247","1015.873507976532","0.0","1015.873507976532","147.30165441804257","242.75802797703633","242.75802797703633","242.75802797703633","3.67390338780634","23.811536042741803","3.673903387806339","28.46269875793198","","0.8299999999999997","9.257454154687885","3.423726016987766","","1.2711206472542795","0.7999999999999994","7.744669791965872","working_net_combined_queue","25.95697061089579","0.8638380169868469"
"2026-07-28","weekly","EH5000","Plan","220586.7165589006","755.4339608181521","15.0",,"360.0","0.0","360.0","0.0","44.63999927043915","31.536000542879105","283.82399797439575","0.0","283.82399797439575","41.154478522081384","292.0000000000003","292.0000000000003","292.0000000000003","2.2150836146961925","21.019952628198077","2.2150836146961925","26.758116426486417","","0.7000000000000001","6.322802873660175","2.6763618205403317","","0.8178471624289719","1.4800000000000002","4.966904798658251","working_net_combined_queue","19.273916655287756","0.7883999943733215"
"2026-07-29","weekly","CAT793","Plan","464148.78345651313","1914.3736116237367","49.0",,"1176.0","0.0","1176.0","0.0","69.38400042057037","90.74251447197247","1015.873507976532","0.0","1015.873507976532","147.30165441804257","242.45464972891608","242.45464972891608","242.45464972891608","3.82003257024778","24.39712552728744","3.82003257024778","29.239728580252077","","0.8300000000000001","9.394629459872698","3.364074250340736","","1.2638694502695356","0.8000000000000003","7.838716887736953","working_net_combined_queue","26.121290048219922","0.8638380169868469"
"2026-07-29","weekly","EH5000","Plan","227256.35382142873","778.2751843199603","15.0",,"360.0","0.0","360.0","0.0","44.63999927043915","31.536000542879105","283.82399797439575","0.0","283.82399797439575","41.154478522081384","292.0000000000004","292.0000000000004","292.0000000000004","2.095197037194633","21.461334416750265","2.095197037194633","26.687144354376738","","0.7","5.857595794861744","2.668474904346543","","0.9816090404211953","1.4799999999999998","4.710576019762902","working_net_combined_queue","18.70825575939238","0.7883999943733215"
"2026-07-30","weekly","CAT793","Plan","514477.05030242156","2124.224808147607","49.0",,"1176.0","0.0","1176.0","0.0","69.38400042057037","90.74251447197247","1015.873507976532","0.0","1015.873507976532","147.30165441804257","242.1951990811473","242.1951990811473","242.1951990811473","3.2099826208078843","24.823077893544138","3.2099826208078848","29.971840124385036","","0.8299999999999998","7.7588668929151305","3.3431304004599216","","1.4686645291560898","0.8","6.425997084235576","working_net_combined_queue","23.256658906766706","0.8638380169868469"
"2026-07-30","weekly","EH4000","Plan","36138.48206805898","157.12383507851683","4.0",,"96.0","0.0","96.0","0.0","6.854400157928467","5.081299193654823","84.06429862976074","0.0","84.06429862976074","17.233181068782272","230.00000000000065","230.00000000000065","230.00000000000065","0.9476716191002461","20.582230196827982","0.9476716191002461","22.16046837630256","","0.5999999999999999","2.7625916434836957","3.34","","1.63","1.18","2.565843653684626","working_net_combined_queue","14.028435297168345","0.8756697773933411"
"2026-07-30","weekly","EH5000","Plan","230369.8802790671","788.9379461611882","15.0",,"360.0","0.0","360.0","0.0","44.63999927043915","31.536000542879105","283.82399797439575","0.0","283.82399797439575","41.154478522081384","292.00000000000017","292.00000000000017","292.00000000000017","1.8602731706657527","21.610299936521788","1.8602731706657527","26.226379363888242","","0.6999999999999997","5.164962567285404","2.719385455442104","","1.825176815890803","1.4799999999999998","4.255882548302972","working_net_combined_queue","18.455407386921262","0.7883999943733215"
"2026-07-31","weekly","CAT793","Plan","553629.3902803896","2282.4334756716726","49.0",,"1176.0","0.0","1176.0","0.0","69.38400042057037","90.74251447197247","1015.873507976532","0.0","1015.873507976532","147.30165441804257","242.56101927240968","242.56101927240968","242.56101927240968","2.6220855270213765","23.837968827829897","2.622085527021377","29.162572484682364","","0.8300000000000002","6.599770842791423","3.402660890752088","","1.6251899442565718","0.8000000000000004","5.39476178598159","working_net_combined_queue","21.28238346378167","0.8638380169868469"
"2026-07-31","weekly","EH4000","Plan","46155.810081609096","200.67743513743068","4.0",,"96.0","0.0","96.0","0.0","6.854400157928467","5.081299193654823","84.06429862976074","0.0","84.06429862976074","17.233181068782272","230.0000000000002","230.0000000000002","230.0000000000002","0.9445446656415462","20.57496275613134","0.9445446656415462","22.154723136084915","","0.6000000000000002","2.754448725386115","3.34","","1.6300000000000003","1.1800000000000002","2.558040540176559","working_net_combined_queue","14.012489265562701","0.8756697773933411"
"2026-07-31","weekly","EH5000","Plan","223378.7240083812","764.9956301656865","15.0",,"360.0","0.0","360.0","0.0","44.63999927043915","31.536000542879105","283.82399797439575","0.0","283.82399797439575","41.154478522081384","292.00000000000097","292.00000000000097","292.00000000000097","2.0326128882265113","21.35189358095817","2.032612888226511","26.75929223219352","","0.6999999999999998","5.711754455462112","2.7606140699864423","","1.5130951817592873","1.4800000000000002","4.5575485418432375","working_net_combined_queue","19.03301224905108","0.7883999943733215"
"2026-08-01","weekly","CAT793","Plan","525683.1896928655","2166.267008797873","49.0",,"1176.0","0.0","1176.0","0.0","69.38400042057037","90.74251447197247","1015.873507976532","0.0","1015.873507976532","147.30165441804257","242.66777251276284","242.66777251276284","242.66777251276284","2.533813058487428","23.10373371256152","2.5338130584874277","28.43340047755254","","0.8300000000000002","6.580269033597262","3.4293324015866533","","1.8166195266310647","0.8","5.346837907385316","working_net_combined_queue","21.4330588692003","0.8638380169868469"
"2026-08-01","weekly","EH4000","Plan","38849.818511951285","168.91225439978822","4.0",,"96.0","0.0","96.0","0.0","6.854400157928467","5.081299193654823","84.06429862976074","0.0","84.06429862976074","17.233181068782272","229.99999999999997","229.99999999999997","229.99999999999997","0.8054511453511849","20.255141327790316","0.8054511453511849","21.948575417313616","","0.6000000000000001","2.3859161453870343","3.34","","1.63","1.18","2.2018316816566337","working_net_combined_queue","13.287747827043686","0.8756697773933411"
"2026-08-01","weekly","EH5000","Plan","215530.30561060816","738.1174849678354","15.0",,"360.0","0.0","360.0","0.0","44.63999927043915","31.536000542879105","283.82399797439575","0.0","283.82399797439575","41.154478522081384","292.00000000000034","292.00000000000034","292.00000000000034","2.2314216639036775","21.168757379813247","2.2314216639036775","26.85766105175329","","0.7","6.324665044434545","2.7485144161205195","","1.177914769012614","1.4800000000000002","4.984994768391438","working_net_combined_queue","19.726088997959124","0.7883999943733215"
"2026-08-02","weekly","CAT793","Plan","511462.6939440342","2111.312593157056","49.0",,"1176.0","0.0","1176.0","0.0","69.38400042057037","90.74251447197247","1015.873507976532","0.0","1015.873507976532","147.30165441804257","242.24868245551528","242.24868245551528","242.24868245551528","2.7791260519671828","22.988107116841018","2.7791260519671828","28.105277660232076","","0.8299999999999994","7.253644776862563","3.3937150987899574","","1.5694547944729835","0.7999999999999998","5.93296266750542","working_net_combined_queue","22.409777337630906","0.8638380169868469"
"2026-08-02","weekly","EH4000","Plan","33277.77939982945","144.6859973905625","4.0",,"96.0","0.0","96.0","0.0","6.854400157928467","5.081299193654823","84.06429862976074","0.0","84.06429862976074","17.233181068782272","230.0000000000005","230.0000000000005","230.0000000000005","0.8225536828649366","20.278276136548598","0.8225536828649366","21.941275149291126","","0.6","2.43379765812264","3.34","","1.63","1.18","2.249332394589231","working_net_combined_queue","13.38313005271189","0.8756697773933411"
"2026-08-02","weekly","EH5000","Plan","201492.66702713512","690.0433802299151","15.0",,"360.0","0.0","360.0","0.0","44.63999927043915","31.536000542879105","283.82399797439575","0.0","283.82399797439575","41.154478522081384","291.9999999999999","291.9999999999999","291.9999999999999","2.252386951845985","21.083079317044998","2.2523869518459847","26.539664049573382","","0.7","6.410032191146771","2.685724733020759","","1.543309396641809","1.48","5.092122374206597","working_net_combined_queue","20.221188695015936","0.7883999943733215"
"2026-08-03","weekly","CAT793","Plan","535990.6659199782","2214.825659539073","49.0",,"1176.0","0.0","1176.0","0.0","69.38400042057037","90.74251447197247","1015.873507976532","0.0","1015.873507976532","147.30165441804257","242.0012896326671","242.0012896326671","242.0012896326671","2.931327623496674","23.69832426801937","2.931327623496673","29.211788926637375","","0.8300000000000001","7.421607343230935","3.3525613225724413","","1.5335188166253597","0.8000000000000003","6.020845140689787","working_net_combined_queue","22.5885326231185","0.8638380169868469"
"2026-08-03","weekly","EH4000","Plan","58269.97377357093","253.34771205900384","4.0",,"96.0","0.0","96.0","0.0","6.854400157928467","5.081299193654823","84.06429862976074","0.0","84.06429862976074","17.233181068782272","230.00000000000017","230.00000000000017","230.00000000000017","0.7678693883885914","20.08735836069465","0.7678693883885914","21.336369495122813","","0.6","2.293589952249064","3.34","","1.6300000000000001","1.18","2.1593253394794703","working_net_combined_queue","13.152915291728553","0.8756697773933411"
"2026-08-03","weekly","EH5000","Plan","222306.90908463698","761.3250311117716","15.0",,"360.0","0.0","360.0","0.0","44.63999927043915","31.536000542879105","283.82399797439575","0.0","283.82399797439575","41.154478522081384","291.99999999999955","291.99999999999955","291.99999999999955","1.9947617334997578","21.019821201340818","1.9947617334997578","26.06381370179352","","0.6999999999999998","5.693944913401591","2.722742307998496","","1.6260636931015096","1.4799999999999995","4.592025763357477","working_net_combined_queue","19.124776677859064","0.7883999943733215"
"2026-08-04","weekly","CAT793","Plan","510965.5154298454","2111.071381195414","49.0",,"1176.0","0.0","1176.0","0.0","69.38400042057037","90.74251447197247","1015.873507976532","0.0","1015.873507976532","147.30165441804257","242.04085185433496","242.04085185433496","242.04085185433496","3.2688381267595368","24.32906506052807","3.2688381267595363","29.644968702787732","","0.8300000000000002","8.06156287212934","3.4085726353610486","","1.476379701799724","0.8000000000000003","6.615972159455463","working_net_combined_queue","23.822487368745556","0.8638380169868469"
"2026-08-04","weekly","EH4000","Plan","57714.40123637948","250.93217928860625","4.0",,"96.0","0.0","96.0","0.0","6.854400157928467","5.081299193654823","84.06429862976074","0.0","84.06429862976074","17.233181068782272","230.00000000000017","230.00000000000017","230.00000000000017","0.8271185911109029","20.637071855293645","0.8271185911109029","21.777161855286963","","0.6000000000000001","2.4047556656602063","3.34","","1.6300000000000001","1.1800000000000002","2.278860569455056","working_net_combined_queue","13.383616235115275","0.8756697773933411"
"2026-08-04","weekly","EH5000","Plan","247377.37802666554","847.1828014611839","15.0",,"360.0","0.0","360.0","0.0","44.63999927043915","31.536000542879105","283.82399797439575","0.0","283.82399797439575","41.154478522081384","291.99999999999983","291.99999999999983","291.99999999999983","1.665287585472511","20.895745523644763","1.665287585472511","25.603416944787323","","0.6999999999999996","4.781703290523347","2.7626441280430933","","1.249731209868939","1.48","3.9024968949971783","working_net_combined_queue","17.186575523432545","0.7883999943733215"
"2026-08-05","weekly","CAT793","Plan","493234.7276586399","2036.8412974545527","49.0",,"1176.0","0.0","1176.0","0.0","69.38400042057037","90.74251447197247","1015.873507976532","0.0","1015.873507976532","147.30165441804257","242.15668067759475","242.15668067759475","242.15668067759475","3.437235968493999","24.397374003450757","3.4372359684939986","29.82100288739363","","0.83","8.453129344185577","3.4686155063338875","","1.4646112294592954","0.8000000000000004","6.915735157814637","working_net_combined_queue","24.56209123779339","0.8638380169868469"
"2026-08-05","weekly","EH4000","Plan","50792.151287638895","220.8354403810387","4.0",,"96.0","0.0","96.0","0.0","6.854400157928467","5.081299193654823","84.06429862976074","0.0","84.06429862976074","17.233181068782272","229.99999999999997","229.99999999999997","229.99999999999997","0.8516698333699726","20.834558266367548","0.8516698333699726","22.018623779978974","","0.6000000000000001","2.452664911292479","3.340000000000001","","1.6300000000000003","1.1800000000000002","2.3207712940107807","working_net_combined_queue","13.47343620530327","0.8756697773933411"
"2026-08-05","weekly","EH5000","Plan","243279.88802492924","833.1503014552354","15.0",,"360.0","0.0","360.0","0.0","44.63999927043915","31.536000542879105","283.82399797439575","0.0","283.82399797439575","41.154478522081384","292.0000000000006","292.0000000000006","292.0000000000006","1.7414232371826828","21.020474027266665","1.7414232371826828","25.617032043854014","","0.7","4.970648811031946","2.7532758374273714","","1.183372134777139","1.4800000000000002","4.078747063753972","working_net_combined_queue","17.476043846990432","0.7883999943733215"
"2026-08-06","weekly","CAT793","Plan","498419.0161918736","2057.5032955230854","49.0",,"1176.0","0.0","1176.0","0.0","69.38400042057037","90.74251447197247","1015.873507976532","0.0","1015.873507976532","147.30165441804257","242.24457733622194","242.24457733622194","242.24457733622194","2.8430910883551124","22.999733132063632","2.8430910883551124","28.438769705209182","","0.8300000000000001","7.416845418240777","3.410507857808908","","1.584913435399521","0.8","5.9983419490211025","working_net_combined_queue","22.670608660470304","0.8638380169868469"
"2026-08-06","weekly","EH4000","Plan","32951.7158129686","143.26832962160256","4.0",,"96.0","0.0","96.0","0.0","6.854400157928467","5.081299193654823","84.06429862976074","0.0","84.06429862976074","17.233181068782272","230.00000000000009","230.00000000000009","230.00000000000009","0.8653645992250162","19.981299351809607","0.8653645992250162","21.04410207903034","","0.6","2.5985235013657237","3.3399999999999994","","1.6299999999999997","1.18","2.467288732895816","working_net_combined_queue","13.765812234261563","0.8756697773933411"
"2026-08-06","weekly","EH5000","Plan","240470.98976968453","823.53078688248","15.0",,"360.0","0.0","360.0","0.0","44.63999927043915","31.536000542879105","283.82399797439575","0.0","283.82399797439575","41.154478522081384","292.00000000000045","292.00000000000045","292.00000000000045","1.7419370469415147","21.067935763808403","1.7419370469415147","26.29775999408982","","0.7","4.960914253214797","2.939853995268216","","1.3150707469565457","1.4799999999999998","3.974339367306567","working_net_combined_queue","17.680178362746126","0.7883999943733215"
"2026-08-07","weekly","CAT793","Plan","490596.0555402491","2025.1575266272994","49.0",,"1176.0","0.0","1176.0","0.0","69.38400042057037","90.74251447197247","1015.873507976532","0.0","1015.873507976532","147.30165441804257","242.25081214165525","242.25081214165525","242.25081214165525","3.1292256949872477","23.89383674813254","3.129225694987248","29.24105212203718","","0.83","7.857823072885481","3.371696386507452","","1.593729131537173","0.7999999999999998","6.4208887189027175","working_net_combined_queue","23.504137309832846","0.8638380169868469"
"2026-08-07","weekly","EH4000","Plan","45891.172259109684","199.52683590917238","4.0",,"96.0","0.0","96.0","0.0","6.854400157928467","5.081299193654823","84.06429862976074","0.0","84.06429862976074","17.233181068782272","230.0000000000002","230.0000000000002","230.0000000000002","0.8086964751093535","20.152935018933427","0.8086964751093536","21.32012652095673","","0.6000000000000001","2.40767850742215","3.3400000000000003","","1.6300000000000006","1.1800000000000002","2.275867756172388","working_net_combined_queue","13.38354626359455","0.8756697773933411"
"2026-08-07","weekly","EH5000","Plan","243540.92115397207","834.0442505273016","15.0",,"360.0","0.0","360.0","0.0","44.63999927043915","31.536000542879105","283.82399797439575","0.0","283.82399797439575","41.154478522081384","292.0","292.0","292.0","1.6753923062435452","20.815390922136125","1.6753923062435452","25.821243654830475","","0.7000000000000002","4.829288998253257","2.944794507084641","","1.300173444140896","1.4800000000000002","3.893055645126039","working_net_combined_queue","17.45731259460483","0.7883999943733215"
