"activity_date","source_type","fleet_display_name","ahs_mode","actual_tonnes","cycle_count","source_truck_count_observed","truck_count","calendar_hours","not_required_hours","required_hours","cyclone_standby_hours","scheduled_maintenance_hours","unscheduled_maintenance_hours","available_hours","operational_standby_hours","operating_hours","operating_delay_hours","payload_from_quantity_per_cycle","quantity_reporting_avg","payload","loaded_distance_km","loaded_speed_kph","empty_distance_km","empty_speed_kph","queue_load_minutes","spot_load_minutes","loaded_travel_minutes","truck_loading_minutes","queue_dump_minutes","spot_dump_minutes","dumping_minutes","empty_travel_minutes","plan_model_scope","source_gross_cycle_minutes","source_availability_pct"
"2025-05-01","stmp","CAT793","Plan","551432.9232101428","2297.637180042258","",,"","","",,"","","","","","","240.00000000000037","240.00000000000037","240.00000000000037","3.5345771474426875","25.9470867434252","3.5345771474426875","30.66751992547452","","0.8159094851824423","8.173350285665476","2.589656457672819","","0.9850524001493485","0.7097179739580506","6.915284619099496","direct_physical","22.132491041014216",""
"2025-05-01","stmp","EH4000","Plan","196084.26797834528","852.5402955580242","",,"","","",,"","","","","","","229.99999999999966","229.99999999999966","229.99999999999966","2.537372011859224","27.260441905079052","2.537372011859224","31.322050363097148","","0.5524107048510691","5.5847341448704935","4.404417608348867","","1.8237189313877715","0.8999999999999999","4.860547727454059","direct_physical","19.17493669376308",""
"2025-05-01","stmp","EH5000","Plan","311421.2006877004","1066.5109612592453","",,"","","",,"","","","","","","292.00000000000074","292.00000000000074","292.00000000000074","3.0620369359154145","22.693416138413898","3.062036935915415","29.325860297959473","","0.6791635293499165","8.095837798696698","2.460287338896284","","0.7308223213400697","1.2199999999999998","6.2648534190728755","direct_physical","21.46264523325684",""
"2025-05-02","stmp","CAT793","Plan","525012.3434263187","2187.5514309429927","",,"","","",,"","","","","","","240.0000000000002","240.0000000000002","240.0000000000002","3.4066941747009607","25.37202382138059","3.4066941747009607","29.944821784186146","","0.8355912815394296","8.056182349545631","2.576621680313018","","1.0289599559097937","0.7121408806807853","6.8259431281705645","direct_physical","22.06167792072616",""
"2025-05-02","stmp","EH4000","Plan","188891.82258939213","821.268793866921","",,"","","",,"","","","","","","230.00000000000037","230.00000000000037","230.00000000000037","2.2503780129488695","26.35279694386376","2.25037801294887","30.143779656498747","","0.5540315078799849","5.12365655397243","4.549812421746416","","2.0713640920623884","0.9000000000000002","4.479288341262222","direct_physical","18.652703554444134",""
"2025-05-02","stmp","EH5000","Plan","342503.0503869209","1172.9556520100023","",,"","","",,"","","","","","","292.0000000000002","292.0000000000002","292.0000000000002","2.5879151195180463","21.671893291307516","2.5879151195180468","28.348590807495405","","0.6256153422676229","7.164805819404931","2.4741597511809634","","0.6408044545014823","1.2200000000000009","5.477341298038276","direct_physical","19.514929110766335",""
"2025-05-03","stmp","CAT793","Plan","506538.80492880667","2110.578353870029","",,"","","",,"","","","","","","239.9999999999999","239.9999999999999","239.9999999999999","3.359039193775577","24.68170914596796","3.359039193775576","29.299596989325938","","0.8397793286827322","8.16565621264761","2.6163013168628537","","1.0360361261161808","0.7120912247483844","6.878673167414486","direct_physical","22.271410194938085",""
"2025-05-03","stmp","EH4000","Plan","182594.83624886008","793.8905923863432","",,"","","",,"","","","","","","230.00000000000145","230.00000000000145","230.00000000000145","2.16851165383253","25.260817358660464","2.16851165383253","28.827209706595507","","0.5542109803903212","5.150692370029128","4.553614100851442","","2.10502342284647","0.8999999999999997","4.513468370828245","direct_physical","18.743304146990823",""
"2025-05-03","stmp","EH5000","Plan","344735.4333571816","1180.6007991684312","",,"","","",,"","","","","","","291.9999999999998","291.9999999999998","291.9999999999998","2.5370285354153044","21.806695355017812","2.5370285354153044","27.88052040668348","","0.6449651599667835","6.980503448446232","2.4838332990752265","","0.6533868888684006","1.22","5.459787331961992","direct_physical","19.388557431997196",""
"2025-05-04","stmp","CAT793","Plan","524520.2574189506","2185.501072578958","",,"","","",,"","","","","","","240.00000000000028","240.00000000000028","240.00000000000028","3.21067496950698","24.58062880566487","3.21067496950698","29.123964555982184","","0.8299500216247899","7.837085848919484","2.575489237282017","","0.9694098495835763","0.7114765667804375","6.6145011885358045","direct_physical","21.54545271493426",""
"2025-05-04","stmp","EH4000","Plan","188849.91121690752","821.0865705082931","",,"","","",,"","","","","","","230.00000000000014","230.00000000000014","230.00000000000014","2.1055558376241565","24.794405428336145","2.1055558376241565","28.342243477910507","","0.5533964434005264","5.095236125850795","4.486446430111918","","2.0532566222855526","0.9","4.457422375751997","direct_physical","18.549521600976583",""
"2025-05-04","stmp","EH5000","Plan","348256.5890814827","1192.6595516489112","",,"","","",,"","","","","","","292.00000000000057","292.00000000000057","292.00000000000057","2.6146305354426063","23.207873270132506","2.6146305354426063","28.85477733344323","","0.64139360828823","6.759681522755087","2.5295532339945037","","0.6561257767748798","1.22","5.436806193778249","direct_physical","19.192523437964383",""
"2025-05-05","stmp","CAT793","Plan","495770.1907951541","2065.7091283131463","",,"","","",,"","","","","","","239.99999999999952","239.99999999999952","239.99999999999952","3.4763619985860994","25.785278780290668","3.476361998586099","30.535292785316155","","0.7892053169161093","8.089178390989446","2.6238067400921863","","1.0022869592015973","0.709026958555019","6.830840672844929","direct_physical","21.99924805543648",""
"2025-05-05","stmp","EH4000","Plan","182418.63154149256","793.1244849630093","",,"","","",,"","","","","","","230.00000000000054","230.00000000000054","230.00000000000054","2.0373192134093583","25.28998520213728","2.037319213409358","28.752297401096236","","0.554186509476689","4.833500368921962","4.570344721577238","","2.104252895076309","0.8999999999999999","4.2514568870556015","direct_physical","18.181161946180094",""
"2025-05-05","stmp","EH5000","Plan","364564.8022546716","1248.509596762571","",,"","","",,"","","","","","","292.0000000000007","292.0000000000007","292.0000000000007","2.3353721964436946","22.13151198959866","2.3353721964436946","27.797923814638235","","0.6341738435188606","6.33134924773672","2.591449118770227","","0.5737357655158063","1.2200000000000002","5.040748104821915","direct_physical","18.333977133899992",""
"2025-05-06","stmp","CAT793","Plan","491018.2444982801","2045.9093520761674","",,"","","",,"","","","","","","239.99999999999997","239.99999999999997","239.99999999999997","3.5145115446526134","26.204182228537498","3.514511544652614","30.55976933028031","","0.7897934751639956","8.047215167413597","2.5219687739908863","","1.011931334323971","0.7100617719136193","6.900271085168646","direct_physical","21.942407916046996",""
"2025-05-06","stmp","EH4000","Plan","184371.99855965542","801.6173850419797","",,"","","",,"","","","","","","230.0000000000001","230.0000000000001","230.0000000000001","1.9696918210510321","25.22907306701537","1.9696918210510317","28.877525625107705","","0.5539775807289784","4.684338142314593","4.56244232354214","","2.09019326743673","0.9","4.092508160058853","direct_physical","17.8604907605483",""
"2025-05-06","stmp","EH5000","Plan","392068.19805000024","1342.6993083904085","",,"","","",,"","","","","","","292.0000000000007","292.0000000000007","292.0000000000007","1.9516729295964805","20.325589739348658","1.9516729295964805","26.893566664299453","","0.6282481463219389","5.761228937386855","2.672520651861485","","0.4771411438278426","1.22","4.354215163704437","direct_physical","17.047857443733868",""
"2025-05-07","stmp","CAT793","Plan","472822.88356499287","1970.0953481874756","",,"","","",,"","","","","","","239.99999999999935","239.99999999999935","239.99999999999935","3.8747354887975862","26.758707689650475","3.8747354887975862","31.21014235320971","","0.8113447920663044","8.688167307039778","2.636129903126347","","1.065591530582938","0.7090837580088204","7.448992917007508","direct_physical","23.30736239255425",""
"2025-05-07","stmp","EH4000","Plan","184028.8304537162","800.1253497987645","",,"","","",,"","","","","","","230.00000000000043","230.00000000000043","230.00000000000043","2.0906605579975093","25.147683869072562","2.0906605579975093","28.79043311151995","","0.5540021783294562","4.988118752125729","4.501415001763281","","2.091789320431516","0.9000000000000001","4.356990149955689","direct_physical","18.368215199450674",""
"2025-05-07","stmp","EH5000","Plan","379116.5029785185","1298.3441882825975","",,"","","",,"","","","","","","292.0","292.0","292.0","2.056493692405377","20.558662348713423","2.056493692405377","26.65394348709969","","0.6403486725591809","6.001831220893827","2.6228570770234243","","0.555372850236205","1.22","4.629319545306394","direct_physical","17.630260608468134",""
"2025-05-08","stmp","CAT793","Plan","488185.4388824212","2034.1059953434271","",,"","","",,"","","","","","","239.99999999999935","239.99999999999935","239.99999999999935","3.3894932723064883","26.024747484175165","3.3894932723064883","30.479599342520284","","0.8130304034176448","7.814469533740989","2.6861972975579644","","1.0799337887646319","0.7096336776860912","6.672318558160324","direct_physical","21.711328226324916",""
"2025-05-08","stmp","EH4000","Plan","182467.80870053364","793.3382986979727","",,"","","",,"","","","","","","229.9999999999999","229.9999999999999","229.9999999999999","1.7738981103287352","25.34894729875888","1.7738981103287352","28.032646416444766","","0.5554518491172536","4.198749769184114","4.686082623268483","","2.053899233556568","0.9","3.7967834017014854","direct_physical","17.100181817434226",""
"2025-05-08","stmp","EH5000","Plan","386197.9497244738","1322.5957182345003","",,"","","",,"","","","","","","291.9999999999998","291.9999999999998","291.9999999999998","1.9676215282026295","20.411774319055354","1.9676215282026295","26.26553989186895","","0.6228591289292241","5.783783900743294","2.7445502919935634","","0.5065515920073188","1.2199999999999995","4.494759756630964","direct_physical","17.306986619899586",""
"2025-05-09","stmp","CAT793","Plan","514469.76702266315","2143.624029261102","",,"","","",,"","","","","","","239.9999999999994","239.9999999999994","239.9999999999994","2.9071050272922143","25.01654597856314","2.907105027292214","28.70458174970964","","0.8115313693067698","6.97243743348902","2.5723571927331794","","1.0414783659394087","0.7115780853673116","6.076601399680635","direct_physical","20.13548042320194",""
"2025-05-09","stmp","EH4000","Plan","182588.1841560637","793.8616702437522","",,"","","",,"","","","","","","230.00000000000088","230.00000000000088","230.00000000000088","1.5907168150215978","24.232431642882574","1.5907168150215978","27.376744172901727","","0.5530556837141759","3.938647606969683","4.565006920565501","","1.94872056482694","0.9000000000000002","3.486280483117786","direct_physical","16.411149808341996",""
"2025-05-09","stmp","EH5000","Plan","383214.96018503385","1312.3800006336721","",,"","","",,"","","","","","","292.0000000000012","292.0000000000012","292.0000000000012","1.9970510728685258","20.290980493051336","1.9970510728685258","26.055461310216867","","0.6516925976917586","5.905237768729069","2.6365507750376467","","0.45749011421010616","1.2200000000000006","4.598769637792847","direct_physical","17.441706204088604",""
"2025-05-10","stmp","CAT793","Plan","579308.8826633727","2413.7870110973877","",,"","","",,"","","","","","","239.99999999999986","239.99999999999986","239.99999999999986","3.006543209237918","25.27788547381993","3.006543209237918","28.815268992918636","","0.8132928984483105","7.1363798503283045","2.3914801051673393","","0.9771229265162422","0.7130338705798938","6.260312634895292","direct_physical","20.306841298213374",""
"2025-05-10","stmp","EH4000","Plan","181002.30108532458","786.9665264579343","",,"","","",,"","","","","","","229.99999999999963","229.99999999999963","229.99999999999963","2.141713629890578","26.84433898180698","2.141713629890578","30.64512581196133","","0.5512832378220638","4.786961522149007","4.466988407023802","","1.9246690272623364","0.8999999999999998","4.193254698379401","direct_physical","17.92412795282168",""
"2025-05-10","stmp","EH5000","Plan","381940.2143830444","1308.0144328186416","",,"","","",,"","","","","","","292.0000000000008","292.0000000000008","292.0000000000008","2.0408668466609243","20.555634700109888","2.0408668466609243","26.832088848245956","","0.6462650862478425","5.957101913228729","2.7010584622812335","","0.4490765218615603","1.2199999999999998","4.563640627914077","direct_physical","17.499918827253325",""
"2025-05-11","stmp","CAT793","Plan","634274.3466916427","2642.8097778818474","",,"","","",,"","","","","","","239.99999999999974","239.99999999999974","239.99999999999974","2.75559835007765","24.534553645015656","2.7555983500776495","28.235787197536787","","0.8390776062589991","6.7388998959126365","2.3820469973807397","","1.04661218598307","0.7146260794226602","5.855544237104976","direct_physical","19.581162149540155",""
"2025-05-11","stmp","EH4000","Plan","179110.2155314945","778.7400675282372","",,"","","",,"","","","","","","229.99999999999991","229.99999999999991","229.99999999999991","3.2232993761336517","29.34881339672395","3.2232993761336513","34.55981348673725","","0.5459490961174218","6.58963481602316","4.122651554972745","","1.5846268440662143","0.9000000000000002","5.596036062007045","direct_physical","20.6852399517852",""
"2025-05-11","stmp","EH5000","Plan","376130.0953830674","1288.116765010504","",,"","","",,"","","","","","","292.00000000000017","292.00000000000017","292.00000000000017","2.122630048212901","20.71448702264545","2.122630048212901","26.31018407632485","","0.6201248848007596","6.148247975126982","2.526347256381883","","0.5187832000797906","1.2199999999999995","4.840627588287253","direct_physical","17.770241814101336",""
"2025-05-12","stmp","CAT793","Plan","612445.6400863571","2551.8568336931535","",,"","","",,"","","","","","","240.0000000000001","240.0000000000001","240.0000000000001","2.809521898858849","24.51617431081675","2.8095218988588484","28.4181776862621","","0.8181227313565621","6.875922474460291","2.396708823050212","","0.9970654591749003","0.7134965756673072","5.931812932995403","direct_physical","19.71138681336764",""
"2025-05-12","stmp","EH4000","Plan","176425.21748414746","767.0661629745531","",,"","","",,"","","","","","","230.00000000000034","230.00000000000034","230.00000000000034","2.723956452167966","28.22467190101023","2.723956452167966","33.06205416687804","","0.5497750010285024","5.790585899573491","4.344643840328374","","1.8283246954990229","0.9","4.943352470029266","direct_physical","19.527031859147552",""
"2025-05-12","stmp","EH5000","Plan","376963.5333471053","1290.9710046133705","",,"","","",,"","","","","","","292.00000000000085","292.00000000000085","292.00000000000085","2.1075166896987203","20.8463319965139","2.1075166896987203","25.909002447677583","","0.6158656365132318","6.0658633568279265","2.5651568355981045","","0.48980431806162344","1.2199999999999995","4.880581629388744","direct_physical","17.730953148879866",""
"2025-05-13","stmp","CAT793","Plan","642310.5524651612","2676.293968604829","",,"","","",,"","","","","","","240.00000000000085","240.00000000000085","240.00000000000085","2.666506414652388","23.93716446520535","2.666506414652388","27.715026227466396","","0.8296289097100372","6.683765118115914","2.312031897073465","","0.897386901576399","0.7142340672618253","5.772694695146568","direct_physical","19.223027854019502",""
"2025-05-13","stmp","EH4000","Plan","191242.5587052933","831.4893856751914","",,"","","",,"","","","","","","229.99999999999915","229.99999999999915","229.99999999999915","2.2071018387902943","25.73137772933324","2.2071018387902948","29.892695606402643","","0.5498402655831248","5.146483477114971","4.3822081443731555","","1.8322777666025587","0.9000000000000001","4.430049135450122","direct_physical","18.408206572300195",""
"2025-05-13","stmp","EH5000","Plan","373448.0011847124","1278.9315109065503","",,"","","",,"","","","","","","291.9999999999998","291.9999999999998","291.9999999999998","2.0861027405647294","20.562753334337373","2.0861027405647294","25.855008689116158","","0.6101227897286409","6.087033307201669","2.689001247651165","","0.5506019279486417","1.2199999999999998","4.841079960130639","direct_physical","17.89786724619707",""
"2025-05-14","stmp","CAT793","Plan","583179.4683216554","2429.9144513402343","",,"","","",,"","","","","","","239.99999999999966","239.99999999999966","239.99999999999966","2.6488620745356517","24.74229175210588","2.6488620745356513","28.513798303094916","","0.8038942990471045","6.423484375032156","2.2656390311168955","","0.9749607507389962","0.7127833574637397","5.573853149367633","direct_physical","18.724067419046346",""
"2025-05-14","stmp","EH4000","Plan","179307.75174780595","779.5989206426347","",,"","","",,"","","","","","","229.99999999999997","229.99999999999997","229.99999999999997","1.9930392724764177","25.19179527585814","1.9930392724764177","28.75794919939652","","0.5516432360680305","4.746877109754203","4.484318366107646","","1.9475104817305875","0.9000000000000002","4.158236580760581","direct_physical","17.87299691529166",""
"2025-05-14","stmp","EH5000","Plan","379737.69243066036","1300.4715494200727","",,"","","",,"","","","","","","291.9999999999993","291.9999999999993","291.9999999999993","1.995210965626827","21.542823472873813","1.995210965626827","25.708199200141394","","0.6686634437681348","5.556962302938091","2.988804541998523","","0.4760534703332986","1.2199999999999993","4.656594458664037","direct_physical","17.60142035375594",""
"2025-05-15","stmp","CAT793","Plan","596168.1600381212","2484.0340001588374","",,"","","",,"","","","","","","240.00000000000006","240.00000000000006","240.00000000000006","2.8880031676443587","25.370770023198787","2.888003167644358","29.5250222250045","","0.7877532254650834","6.829914500041418","2.33698777052319","","0.9857850861744601","0.7113707496653822","5.868926659500087","direct_physical","19.48110768245152",""
"2025-05-15","stmp","EH4000","Plan","177585.79428301944","772.1121490566026","",,"","","",,"","","","","","","230.0000000000011","230.0000000000011","230.0000000000011","2.1198648830794538","24.80904523273347","2.1198648830794538","29.054060173653088","","0.5518530993175564","5.126835466322102","4.417540511892918","","1.9608998089645713","0.8999999999999999","4.377766557395233","direct_physical","18.409652875284795",""
"2025-05-15","stmp","EH5000","Plan","382577.80764069007","1310.197971372232","",,"","","",,"","","","","","","291.99999999999875","291.99999999999875","291.99999999999875","1.9333969014528363","20.91088032423719","1.9333969014528356","25.230731130691225","","0.680283384316135","5.547533737865333","2.9325432723815354","","0.43970385354654984","1.2199999999999995","4.5977190865492","direct_physical","17.47075396183432",""
"2025-05-16","stmp","CAT793","Plan","530142.0738961545","2208.9253079006385","",,"","","",,"","","","","","","240.0000000000006","240.0000000000006","240.0000000000006","3.014846739179196","25.951117243404802","3.014846739179196","30.54602382539822","","0.7913339547590553","6.970443802249909","2.486642101021622","","1.0363192677621065","0.7098294828300596","5.921910013058583","direct_physical","19.832829415979095",""
"2025-05-16","stmp","EH4000","Plan","181633.76876002058","789.7120380870471","",,"","","",,"","","","","","","229.9999999999997","229.9999999999997","229.9999999999997","2.2845238883153702","25.203943188776854","2.2845238883153702","29.910934917011307","","0.5508088400897313","5.438491599201794","4.277659140103894","","1.9019697354767906","0.9000000000000001","4.582652922057789","direct_physical","18.774375592802365",""
"2025-05-16","stmp","EH5000","Plan","385567.21916797035","1320.4356820820892","",,"","","",,"","","","","","","292.0000000000002","292.0000000000002","292.0000000000002","1.925022637029913","20.03225802666786","1.9250226370299126","25.04679696112392","","0.6649316066186707","5.765768295717542","2.597804555845336","","0.4741431487581157","1.2199999999999995","4.611422306854995","direct_physical","17.335298272845392",""
"2025-05-17","stmp","CAT793","Plan","483596.17276424885","2014.984053184372","",,"","","",,"","","","","","","239.9999999999998","239.9999999999998","239.9999999999998","3.4978526877751146","26.9413866237831","3.497852687775115","31.749197123526365","","0.7966706938492524","7.7899168367688425","2.6632662023615046","","1.0703119046228946","0.7096351661464183","6.610282472654749","direct_physical","21.547587887764028",""
"2025-05-17","stmp","EH4000","Plan","168078.60041909217","730.7765235612699","",,"","","",,"","","","","","","230.00000000000014","230.00000000000014","230.00000000000014","2.1733289516927727","26.166588076022474","2.173328951692773","30.463678428584892","","0.553089197495451","4.983444410968392","4.490920541639478","","2.0397631784899124","0.9000000000000004","4.280498739088869","direct_physical","18.26561298289136",""
"2025-05-17","stmp","EH5000","Plan","374077.0531260612","1281.0857983769283","",,"","","",,"","","","","","","291.9999999999986","291.9999999999986","291.9999999999986","2.0973619084017985","20.18999911197198","2.0973619084017985","26.416372397993836","","0.6714784743253559","6.232873701786746","2.454041611633445","","0.5322303992466347","1.2199999999999998","4.763777274493028","direct_physical","17.86777000262572",""
"2025-05-18","stmp","CAT793","Plan","530764.7531222511","2211.5198046760433","",,"","","",,"","","","","","","240.00000000000034","240.00000000000034","240.00000000000034","2.988427284354145","25.069094953688072","2.988427284354145","29.57082540377766","","0.8007523819202649","7.152457533568436","2.566551421759282","","1.0350821776022652","0.7101601346924181","6.063599328490251","direct_physical","20.285201728050538",""
"2025-05-18","stmp","EH4000","Plan","178255.7946644914","775.0251941934415","",,"","","",,"","","","","","","229.99999999999983","229.99999999999983","229.99999999999983","1.944115969549347","24.813007978056998","1.9441159695493473","28.499699592796677","","0.5517709612588863","4.70104061047801","4.407672088285691","","1.955659380502791","0.8999999999999999","4.0929188672024965","direct_physical","17.687597689819103",""
"2025-05-18","stmp","EH5000","Plan","377379.68959051894","1292.3961972278082","",,"","","",,"","","","","","","291.9999999999992","291.9999999999992","291.9999999999992","1.9642791214584723","19.35033852364878","1.9642791214584716","25.85199706722693","","0.6683766737247109","6.090681418491524","2.5927684454350826","","0.5768798464244449","1.22","4.55890301167168","direct_physical","17.71140030278212",""
"2025-05-19","stmp","CAT793","Plan","565448.9439360593","2356.037266400245","",,"","","",,"","","","","","","240.0000000000002","240.0000000000002","240.0000000000002","3.118040888206202","25.35053501200346","3.118040888206202","29.968540754055958","","0.8019726413559471","7.379822682392649","2.4653845666769105","","1.0211968221016787","0.7101966440859907","6.242628055456864","direct_physical","20.56370217551782",""
"2025-05-19","stmp","EH4000","Plan","178147.01526553836","774.5522402849499","",,"","","",,"","","","","","","229.99999999999986","229.99999999999986","229.99999999999986","2.1890416978484124","25.011159902838507","2.1890416978484124","28.952586369928024","","0.5517842549537605","5.251355889976088","4.391411823943349","","1.956507521524238","0.8999999999999999","4.53646870067972","direct_physical","18.66545246320418",""
"2025-05-19","stmp","EH5000","Plan","374197.94497183984","1281.4998115473982","",,"","","",,"","","","","","","291.99999999999966","291.99999999999966","291.99999999999966","1.8906922821692052","18.74459548680443","1.8906922821692047","24.934416716107116","","0.6550064032070513","6.051959724071471","2.7342125736134872","","0.6512114232920706","1.2200000000000002","4.54959657656124","direct_physical","17.861997475564813",""
"2025-05-20","stmp","CAT793","Plan","517569.16491159005","2156.5381871316217","",,"","","",,"","","","","","","240.0000000000004","240.0000000000004","240.0000000000004","2.7071209452348888","24.232492380105423","2.7071209452348888","28.86662357791958","","0.8036536471515151","6.702870433890824","2.5882120374678776","","1.0031350140826312","0.710734383853433","5.626818677828877","direct_physical","19.37850461347343",""
"2025-05-20","stmp","EH4000","Plan","163298.02228260986","709.9914012287367","",,"","","",,"","","","","","","230.0000000000006","230.0000000000006","230.0000000000006","1.8877185953873363","24.836038807116886","1.8877185953873363","28.349933595593267","","0.5537132339394774","4.560433996857183","4.58612598881418","","2.079687599035498","0.9","3.995180988390247","direct_physical","17.66433304582063",""
"2025-05-20","stmp","EH5000","Plan","393608.2625590539","1347.973501914566","",,"","","",,"","","","","","","292.00000000000045","292.00000000000045","292.00000000000045","1.7862376720752158","19.065112252115693","1.7862376720752158","24.71190611646274","","0.6636019182250514","5.621485932379947","2.6112506746043844","","0.5319158016023532","1.2199999999999993","4.336948344632748","direct_physical","16.98115457530807",""
"2025-05-21","stmp","CAT793","Plan","450000.3259470994","1875.0013581129097","",,"","","",,"","","","","","","240.0000000000006","240.0000000000006","240.0000000000006","2.8135390769143895","24.478764404177923","2.8135390769143895","29.124523126021664","","0.8319703151270023","6.896277190610619","2.6964087870968076","","1.092405623044192","0.7117702692476415","5.796226907627404","direct_physical","19.96268488491561",""
"2025-05-21","stmp","EH4000","Plan","172092.94444044557","748.2301932193291","",,"","","",,"","","","","","","229.99999999999986","229.99999999999986","229.99999999999986","2.1813827939242842","25.067918668564147","2.1813827939242847","28.92136442274787","","0.5523675136273546","5.221134206071438","4.452270716253726","","1.995298190189639","0.9000000000000002","4.525476935400465","direct_physical","18.69764193468431",""
"2025-05-21","stmp","EH5000","Plan","378438.6397766656","1296.0227389611855","",,"","","",,"","","","","","","291.99999999999955","291.99999999999955","291.99999999999955","1.9611103322185184","19.149314819838615","1.9611103322185184","24.628624565399786","","0.6749591947391961","6.144690869628867","2.285311988305012","","0.5724710391914418","1.2199999999999998","4.7776366731586934","direct_physical","17.661840113828127",""
"2025-05-22","stmp","CAT793","Plan","501063.7311958766","2087.765546649488","",,"","","",,"","","","","","","239.99999999999974","239.99999999999974","239.99999999999974","3.097875528427307","25.204386794399486","3.0978755284273074","29.887227136139","","0.8128266790362288","7.3746103494547235","2.7260989341307598","","1.0418182497372381","0.7102643003174306","6.219129357801324","direct_physical","20.82836049688736",""
"2025-05-22","stmp","EH4000","Plan","167054.0323719759","726.3218798781592","",,"","","",,"","","","","","","229.999999999999","229.999999999999","229.999999999999","2.041611060590039","24.298146555384864","2.041611060590039","28.178418945771362","","0.5532308070911441","5.041399489306112","4.455230875561292","","2.0487979057253507","0.9000000000000002","4.3471801548250095","direct_physical","18.357222106316268",""
"2025-05-22","stmp","EH5000","Plan","380603.7017742751","1303.4373348434065","",,"","","",,"","","","","","","292.00000000000034","292.00000000000034","292.00000000000034","1.944575431801326","19.39755924770275","1.9445754318013255","24.745631322004304","","0.6770585011503998","6.014907567399096","2.3593444260793945","","0.5767442688501885","1.2200000000000002","4.714954506104285","direct_physical","17.561370836254266",""
"2025-05-23","stmp","CAT793","Plan","529967.8094204338","2208.1992059184763","",,"","","",,"","","","","","","239.99999999999977","239.99999999999977","239.99999999999977","3.746187493504217","27.511335339905294","3.746187493504217","32.389999107003206","","0.7805141522317165","8.170132304854773","2.692967938600543","","1.0457251524333502","0.707568817289029","6.939526267589619","direct_physical","22.226917340944368",""
"2025-05-23","stmp","EH4000","Plan","176806.38210451856","768.7234004544293","",,"","","",,"","","","","","","229.99999999999974","229.99999999999974","229.99999999999974","2.709578308037471","26.45310368105728","2.709578308037472","31.146785822040442","","0.550460750958091","6.145770282474109","4.251798702900111","","1.872067639203124","0.8999999999999997","5.219630025747484","direct_physical","20.078532857210725",""
"2025-05-23","stmp","EH5000","Plan","373108.9619277574","1277.770417560807","",,"","","",,"","","","","","","292.0000000000014","292.0000000000014","292.0000000000014","2.026175730204107","19.692134267843915","2.026175730204107","24.94332463324877","","0.6838220932143904","6.1735585467119165","2.3634298692196416","","0.5880713043581127","1.2199999999999995","4.873870889295816","direct_physical","17.914130805140417",""
"2025-05-24","stmp","CAT793","Plan","468328.4430994453","1951.3685129143612","",,"","","",,"","","","","","","239.9999999999993","239.9999999999993","239.9999999999993","3.5057086278809257","26.72848477964839","3.5057086278809257","31.245927086000442","","0.8018676432474712","7.869601266474133","2.7511772496588898","","1.069341191533509","0.7092791194845611","6.731837947836033","direct_physical","21.84036872563385",""
"2025-05-24","stmp","EH4000","Plan","166820.56382903966","725.3067992567011","",,"","","",,"","","","","","","229.9999999999978","229.9999999999978","229.9999999999978","2.342342376682321","26.17094663955156","2.342342376682321","30.244456173676603","","0.5532633190462382","5.370097785784466","4.539182080747662","","2.05087217650288","0.8999999999999998","4.646819959132191","direct_physical","19.070122645086464",""
"2025-05-24","stmp","EH5000","Plan","366752.26158181677","1256.0008958281444","",,"","","",,"","","","","","","291.99999999999886","291.99999999999886","291.99999999999886","2.145742900189162","19.93941078814326","2.1457429001891635","25.81451171576489","","0.6328980001952796","6.456789289275599","2.5165546539535777","","0.4959556465258366","1.2199999999999995","4.987294566285585","direct_physical","18.224625854183515",""
"2025-05-25","stmp","CAT793","Plan","493288.10227659455","2055.367092819145","",,"","","",,"","","","","","","239.9999999999999","239.9999999999999","239.9999999999999","3.3891432629754763","25.852121830855342","3.389143262975477","30.685672975384865","","0.811538939442902","7.865837748599245","2.6839422613292556","","0.9197900207282348","0.7098582668298725","6.6268253572815174","direct_physical","21.59179330877411",""
"2025-05-25","stmp","EH4000","Plan","168584.56999598298","732.9763912868794","",,"","","",,"","","","","","","230.00000000000097","230.00000000000097","230.00000000000097","1.6968375381505703","24.1322350763428","1.6968375381505703","27.18945699226241","","0.5562230404591125","4.2188488536994395","4.722268687114539","","2.2328689768374215","0.9000000000000004","3.7444753794828425","direct_physical","17.24842507647417",""
"2025-05-25","stmp","EH5000","Plan","347377.17135375366","1189.6478471018968","",,"","","",,"","","","","","","291.99999999999983","291.99999999999983","291.99999999999983","2.3806011829315294","20.29755965274911","2.38060118293153","26.79794483494056","","0.6010485394001447","7.037105613656664","2.6539745759623377","","0.5269801581388668","1.22","5.330112882001857","direct_physical","19.24111110246487",""
"2025-05-26","stmp","CAT793","Plan","499575.55371705454","2081.5648071543924","",,"","","",,"","","","","","","240.00000000000017","240.00000000000017","240.00000000000017","3.5548934894386854","26.775998081750135","3.5548934894386854","31.680563781315495","","0.7975074006841095","7.9658509354202875","2.689040853102211","","0.9508404840346332","0.7090508631810657","6.732633006112001","direct_physical","21.816292641869307",""
"2025-05-26","stmp","EH4000","Plan","179112.5769100556","778.7503343915462","",,"","","",,"","","","","","","229.99999999999997","229.99999999999997","229.99999999999997","2.0334888155621798","24.925536722463143","2.0334888155621798","28.68462810763657","","0.5546816838667423","4.894952926882203","4.603739681890211","","2.1349317479714913","0.9000000000000002","4.253474316484126","direct_physical","18.286422899224643",""
"2025-05-26","stmp","EH5000","Plan","352724.05375210557","1207.9590881921426","",,"","","",,"","","","","","","291.99999999999994","291.99999999999994","291.99999999999994","2.2804581694228894","20.037795260161655","2.2804581694228894","26.03522531816583","","0.6228930346843259","6.828470317660563","2.4812329395773167","","0.6335594639109805","1.22","5.255475552573893","direct_physical","18.94943845613932",""
"2025-05-27","stmp","CAT793","Plan","538743.0556309691","2244.7627317957003","",,"","","",,"","","","","","","240.00000000000045","240.00000000000045","240.00000000000045","3.3510333941016612","25.683042897350386","3.3510333941016612","30.314257156051248","","0.8083187572421869","7.828589643746708","2.545264305497495","","0.9485361335942348","0.7108982794857495","6.632588838020206","direct_physical","21.473639770662427",""
"2025-05-27","stmp","EH4000","Plan","183195.87375396525","796.5037989302872","",,"","","",,"","","","","","","229.999999999999","229.999999999999","229.999999999999","2.029413489480122","25.03779140024223","2.0294134894801226","28.810669605757255","","0.5541315478847716","4.863240827528793","4.591324324509769","","2.09997631076746","0.9","4.226379012880527","direct_physical","18.205000820871817",""
"2025-05-27","stmp","EH5000","Plan","362351.76228261186","1240.930692748669","",,"","","",,"","","","","","","292.00000000000045","292.00000000000045","292.00000000000045","2.1651214902389517","20.178590147755937","2.1651214902389517","26.193104783842735","","0.6170150917934585","6.4378773969391565","2.6253465695813283","","0.6266258961577401","1.2199999999999998","4.959598737392547","direct_physical","18.396664602544327",""
"2025-05-28","stmp","CAT793","Plan","540356.2467253407","2251.4843613555818","",,"","","",,"","","","","","","240.00000000000048","240.00000000000048","240.00000000000048","3.224062675738607","24.671189502910302","3.224062675738607","29.223655565101957","","0.8230143338202451","7.840876927377056","2.3817206165445226","","0.9062818993883505","0.7118702008243375","6.619423778567981","direct_physical","21.287122177906948",""
"2025-05-28","stmp","EH4000","Plan","187165.3525544443","813.7624024106318","",,"","","",,"","","","","","","229.99999999999878","229.99999999999878","229.99999999999878","1.9288696881371217","24.578069818832034","1.9288696881371217","28.305480445495913","","0.5536197562179116","4.708757935073966","4.518582985451273","","2.067457257190213","0.9000000000000001","4.08868457509765","direct_physical","17.830593723007077",""
"2025-05-28","stmp","EH5000","Plan","351644.82799400884","1204.263109568526","",,"","","",,"","","","","","","291.9999999999994","291.9999999999994","291.9999999999994","2.237971364749032","19.899537735326387","2.237971364749032","25.96236685470718","","0.6331326570824901","6.747809103453","2.6674672203317877","","0.6179780571935243","1.2200000000000002","5.17203545564245","direct_physical","19.00759577949595",""
"2025-05-29","stmp","CAT793","Plan","538789.8938302391","2244.957890959332","",,"","","",,"","","","","","","239.99999999999974","239.99999999999974","239.99999999999974","3.100407808492772","24.6124680227894","3.100407808492772","29.309485214638","","0.819633178855704","7.558139571266111","2.3823435282685486","","0.898565725063461","0.7116744947612799","6.346903302711723","direct_physical","20.717185900841784",""
"2025-05-29","stmp","EH4000","Plan","184747.2714213009","803.2490061795685","",,"","","",,"","","","","","","230.00000000000017","230.00000000000017","230.00000000000017","1.7525252673404543","23.749924978127716","1.7525252673404543","27.458077590232037","","0.5539289055031902","4.4274462398203625","4.5452870947350394","","2.0871004886500497","0.8999999999999999","3.829529423350233","direct_physical","17.322562498912113",""
"2025-05-29","stmp","EH5000","Plan","349479.2523874371","1196.8467547514974","",,"","","",,"","","","","","","291.9999999999999","291.9999999999999","291.9999999999999","2.2124167034566216","19.452262297879887","2.2124167034566216","25.695197521821076","","0.6382502543926457","6.82414210617884","2.740564464849828","","0.5723588722779153","1.22","5.16614056360791","direct_physical","19.125377838186278",""
"2025-05-30","stmp","CAT793","Plan","523676.81521010963","2181.9867300421247","",,"","","",,"","","","","","","239.99999999999986","239.99999999999986","239.99999999999986","3.0206552252613945","24.036160499760815","3.0206552252613945","28.76166462535519","","0.8285430066953392","7.540277221792024","2.4860679329254127","","0.9115130322588103","0.7118508148651836","6.301419471942176","direct_physical","20.783608884565496",""
"2025-05-30","stmp","EH4000","Plan","195064.65545280513","848.1071976208897","",,"","","",,"","","","","","","230.0000000000006","230.0000000000006","230.0000000000006","1.812325476591365","23.62074440730074","1.812325476591365","27.72639321488833","","0.5526632548552424","4.603560612673684","4.45209612758444","","2.0066815137120106","0.9000000000000001","3.9218778927614606","direct_physical","17.474369678245694",""
"2025-05-30","stmp","EH5000","Plan","340773.34391386417","1167.0319997050144","",,"","","",,"","","","","","","291.99999999999994","291.99999999999994","291.99999999999994","2.366340963401649","19.570141651233534","2.366340963401649","25.84238685398506","","0.6289183115784885","7.254952995966162","2.4707887690505816","","0.624557848258498","1.2199999999999998","5.494092268114337","direct_physical","19.61398351084686",""
"2025-05-31","stmp","CAT793","Plan","473666.38784405496","1973.6099493502288","",,"","","",,"","","","","","","240.00000000000003","240.00000000000003","240.00000000000003","2.852518323203796","23.363331913018154","2.852518323203796","28.014299016178867","","0.8356337220902842","7.3256288970008425","2.584204600573835","","1.1070457054856544","0.7128667133503827","6.109419310952035","direct_physical","20.649325532113462",""
"2025-05-31","stmp","EH4000","Plan","166117.54595316993","722.2501997963916","",,"","","",,"","","","","","","229.9999999999998","229.9999999999998","229.9999999999998","1.6383879846349798","22.997088419016222","1.6383879846349798","26.443759067195078","","0.5541744481403333","4.274596735333335","4.523499245031496","","2.1072685249569876","0.9","3.717447236919102","direct_physical","17.044961575925914",""
"2025-05-31","stmp","EH5000","Plan","362031.15030874824","1239.8327065368087","",,"","","",,"","","","","","","292.00000000000006","292.00000000000006","292.00000000000006","2.151173485719593","19.35701595703863","2.151173485719593","25.16734830213509","","0.6480045399656469","6.667887727614483","2.334756973462748","","0.5293957052745458","1.2199999999999993","5.128486624561309","direct_physical","18.46228630559074",""
"2025-06-01","stmp","CAT793","Plan","498715.26019971434","2077.980250832142","",,"","","",,"","","","","","","240.00000000000014","240.00000000000014","240.00000000000014","3.8115762537199527","26.526638531622776","3.8115762537199527","31.458429052351786","","0.7715013604866298","8.621317584230175","2.6600009237562587","","1.1110940053042462","0.7074440310813069","7.269739211790053","direct_physical","23.101604336668803",""
"2025-06-01","stmp","EH4000","Plan","170146.28074720837","739.7664380313412","",,"","","",,"","","","","","","229.99999999999986","229.99999999999986","229.99999999999986","2.388582414081985","27.47453213595619","2.388582414081985","31.51326708001987","","0.550223849749104","5.216283361468472","4.186289451497261","","1.9282171551501466","0.8999999999999997","4.547765373898159","direct_physical","18.478482103304362",""
"2025-06-01","stmp","EH5000","Plan","382548.97027220065","1310.0992132609674","",,"","","",,"","","","","","","291.9999999999986","291.9999999999986","291.9999999999986","2.200847192062665","20.585295568952155","2.2008471920626644","26.684702415348394","","0.6817536878147616","6.414813480887106","2.521814519941108","","0.45417684191396485","1.2199999999999998","4.948559270715623","direct_physical","18.25826788998432",""
"2025-06-02","stmp","CAT793","Plan","473772.3994329413","1974.0516643039318","",,"","","",,"","","","","","","239.9999999999988","239.9999999999988","239.9999999999988","3.8456288408462114","26.233373275627038","3.8456288408462114","31.016070613169383","","0.7787890966777398","8.795579890793038","2.627383844002721","","1.0570981501379095","0.7089978867188259","7.439296012977278","direct_physical","23.36866993300715",""
"2025-06-02","stmp","EH4000","Plan","187785.5653564071","816.4589798104603","",,"","","",,"","","","","","","230.00000000000153","230.00000000000153","230.00000000000153","2.1740193198414457","26.205523035500903","2.174019319841446","30.614267103101287","","0.5516972998307663","4.977620901280112","4.3617250871879","","1.975425880929795","0.8999999999999998","4.260796404212232","direct_physical","18.10918978122555",""
"2025-06-02","stmp","EH5000","Plan","396802.5537340613","1358.9128552536308","",,"","","",,"","","","","","","292.0000000000008","292.0000000000008","292.0000000000008","1.9776749190210938","19.653655810331408","1.9776749190210938","25.66174862663572","","0.6709236879732599","6.037578773455926","2.617443938617214","","0.4231076830279668","1.2199999999999989","4.62402219224069","direct_physical","17.60241085816388",""
"2025-06-03","stmp","CAT793","Plan","429222.7147177959","1788.4279779908093","",,"","","",,"","","","","","","240.00000000000094","240.00000000000094","240.00000000000094","4.201699856118096","27.263967784861773","4.201699856118096","32.27777611153507","","0.7708389370837087","9.24670955293105","2.6296266372138444","","1.066431646036025","0.7085780033660811","7.8103891202403","direct_physical","24.160951432366826",""
"2025-06-03","stmp","EH4000","Plan","180704.72818633303","785.672731244924","",,"","","",,"","","","","","","230.00000000000065","230.00000000000065","230.00000000000065","2.048651485222421","26.427991156528417","2.048651485222421","30.617703947907643","","0.554270020735771","4.651094681594101","4.55294322888777","","2.11081930352553","0.9000000000000002","4.014640984264443","direct_physical","17.747347265162162",""
"2025-06-03","stmp","EH5000","Plan","351978.88417468534","1205.4071375845365","",,"","","",,"","","","","","","292.00000000000057","292.00000000000057","292.00000000000057","2.4788906483761095","21.288068450883966","2.4788906483761095","26.919370114891958","","0.710436584813169","6.9867042773620245","2.860064868800427","","0.44104628504113663","1.22","5.525145583562014","direct_physical","19.844035805660255",""
"2025-06-04","stmp","CAT793","Plan","413701.4797573812","1723.756165655757","",,"","","",,"","","","","","","239.99999999999972","239.99999999999972","239.99999999999972","4.167595874311505","26.106405767780547","4.1675958743115045","31.377780055112","","0.7864599437177958","9.578329345026072","2.8266675747198944","","1.1885134429411275","0.7079037902029256","7.969198331414517","direct_physical","24.995207979451088",""
"2025-06-04","stmp","EH4000","Plan","163693.27896476205","711.7099085424428","",,"","","",,"","","","","","","230.00000000000028","230.00000000000028","230.00000000000028","2.39762787572632","27.54591377476547","2.3976278757263194","31.406479496144563","","0.5510744738662839","5.222468701523554","4.3389734660699855","","2.0331558428134233","0.9000000000000001","4.580509336018991","direct_physical","18.73675602244319",""
"2025-06-04","stmp","EH5000","Plan","368707.5765831156","1262.6971800791655","",,"","","",,"","","","","","","291.99999999999943","291.99999999999943","291.99999999999943","2.31174809833087","20.91689324539993","2.31174809833087","25.96830014017809","","0.6662635731001527","6.631237453504542","2.593809011438189","","0.49863240111333096","1.22","5.341315571335697","direct_physical","18.943688776663194",""
"2025-06-05","stmp","CAT793","Plan","487909.7013311381","2032.9570888797393","",,"","","",,"","","","","","","240.0000000000003","240.0000000000003","240.0000000000003","3.547240235519855","25.10513417006985","3.547240235519854","30.23549229766811","","0.7631251295654498","8.477724623552536","2.7211739119898426","","1.0798258054788827","0.7064087608158386","7.039224367039855","direct_physical","22.730847746670545",""
"2025-06-05","stmp","EH4000","Plan","186608.1201500509","811.3396528263088","",,"","","",,"","","","","","","229.99999999999986","229.99999999999986","229.99999999999986","2.126671711914503","26.309947851781388","2.1266717119145024","29.996357655471122","","0.5467917092497391","4.849888089239624","3.946410712916687","","1.81544626797827","0.9000000000000001","4.253859891272391","direct_physical","17.619978045168715",""
"2025-06-05","stmp","EH5000","Plan","381388.9265428309","1306.1264607631201","",,"","","",,"","","","","","","291.99999999999983","291.99999999999983","291.99999999999983","2.093775833918297","19.669994934351198","2.093775833918297","24.871251943257196","","0.6605480142058077","6.38670983161804","2.5539918692969685","","0.45739853293429733","1.2199999999999998","5.051074643194881","direct_physical","18.313802773087577",""
"2025-06-06","stmp","CAT793","Plan","505203.3445355062","2105.013935564611","",,"","","",,"","","","","","","239.9999999999998","239.9999999999998","239.9999999999998","3.8081880731654434","25.762570135145346","3.808188073165444","30.284904184495932","","0.772361488910237","8.869118383426287","2.7712283245463176","","1.108734441948734","0.7070811923910134","7.54472535220701","direct_physical","23.738941335882142",""
"2025-06-06","stmp","EH4000","Plan","178624.89778957746","776.6299903894667","",,"","","",,"","","","","","","230.00000000000017","230.00000000000017","230.00000000000017","2.4320566006272184","27.40627124235414","2.4320566006272184","31.330527927911156","","0.5475504761018226","5.324452741025218","3.9925803765735957","","1.8371107115993628","0.9000000000000002","4.657546670563301","direct_physical","18.53191907517946",""
"2025-06-06","stmp","EH5000","Plan","365058.1226653409","1250.1990502237722","",,"","","",,"","","","","","","291.99999999999955","291.99999999999955","291.99999999999955","2.367026199726777","20.52767537978253","2.367026199726777","26.279730877001402","","0.6841777300168734","6.918541401111693","2.3141625818971","","0.583308431251904","1.2199999999999995","5.404224748279146","direct_physical","19.133067166022283",""
"2025-06-07","stmp","CAT793","Plan","464254.91661275015","1934.3954858864568","",,"","","",,"","","","","","","240.00000000000028","240.00000000000028","240.00000000000028","3.3762341524805315","25.20062060165512","3.3762341524805315","29.50867848037487","","0.7652722690376595","8.038454780575018","2.7706395440966776","","1.113255001255693","0.7066747856362923","6.864897365144847","direct_physical","22.19021839572474",""
"2025-06-07","stmp","EH4000","Plan","152334.3438498596","662.3232341298237","",,"","","",,"","","","","","","230.00000000000023","230.00000000000023","230.00000000000023","1.7685954571251414","24.609361711297236","1.7685954571251414","27.924835523247882","","0.5505794170944087","4.31200649055415","4.272190342911384","","1.9990560074094323","0.8999999999999998","3.800048431410291","direct_physical","16.96722750303688",""
"2025-06-07","stmp","EH5000","Plan","359285.4285024996","1230.4295496660936","",,"","","",,"","","","","","","292.0000000000002","292.0000000000002","292.0000000000002","2.2146057747159578","20.144513019840776","2.2146057747159578","25.840215209446242","","0.7008006282095935","6.5961558044160515","2.4839295420182275","","0.571499053183748","1.2199999999999998","5.142230643434529","direct_physical","18.776565742463532",""
"2025-06-08","stmp","CAT793","Plan","535023.4486284441","2229.2643692851916","",,"","","",,"","","","","","","239.99999999999915","239.99999999999915","239.99999999999915","3.1508434642492755","24.44977117613903","3.1508434642492755","29.032043568225216","","0.7961013372482614","7.732203565138245","2.6973580987513794","","1.089872647116151","0.7090628082055015","6.511791269901072","direct_physical","21.530978420815437",""
"2025-06-08","stmp","EH4000","Plan","158646.4060037746","689.7669826251085","",,"","","",,"","","","","","","229.9999999999995","229.9999999999995","229.9999999999995","1.7659830777814016","24.423854017375675","1.7659830777814016","27.647149081256813","","0.5497606241376212","4.338340074891642","4.196977424955946","","1.9635049721068154","0.9000000000000002","3.832546507976775","direct_physical","16.95214089373825",""
"2025-06-08","stmp","EH5000","Plan","360673.2692380256","1235.1824288973405","",,"","","",,"","","","","","","292.00000000000176","292.00000000000176","292.00000000000176","2.3223977833759166","20.11950032558237","2.3223977833759166","26.12572653843391","","0.6503805857552586","6.925811513587956","2.414555241943751","","0.6436477808451785","1.2200000000000002","5.33358820844903","direct_physical","19.14498654121047",""
"2025-06-09","stmp","CAT793","Plan","502081.3635256904","2092.0056813570427","",,"","","",,"","","","","","","240.00000000000006","240.00000000000006","240.00000000000006","3.309117900399287","25.91483893469972","3.3091179003992877","30.53787983447535","","0.7623258091609579","7.661520664830551","2.652056617601944","","1.0947666795967044","0.7063487152555468","6.501665312069572","direct_physical","21.31121040171836",""
"2025-06-09","stmp","EH4000","Plan","175621.64895522725","763.572386761855","",,"","","",,"","","","","","","230.0000000000008","230.0000000000008","230.0000000000008","2.433186265206732","28.119870189853053","2.433186265206732","32.177644936237186","","0.5491317643347374","5.191744304889583","4.16630454227054","","1.8994872958387754","0.9000000000000001","4.537037318974033","direct_physical","18.443644066909748",""
"2025-06-09","stmp","EH5000","Plan","372116.5358874494","1274.3716982446836","",,"","","",,"","","","","","","292.0000000000014","292.0000000000014","292.0000000000014","2.1673779617697884","19.58838602743784","2.1673779617697884","25.390751323053994","","0.657861730344835","6.638764292475855","2.4821493180965932","","0.666137166078107","1.2200000000000002","5.121655363861277","direct_physical","18.770145658526047",""
"2025-06-10","stmp","CAT793","Plan","515562.02894271293","2148.175120594635","",,"","","",,"","","","","","","240.00000000000028","240.00000000000028","240.00000000000028","3.6277637404980925","27.469222598566386","3.6277637404980925","31.92265455277992","","0.7652833099320153","7.923989244648136","2.6825964516909084","","1.0147075848883482","0.7063515663120821","6.818537727493923","direct_physical","21.859483482080773",""
"2025-06-10","stmp","EH4000","Plan","181668.25895948813","789.8619954760354","",,"","","",,"","","","","","","229.99999999999997","229.99999999999997","229.99999999999997","2.3187861639190843","27.720426873075347","2.3187861639190843","31.52720944671477","","0.5484949865161204","5.018940381840883","4.121864631858879","","1.906037658656712","0.8999999999999997","4.41292370231145","direct_physical","18.137491981442498",""
"2025-06-10","stmp","EH5000","Plan","363096.06061704305","1243.479659647408","",,"","","",,"","","","","","","291.99999999999994","291.99999999999994","291.99999999999994","2.3013420331376855","19.519492498808813","2.3013420331376855","25.523042348661146","","0.6535852614640298","7.073981149698824","2.309406983809408","","0.6193885893632474","1.2200000000000002","5.410033807960374","direct_physical","19.236456514082185",""
"2025-06-11","stmp","CAT793","Plan","535972.2016678737","2233.2175069494674","",,"","","",,"","","","","","","240.00000000000065","240.00000000000065","240.00000000000065","3.660839096148731","27.227981023776074","3.660839096148731","31.882543803539928","","0.7647219431906945","8.067081638448343","2.631224144110659","","1.0007631661110994","0.7062135653956404","6.889360746194161","direct_physical","22.02139810184684",""
"2025-06-11","stmp","EH4000","Plan","184455.99721189417","801.9825965734515","",,"","","",,"","","","","","","230.0000000000004","230.0000000000004","230.0000000000004","2.4395709740298224","28.5445701165465","2.4395709740298224","32.15393523482215","","0.5504668007553843","5.127919525294943","4.2244511907382565","","1.831002857946585","0.9","4.552296861109199","direct_physical","18.324664401096694",""
"2025-06-11","stmp","EH5000","Plan","379017.8253884896","1298.0062513304385","",,"","","",,"","","","","","","292.0000000000012","292.0000000000012","292.0000000000012","2.1344283725724726","19.56521817694238","2.1344283725724726","24.96392007552363","","0.660996084337509","6.54558007971891","2.450193475878465","","0.43692606008555984","1.2199999999999995","5.130031740484256","direct_physical","18.4283722626058",""
"2025-06-12","stmp","CAT793","Plan","514805.16353210463","2145.0215147171","",,"","","",,"","","","","","","240.00000000000028","240.00000000000028","240.00000000000028","3.76932968399998","27.25077833923617","3.76932968399998","31.40422483867222","","0.771311486729889","8.299204456643714","2.7447275127817816","","1.0348597206602559","0.70680351957128","7.2015718331470495","direct_physical","22.72420230153738",""
"2025-06-12","stmp","EH4000","Plan","173147.18442032597","752.8138453057641","",,"","","",,"","","","","","","230.0000000000003","230.0000000000003","230.0000000000003","2.370382411509591","28.123412608199175","2.3703824115095893","31.5809699990731","","0.5496057467984766","5.057101237035202","4.155822627468065","","1.8711358409739196","0.9","4.503438136787742","direct_physical","18.215239236333474",""
"2025-06-12","stmp","EH5000","Plan","337242.77857453097","1154.9410225155161","",,"","","",,"","","","","","","292.0000000000002","292.0000000000002","292.0000000000002","2.773554064035996","21.83273592934221","2.7735540640359955","27.199499922527423","","0.6864427416115975","7.622189192446005","2.5483093162107116","","0.4922155293232215","1.22","6.118246449977244","direct_physical","20.711137566829827",""
"2025-06-13","stmp","CAT793","Plan","453468.3751066163","1889.4515629442358","",,"","","",,"","","","","","","239.99999999999986","239.99999999999986","239.99999999999986","3.82771571413569","27.005039354750668","3.8277157141356897","30.831824939384816","","0.7630927017055004","8.504447626651565","2.730641359897569","","1.0863478044500268","0.7065191989262471","7.4488922825573045","direct_physical","23.15998130534042",""
"2025-06-13","stmp","EH4000","Plan","175543.57774103803","763.2329467001694","",,"","","",,"","","","","","","229.99999999999878","229.99999999999878","229.99999999999878","2.2381339491403773","27.214436668554168","2.2381339491403764","30.547968724830547","","0.5481979672678314","4.934441178552494","4.064775847566855","","1.9129082018726142","0.9000000000000005","4.395972712885102","direct_physical","17.99918941382465",""
"2025-06-13","stmp","EH5000","Plan","322860.2819831171","1105.68589720245","",,"","","",,"","","","","","","292.00000000000153","292.00000000000153","292.00000000000153","3.0076852077531875","22.21672326422346","3.0076852077531875","27.55637065613521","","0.6975067839909976","8.12276006317257","2.5691672987662906","","0.43710347917974146","1.2200000000000006","6.54879826944892","direct_physical","21.633759152716245",""
"2025-06-14","stmp","CAT793","Plan","472203.5770378613","1967.514904324422","",,"","","",,"","","","","","","240.0","240.0","240.0","3.846985654295601","27.357410857815","3.8469856542956","31.628588502818022","","0.7571463254017337","8.437170478499414","2.7154085466373563","","1.1203999877263262","0.7059626336076467","7.297800824629611","direct_physical","22.969447486824862",""
"2025-06-14","stmp","EH4000","Plan","171217.41918162757","744.4235616592478","",,"","","",,"","","","","","","230.0000000000008","230.0000000000008","230.0000000000008","2.3176700046970318","27.479523427089585","2.317670004697031","30.84611301391192","","0.550493604504948","5.060502619369847","4.234843554365615","","1.921627782341017","0.9000000000000001","4.508192011716492","direct_physical","18.3129537650703",""
"2025-06-14","stmp","EH5000","Plan","338764.56891802856","1160.1526332809203","",,"","","",,"","","","","","","291.99999999999983","291.99999999999983","291.99999999999983","2.8665987272975486","21.890849305231523","2.8665987272975486","28.428447386061197","","0.6844566104709211","7.856978102569503","2.424612915996007","","0.36750335194623557","1.22","6.050134265235482","direct_physical","20.6180994747334",""
"2025-06-15","stmp","CAT793","Plan","507722.60036017094","2115.5108348340427","",,"","","",,"","","","","","","240.0000000000003","240.0000000000003","240.0000000000003","3.9612161618513544","26.86922573394394","3.961216161851353","31.872903666143884","","0.7579940136122247","8.84554590684869","2.671682290167413","","1.0981998908868515","0.7058389577344436","7.456897313172718","direct_physical","23.463958557350633",""
"2025-06-15","stmp","EH4000","Plan","164835.30125388576","716.6752228429812","",,"","","",,"","","","","","","230.00000000000014","230.00000000000014","230.00000000000014","2.7626613826849304","28.68597478838719","2.762661382684929","32.86559858706455","","0.5497893513555334","5.778422528217503","4.154646852326495","","1.9288078345829907","0.9","5.043561964099949","direct_physical","19.524918368227926",""
"2025-06-15","stmp","EH5000","Plan","355520.9397925063","1217.5374650428319","",,"","","",,"","","","","","","291.9999999999995","291.9999999999995","291.9999999999995","2.500513443652422","20.691375379993694","2.500513443652422","27.5297757711869","","0.70040881512399","7.250886123510608","2.545403802922548","","0.40675708421629275","1.2200000000000002","5.449764933289793","direct_physical","19.646329649602066",""
"2025-06-16","stmp","CAT793","Plan","496525.1614501669","2068.854839375701","",,"","","",,"","","","","","","239.99999999999935","239.99999999999935","239.99999999999935","3.952797221959643","26.199905567720418","3.952797221959641","31.092027896077536","","0.7747848984402572","9.052240005390749","2.7001088073255985","","1.0591313244214213","0.7071545029855616","7.627930674393185","direct_physical","23.874859976153555",""
"2025-06-16","stmp","EH4000","Plan","169079.95186521354","735.1302255009291","",,"","","",,"","","","","","","229.9999999999998","229.9999999999998","229.9999999999998","2.2909727774661155","26.82749986098292","2.290972777466115","31.34382998835474","","0.5520125939798547","5.123785942046807","4.351788848884122","","2.0448273968621664","0.9000000000000001","4.385500007466771","direct_physical","18.425335466166405",""
"2025-06-16","stmp","EH5000","Plan","364250.4881072561","1247.4331784495043","",,"","","",,"","","","","","","292.0000000000007","292.0000000000007","292.0000000000007","2.5301740189619397","21.37413369576741","2.5301740189619397","28.363717189618274","","0.6813843335768691","7.102530717667332","2.462343336942296","","0.3339783761178832","1.2200000000000002","5.352275941930568","direct_physical","19.17548996772034",""
"2025-06-17","stmp","CAT793","Plan","549528.5699350027","2289.702374729177","",,"","","",,"","","","","","","240.0000000000001","240.0000000000001","240.0000000000001","3.6496412824916074","25.429098597523428","3.649641282491607","30.259055691061985","","0.7955757573458034","8.611334613757132","2.642890819653376","","1.0034024628592049","0.7090526751985615","7.2367914975674195","direct_physical","23.004535487299094",""
"2025-06-17","stmp","EH4000","Plan","160048.78073825515","695.8642640793682","",,"","","",,"","","","","","","230.00000000000065","230.00000000000065","230.00000000000065","2.903264294574649","27.246737685289983","2.9032642945746483","31.776797414386984","","0.5529841675947494","6.393273928295795","4.472702455934619","","2.0485946560162507","0.8999999999999998","5.481856947472356","direct_physical","20.872140445955313",""
"2025-06-17","stmp","EH5000","Plan","369602.3047976505","1265.761317800174","",,"","","",,"","","","","","","291.9999999999997","291.9999999999997","291.9999999999997","2.5099371671834176","21.673040404039913","2.5099371671834176","28.281030586957545","","0.6303871919026304","6.948551159574894","2.4532808543432147","","0.40174005903571697","1.2200000000000006","5.324990882774124","direct_physical","18.897830153666064",""
"2025-06-18","stmp","CAT793","Plan","551503.7377529233","2297.93224063718","",,"","","",,"","","","","","","240.00000000000006","240.00000000000006","240.00000000000006","3.67201086095877","25.231108657250832","3.6720108609587707","29.930166544500075","","0.8035178189377327","8.732103477910837","2.595430249787822","","0.9370960117742873","0.7101313101081516","7.361156889319484","direct_physical","23.161880111458615",""
"2025-06-18","stmp","EH4000","Plan","183900.9433768916","799.5693190299606","",,"","","",,"","","","","","","230.00000000000082","230.00000000000082","230.00000000000082","2.555382247458838","26.573290774927557","2.555382247458838","31.131584608045628","","0.5540390283958159","5.769813612704438","4.556963391031745","","2.094097656594075","0.9000000000000005","4.924996166366219","direct_physical","19.774114548884775",""
"2025-06-18","stmp","EH5000","Plan","377625.39359363803","1293.2376492932854","",,"","","",,"","","","","","","291.999999999999","291.999999999999","291.999999999999","2.353149630079214","20.731921744837457","2.353149630079214","27.549246828802346","","0.6169047616205693","6.810221432555373","2.3919508317758456","","0.45202619696479257","1.2199999999999998","5.124966888646181","direct_physical","18.49632386768512",""
"2025-06-19","stmp","CAT793","Plan","537563.9370155531","2239.8497375648008","",,"","","",,"","","","","","","240.00000000000043","240.00000000000043","240.00000000000043","3.737938828020508","25.39988064536468","3.737938828020509","30.027530052095305","","0.7933984881015772","8.8298182504318","2.6155915087262276","","0.9027970449563029","0.7101681633051707","7.469023569109063","direct_physical","23.341013362650894",""
"2025-06-19","stmp","EH4000","Plan","176230.84926234672","766.2210837493398","",,"","","",,"","","","","","","229.99999999999815","229.99999999999815","229.99999999999815","2.2912625041601498","26.307231425346444","2.2912625041601498","30.247157685677465","","0.5550852788734422","5.2257779629807075","4.54068701415881","","2.1605760257044864","0.9000000000000001","4.545079960181054","direct_physical","18.853283413720185",""
"2025-06-19","stmp","EH5000","Plan","394876.9586033105","1352.318351381198","",,"","","",,"","","","","","","292.0000000000005","292.0000000000005","292.0000000000005","2.064986490149106","19.54170139458885","2.064986490149106","26.10131563968074","","0.6213361324281017","6.3402457599344135","2.4538489947832396","","0.41507217181842065","1.2199999999999993","4.746856101789275","direct_physical","17.688248018489634",""
"2025-06-20","stmp","CAT793","Plan","545910.4759907051","2274.626983294604","",,"","","",,"","","","","","","240.00000000000003","240.00000000000003","240.00000000000003","3.4476191167264494","24.91222703420201","3.4476191167264507","29.504598708541664","","0.7702253329362044","8.30343857735371","2.586011490748659","","0.8339816224426186","0.708436644142412","7.0110137421967815","direct_physical","22.204051918714132",""
"2025-06-20","stmp","EH4000","Plan","183801.14737244984","799.1354233584792","",,"","","",,"","","","","","","229.99999999999952","229.99999999999952","229.99999999999952","1.9871546219168013","24.909578374936874","1.9871546219168013","29.117080497413465","","0.5536485061374725","4.78648315601248","4.5047663557808635","","2.072113747485765","0.8999999999999998","4.0948225329665","direct_physical","17.904003016059356",""
"2025-06-20","stmp","EH5000","Plan","378160.9231085947","1295.0716544814875","",,"","","",,"","","","","","","292.0000000000003","292.0000000000003","292.0000000000003","2.3468739716849973","20.87768470761977","2.346873971684998","27.696755688750297","","0.6169945576484576","6.744638606871347","2.4892087241544885","","0.434642805608559","1.22","5.084076990226484","direct_physical","18.47013044893999",""
"2025-06-21","stmp","CAT793","Plan","454572.2709576583","1894.0511289902397","",,"","","",,"","","","","","","240.0000000000004","240.0000000000004","240.0000000000004","3.3343189428707807","24.670266085012617","3.3343189428707825","29.57733676637378","","0.752545713037171","8.109322205234923","2.696072002817074","","0.9820950370530444","0.7061837347678087","6.763933418092344","direct_physical","21.927799614701314",""
"2025-06-21","stmp","EH4000","Plan","178075.53987986982","774.2414777385604","",,"","","",,"","","","","","","230.0000000000012","230.0000000000012","230.0000000000012","1.647144488017724","23.66582463774108","1.647144488017724","27.59208028094564","","0.554825419609731","4.176007842272963","4.587149633185469","","2.1438888805752168","0.8999999999999997","3.5817766647088183","direct_physical","16.88167913830457",""
"2025-06-21","stmp","EH5000","Plan","395003.4639125515","1352.7515887416196","",,"","","",,"","","","","","","291.999999999999","291.999999999999","291.999999999999","2.1189214147513558","20.471851548213294","2.1189214147513558","27.021937075732293","","0.6227822756875864","6.210248476336632","2.555507510698092","","0.46683349985055944","1.2199999999999998","4.704891604505225","direct_physical","17.68258311260484",""
"2025-06-22","stmp","CAT793","Plan","501031.79516072554","2087.632479836351","",,"","","",,"","","","","","","240.0000000000006","240.0000000000006","240.0000000000006","3.4661425570346553","24.481703369005846","3.466142557034657","29.306734626895455","","0.7709835033925126","8.494856354046435","2.747110848005962","","0.9777648264445526","0.7074266861501134","7.096271763802098","direct_physical","22.762410004959968",""
"2025-06-22","stmp","EH4000","Plan","185201.54101254075","805.2240913588732","",,"","","",,"","","","","","","229.9999999999999","229.9999999999999","229.9999999999999","1.770689458824438","24.14307259346666","1.770689458824438","27.89981587589566","","0.5538702117472677","4.400490746079113","4.484081759492019","","2.0833711090663365","0.9000000000000001","3.8079594504153924","direct_physical","17.21174353642582",""
"2025-06-22","stmp","EH5000","Plan","399354.65315254766","1367.6529217553002","",,"","","",,"","","","","","","292.0","292.0","292.0","2.1221620230743654","21.0697585537559","2.1221620230743654","27.014389373966623","","0.6250615723918322","6.043245396457763","2.516723484414266","","0.46845861241821374","1.22","4.713403646545783","direct_physical","17.489921616006608",""
"2025-06-23","stmp","CAT793","Plan","518620.88523016375","2160.92035512568","",,"","","",,"","","","","","","240.00000000000026","240.00000000000026","240.00000000000026","3.44680133538686","24.416057740933507","3.446801335386861","29.33782336107475","","0.7748993476456791","8.470166736888812","2.767856873300873","","0.9521106235821939","0.7075614623981251","7.049196444396192","direct_physical","22.703186097750887",""
"2025-06-23","stmp","EH4000","Plan","180159.6952501871","783.3030228268999","",,"","","",,"","","","","","","230.00000000000014","230.00000000000014","230.00000000000014","1.5835531882180673","23.823336703529666","1.5835531882180671","27.072529876917507","","0.554538229783838","3.988240290412673","4.523375138305355","","2.125816728501872","0.8999999999999997","3.509579330969503","direct_physical","16.552791147916665",""
"2025-06-23","stmp","EH5000","Plan","398606.7695564399","1365.0916765631507","",,"","","",,"","","","","","","291.9999999999999","291.9999999999999","291.9999999999999","2.1649188139396394","21.056807748070003","2.1649188139396394","26.962838450830137","","0.6232886250561657","6.168794928010117","2.3574666201972256","","0.44189992334233796","1.22","4.817561365924333","direct_physical","17.52273697788",""
"2025-06-24","stmp","CAT793","Plan","497397.858434963","2072.4910768123455","",,"","","",,"","","","","","","240.00000000000003","240.00000000000003","240.00000000000003","3.2934337778585894","24.181541722598624","3.293433777858592","28.924644381193637","","0.7712781088461946","8.171771218658261","2.774207498822152","","0.9667271777851973","0.7070113767169359","6.831753022346437","direct_physical","22.189332242566106",""
"2025-06-24","stmp","EH4000","Plan","187715.50234981847","816.1543580426896","",,"","","",,"","","","","","","229.99999999999983","229.99999999999983","229.99999999999983","1.6653409102090926","22.998373457425302","1.6653409102090933","26.682227843171578","","0.5535505322922541","4.344674843963151","4.493857797272093","","2.06305879450891","0.8999999999999999","3.744831773412687","direct_physical","17.09664925600541",""
"2025-06-24","stmp","EH5000","Plan","403023.6275920578","1380.2179027125335","",,"","","",,"","","","","","","291.9999999999986","291.9999999999986","291.9999999999986","2.1158121675110917","21.200340117336797","2.1158121675110917","26.768019255361477","","0.630929904176926","5.988051575967495","2.3864117030609067","","0.4473357486722918","1.2200000000000009","4.742552253851895","direct_physical","17.330699994658218",""
"2025-06-25","stmp","CAT793","Plan","499907.38772222976","2082.9474488426185","",,"","","",,"","","","","","","240.00000000000063","240.00000000000063","240.00000000000063","3.7993981530163867","25.476540904284363","3.7993981530163867","30.196951621396572","","0.7713843492136424","8.947992195543577","2.662811288098296","","0.9028582490697602","0.7071841898192773","7.549235169137254","direct_physical","23.509300001266453",""
"2025-06-25","stmp","EH4000","Plan","186419.12666886224","810.5179420385317","",,"","","",,"","","","","","","229.99999999999994","229.99999999999994","229.99999999999994","1.733735665376579","24.24017644479708","1.733735665376579","27.66265319572691","","0.5537143048505541","4.2913936769186565","4.417445536111831","","2.0727667058089807","0.9000000000000004","3.760454182994403","direct_physical","16.98491638355893",""
"2025-06-25","stmp","EH5000","Plan","383023.73795545247","1311.7251299844283","",,"","","",,"","","","","","","291.99999999999955","291.99999999999955","291.99999999999955","2.3611538644932946","21.73721104845608","2.3611538644932946","27.69753530174503","","0.6429522682030296","6.517360095266682","2.3852429159387647","","0.4167012006353619","1.2199999999999993","5.114867814995512","direct_physical","18.235636302248032",""
"2025-06-26","stmp","CAT793","Plan","485313.5620077585","2022.1398416989903","",,"","","",,"","","","","","","240.0000000000004","240.0000000000004","240.0000000000004","3.570427321074931","25.230451888907737","3.570427321074931","30.148951244678678","","0.7459617242549521","8.490757129826818","2.5787986395506644","","0.9558894921507404","0.7052641966283719","7.10557516664222","direct_physical","22.50623144801691",""
"2025-06-26","stmp","EH4000","Plan","176705.14522887202","768.2832401255332","",,"","","",,"","","","","","","229.9999999999992","229.9999999999992","229.9999999999992","2.0084307920643885","25.35788761603072","2.0084307920643902","29.17768587765511","","0.5529093498924026","4.752203706734707","4.385087099599185","","2.0204104139519194","0.9000000000000002","4.130068711725674","direct_physical","17.76684918685337",""
"2025-06-26","stmp","EH5000","Plan","389456.6253085041","1333.755566125015","",,"","","",,"","","","","","","291.9999999999998","291.9999999999998","291.9999999999998","2.1977703107760176","21.420634833814603","2.1977703107760176","26.758631654495034","","0.7022687467357883","6.15603690878466","2.572169941364867","","0.2913970312686398","1.22","4.927988110498527","direct_physical","17.934427421704424",""
"2025-06-27","stmp","CAT793","Plan","448775.15304884885","1869.8964710368703","",,"","","",,"","","","","","","240.0","240.0","240.0","3.9215848618935714","26.489775032968712","3.92158486189357","31.099076015806613","","0.763949875893157","8.882487352979409","2.635455451889905","","0.9718233297340048","0.7073190466301649","7.56598336214303","direct_physical","23.45820614549165",""
"2025-06-27","stmp","EH4000","Plan","196385.37787523313","853.8494690227514","",,"","","",,"","","","","","","230.00000000000037","230.00000000000037","230.00000000000037","1.9477367222739823","25.363792437670543","1.9477367222739848","28.79497560457537","","0.5525108409173248","4.607520883307306","4.425449682482739","","1.9969971883624842","0.9","4.058492875328916","direct_physical","17.58547278820183",""
"2025-06-27","stmp","EH5000","Plan","397499.85913365794","1361.3008874440304","",,"","","",,"","","","","","","292.0000000000008","292.0000000000008","292.0000000000008","2.0805274330522865","20.71507211545578","2.0805274330522865","26.41956421240557","","0.6863832408646974","6.02612654628408","2.5482421720131567","","0.3317266486996693","1.22","4.7249699116733055","direct_physical","17.57153221580287",""
"2025-06-28","stmp","CAT793","Plan","442568.8485212113","1844.036868838383","",,"","","",,"","","","","","","239.99999999999966","239.99999999999966","239.99999999999966","4.179009944962287","26.994787331025503","4.179009944962287","31.84846429192991","","0.7670788810858745","9.288482017769311","2.6843046529956105","","1.033634225897987","0.7070464310359569","7.872925815178863","direct_physical","24.282149757126042",""
"2025-06-28","stmp","EH4000","Plan","184979.36016995355","804.2580876954479","",,"","","",,"","","","","","","230.00000000000065","230.00000000000065","230.00000000000065","1.997068231322898","26.23544651846992","1.9970682313228987","29.507585201048887","","0.553898882533371","4.567259558361888","4.475363896190178","","2.0851928402311293","0.9000000000000002","4.060789558445962","direct_physical","17.623156139227465",""
"2025-06-28","stmp","EH5000","Plan","389432.8087657295","1333.6740026223583","",,"","","",,"","","","","","","292.0000000000006","292.0000000000006","292.0000000000006","2.180417698032078","20.957158810564522","2.180417698032078","26.63768661792915","","0.6990316349217494","6.24249990490007","2.4892758362085456","","0.3150718507977016","1.2199999999999995","4.911277160001938","direct_physical","17.935524237469952",""
"2025-06-29","stmp","CAT793","Plan","506867.17249744793","2111.946552072704","",,"","","",,"","","","","","","239.99999999999952","239.99999999999952","239.99999999999952","4.2376728446091345","27.162894720327284","4.2376728446091345","32.07494787195112","","0.7901853672189109","9.36057711427468","2.6729818628454955","","0.981443351763059","0.7082575105683453","7.927070425542096","direct_physical","24.418378821231368",""
"2025-06-29","stmp","EH4000","Plan","189009.00165028544","821.7782680447193","",,"","","",,"","","","","","","230.0","230.0","230.0","2.26815364354223","26.98486347650027","2.2681536435422323","30.88293877902301","","0.5533893622057178","5.043168690886538","4.501593692666551","","2.0528181067085733","0.9","4.406614914024033","direct_physical","18.461674105028404",""
"2025-06-29","stmp","EH5000","Plan","376629.47941749915","1289.8269843065023","",,"","","",,"","","","","","","292.0000000000004","292.0000000000004","292.0000000000004","2.294252254854165","20.706874617112284","2.294252254854165","26.36153158346353","","0.6633544193668347","6.647798754597706","2.3948280640366715","","0.4157131426039852","1.2199999999999993","5.221818575124078","direct_physical","18.545233344960735",""
"2025-06-30","stmp","CAT793","Plan","519011.14590460976","2162.546441269205","",,"","","",,"","","","","","","240.00000000000026","240.00000000000026","240.00000000000026","4.020059111891799","25.796441125165877","4.020059111891799","30.94093011448849","","0.796879886431056","9.350264462573495","2.720011915157932","","1.0096759842351906","0.7088082466187038","7.795613959276591","direct_physical","24.350802169498657",""
"2025-06-30","stmp","EH4000","Plan","187833.82989152585","816.6688256153285","",,"","","",,"","","","","","","230.00000000000037","230.00000000000037","230.00000000000037","2.373046669922803","26.71118655291343","2.3730466699228043","30.537702735128736","","0.5524626682510174","5.330455834049734","4.427164063174635","","1.9929654244299997","0.8999999999999999","4.662524926329172","direct_physical","18.912290176687776",""
"2025-06-30","stmp","EH5000","Plan","389201.2992173844","1332.8811617033734","",,"","","",,"","","","","","","291.99999999999955","291.99999999999955","291.99999999999955","2.116877441680758","20.271015930032416","2.116877441680758","25.626319906361253","","0.653214997936179","6.26572673709316","2.4487847966581655","","0.43447290802585753","1.2200000000000002","4.956335789334971","direct_physical","17.9461928682196",""
"2025-07-01","stmp","CAT793","Plan","534090.2307686921","2225.3759615362123","",,"","","",,"","","","","","","240.0000000000005","240.0000000000005","240.0000000000005","3.137249950702896","25.774445134893046","3.137249950702896","31.387130212491055","","0.7548350887085781","7.303163891871494","2.6576154910483467","","0.9708202011433872","0.7055084120550558","5.9972031774750265","direct_physical","20.324172331814456",""
"2025-07-01","stmp","EH4000","Plan","190388.413775913","827.7757120691839","",,"","","",,"","","","","","","230.00000000000085","230.00000000000085","230.00000000000085","1.9643997635472326","25.192132753390844","1.964399763547233","28.896110972462058","","0.5530615223606946","4.6786029180863835","4.402119591550568","","2.031983552650259","0.9000000000000001","4.078887498914929","direct_physical","17.663825054970875",""
"2025-07-01","stmp","EH5000","Plan","382032.9600487811","1308.3320549615773","",,"","","",,"","","","","","","292.0000000000004","292.0000000000004","292.0000000000004","2.220843941062151","21.293803793218892","2.220843941062151","28.049352713683188","","0.6854749583340536","6.2577188067339735","2.743325157680477","","0.5773141243085789","1.2200000000000002","4.750577948229302","direct_physical","18.282929251439242",""
"2025-07-02","stmp","CAT793","Plan","533746.6350036182","2223.944312515074","",,"","","",,"","","","","","","240.00000000000017","240.00000000000017","240.00000000000017","3.795522391285212","26.84187156895757","3.795522391285211","32.595001272955486","","0.7590158344719936","8.484182740091878","2.88380187549691","","0.9926888791175718","0.7042054795745083","6.986695339265546","direct_physical","22.7554633874792",""
"2025-07-02","stmp","EH4000","Plan","194881.15747782754","847.3093803383782","",,"","","",,"","","","","","","230.00000000000065","230.00000000000065","230.00000000000065","2.1206025223719873","25.28797429136495","2.1206025223719873","29.11211645106146","","0.5520864603361967","5.031488480505391","4.28431980390012","","1.970185813811508","0.9000000000000001","4.370556553530139","direct_physical","18.172659936618302",""
"2025-07-02","stmp","EH5000","Plan","375794.2156435161","1286.9664919298452","",,"","","",,"","","","","","","292.000000000001","292.000000000001","292.000000000001","2.3415251424972228","21.163860421743163","2.3415251424972228","27.445382203294564","","0.6561840926125015","6.638274197154328","2.378299263948183","","0.6248646498979338","1.22","5.118948882153613","direct_physical","18.586453142726995",""
"2025-07-03","stmp","CAT793","Plan","521989.97382500663","2174.958224270862","",,"","","",,"","","","","","","239.9999999999999","239.9999999999999","239.9999999999999","3.6294125038185463","26.040252152091064","3.6294125038185463","31.729381521844314","","0.7394544091609945","8.362620644271527","2.9156693718510533","","0.9764278532611801","0.7023898311697289","6.8631892518671105","direct_physical","22.489385407582763",""
"2025-07-03","stmp","EH4000","Plan","202975.00283283775","882.5000123166857","",,"","","",,"","","","","","","230.00000000000006","230.00000000000006","230.00000000000006","1.7928000029042577","23.95480096788759","1.7928000029042577","27.37876255376456","","0.5517542543408106","4.490456853240186","4.23939464615262","","1.9486433012645128","0.9000000000000006","3.9288846587942277","direct_physical","17.138438014115078",""
"2025-07-03","stmp","EH5000","Plan","398674.4356757092","1365.3234098483176","",,"","","",,"","","","","","","292.00000000000034","292.00000000000034","292.00000000000034","2.10037526017682","20.537165563961057","2.10037526017682","26.637775003879476","","0.6567527471947279","6.136314927107347","2.3385721751844386","","0.4861210124679872","1.22","4.730970045067785","direct_physical","17.519762882714062",""
"2025-07-04","stmp","CAT793","Plan","507523.97497562366","2114.6832290650987","",,"","","",,"","","","","","","240.0","240.0","240.0","3.504229522342554","26.656345570232364","3.5042295223425555","32.43056425705403","","0.734942628343393","7.887569238873747","2.9164982706984683","","0.9634802866509399","0.7022287384006655","6.483198061989335","direct_physical","21.59750474931314",""
"2025-07-04","stmp","EH4000","Plan","202534.24627544466","880.5836794584542","",,"","","",,"","","","","","","230.00000000000023","230.00000000000023","230.00000000000023","1.8277082408285503","24.80821975532335","1.8277082408285503","28.284299698534202","","0.5514589572908266","4.420409667895724","4.213736163353275","","1.9283747199834238","0.9000000000000004","3.8771507733456856","direct_physical","16.984018246490905",""
"2025-07-04","stmp","EH5000","Plan","375029.302134952","1284.3469251196966","",,"","","",,"","","","","","","292.00000000000045","292.00000000000045","292.00000000000045","2.429907478808146","21.565282961388252","2.429907478808146","27.490507056128127","","0.6787554081475976","6.760609122983811","2.314692947856284","","0.3515026466689681","1.2200000000000002","5.303447056499039","direct_physical","18.624362258246546",""
"2025-07-05","stmp","CAT793","Plan","545471.8753074046","2272.7994804475234","",,"","","",,"","","","","","","239.99999999999955","239.99999999999955","239.99999999999955","3.4600522044594513","27.984997426602593","3.460052204459452","33.49268374736094","","0.7423661199083498","7.418372390851791","2.70639528554379","","0.9358391291254964","0.7044945867996141","6.198462142763499","direct_physical","20.624468930902783",""
"2025-07-05","stmp","EH4000","Plan","192090.6214541071","835.1766150178572","",,"","","",,"","","","","","","229.99999999999994","229.99999999999994","229.99999999999994","2.101572402036502","25.051063255360752","2.1015724020365023","28.84460621875545","","0.5514557789822541","5.033492703955662","4.314862460244665","","1.9190335905185636","0.8999999999999999","4.371505132221239","direct_physical","18.18338383273869",""
"2025-07-05","stmp","EH5000","Plan","363941.88792848407","1246.376328522212","",,"","","",,"","","","","","","291.9999999999985","291.9999999999985","291.9999999999985","2.5529895790792474","21.87206010916431","2.5529895790792474","28.080307070568335","","0.6922076174800657","7.0034269282468395","2.4582192765565583","","0.3239612148558313","1.2199999999999993","5.455046284209119","direct_physical","19.19174959547028",""
"2025-07-06","stmp","CAT793","Plan","550393.6449558222","2293.306853982593","",,"","","",,"","","","","","","239.99999999999991","239.99999999999991","239.99999999999991","3.2547136903575717","25.09211389137424","3.254713690357572","30.634933610916608","","0.7534092123718283","7.782637296596421","2.731891045554994","","0.9018977018946395","0.705457561140521","6.374514268634362","direct_physical","21.21303463740468",""
"2025-07-06","stmp","EH4000","Plan","197384.76389153994","858.1946256153901","",,"","","",,"","","","","","","230.00000000000026","230.00000000000026","230.00000000000026","1.776526956958421","23.79132640046348","1.7765269569584203","27.52432870718875","","0.5523968654551271","4.4802721640365855","4.391170911822893","","1.9897552295700685","0.9","3.8726327734076884","direct_physical","17.23597213335651",""
"2025-07-06","stmp","EH5000","Plan","390162.91065103695","1336.1743515446421","",,"","","",,"","","","","","","292.0000000000011","292.0000000000011","292.0000000000011","2.1488824010318694","20.19234799211537","2.1488824010318694","26.033090176387795","","0.6765254947299791","6.385237819408491","2.3519683333067305","","0.320323052014188","1.2200000000000009","4.952656146017398","direct_physical","17.901961949133224",""
"2025-07-07","stmp","CAT793","Plan","538104.0271192533","2242.100112996894","",,"","","",,"","","","","","","239.99999999999943","239.99999999999943","239.99999999999943","3.6529842681683755","25.573976898269997","3.6529842681683755","31.121427683383462","","0.7432506336690045","8.570393918864037","2.736807029327924","","0.9292058475723441","0.7046217022184484","7.042705698464082","direct_physical","22.670263587545552",""
"2025-07-07","stmp","EH4000","Plan","197178.4770860117","857.2977264609192","",,"","","",,"","","","","","","230.00000000000034","230.00000000000034","230.00000000000034","1.952497485165015","24.95061619052107","1.952497485165015","28.64300395405449","","0.5524197919674905","4.6952687747410025","4.402466011606613","","1.9912129174342779","0.9","4.089998706065117","direct_physical","17.680055771309934",""
"2025-07-07","stmp","EH5000","Plan","390840.62976211606","1338.4953074045052","",,"","","",,"","","","","","","292.0000000000004","292.0000000000004","292.0000000000004","2.2051671736117475","20.56166840379124","2.205167173611747","26.68810122786818","","0.6625591983798197","6.434790592786187","2.3425685654643664","","0.2899512372554655","1.2200000000000004","4.957641208230445","direct_physical","17.87091988039236",""
"2025-07-08","stmp","CAT793","Plan","628294.0164388708","2617.891735161958","",,"","","",,"","","","","","","240.00000000000034","240.00000000000034","240.00000000000034","3.0449094033939064","25.65036329652493","3.0449094033939055","31.16073595274275","","0.7748300851796679","7.12249421544784","2.7397582986853273","","1.0916355532967994","0.7067092921096672","5.86297334185888","direct_physical","20.143852721273923",""
"2025-07-08","stmp","EH4000","Plan","153224.58646432936","666.1938541927382","",,"","","",,"","","","","","","229.99999999999937","229.99999999999937","229.99999999999937","3.7652174934801517","26.99323226778574","3.7652174934801517","31.70742678743364","","0.5453853188702562","8.369247793952347","3.7700292337366688","","1.5442480566516263","0.8999999999999996","7.124925372321398","direct_physical","23.62611110750052",""
"2025-07-08","stmp","EH5000","Plan","382709.7742844662","1310.6499119331042","",,"","","",,"","","","","","","291.99999999999983","291.99999999999983","291.99999999999983","2.3235065416437446","21.272960850275613","2.323506541643744","26.7552613802116","","0.6683165540236348","6.55340803190631","2.283383427592217","","0.344954019438144","1.2200000000000006","5.210578604241694","direct_physical","18.25059627370768",""
"2025-07-09","stmp","CAT793","Plan","572375.4991717752","2384.8979132157256","",,"","","",,"","","","","","","240.00000000000043","240.00000000000043","240.00000000000043","3.582857025318179","26.41147934223395","3.5828570253181775","31.947656746461654","","0.7576790863714092","8.139317708544073","2.7189893109697607","","1.01734724038223","0.7055341462804963","6.7288635039845195","direct_physical","21.959594074129978",""
"2025-07-09","stmp","EH4000","Plan","164614.8786235973","715.7168635808599","",,"","","",,"","","","","","","229.99999999999932","229.99999999999932","229.99999999999932","3.0935700707310345","26.842107194888623","3.0935700707310354","30.89569320272484","","0.551014800153249","6.915038483983383","4.244816602889819","","1.9019393104974323","0.8999999999999998","6.007769530398234","direct_physical","21.633897920872645",""
"2025-07-09","stmp","EH5000","Plan","364924.1579825661","1249.7402670635809","",,"","","",,"","","","","","","292.0000000000004","292.0000000000004","292.0000000000004","2.4796255045031304","21.5606686329438","2.4796255045031304","27.0635520266637","","0.6881663433546232","6.900413563374467","2.4721764541828026","","0.3466477984402945","1.2200000000000002","5.497339378201665","direct_physical","19.14009096871421",""
"2025-07-10","stmp","CAT793","Plan","575178.1916578338","2396.5757985743026","",,"","","",,"","","","","","","240.00000000000048","240.00000000000048","240.00000000000048","3.5902884656481207","26.478287303993497","3.5902884656481207","31.760724566268085","","0.757633647584371","8.135620913305736","2.710708506815825","","0.9997198002391647","0.7055850341710366","6.782506094576764","direct_physical","22.01810737539614",""
"2025-07-10","stmp","EH4000","Plan","163865.1219255571","712.4570518502485","",,"","","",,"","","","","","","229.99999999999991","229.99999999999991","229.99999999999991","2.6509911529306414","22.375059901253312","2.6509911529306422","25.66373017821131","","0.5511678374293966","7.108784060369329","4.3084232235100135","","1.9178801650268607","0.9000000000000002","6.197831261134485","direct_physical","22.090366025717845",""
"2025-07-10","stmp","EH5000","Plan","383098.99051066715","1311.9828442146159","",,"","","",,"","","","","","","291.9999999999995","291.9999999999995","291.9999999999995","2.2006409380174863","20.33595760995472","2.2006409380174863","25.881472192925308","","0.6758790201517458","6.492856585047887","2.4132573374201596","","0.338962703967418","1.2199999999999995","5.101659414766283","direct_physical","18.232054256050635",""
"2025-07-11","stmp","CAT793","Plan","539990.9369267807","2249.9622371949176","",,"","","",,"","","","","","","240.00000000000023","240.00000000000023","240.00000000000023","3.718928225295027","26.20458747620678","3.718928225295027","31.158110830232495","","0.7115128576172598","8.515138569546426","2.5936322649991546","","0.8822670367729301","0.7023566954149181","7.161399955647973","direct_physical","22.464273385227397",""
"2025-07-11","stmp","EH4000","Plan","179323.42303376438","779.6670566685409","",,"","","",,"","","","","","","229.99999999999997","229.99999999999997","229.99999999999997","1.5582716953908224","17.39412758897493","1.5582716953908227","19.628252613945516","","0.5546522520625161","5.3751647643835225","4.559417239408282","","2.123282885721912","0.9","4.763353292947837","direct_physical","19.22186683964833",""
"2025-07-11","stmp","EH5000","Plan","404847.09141058614","1386.4626418170756","",,"","","",,"","","","","","","292.00000000000006","292.00000000000006","292.00000000000006","2.053622820557363","20.250405187060736","2.053622820557363","25.797744138203377","","0.6595385743582887","6.0846866072671535","2.286436453726631","","0.2724239963292667","1.2200000000000002","4.77628464618236","direct_physical","17.252641129524427",""
"2025-07-12","stmp","CAT793","Plan","462416.5013562755","1926.7354223178072","",,"","","",,"","","","","","","240.00000000000094","240.00000000000094","240.00000000000094","3.5480616404033083","27.284815850502632","3.5480616404033083","32.409868431367016","","0.6938689037007078","7.802277266250153","2.5694185512500805","","0.9335403791188903","0.7014275055325836","6.568483882463552","direct_physical","21.109903114106537",""
"2025-07-12","stmp","EH4000","Plan","196790.50982803613","855.6109122958106","",,"","","",,"","","","","","","229.99999999999963","229.99999999999963","229.99999999999963","1.5241429672662854","23.399046730899975","1.5241429672662865","27.129991886993782","","0.5519246485143927","3.9082181033987715","4.30853178477084","","1.9484036451974782","0.9","3.370755819496502","direct_physical","16.05930016971591",""
"2025-07-12","stmp","EH5000","Plan","408493.42497812177","1398.9500855415158","",,"","","",,"","","","","","","291.9999999999994","291.9999999999994","291.9999999999994","2.052378111985978","20.943504418125077","2.0523781119859783","26.039075992376738","","0.6830093455742096","5.879755568155425","2.426337176990866","","0.14421129599145324","1.2199999999999993","4.72914963477238","direct_physical","17.09863893363063",""
"2025-07-13","stmp","CAT793","Plan","515418.24411519774","2147.576017146661","",,"","","",,"","","","","","","239.9999999999996","239.9999999999996","239.9999999999996","3.4808309059786176","26.920616385069668","3.4808309059786184","32.25727740778137","","0.7348465115590491","7.75798931834809","2.658505686832146","","0.923821304387494","0.7041915616593459","6.4745034653276905","direct_physical","21.178508497675526",""
"2025-07-13","stmp","EH4000","Plan","193580.08297181994","841.6525346600863","",,"","","",,"","","","","","","230.0000000000001","230.0000000000001","230.0000000000001","1.8044420384385838","24.847794994320736","1.8044420384385844","28.584365018666833","","0.5527628794795107","4.357188327216183","4.350969100746442","","2.013049728150419","0.9","3.787613341615681","direct_physical","16.994490921150714",""
"2025-07-13","stmp","EH5000","Plan","411883.0050495739","1410.558236471144","",,"","","",,"","","","","","","291.9999999999999","291.9999999999999","291.9999999999999","2.0200233990006207","20.595470223235854","2.02002339900062","25.787927922554744","","0.6607392692376617","5.884857331555245","2.3167724541853585","","0.21837044920823295","1.2199999999999993","4.6999279780843315","direct_physical","16.95792614619568",""
"2025-07-14","stmp","CAT793","Plan","507454.0299090302","2114.391791287624","",,"","","",,"","","","","","","240.0000000000002","240.0000000000002","240.0000000000002","3.2131098888882303","26.085590548610238","3.2131098888882312","31.268719551538528","","0.7416041159695865","7.390539730125639","2.6632627516783276","","0.9126028699711424","0.7049893493602736","6.16547770737891","direct_physical","20.50763903022525",""
"2025-07-14","stmp","EH4000","Plan","186227.934502072","809.6866717481396","",,"","","",,"","","","","","","229.99999999999986","229.99999999999986","229.99999999999986","1.5924049676563294","23.94044030780402","1.5924049676563305","27.56811750011656","","0.5536073826963825","3.990916492385254","4.391305013236692","","2.0605793074026466","0.8999999999999997","3.465753439964693","direct_physical","16.356222031652052",""
"2025-07-14","stmp","EH5000","Plan","423884.91726680734","1451.6606755712512","",,"","","",,"","","","","","","292.00000000000136","292.00000000000136","292.00000000000136","1.8673976449803542","20.014200699734996","1.8673976449803522","25.202795136429835","","0.6595354329360174","5.598218004294561","2.368031267107582","","0.2241122362838686","1.22","4.445691761262834","direct_physical","16.477778038310504",""
"2025-07-15","stmp","CAT793","Plan","494352.7294887328","2059.803039536395","",,"","","",,"","","","","","","239.99999999999906","239.99999999999906","239.99999999999906","3.4540435184131506","26.542316783356156","3.4540435184131506","31.493655539137947","","0.7512009725813912","7.80800759769186","2.7328897071779283","","0.947946883869771","0.7058809495106542","6.58045589046478","direct_physical","21.464544384752436",""
"2025-07-15","stmp","EH4000","Plan","183748.04313047897","798.9045353499088","",,"","","",,"","","","","","","229.99999999999994","229.99999999999994","229.99999999999994","1.6539675713767685","24.156600108792844","1.6539675713767685","27.63201267065703","","0.5540590317281348","4.1081134694316574","4.4294693994503405","","2.087199175852679","0.9000000000000002","3.591416067494386","direct_physical","16.643541684463",""
"2025-07-15","stmp","EH5000","Plan","419760.2683860506","1437.535165705652","",,"","","",,"","","","","","","292.00000000000017","292.00000000000017","292.00000000000017","1.907915117294483","20.00577017911468","1.9079151172944824","25.205937097493813","","0.6520874976024881","5.722094476381456","2.3392864832507856","","0.22103888980108224","1.22","4.54158504779618","direct_physical","16.639692001143015",""
"2025-07-16","stmp","CAT793","Plan","511877.9581633793","2132.824825680753","",,"","","",,"","","","","","","239.99999999999935","239.99999999999935","239.99999999999935","3.8484029867177743","26.787520179789936","3.848402986717775","31.619779928943025","","0.7358757205244465","8.619841540139054","2.5858958997964434","","0.8610048140788685","0.7048555062990124","7.302523285170286","direct_physical","22.732255009740477",""
"2025-07-16","stmp","EH4000","Plan","193658.6992007201","841.9943443509571","",,"","","",,"","","","","","","229.99999999999994","229.99999999999994","229.99999999999994","1.8400726928272766","24.422608098330894","1.840072692827277","28.233745304227504","","0.5528277893944827","4.520580321525198","4.325274307779425","","2.0171359775951516","0.8999999999999999","3.9103689708890843","direct_physical","17.256109055037125",""
"2025-07-16","stmp","EH5000","Plan","416890.3599038601","1427.7067119995188","",,"","","",,"","","","","","","292.0000000000004","292.0000000000004","292.0000000000004","1.886306651118642","19.831442817198354","1.886306651118642","25.035392684218277","","0.6583969774578304","5.707017896295836","2.423091873312945","","0.2599521131943291","1.22","4.520735923525718","direct_physical","16.75424104802314",""
"2025-07-17","stmp","CAT793","Plan","536330.9026655675","2234.712094439865","",,"","","",,"","","","","","","239.99999999999997","239.99999999999997","239.99999999999997","3.9610645623667775","26.327917885876907","3.9610645623667775","31.465536923360446","","0.7468146669935263","9.027066810683756","2.5998522665175914","","0.9167418403635683","0.7056930885148619","7.553148523124731","direct_physical","23.500078227160596",""
"2025-07-17","stmp","EH4000","Plan","199345.83497256317","866.7210216198395","",,"","","",,"","","","","","","230.0000000000001","230.0000000000001","230.0000000000001","2.156478051313023","25.99860774015639","2.156478051313024","30.151707083647146","","0.5517413609991566","4.9767543082290855","4.308768427838062","","1.956138577391929","0.9000000000000002","4.291255640015013","direct_physical","18.06455570851203",""
"2025-07-17","stmp","EH5000","Plan","417760.1721972524","1430.6855212234723","",,"","","",,"","","","","","","291.9999999999989","291.9999999999989","291.9999999999989","1.89347862655762","19.71045672565903","1.89347862655762","24.92130331929398","","0.6401884570194815","5.763880521630005","2.3583657120648103","","0.25773394288600443","1.2200000000000004","4.558698882554098","direct_physical","16.719357289803735",""
"2025-07-18","stmp","CAT793","Plan","557411.7059110553","2322.548774629393","",,"","","",,"","","","","","","240.00000000000043","240.00000000000043","240.00000000000043","3.604877821914039","25.166277008153138","3.604877821914038","30.02485004749126","","0.7461065565133208","8.594543771602366","2.578589563111046","","0.8682751160119054","0.7061075693257739","7.203788494288074","direct_physical","22.65335695195243",""
"2025-07-18","stmp","EH4000","Plan","203890.67266257404","886.4811854894526","",,"","","",,"","","","","","","229.99999999999991","229.99999999999991","229.99999999999991","1.7887708869272507","23.99560311679127","1.7887708869272507","27.808137778887815","","0.551633027811286","4.472746640009725","4.254169150867043","","1.9413133806301637","0.9000000000000002","3.8595268071894435","direct_physical","17.064269727188496",""
"2025-07-18","stmp","EH5000","Plan","418572.45336522866","1433.4673060453044","",,"","","",,"","","","","","","291.99999999999983","291.99999999999983","291.99999999999983","1.8179966571552568","19.192890481427412","1.8179966571552566","24.638175997733892","","0.6284579750693055","5.683344024438102","2.4375000368001896","","0.38649227061976155","1.2200000000000002","4.4272676451109065","direct_physical","16.686911726369313",""
"2025-07-19","stmp","CAT793","Plan","486927.4164159483","2028.8642350664488","",,"","","",,"","","","","","","240.00000000000028","240.00000000000028","240.00000000000028","3.5854774836493952","24.91572722204154","3.585477483649395","29.702043842053214","","0.7366928792641637","8.63425125431023","2.628217657960722","","0.9198283620888965","0.7049695234272648","7.242890427438427","direct_physical","22.787727069286415",""
"2025-07-19","stmp","EH4000","Plan","186429.04574620866","810.5610684617768","",,"","","",,"","","","","","","230.0","230.0","230.0","1.5332210092882974","22.85821063154108","1.533221009288297","26.138817822023817","","0.553711977972359","4.024517143540546","4.43300586275838","","2.06600546044326","0.9000000000000002","3.5194116728487597","direct_physical","16.485901130834776",""
"2025-07-19","stmp","EH5000","Plan","424803.47944375733","1454.8064364512195","",,"","","",,"","","","","","","292.00000000000085","292.00000000000085","292.00000000000085","1.693323013517223","18.558124254518084","1.6933230135172224","24.247644153479165","","0.6180282751642407","5.474657859686354","2.5839569677857033","","0.4586648808602293","1.2199999999999998","4.190072246521953","direct_physical","16.442147765635116",""
"2025-07-20","stmp","CAT793","Plan","490179.66389324714","2042.4152662218594","",,"","","",,"","","","","","","240.00000000000043","240.00000000000043","240.00000000000043","3.6232551134730344","24.885790045860507","3.623255113473034","29.969831803253342","","0.7408549020692698","8.735720521942744","2.7387632139393943","","0.9173609237803434","0.7046426172198323","7.253804700524976","direct_physical","23.012388350867493",""
"2025-07-20","stmp","EH4000","Plan","194468.1668115682","845.5137687459495","",,"","","",,"","","","","","","229.99999999999977","229.99999999999977","229.99999999999977","1.5862017773088073","22.560445520751173","1.586201777308807","26.309478257151927","","0.5527327694412967","4.218538439366759","4.349264366244305","","1.9932749108725392","0.9","3.617407601485103","direct_physical","16.665510693110342",""
"2025-07-20","stmp","EH5000","Plan","401796.0336685097","1376.0138139332512","",,"","","",,"","","","","","","292.0000000000002","292.0000000000002","292.0000000000002","1.9013214190285528","18.91132448908039","1.9013214190285517","24.39243827833473","","0.609901791982981","6.032326567479915","2.5188602492582706","","0.4525781655148084","1.2200000000000004","4.6768299191736755","direct_physical","17.383649899951354",""
"2025-07-21","stmp","CAT793","Plan","485860.6112801502","2024.4192136672946","",,"","","",,"","","","","","","239.99999999999974","239.99999999999974","239.99999999999974","3.7881839823443526","25.32246899794189","3.7881839823443526","30.205727692677602","","0.744404836112473","8.975864042291235","2.7339379419621275","","0.9599033912679343","0.705218140301788","7.524766205045292","direct_physical","23.566209016339265",""
"2025-07-21","stmp","EH4000","Plan","186469.6486602482","810.7376028706492","",,"","","",,"","","","","","","229.99999999999864","229.99999999999864","229.99999999999864","1.8788080518528378","24.268690504843985","1.8788080518528378","27.845246716425095","","0.5536844377092062","4.645017129732231","4.400809229521437","","2.0716110012943747","0.8999999999999998","4.0483923255984315","direct_physical","17.610029989232178",""
"2025-07-21","stmp","EH5000","Plan","377192.67684010573","1291.7557426030996","",,"","","",,"","","","","","","292.0000000000005","292.0000000000005","292.0000000000005","2.157188963159365","19.25991517371759","2.157188963159365","25.25864488683967","","0.5826714171764004","6.720244436288385","2.538918052498581","","0.5074054400518976","1.2200000000000004","5.124239181057515","direct_physical","18.51754291460672",""
"2025-07-22","stmp","CAT793","Plan","559575.2379216433","2331.563491340182","",,"","","",,"","","","","","","239.99999999999986","239.99999999999986","239.99999999999986","3.5274041317236584","24.97212771861437","3.5274041317236584","29.958018909190596","","0.7487674772054638","8.47521886353555","2.6288327487163117","","0.9420447805480998","0.7060169772385161","7.0646943826612905","direct_physical","22.47392950164345",""
"2025-07-22","stmp","EH4000","Plan","180659.80738625504","785.4774234184969","",,"","","",,"","","","","","","230.00000000000097","230.00000000000097","230.00000000000097","2.4349330461105074","26.02143670603247","2.4349330461105074","30.439946300660978","","0.55020625986538","5.614447212008146","4.199555971202422","","1.8386558383894493","0.9000000000000001","4.799482276467028","direct_physical","19.052859604124937",""
"2025-07-22","stmp","EH5000","Plan","387890.1455122011","1328.3909092883619","",,"","","",,"","","","","","","291.9999999999996","291.9999999999996","291.9999999999996","2.0674507354726526","19.285971969711177","2.0674507354726526","25.313653793750778","","0.620853716490646","6.431983014554638","2.4839057991570868","","0.45403790907900304","1.2200000000000002","4.900400595625703","direct_physical","18.00685493369531",""
"2025-07-23","stmp","CAT793","Plan","559094.7695712951","2329.5615398803952","",,"","","",,"","","","","","","240.0000000000001","240.0000000000001","240.0000000000001","3.2578179743340225","24.47587877525768","3.2578179743340225","29.679197994082546","","0.7565293017460157","7.986192457270962","2.590557973433492","","0.9990941631244534","0.7056664793875007","6.586063359899889","direct_physical","21.465684042645645",""
"2025-07-23","stmp","EH4000","Plan","110479.32941729085","480.34491050996064","",,"","","",,"","","","","","","229.9999999999998","229.9999999999998","229.9999999999998","5.599232571270624","24.915306310794026","5.599232571270624","29.361365621355592","","0.5379856112859001","13.483838010480031","3.300817173813183","","0.5628538775741123","0.8999999999999998","11.442041170996688","direct_physical","31.9401977249985",""
"2025-07-23","stmp","EH5000","Plan","391805.3444106666","1341.7991246940621","",,"","","",,"","","","","","","292.00000000000034","292.00000000000034","292.00000000000034","2.0770678128783047","19.754469796072993","2.0770678128783047","24.953187973347976","","0.6692662870822703","6.308651665127069","2.311083709614053","","0.3469625513429698","1.2200000000000002","4.994314510266459","direct_physical","17.826917575571795",""
"2025-07-24","stmp","CAT793","Plan","545871.0369882291","2274.462654117621","",,"","","",,"","","","","","","240.00000000000006","240.00000000000006","240.00000000000006","3.5828938063993054","24.103378233270725","3.582893806399305","29.84802543664088","","0.6803997839548566","8.918817366738361","2.416365962943494","","0.5385407895561493","0.6999540812660651","7.2022730227260086","direct_physical","22.49258262728306",""
"2025-07-24","stmp","EH4000","Plan","105576.2599198344","459.0272170427538","",,"","","",,"","","","","","","230.00000000000222","230.00000000000222","230.00000000000222","5.142976920995652","22.11887831020185","5.142976920995652","24.132299508709874","","0.5568937299461749","13.950916087702963","4.729633795640264","","0.3702454760282479","0.9000000000000001","12.786954477685242","direct_physical","34.137531989478845",""
"2025-07-24","stmp","EH5000","Plan","365123.1838077373","1250.421862355259","",,"","","",,"","","","","","","292.00000000000136","292.00000000000136","292.00000000000136","2.365455175278761","20.269454400575373","2.365455175278761","25.864176366228968","","0.6789401345694411","7.002029147498755","2.3463632119972346","","0.39900862964528594","1.2200000000000004","5.487408858765792","direct_physical","19.129657853042794",""
"2025-07-25","stmp","CAT793","Plan","582689.1282508362","2427.8713677118317","",,"","","",,"","","","","","","239.99999999999858","239.99999999999858","239.99999999999858","3.144884123705568","23.067338750539356","3.144884123705567","27.913430393980146","","0.7088166972929134","8.180096085766376","2.330818901488242","","0.5955156263631368","0.7025989498402373","6.759937591297551","direct_physical","21.295154538374593",""
"2025-07-25","stmp","EH4000","Plan","129845.36587017933","564.5450690007805","",,"","","",,"","","","","","","229.9999999999997","229.9999999999997","229.9999999999997","3.893419880106379","21.74461197719973","3.893419880106379","23.43156511428009","","0.5599154288622259","10.743129978650757","4.932614120634379","","0.24414096388236997","0.9","9.969679433151258","direct_physical","28.053370197518603",""
"2025-07-25","stmp","EH5000","Plan","357816.08813161746","1225.3975620945798","",,"","","",,"","","","","","","292.0000000000001","292.0000000000001","292.0000000000001","2.4064549049159374","20.05416479545084","2.4064549049159374","26.03614386492946","","0.6421539376734082","7.199865751961387","2.4678707448466963","","0.5018717815535795","1.22","5.545648197521489","direct_physical","19.520311725038347",""
"2025-07-26","stmp","CAT793","Plan","500353.9021410897","2084.8079255878793","",,"","","",,"","","","","","","239.99999999999937","239.99999999999937","239.99999999999937","4.242196984100989","26.228615340719305","4.242196984100988","30.79498669461582","","0.746188865175718","9.704355938717997","2.3449869570852635","","0.6732085894073425","0.7059293033988998","8.265365449583438","direct_physical","24.516190219853744",""
"2025-07-26","stmp","EH4000","Plan","112563.3600174854","489.40591311950317","",,"","","",,"","","","","","","229.99999999999932","229.99999999999932","229.99999999999932","4.6352919209482115","21.447734088633187","4.6352919209482115","23.200815766956858","","0.5596353726150979","12.967221344108731","4.908155875051869","","0.3212544225132956","0.8999999999999999","11.987402428021266","direct_physical","32.360442302015734",""
"2025-07-26","stmp","EH5000","Plan","378903.1809295296","1297.6136333203067","",,"","","",,"","","","","","","292.00000000000006","292.00000000000006","292.00000000000006","2.2003780649125178","19.735314159286492","2.2003780649125178","26.156495367256458","","0.6215045931368692","6.689667204138603","2.463270153180083","","0.48920466435064547","1.22","5.047414878830492","direct_physical","18.43394812201572",""
"2025-07-27","stmp","CAT793","Plan","569553.6764051113","2373.14031835464","",,"","","",,"","","","","","","239.99999999999906","239.99999999999906","239.99999999999906","3.5323187516787393","24.884752414075503","3.532318751678739","30.526413945257868","","0.6945711472756887","8.516826752949559","2.4233846067904463","","0.5956067387243217","0.7010943926928999","6.942811084223277","direct_physical","21.893004318732224",""
"2025-07-27","stmp","EH4000","Plan","111253.54781353616","483.71107745015144","",,"","","",,"","","","","","","230.00000000000276","230.00000000000276","230.00000000000276","4.758172308102456","21.711073287743915","4.758172308102456","23.435766043616564","","0.5598939888605087","13.149526727787753","4.930741693817757","","0.3145675551711395","0.9000000000000001","12.181822346016686","direct_physical","32.741428824070425",""
"2025-07-27","stmp","EH5000","Plan","382305.2856520427","1309.2646768905552","",,"","","",,"","","","","","","292.00000000000045","292.00000000000045","292.00000000000045","2.1739668115458803","20.05013581495969","2.1739668115458803","26.266060399144834","","0.6613455978916316","6.505592276109729","2.454190677725287","","0.48505613216292914","1.2200000000000004","4.966028658679228","direct_physical","18.269905864890248",""
"2025-07-28","stmp","CAT793","Plan","487834.269762957","2032.642790678988","",,"","","",,"","","","","","","239.99999999999994","239.99999999999994","239.99999999999994","4.2507136437471225","27.395722060488662","4.250713643747123","32.630711172843725","","0.7303086608340583","9.309585564552853","2.587432425884693","","0.608566607701802","0.7038733215740752","7.816036165251641","direct_physical","23.86956942569526",""
"2025-07-28","stmp","EH4000","Plan","116085.22525440801","504.71837067134044","",,"","","",,"","","","","","","229.99999999999943","229.99999999999943","229.99999999999943","3.800446683380434","21.365357615829232","3.8004466833804345","23.76061715072176","","0.5542511648472792","10.672735046282812","4.5219770997997575","","0.32359283934090693","0.8999999999999999","9.596838312589849","direct_physical","27.533840879885734",""
"2025-07-28","stmp","EH5000","Plan","384966.14862752927","1318.3772213271502","",,"","","",,"","","","","","","292.0000000000011","292.0000000000011","292.0000000000011","2.171987832379535","19.79063478094757","2.171987832379535","25.986623167613015","","0.6398853146235608","6.584895905826647","2.3074249760275056","","0.4556620630087014","1.2200000000000002","5.014859726183596","direct_physical","18.143625368998173",""
"2025-07-29","stmp","CAT793","Plan","456190.3444700714","1900.7931019586301","",,"","","",,"","","","","","","240.00000000000009","240.00000000000009","240.00000000000009","4.041114151603804","26.193864144721392","4.041114151603804","31.589282380868053","","0.7425499714303804","9.256627726119223","2.483651774983802","","0.6281078939232644","0.7057519734095932","7.675604851444093","direct_physical","23.619232620219854",""
"2025-07-29","stmp","EH4000","Plan","108876.99912192518","473.37825705184775","",,"","","",,"","","","","","","230.00000000000043","230.00000000000043","230.00000000000043","3.298850775555156","23.146959726812504","3.2988507755551555","26.931663325645555","","0.548598891558606","8.55106021997498","4.18864904701246","","0.30578151901683576","0.9000000000000004","7.349380695132572","direct_physical","23.067921360999577",""
"2025-07-29","stmp","EH5000","Plan","393616.1004176805","1348.000343896167","",,"","","",,"","","","","","","291.99999999999983","291.99999999999983","291.99999999999983","2.065496698703872","19.62230208837022","2.0654966987038734","26.337260720820307","","0.6273088757099461","6.315762613586673","2.484589699340244","","0.4743177533684988","1.2200000000000002","4.705493226342351","direct_physical","17.74490823176169",""
"2025-07-30","stmp","CAT793","Plan","436859.7889750779","1820.249120729491","",,"","","",,"","","","","","","240.00000000000003","240.00000000000003","240.00000000000003","4.6401439211459135","26.977761733269926","4.6401439211459135","32.8248208778723","","0.714817436925911","10.319930838643723","2.7250964667902515","","0.6951893925072931","0.7008920956760798","8.481649794970677","direct_physical","25.726707946217985",""
"2025-07-30","stmp","EH4000","Plan","118877.04176673977","516.8567033336503","",,"","","",,"","","","","","","230.00000000000037","230.00000000000037","230.00000000000037","4.319691778341974","23.454233961432394","4.319691778341974","26.512898608772417","","0.551007872737318","11.05052107550008","4.32747789411972","","0.3410340185079167","0.8999999999999999","9.775676003029035","direct_physical","28.059354717977453",""
"2025-07-30","stmp","EH5000","Plan","374135.7732509495","1281.2868946950402","",,"","","",,"","","","","","","291.99999999999824","291.99999999999824","291.99999999999824","2.316030941360035","20.091344846735456","2.3160309413600357","26.702792840261854","","0.6392747057135222","6.916503476579434","2.317999077371497","","0.4521253785202727","1.2200000000000002","5.204019568772547","direct_physical","18.66884184791124",""
"2025-07-31","stmp","CAT793","Plan","511736.24871974514","2132.234369665602","",,"","","",,"","","","","","","240.00000000000028","240.00000000000028","240.00000000000028","4.139125738051597","26.482288553425004","4.139125738051597","32.21553256292199","","0.7028808642896066","9.377873206920274","2.6496118869684007","","0.6461440803348496","0.7002753194080096","7.708938034720799","direct_physical","23.864009358918683",""
"2025-07-31","stmp","EH4000","Plan","114737.63645939896","498.85928895390754","",,"","","",,"","","","","","","230.00000000000045","230.00000000000045","230.00000000000045","4.754212505945228","23.172558997847535","4.754212505945228","25.466101485524643","","0.5553866965216625","12.309937386855305","4.566083150284257","","0.31836248496336667","0.9000000000000004","11.201272818254342","direct_physical","30.7632544968825",""
"2025-07-31","stmp","EH5000","Plan","369424.52081200667","1265.1524685342677","",,"","","",,"","","","","","","292.0000000000004","292.0000000000004","292.0000000000004","2.3550894236339075","20.01841446327783","2.3550894236339075","26.57149248411307","","0.6387279123433004","7.058769098684004","2.30472822217158","","0.44924525171879426","1.22","5.317931068513372","direct_physical","18.90692465432855",""
"2025-08-01","stmp","CAT793","Plan","512227.706150189","2134.28210895911","",,"","","",,"","","","","","","240.00000000000122","240.00000000000122","240.00000000000122","3.4390890008859523","24.80707406319726","3.4390890008859514","30.117735271381974","","0.7610591022080225","8.318003950303938","2.5139298345892858","","0.6033136669156237","0.7069234395149243","6.851290051985664","direct_physical","21.90846826345308",""
"2025-08-01","stmp","EH4000","Plan","105745.10070588642","459.76130741689883","",,"","","",,"","","","","","","229.99999999999932","229.99999999999932","229.99999999999932","3.779868948637151","25.216307500630705","3.779868948637151","32.92550142482568","","0.5440525999789172","8.993867833843499","3.8255450054248663","","0.40828114600889037","0.9","6.888038969916151","direct_physical","22.993365956142178",""
"2025-08-01","stmp","EH5000","Plan","354122.49471910705","1212.7482695859842","",,"","","",,"","","","","","","291.9999999999997","291.9999999999997","291.9999999999997","2.3951783531382946","20.356894673969723","2.3951783531382924","26.426580930203837","","0.6072801956734972","7.059559107119611","2.3555615286031837","","0.3351558009244922","1.2200000000000002","5.438111784791869","direct_physical","18.877970979951698",""
"2025-08-02","stmp","CAT793","Plan","446934.2222895515","1862.2259262064647","",,"","","",,"","","","","","","240.0","240.0","240.0","3.1106047128271435","23.79617586918909","3.1106047128271435","28.61021225309119","","0.7682736388815969","7.843120835700425","2.56380576468571","","0.5796181451069342","0.707707371058729","6.5234148253990485","direct_physical","21.149683748166776",""
"2025-08-02","stmp","EH4000","Plan","79109.4639074729","343.9541909020559","",,"","","",,"","","","","","","230.0000000000001","230.0000000000001","230.0000000000001","3.0080859456310134","22.28265064935866","3.0080859456310134","29.27785420876526","","0.5487840180751938","8.099806417916243","4.277928535939638","","0.8373584355577087","0.8999999999999999","6.164562315629907","direct_physical","22.044374891659768",""
"2025-08-02","stmp","EH5000","Plan","363181.96568424854","1243.7738550830372","",,"","","",,"","","","","","","292.00000000000136","292.00000000000136","292.00000000000136","2.1526478130744717","19.155630899032747","2.152647813074471","24.94741927868608","","0.6102652333486925","6.742605840823029","2.430005293735079","","0.35229663652130805","1.2200000000000004","5.177243679662514","direct_physical","18.407065356593392",""
"2025-08-03","stmp","CAT793","Plan","508354.8635954901","2118.1452649812027","",,"","","",,"","","","","","","240.00000000000068","240.00000000000068","240.00000000000068","3.3863965400817433","24.063859337423192","3.3863965400817424","29.025426963412407","","0.7537004856389353","8.443524771145954","2.4666998469643593","","0.517994472638796","0.7069439329092733","7.000199950926649","direct_physical","22.043601190988348",""
"2025-08-03","stmp","EH4000","Plan","102908.4803005453","447.42817521976366","",,"","","",,"","","","","","","229.99999999999923","229.99999999999923","229.99999999999923","3.229121542609188","22.614210682458005","3.229121542609188","29.343531306578072","","0.5444399528164444","8.567501880878927","3.8453314964107554","","0.71703129723636","0.8999999999999999","6.602725845512604","direct_physical","22.592792643298633",""
"2025-08-03","stmp","EH5000","Plan","380252.949528","1302.2361285205484","",,"","","",,"","","","","","","291.99999999999994","291.99999999999994","291.99999999999994","2.0213002713843506","19.16369897661819","2.0213002713843498","25.359044972338896","","0.607323513814417","6.328528559702043","2.397538625430342","","0.382498090477235","1.2199999999999995","4.782436263485018","direct_physical","17.58070302140081",""
"2025-08-04","stmp","CAT793","Plan","483811.02560276585","2015.8792733448545","",,"","","",,"","","","","","","240.00000000000037","240.00000000000037","240.00000000000037","3.4823642614781325","24.815044556900755","3.4823642614781303","29.239165587511224","","0.7174820909954258","8.419966976468064","2.318973672316792","","0.40303536537772056","0.7052794132005832","7.145958220433353","direct_physical","21.824067961688424",""
"2025-08-04","stmp","EH4000","Plan","99313.98682091062","431.7999426996114","",,"","","",,"","","","","","","230.0","230.0","230.0","3.5148247287304195","22.895984792800444","3.5148247287304186","29.374279987973193","","0.5449625812790571","9.21076274431046","3.8318017330022296","","0.30390418563894367","0.9000000000000001","7.179392441624792","direct_physical","23.362544947018876",""
"2025-08-04","stmp","EH5000","Plan","393815.5990460814","1348.6835583769935","",,"","","",,"","","","","","","291.9999999999995","291.9999999999995","291.9999999999995","1.897892921080574","18.505575247143664","1.897892921080573","25.50632904982015","","0.5924348109084553","6.153473952797595","2.4620620845408885","","0.24628590577662757","1.2200000000000002","4.464522316888926","direct_physical","16.975239667679055",""
"2025-08-05","stmp","CAT793","Plan","460971.9630286538","1920.7165126193931","",,"","","",,"","","","","","","239.99999999999972","239.99999999999972","239.99999999999972","3.4570045340894957","24.816638976320124","3.457004534089495","29.58077271361822","","0.7146040870092788","8.358112967807156","2.403130232291176","","0.499777461986282","0.7048269396348945","7.011996409068746","direct_physical","21.81094724980581",""
"2025-08-05","stmp","EH4000","Plan","110445.46794727685","480.1976867272934","",,"","","",,"","","","","","","229.9999999999987","229.9999999999987","229.9999999999987","2.9052650630114534","22.720065924102542","2.9052650630114525","28.674388176791897","","0.5461437299427517","7.672332657968413","3.916583685322484","","0.2776213929926964","0.8999999999999998","6.079149891741114","direct_physical","20.729219780600868",""
"2025-08-05","stmp","EH5000","Plan","357845.47273911745","1225.4981943120488","",,"","","",,"","","","","","","291.9999999999994","291.9999999999994","291.9999999999994","2.2675998049777415","19.68283244681735","2.267599804977741","26.5016548735814","","0.6331243314106323","6.912419168647869","2.5734232029947455","","0.3014421677998677","1.2199999999999998","5.133867637612852","direct_physical","18.681567011291875",""
"2025-08-06","stmp","CAT793","Plan","574100.514363906","2392.085476516274","",,"","","",,"","","","","","","240.0000000000001","240.0000000000001","240.0000000000001","3.1107934363522642","25.571164835481856","3.1107934363522642","30.07090284619434","","0.7388206813244163","7.2991436792957","2.663519350704448","","0.7090145620681574","0.7046727748860405","6.20691726935486","direct_physical","20.288891613308746",""
"2025-08-06","stmp","EH4000","Plan","174771.60470489817","759.8765421952041","",,"","","",,"","","","","","","230.0000000000016","230.0000000000016","230.0000000000016","1.5214776479392456","23.700027357980428","1.5214776479392456","26.228001391873168","","0.5565618886316285","3.851837700331406","4.623239172684786","","2.0705340675030572","0.9000000000000001","3.4805800683173986","direct_physical","16.34090602041339",""
"2025-08-06","stmp","EH5000","Plan","371650.05261022114","1272.7741527747287","",,"","","",,"","","","","","","292.0000000000003","292.0000000000003","292.0000000000003","2.22157121568155","20.799429017402588","2.22157121568155","26.667620053041833","","0.6640611031163681","6.408554428555109","2.4940726772448785","","0.24066412254941208","1.2199999999999998","4.998356534095318","direct_physical","17.98765836772622",""
"2025-08-07","stmp","CAT793","Plan","584112.7490910289","2433.8031212126193","",,"","","",,"","","","","","","240.0000000000001","240.0000000000001","240.0000000000001","3.2449295814898726","25.804856182283242","3.2449295814898726","30.3304449006637","","0.7507862579666907","7.544927726551874","2.6468648581236587","","0.6834490657371409","0.7062612595998595","6.419153280706805","direct_physical","20.731850002002183",""
"2025-08-07","stmp","EH4000","Plan","174138.8368963472","757.125377810205","",,"","","",,"","","","","","","230.00000000000006","230.00000000000006","230.00000000000006","1.3417453469286027","23.033471663628642","1.3417453469286027","25.75320938136384","","0.5572463677932686","3.495118842325379","4.681606231584435","","2.160761879315445","0.9","3.1260073113051665","direct_physical","15.747407713833338",""
"2025-08-07","stmp","EH5000","Plan","366351.3561114562","1254.6279318885477","",,"","","",,"","","","","","","292.0000000000002","292.0000000000002","292.0000000000002","2.2216171950973957","20.51295170508583","2.2216171950973957","26.307750881921507","","0.641178903707407","6.498188735694974","2.6157979539178133","","0.2844707371447302","1.2200000000000002","5.066834953095306","direct_physical","18.247821571099564",""
"2025-08-08","stmp","CAT793","Plan","583672.5682246223","2431.969034269267","",,"","","",,"","","","","","","239.99999999999926","239.99999999999926","239.99999999999926","3.3032887630395247","26.145242546277636","3.3032887630395247","31.55761302343814","","0.7155649961169054","7.580626778717313","2.6192178327208944","","0.7899762699612338","0.702674337161544","6.280491672014878","direct_physical","20.544333579897536",""
"2025-08-08","stmp","EH4000","Plan","163907.22443916617","712.6401062572426","",,"","","",,"","","","","","","230.00000000000054","230.00000000000054","230.00000000000054","1.8004802353914158","23.789640227696456","1.8004802353914158","27.922122000885263","","0.5541210205098234","4.541002431710391","4.465455289407739","","1.9695960631946645","0.9000000000000001","3.868932816784481","direct_physical","17.269540678155234",""
"2025-08-08","stmp","EH5000","Plan","367125.0121091369","1257.2774387299187","",,"","","",,"","","","","","","292.0000000000005","292.0000000000005","292.0000000000005","2.30670408402311","20.96706512938789","2.30670408402311","26.524885354150456","","0.6759753972028817","6.600935523751439","2.3825927264915876","","0.1256338393032544","1.2200000000000004","5.217826323978069","direct_physical","18.209367267312075",""
"2025-08-09","stmp","CAT793","Plan","614541.0994066249","2560.587914194271","",,"","","",,"","","","","","","239.99999999999994","239.99999999999994","239.99999999999994","3.1030712427648504","25.36808656509209","3.10307124276485","30.77013591417309","","0.7431625002631711","7.339310912873146","2.761494625190975","","0.8723151524919629","0.7044091860554139","6.05081092541201","direct_physical","20.298208742992365",""
"2025-08-09","stmp","EH4000","Plan","147820.97075185194","642.6998728341404","",,"","","",,"","","","","","","229.99999999999946","229.99999999999946","229.99999999999946","2.465894686412006","24.342422198711855","2.4658946864120055","29.188601855956986","","0.5500314880166629","6.078018036863633","4.221809166954483","","1.7412565540104006","0.9000000000000002","5.068885516163394","direct_physical","19.718552313242107",""
"2025-08-09","stmp","EH5000","Plan","377090.2575774452","1291.4049917035763","",,"","","",,"","","","","","","292.0000000000007","292.0000000000007","292.0000000000007","2.2670323632698226","21.969558300360028","2.267032363269823","28.4673966710704","","0.689581275359986","6.1913826366714115","2.3212900350147234","","0.5083465286526477","1.2200000000000013","4.778165821338339","direct_physical","17.72815405393723",""
"2025-08-10","stmp","CAT793","Plan","610709.2002403346","2544.621667668054","",,"","","",,"","","","","","","240.00000000000063","240.00000000000063","240.00000000000063","3.0259475391079236","24.477699013789145","3.025947539107923","29.531092954677455","","0.7476302428027711","7.417235265626809","2.648582033299737","","0.8719593969117486","0.7051911968411759","6.147989599474625","direct_physical","20.387415577243946",""
"2025-08-10","stmp","EH4000","Plan","150049.04699736825","652.3871608581258","",,"","","",,"","","","","","","229.99999999999898","229.99999999999898","229.99999999999898","2.299345431595233","23.879729531186804","2.2993454315952335","28.38298381747416","","0.5510503678737738","5.777315262952957","4.281397783101435","","1.7759725956340027","0.9000000000000001","4.860684372824031","direct_physical","19.258103460192633",""
"2025-08-10","stmp","EH5000","Plan","387842.5851984366","1328.2280315014934","",,"","","",,"","","","","","","292.00000000000034","292.00000000000034","292.00000000000034","2.0502149263173304","20.90774919409477","2.0502149263173313","27.427689218284776","","0.6775751352195017","5.883602985527674","2.4387402132556297","","0.5291077701252703","1.2199999999999998","4.484989406144826","direct_physical","17.236668776735602",""
"2025-08-11","stmp","CAT793","Plan","622210.2179578508","2592.542574824381","",,"","","",,"","","","","","","239.99999999999974","239.99999999999974","239.99999999999974","2.8034255960793817","23.74591193432134","2.8034255960793812","28.561764666733545","","0.7499965146665952","7.083557634257276","2.666949512945846","","0.9228942576392526","0.7052279809989341","5.88918569029018","direct_physical","19.85457163096683",""
"2025-08-11","stmp","EH4000","Plan","133027.69086161433","578.3812646157144","",,"","","",,"","","","","","","230.00000000000006","230.00000000000006","230.00000000000006","2.461123278558936","21.957939001463288","2.461123278558935","25.713649744578536","","0.5518541679989272","6.725011700947686","4.277885846187803","","1.90547342473676","0.8999999999999999","5.742763014210781","direct_physical","21.177696426131313",""
"2025-08-11","stmp","EH5000","Plan","389628.8565600468","1334.3453991782408","",,"","","",,"","","","","","","292.00000000000034","292.00000000000034","292.00000000000034","2.0199829642170615","20.642885058189837","2.0199829642170615","26.45036283270703","","0.6779690344137043","5.871222821392369","2.3877653480519796","","0.41696101111605466","1.22","4.582129123127031","direct_physical","17.157646478419547",""
"2025-08-12","stmp","CAT793","Plan","625711.8764066306","2607.1328183609526","",,"","","",,"","","","","","","240.00000000000077","240.00000000000077","240.00000000000077","2.688105368717484","22.76439888138323","2.688105368717483","26.953900755447076","","0.7720333388877487","7.0850244262302615","2.7467242865250276","","0.9932933196626106","0.7065355045603668","5.983784075870905","direct_physical","20.060684845787698",""
"2025-08-12","stmp","EH4000","Plan","103811.73920622024","451.35538785313145","",,"","","",,"","","","","","","230.00000000000003","230.00000000000003","230.00000000000003","3.826177794358347","20.898844595062464","3.826177794358344","24.884745362234174","","0.5468247937894418","10.984849742159378","3.8796242280132205","","1.6760575356060983","0.9000000000000001","9.225357315084441","direct_physical","28.5187731003383",""
"2025-08-12","stmp","EH5000","Plan","347527.3132907797","1190.1620318177418","",,"","","",,"","","","","","","291.99999999999926","291.99999999999926","291.99999999999926","2.50020396627902","21.84926157191093","2.50020396627902","27.256890677447366","","0.6948529230419849","6.865780680185301","2.4973506986324754","","0.4262972124877471","1.2200000000000004","5.5036445554981395","direct_physical","19.236226687400023",""
"2025-08-13","stmp","CAT793","Plan","655822.7762922704","2732.594901217801","",,"","","",,"","","","","","","239.99999999999932","239.99999999999932","239.99999999999932","2.594093686079914","22.62765240512728","2.594093686079914","26.985390158555084","","0.8150312496753293","6.878558074788464","2.5702936959004976","","0.915311358596013","0.7097311037786972","5.767773608248205","direct_physical","19.496625768970322",""
"2025-08-13","stmp","EH4000","Plan","115339.08746253086","501.4742933153517","",,"","","",,"","","","","","","229.99999999999994","229.99999999999994","229.99999999999994","3.1998890842615832","19.831715096003894","3.1998890842615832","23.850780063855705","","0.5468750419211961","9.6811266260265","4.03901566511049","","1.5763415315202245","0.8999999999999998","8.049772147563774","direct_physical","26.09687908376719",""
"2025-08-13","stmp","EH5000","Plan","376100.5669684317","1288.0156403028495","",,"","","",,"","","","","","","291.9999999999997","291.9999999999997","291.9999999999997","2.152052909540025","20.261947858648593","2.152052909540025","26.061299054945785","","0.6981962014779962","6.372693063529264","2.297144031665973","","0.2109287344048127","1.22","4.954594715335079","direct_physical","17.77480484141236",""
"2025-08-14","stmp","CAT793","Plan","627159.3524935627","2613.1639687231796","",,"","","",,"","","","","","","239.99999999999986","239.99999999999986","239.99999999999986","3.020917297261867","25.378169815169752","3.020917297261867","30.837936078990047","","0.7881640007333854","7.14216348758795","2.509364823087259","","0.6253090814472312","0.7085149979841726","5.877664360268309","direct_physical","19.638561808557437",""
"2025-08-14","stmp","EH4000","Plan","153582.4115628991","667.7496154908661","",,"","","",,"","","","","","","229.99999999999986","229.99999999999986","229.99999999999986","2.1586658169545156","23.714232546246325","2.158665816954516","27.54776014766073","","0.55372925947301","5.461696842378834","4.468238770899771","","1.9351115609172844","0.9","4.7016508174538245","direct_physical","19.008881315364263",""
"2025-08-14","stmp","EH5000","Plan","354937.44155904395","1215.5391834213883","",,"","","",,"","","","","","","291.9999999999988","291.9999999999988","291.9999999999988","2.531515015839103","21.73598372762929","2.531515015839103","28.015729041225978","","0.7065633279157603","6.9879929454158045","2.3109938229820988","","0.15231832342333862","1.2199999999999998","5.421629425628518","direct_physical","18.834626601367034",""
"2025-08-15","stmp","CAT793","Plan","660617.3539396595","2752.5723080819143","",,"","","",,"","","","","","","240.00000000000003","240.00000000000003","240.00000000000003","2.744750167851344","24.655801036249414","2.7447501678513437","29.952249680569935","","0.8027529974750731","6.679361576164478","2.5544565920652893","","0.6873281981824506","0.7096033615368049","5.498251778326755","direct_physical","18.877624144642017",""
"2025-08-15","stmp","EH4000","Plan","154621.07179604904","672.2655295480401","",,"","","",,"","","","","","","229.99999999999972","229.99999999999972","229.99999999999972","2.486346219412873","26.13125682284805","2.4863462194128734","30.640411553819803","","0.5523411435368777","5.70890157240103","4.338347905579819","","1.8753835896934783","0.9","4.868758792705404","direct_physical","19.296040401220235",""
"2025-08-15","stmp","EH5000","Plan","335484.3245039977","1148.9189195342356","",,"","","",,"","","","","","","292.0000000000008","292.0000000000008","292.0000000000008","2.704790540634041","21.742328778512565","2.7047905406340407","27.706179761492336","","0.7009034038051756","7.4641237418149675","2.43789813332412","","0.22082375432981555","1.2199999999999984","5.857445300474048","direct_physical","19.926755708897318",""
"2025-08-16","stmp","CAT793","Plan","490722.7252305852","2044.678021794105","",,"","","",,"","","","","","","240.0","240.0","240.0","2.6367903040790868","22.609536897327093","2.636790304079087","28.116762516814454","","0.7968647775017796","6.997375442194419","2.7213434036683224","","0.753881393676375","0.7088794509001852","5.626800672735122","direct_physical","19.579137161729278",""
"2025-08-16","stmp","EH4000","Plan","173929.10512123164","756.2135005270949","",,"","","",,"","","","","","","229.99999999999974","229.99999999999974","229.99999999999974","1.6214988725360036","23.208145494789296","1.6214988725360036","26.27493777574269","","0.557280994589363","4.192059739284373","4.78565650876581","","2.210279909569742","0.8999999999999998","3.7027654711319373","direct_physical","17.17311687223051",""
"2025-08-16","stmp","EH5000","Plan","356661.9722640801","1221.4451104934349","",,"","","",,"","","","","","","291.9999999999976","291.9999999999976","291.9999999999976","2.3505733063438345","20.86653086267536","2.3505733063438345","27.123278693637598","","0.6851840588372263","6.758880971101089","2.5542954748692646","","0.1827110122194502","1.2200000000000004","5.199754792687102","direct_physical","18.61571707661919",""
"2025-08-17","stmp","CAT793","Plan","526880.3033266064","2195.3345971941867","",,"","","",,"","","","","","","240.00000000000074","240.00000000000074","240.00000000000074","3.030865322119653","24.189227783167514","3.030865322119654","29.450174032060495","","0.8098430556902468","7.517888580706324","2.6690809988801196","","0.7794794233108752","0.7098406936748114","6.174901347924425","direct_physical","20.65347855749542",""
"2025-08-17","stmp","EH4000","Plan","173274.31949052803","753.3666064805552","",,"","","",,"","","","","","","230.00000000000043","230.00000000000043","230.00000000000043","1.7174758799682783","23.07687638415546","1.7174758799682783","26.668468663483754","","0.5566980098459184","4.465446323092913","4.760516106359758","","2.2287447897203236","0.9000000000000001","3.8640596165612484","direct_physical","17.627356392667917",""
"2025-08-17","stmp","EH5000","Plan","351665.87110952346","1204.3351750326178","",,"","","",,"","","","","","","291.9999999999992","291.9999999999992","291.9999999999992","2.453756463479744","21.305571183943222","2.453756463479745","27.414197353503447","","0.7010722189286765","6.910182624896717","2.4500204781833443","","0.13871334245002848","1.2199999999999998","5.370406651353948","direct_physical","18.8368774794738",""
"2025-08-18","stmp","CAT793","Plan","532736.3244874993","2219.7346853645836","",,"","","",,"","","","","","","239.99999999999966","239.99999999999966","239.99999999999966","2.9525636113094422","24.214753896990327","2.9525636113094427","29.251289665678488","","0.8082463941638804","7.315945370833818","2.669683659544241","","0.7936610971640132","0.7095268755003221","6.056273713169886","direct_physical","20.34090593942256",""
"2025-08-18","stmp","EH4000","Plan","173302.0637479985","753.4872336869489","",,"","","",,"","","","","","","230.00000000000034","230.00000000000034","230.00000000000034","1.6790483759522503","23.22971571268961","1.6790483759522503","26.345463539720853","","0.5571646160206788","4.336811685650659","4.782371781855693","","2.2103543436688855","0.8999999999999998","3.8239183913103565","direct_physical","17.44104848155503",""
"2025-08-18","stmp","EH5000","Plan","351890.0688141406","1205.1029753908874","",,"","","",,"","","","","","","292.00000000000125","292.00000000000125","292.00000000000125","2.4615278314341182","21.330173307490888","2.4615278314341187","27.57458289796988","","0.6642940843747505","6.924072662559175","2.4120525784786007","","0.27733618197490195","1.2199999999999995","5.356079924491645","direct_physical","18.836369550002598",""
"2025-08-19","stmp","CAT793","Plan","548732.5661762891","2286.385692401207","",,"","","",,"","","","","","","239.99999999999974","239.99999999999974","239.99999999999974","3.182495109522906","24.6997460707922","3.1824951095229057","29.76668288625697","","0.7951682457514689","7.730836828204283","2.6924431572658336","","0.8270411298239395","0.7084758066108408","6.414880263985822","direct_physical","21.15542388829752",""
"2025-08-19","stmp","EH4000","Plan","173312.58349556752","753.5329717198633","",,"","","",,"","","","","","","229.9999999999986","229.9999999999986","229.9999999999986","1.8409705416912157","24.282922290403025","1.840970541691216","27.339631928951892","","0.557378040763326","4.5488031127591135","4.768666834993413","","2.224554920631356","0.9000000000000001","4.040223832878337","direct_physical","17.86023686691255",""
"2025-08-19","stmp","EH5000","Plan","362739.474728859","1242.258475098835","",,"","","",,"","","","","","","291.9999999999993","291.9999999999993","291.9999999999993","2.2714235492086154","20.276749194581576","2.2714235492086154","25.9723364626137","","0.6749782381266736","6.721265408211272","2.357574281115206","","0.2138922358495469","1.2199999999999998","5.247329717474405","direct_physical","18.429519377534653",""
"2025-08-20","stmp","CAT793","Plan","544685.9421527524","2269.524758969805","",,"","","",,"","","","","","","239.99999999999963","239.99999999999963","239.99999999999963","2.9190814155772093","25.315806511957497","2.91908141557721","30.76894902473054","","0.8057764160975356","6.9184003619203605","2.5751359422000784","","0.762836870301499","0.7092887904400039","5.69226088267948","direct_physical","19.46606030660193",""
"2025-08-20","stmp","EH4000","Plan","167770.6997380302","729.4378249479585","",,"","","",,"","","","","","","229.99999999999966","229.99999999999966","229.99999999999966","1.766037024503962","24.268403247919508","1.766037024503962","27.09481309289387","","0.5577366588380184","4.366262600293726","4.79431968048401","","2.2355087603678947","0.8999999999999998","3.9107935938494567","direct_physical","17.568734987284266",""
"2025-08-20","stmp","EH5000","Plan","391363.4287872485","1340.2857150248221","",,"","","",,"","","","","","","292.00000000000034","292.00000000000034","292.00000000000034","1.9967759230675357","20.03084928783841","1.9967759230675357","25.32758374452067","","0.709137822077593","5.981102132139342","2.2610691588523095","","0.13726395315205484","1.2200000000000004","4.7302797058156365","direct_physical","17.081601618613373",""
"2025-08-21","stmp","CAT793","Plan","550435.4852630092","2293.481188595867","",,"","","",,"","","","","","","240.00000000000048","240.00000000000048","240.00000000000048","3.1055446531189883","26.044089522276895","3.1055446531189883","31.18167166709302","","0.817811965320014","7.1545092420205","2.5206482192242716","","0.7102265054198987","0.7101668517693264","5.97571166730557","direct_physical","19.892365077917038",""
"2025-08-21","stmp","EH4000","Plan","171496.1357248073","745.6353727165517","",,"","","",,"","","","","","","230.00000000000054","230.00000000000054","230.00000000000054","1.769393285267491","24.65984953644702","1.769393285267491","27.301758605648825","","0.5576680226979043","4.305119419286832","4.761939176778916","","2.232568032331369","0.8999999999999999","3.888525960891173","direct_physical","17.453091567882584",""
"2025-08-21","stmp","EH5000","Plan","365705.31099178595","1252.4154486020045","",,"","","",,"","","","","","","292.0000000000005","292.0000000000005","292.0000000000005","2.317146628876529","21.890669011171386","2.317146628876529","27.269147770118277","","0.7009797696256764","6.3510529377444636","2.4190506842633894","","0.3171094810235867","1.22","5.0983917394345735","direct_physical","18.150026870258785",""
"2025-08-22","stmp","CAT793","Plan","565169.6513989578","2354.873547495647","",,"","","",,"","","","","","","240.00000000000108","240.00000000000108","240.00000000000108","3.331356629301809","26.37690450092787","3.3313566293018093","31.563554918289068","","0.8045539424615423","7.577894432270368","2.494053913880254","","0.7831651132931757","0.7091117312771618","6.332664310961058","direct_physical","20.658395686997736",""
"2025-08-22","stmp","EH4000","Plan","167903.3729730261","730.0146651001119","",,"","","",,"","","","","","","230.0000000000005","230.0000000000005","230.0000000000005","2.10692275361859","25.009730932582453","2.10692275361859","28.364965306989554","","0.5556230734929906","5.0546471514582585","4.611268690059261","","2.1230154786084654","0.8999999999999998","4.456743163580206","direct_physical","18.602636176521607",""
"2025-08-22","stmp","EH5000","Plan","358514.02730510937","1227.787764743522","",,"","","",,"","","","","","","292.00000000000074","292.00000000000074","292.00000000000074","2.596511863432027","24.00396823675654","2.596511863432027","29.19797408852594","","0.715325384055219","6.490206547072666","2.4662447639454843","","0.34321718649681143","1.22","5.33566854102879","direct_physical","18.64672974965834",""
"2025-08-23","stmp","CAT793","Plan","501874.0772952334","2091.141988730138","",,"","","",,"","","","","","","240.0000000000001","240.0000000000001","240.0000000000001","3.4299061615234656","24.89475637726152","3.4299061615234665","29.759006599443655","","0.8099386856938448","8.266574959511445","2.558732684108365","","0.7892871177068502","0.7098018992777669","6.915364227758037","direct_physical","22.06485623373803",""
"2025-08-23","stmp","EH4000","Plan","178295.04813695632","775.1958614650246","",,"","","",,"","","","","","","230.00000000000085","230.00000000000085","230.00000000000085","1.604522764817975","23.936435981406284","1.604522764817975","27.017817876463585","","0.5564522194289037","4.021959073767777","4.721794194893184","","2.180022551790393","0.9000000000000001","3.5632546762018382","direct_physical","16.80668062235253",""
"2025-08-23","stmp","EH5000","Plan","388342.8700346908","1329.941335735237","",,"","","",,"","","","","","","292.00000000000114","292.00000000000114","292.00000000000114","2.0898318850946116","21.387624836722576","2.0898318850946116","26.372281403465443","","0.7020149542902809","5.862732026717715","2.409309193028331","","0.21443201435002746","1.2200000000000002","4.754610008415876","direct_physical","17.214463543465",""
"2025-08-24","stmp","CAT793","Plan","561787.335550458","2340.7805647935693","",,"","","",,"","","","","","","240.0000000000006","240.0000000000006","240.0000000000006","3.330679747773328","25.355445354389868","3.330679747773329","30.620792097766042","","0.8161537595774152","7.88157265917637","2.6096782855673286","","0.8536447604230681","0.709995385517063","6.526310104204628","direct_physical","21.343519749117473",""
"2025-08-24","stmp","EH4000","Plan","166465.23688092674","723.7618994822894","",,"","","",,"","","","","","","230.00000000000023","230.00000000000023","230.00000000000023","2.216471412886717","24.967720870335384","2.2164714128867176","29.10951517734247","","0.5538626615019","5.326408664365072","4.564794916240545","","2.020777566835047","0.8999999999999999","4.568550316382979","direct_physical","18.916711696238146",""
"2025-08-24","stmp","EH5000","Plan","389966.88770667725","1335.5030400913593","",,"","","",,"","","","","","","292.0000000000003","292.0000000000003","292.0000000000003","1.9939204498058152","20.47957098092807","1.9939204498058158","25.084713492434044","","0.7070833488690047","5.841686190582857","2.3342575236190144","","0.21681858825152167","1.2200000000000004","4.769248292368692","direct_physical","17.142773884981498",""
"2025-08-25","stmp","CAT793","Plan","517205.9657790446","2155.02485741269","",,"","","",,"","","","","","","239.99999999999955","239.99999999999955","239.99999999999955","3.9053844838057667","26.197937265927788","3.9053844838057676","31.487903794829734","","0.7637558960112512","8.9443327789436","2.7110961803422704","","0.8590732743313925","0.7062624060456573","7.441685243805323","direct_physical","23.396225766524488",""
"2025-08-25","stmp","EH4000","Plan","174873.48994424846","760.3195214967352","",,"","","",,"","","","","","","229.99999999999918","229.99999999999918","229.99999999999918","1.7533432028410527","24.67158004211825","1.7533432028410536","28.087301040840334","","0.5566058348887635","4.264039513921252","4.7217974670693845","","2.1877045929466763","0.9","3.7454859766517377","direct_physical","17.23176498059468",""
"2025-08-25","stmp","EH5000","Plan","381656.19699675747","1307.0417705368427","",,"","","",,"","","","","","","291.99999999999955","291.99999999999955","291.99999999999955","2.070347159616643","21.066165679803884","2.070347159616643","25.604149100288605","","0.7035696461544059","5.896698595515604","2.3717728170160237","","0.41729024922626834","1.2199999999999995","4.851589837664177","direct_physical","17.516063491464948",""
"2025-08-26","stmp","CAT793","Plan","596324.6306708263","2484.6859611284463","",,"","","",,"","","","","","","239.9999999999997","239.9999999999997","239.9999999999997","3.3333031539819546","26.215957206974554","3.333303153981955","31.128693685736025","","0.8166075718795761","7.628872280341887","2.6174059488406938","","1.007457244893742","0.7098971476411982","6.4248821764904855","direct_physical","21.086735867187677",""
"2025-08-26","stmp","EH4000","Plan","155432.52230098695","675.793575221683","",,"","","",,"","","","","","","229.9999999999998","229.9999999999998","229.9999999999998","2.67695491970019","24.785830049163025","2.67695491970019","29.837691138544866","","0.5470053462616317","6.480206426955435","4.1545057447514955","","1.6397183488145792","0.9","5.383033641451","direct_physical","20.402223580199117",""
"2025-08-26","stmp","EH5000","Plan","364850.23153207963","1249.4870942879465","",,"","","",,"","","","","","","291.9999999999994","291.9999999999994","291.9999999999994","2.267587594916644","20.79708759890367","2.267587594916644","26.03147273334058","","0.7102236210923387","6.542034073182962","2.282658707504742","","0.2886138736183564","1.2200000000000004","5.226567743158913","direct_physical","18.32289964669388",""
"2025-08-27","stmp","CAT793","Plan","468444.4651093554","1951.85193795564","",,"","","",,"","","","","","","240.0000000000009","240.0000000000009","240.0000000000009","4.425808278317146","27.416414148242854","4.425808278317146","32.73302656618068","","0.7897361430942962","9.685748663672271","2.790936503014648","","0.8698094636527034","0.7057302107320725","8.112555561036627","direct_physical","24.921540499683495",""
"2025-08-27","stmp","EH4000","Plan","181339.76295455647","788.4337519763305","",,"","","",,"","","","","","","230.00000000000057","230.00000000000057","230.00000000000057","1.688696919064331","24.13585183289854","1.6886969190643313","27.191155144607592","","0.5565051334099763","4.197979663007065","4.7221241644798235","","2.172203575969934","0.8999999999999996","3.726278438889842","direct_physical","17.135854838897732",""
"2025-08-27","stmp","EH5000","Plan","347634.6785789144","1190.5297211606685","",,"","","",,"","","","","","","291.9999999999993","291.9999999999993","291.9999999999993","2.701283841011847","22.946801782155184","2.701283841011847","28.395151482741095","","0.7301027209404342","7.063164270096745","2.2273790868552674","","0.20466254081316843","1.2200000000000002","5.70791216096252","direct_physical","19.23022795924714",""
"2025-08-28","stmp","CAT793","Plan","473816.88199407427","1974.2370083086412","",,"","","",,"","","","","","","240.0000000000002","240.0000000000002","240.0000000000002","3.5859469154283907","25.236464855250947","3.5859469154283907","30.56494446282658","","0.7807832586380752","8.525632102585707","2.8789182217664746","","0.6824728041573264","0.7050587443978555","7.0393327619940385","direct_physical","22.61321926188331",""
"2025-08-28","stmp","EH4000","Plan","200863.19648169322","873.3182455725813","",,"","","",,"","","","","","","229.99999999999943","229.99999999999943","229.99999999999943","1.220735949921036","22.15505714467263","1.220735949921036","24.790929622389054","","0.556777224847531","3.3059791503572957","4.667203319495727","","2.1446775748073477","0.8999999999999996","2.95447399960001","direct_physical","15.377358926121481",""
"2025-08-28","stmp","EH5000","Plan","397397.11279390776","1360.9490164174902","",,"","","",,"","","","","","","292.00000000000045","292.00000000000045","292.00000000000045","1.8560052024971294","19.03649796023003","1.8560052024971294","24.366690291226465","","0.7050225367258932","5.849831853656876","2.2230081833027335","","0.22164478132092585","1.2199999999999995","4.5701862181063","direct_physical","16.822251504576656",""
"2025-08-29","stmp","CAT793","Plan","470984.2439905927","1962.4343499608087","",,"","","",,"","","","","","","239.9999999999993","239.9999999999993","239.9999999999993","2.8000203007246016","23.982597362508383","2.8000203007246016","29.26418659051764","","0.7912577154266477","7.005130241068457","2.7004859000907713","","0.5285999754549278","0.708341482256032","5.74084700846983","direct_physical","19.52706864025896",""
"2025-08-29","stmp","EH4000","Plan","189515.04114596505","823.9784397650654","",,"","","",,"","","","","","","230.0","230.0","230.0","1.3333397851668065","23.083168539503212","1.3333397851668065","25.620140097102666","","0.5582135943234701","3.4657454834720944","4.838563040910806","","2.240871022604301","0.8999999999999999","3.122558534293709","direct_physical","15.908126336724767",""
"2025-08-29","stmp","EH5000","Plan","408544.9016517853","1399.1263755198172","",,"","","",,"","","","","","","291.99999999999903","291.99999999999903","291.99999999999903","1.6931629272876516","19.11459207439134","1.6931629272876516","24.870628612349144","","0.7163139494931424","5.314776022521736","2.2158596436571587","","0.24307272554429488","1.22","4.084728907367311","direct_physical","15.847971401969629",""
"2025-08-30","stmp","CAT793","Plan","514773.69002178276","2144.8903750907666","",,"","","",,"","","","","","","239.99999999999943","239.99999999999943","239.99999999999943","2.6695866747365984","22.449027837232","2.6695866747365993","27.0620996823052","","0.7704790791771489","7.135061778423353","2.6146510302412134","","0.48233348809164656","0.7067783660118534","5.918801658576698","direct_physical","19.586422792022237",""
"2025-08-30","stmp","EH4000","Plan","159856.373104437","695.0277091497246","",,"","","",,"","","","","","","230.00000000000048","230.00000000000048","230.00000000000048","1.5548195125599018","16.608764850678355","1.5548195125599018","18.31887915146138","","0.5599999999999999","5.61686384221304","4.9399999999999995","","2.3649152691233786","0.9","5.092515212436019","direct_physical","20.17429432377246",""
"2025-08-30","stmp","EH5000","Plan","400902.2588561682","1372.952941288246","",,"","","",,"","","","","","","292.0000000000003","292.0000000000003","292.0000000000003","1.6671725594421825","18.736008401685382","1.6671725594421825","24.94419646655412","","0.6993720466288941","5.338936203590344","2.2479539106920097","","0.15913750861786177","1.2200000000000002","4.010165398619051","direct_physical","15.698175667835503",""
"2025-08-31","stmp","CAT793","Plan","577836.3393576684","2407.6514139902797","",,"","","",,"","","","","","","240.00000000000054","240.00000000000054","240.00000000000054","2.886228041588435","23.119304892407136","2.886228041588436","27.787447607571004","","0.7727475248578286","7.4904363821154485","2.627146466632806","","0.5624897103799921","0.7066764854638115","6.232083095250641","direct_physical","20.378639286097155",""
"2025-08-31","stmp","EH4000","Plan","163789.2506813216","712.1271768753119","",,"","","",,"","","","","","","229.99999999999983","229.99999999999983","229.99999999999983","1.438840400224076","16.247587532544795","1.438840400224076","18.00999762659971","","0.5594816029448142","5.3134303071468345","4.906530664815142","","2.4333234732544113","0.9000000000000002","4.793472259315548","direct_physical","19.63008457201531",""
"2025-08-31","stmp","EH5000","Plan","401262.61520916334","1374.1870383875455","",,"","","",,"","","","","","","292.00000000000006","292.00000000000006","292.00000000000006","1.8952228775390285","19.517794726953305","1.8952228775390285","25.092557244071166","","0.6833516951482651","5.82613836466412","2.256341378397526","","0.1478851137606655","1.2199999999999995","4.531757028439569","direct_physical","16.66019690159416",""
"2025-09-01","stmp","CAT793","Plan","504268.8102160709","2110.265770884813","",,"","","",,"","","","","","","238.95985859858598","238.95985859858598","238.95985859858598","2.968240426741125","23.79018366589708","2.968240426741124","31.461464149839745","","0.9934226352582016","7.486046686548434","2.404807057974466","","0.23509692436557644","1.695283219175104","5.660716384853138","direct_physical","20.490197959066062",""
"2025-09-01","stmp","EH4000","Plan","171359.99999292727","768.4304932418257","",,"","","",,"","","","","","","223.00000000000017","223.00000000000017","223.00000000000017","0.9834519967274648","22.40059296193428","0.9834519967274648","23.897023776063808","","0.6499999999999999","2.6341766891581715","3.0203241899999997","","1.7499999999999998","1.83","2.4692246346907734","direct_physical","14.453725513848944",""
"2025-09-01","stmp","EH5000","Plan","432598.8121292739","1481.502781264639","",,"","","",,"","","","","","","291.99999999999955","291.99999999999955","291.99999999999955","1.2967568357736847","18.749957534380602","1.2967568357736847","24.084784205311557","","1.043155145001613","4.149631272697778","2.0635968826585733","","0.06608704080995262","2.5290482320025807","3.2304798533034895","direct_physical","15.005531671831475",""
"2025-09-02","stmp","CAT793","Plan","566728.7516344821","2373.4933807018742","",,"","","",,"","","","","","","238.77410244425988","238.77410244425988","238.77410244425988","2.880773660257155","24.051991923221923","2.880773660257155","31.623649727224908","","1.0233433384559831","7.186366109184831","2.3918408530423645","","0.2652493861148719","1.7255045320031412","5.465732801442751","direct_physical","20.078469896684613",""
"2025-09-02","stmp","EH4000","Plan","169828.91892969777","761.2825426090443","",,"","","",,"","","","","","","223.08263939386458","223.08263939386458","223.08263939386458","1.1335677649368474","23.07874115696389","1.1335677649368492","24.80312678247187","","0.6499999999999998","2.947044010487026","3.0117527143466534","","1.7293401515340274","1.8299999999999992","2.742156926129","direct_physical","15.01029380249671",""
"2025-09-02","stmp","EH5000","Plan","453025.5851217008","1551.4574832934886","",,"","","",,"","","","","","","292.00000000000136","292.00000000000136","292.00000000000136","1.2090277853209879","18.35836552364413","1.2090277853209879","23.224502332872508","","1.048839166135754","3.9514229644153946","2.0687795469949357","","0.09016795955775356","2.5381426658172073","3.1234971617274265","direct_physical","14.745600714534705",""
"2025-09-03","stmp","CAT793","Plan","551587.561946209","2312.427296969738","",,"","","",,"","","","","","","238.53185035007286","238.53185035007286","238.53185035007286","2.735282874883518","23.880400433224565","2.735282874883518","30.482690880104933","","1.0320131085693394","6.872454796221789","2.4077879446934656","","0.2880230162048173","1.7186035443677337","5.38393979516175","direct_physical","19.664156625762697",""
"2025-09-03","stmp","EH4000","Plan","157199.99999388543","704.932735398587","",,"","","",,"","","","","","","223.00000000000074","223.00000000000074","223.00000000000074","0.700218581010931","20.82202175776502","0.7002185810109312","22.645865179453995","","0.6500000000000001","2.0177250484808558","3.0203241900000006","","1.75","1.83","1.8552223343082197","direct_physical","13.223271572789075",""
"2025-09-03","stmp","EH5000","Plan","398651.6718347473","1365.2454514888655","",,"","","",,"","","","","","","291.999999999999","291.999999999999","291.999999999999","1.530562032098027","18.897425230526114","1.530562032098027","25.512002024796868","","1.096418925390366","4.859589113628943","2.152825806542213","","0.06654639109559334","2.6142702806245848","3.5996281999594593","direct_physical","16.32422562982482",""
"2025-09-04","stmp","CAT793","Plan","631350.3286656503","2651.0317400839713","",,"","","",,"","","","","","","238.15268565801946","238.15268565801946","238.15268565801946","2.579956536634016","24.329565930579697","2.579956536634016","30.715330274808316","","0.9455192680355122","6.362521741642623","2.3952587282750275","","0.5412632423272271","1.5739058451524213","5.039743698442357","direct_physical","18.580983420142193",""
"2025-09-04","stmp","EH4000","Plan","129007.47969736553","572.2214891592205","",,"","","",,"","","","","","","225.45025333969804","225.45025333969804","225.45025333969804","3.2992621079322095","26.097563516346007","3.2992621079322095","33.48223079261642","","0.6500000000000001","7.585218687251954","2.7764583711411857","","0.8725706230544639","1.8299999999999998","5.912262169806984","direct_physical","21.72650985125461",""
"2025-09-04","stmp","EH5000","Plan","393269.4093021291","1346.8130455552325","",,"","","",,"","","","","","","292.0000000000009","292.0000000000009","292.0000000000009","1.7393866283136925","20.35598467266772","1.7393866283136925","26.532644162869747","","1.0938608362523201","5.126904906690736","2.083716398631611","","0.08347666100750441","2.6101773380037128","3.9333885103268096","direct_physical","16.865923401538197",""
"2025-09-05","stmp","CAT793","Plan","577634.7577727408","2418.1720977529803","",,"","","",,"","","","","","","238.87247657414125","238.87247657414125","238.87247657414125","3.1024295686862513","24.543036077614552","3.1024295686862513","31.933685566735033","","0.9487848136457058","7.584464021994276","2.377381782298307","","0.301031588705536","1.6337658627453502","5.829135310177948","direct_physical","20.61730032408048",""
"2025-09-05","stmp","EH4000","Plan","163122.27581929584","730.3603069172708","",,"","","",,"","","","","","","223.3449357452184","223.3449357452184","223.3449357452184","1.536896432674323","24.415179120311883","1.536896432674323","26.714296071069032","","0.65","3.7769039295617275","2.9845469631367427","","1.6637660636953444","1.8299999999999994","3.451851612153269","direct_physical","16.457068568547093",""
"2025-09-05","stmp","EH5000","Plan","403553.86169015075","1382.0337729114806","",,"","","",,"","","","","","","291.99999999999886","291.99999999999886","291.99999999999886","1.6380018960899903","20.11612451624062","1.6380018960899896","25.882943533908204","","1.091603407512364","4.885638567511034","2.0349676081054153","","0.07295334139971547","2.6065654520197823","3.7970995700951304","direct_physical","16.42274296253895",""
"2025-09-06","stmp","CAT793","Plan","518140.1837279607","2167.255101017807","",,"","","",,"","","","","","","239.0766935948734","239.0766935948734","239.0766935948734","2.9052608483841214","24.542734232297693","2.905260848384122","31.80572057424509","","0.9986797339995552","7.102535897310568","2.4352465978669673","","0.347500255925243","1.6806156842872018","5.480638317755978","direct_physical","19.983551500688286",""
"2025-09-06","stmp","EH4000","Plan","156377.92221576974","701.2462879630926","",,"","","",,"","","","","","","223.0000000000001","223.0000000000001","223.0000000000001","1.3046156385438512","23.472673814404438","1.3046156385438514","24.817799403167317","","0.65","3.334811318538197","3.02032419","","1.7500000000000002","1.8300000000000003","3.1540644293644005","direct_physical","15.839199937902608",""
"2025-09-06","stmp","EH5000","Plan","350140.61431099894","1199.1116928458805","",,"","","",,"","","","","","","292.00000000000153","292.00000000000153","292.00000000000153","2.242029498595681","21.891686468093525","2.2420294985956786","29.27184645745899","","0.8885565280314174","6.144879249563632","2.241693766163667","","0.20446340168169977","2.2816904448502684","4.595602471174556","direct_physical","18.247290831757702",""
"2025-09-07","stmp","CAT793","Plan","597378.830910884","2498.3239855181655","",,"","","",,"","","","","","","239.11183432319507","239.11183432319507","239.11183432319507","2.9026071568574188","24.67841889594081","2.9026071568574188","31.71796617154267","","1.0171775555235798","7.0570335217095685","2.3906709632436614","","0.3426626659012446","1.698314438321462","5.490781737692189","direct_physical","19.93462318248988",""
"2025-09-07","stmp","EH4000","Plan","155640.97663365054","696.2668812999664","",,"","","",,"","","","","","","223.53637780826335","223.53637780826335","223.53637780826335","1.5855516434677552","24.84360492232058","1.5855516434677552","27.64651511845329","","0.6499999999999999","3.829279160794961","2.9646903196440655","","1.6159055479344004","1.8300000000000005","3.4410520892221452","direct_physical","16.430927117595587",""
"2025-09-07","stmp","EH5000","Plan","361146.85095959774","1236.8042841082188","",,"","","",,"","","","","","","291.99999999999824","291.99999999999824","291.99999999999824","2.06201881902403","21.448404324331342","2.062018819024028","28.32018466904807","","0.9399636216147343","5.768313916065587","2.1705048801310203","","0.14419154010338409","2.3639417945835755","4.368655451482984","direct_physical","17.6569919800416",""
"2025-09-08","stmp","CAT793","Plan","559520.2132098963","2342.5005050738955","",,"","","",,"","","","","","","238.85596267662106","238.85596267662106","238.85596267662106","2.8514830531138657","24.03596947041543","2.8514830531138657","31.107530027834027","","1.0352997280994947","7.118039627959092","2.4001292723236927","","0.31334429204819725","1.7226923200909174","5.499921820657152","direct_physical","20.054360285832065",""
"2025-09-08","stmp","EH4000","Plan","157162.6578178379","704.7652816943414","",,"","","",,"","","","","","","222.99999999999966","222.99999999999966","222.99999999999966","1.135570575798873","22.929518312013926","1.135570575798873","24.36112983074101","","0.6500000000000001","2.971463840661382","3.02032419","","1.7500000000000002","1.8299999999999998","2.796842142434405","direct_physical","15.1186301730958",""
"2025-09-08","stmp","EH5000","Plan","331130.9647606695","1134.010153289962","",,"","","",,"","","","","","","292.0000000000005","292.0000000000005","292.0000000000005","2.739280849763184","23.836683653406148","2.739280849763184","31.334398889845755","","1.0111211062221086","6.895122382609849","2.1255353288276306","","0.08435395288467779","2.477793769955374","5.2452530384762746","direct_physical","19.755848387452094",""
"2025-09-09","stmp","CAT793","Plan","540343.3603465575","2267.1589587830267","",,"","","",,"","","","","","","238.33501319051965","238.33501319051965","238.33501319051965","2.4645455170931423","23.361663398183165","2.4645455170931423","30.247684840976692","","1.0481988989258213","6.329717559285123","2.394020910189429","","0.34767803394454283","1.734159063357662","4.888728899517777","direct_physical","18.703796443675873",""
"2025-09-09","stmp","EH4000","Plan","157183.95814328958","704.8607988488355","",,"","","",,"","","","","","","222.99999999999895","222.99999999999895","222.99999999999895","1.2578671490304998","23.21301528075128","1.2578671490304998","24.455963268542988","","0.6500000000000001","3.2512807159702763","3.02032419","","1.75","1.83","3.0860378760425897","direct_physical","15.687642782012878",""
"2025-09-09","stmp","EH5000","Plan","306413.768170974","1049.3622197636078","",,"","","",,"","","","","","","292.0000000000005","292.0000000000005","292.0000000000005","3.3194636115456735","25.271906579641637","3.3194636115456744","33.090907955804695","","1.053818441426152","7.8809968715690255","2.0361073891528534","","0.05933254784695637","2.546109506281842","6.018807853768881","direct_physical","21.52099084749418",""
"2025-09-10","stmp","CAT793","Plan","517424.72846380185","2172.4206764535543","",,"","","",,"","","","","","","238.1788822358708","238.1788822358708","238.1788822358708","2.4342984980385527","23.09071146647398","2.4342984980385536","30.85366767110302","","1.0574118177498844","6.325396690109724","2.308775671657812","","0.3968806267396857","1.7411898438482223","4.733891329850175","direct_physical","18.517744169415433",""
"2025-09-10","stmp","EH4000","Plan","157199.99999329142","704.9327353959296","",,"","","",,"","","","","","","222.99999999999875","222.99999999999875","222.99999999999875","1.3498511760033984","23.3944802033915","1.3498511760033984","24.632537133720895","","0.6499999999999999","3.4619735021281914","3.0203241899999997","","1.7499999999999996","1.8299999999999998","3.2879711139998884","direct_physical","16.100268806128085",""
"2025-09-10","stmp","EH5000","Plan","307455.2069921021","1052.9287910688422","",,"","","",,"","","","","","","292.00000000000017","292.00000000000017","292.00000000000017","3.277817134863101","25.186033492917332","3.277817134863101","32.965908392255564","","1.052447866106562","7.808654274484791","2.0359221159335315","","0.07502958840469309","2.5439165857704986","5.965830692473442","direct_physical","21.407325665910626",""
"2025-09-11","stmp","CAT793","Plan","614013.8342435533","2577.1837062065642","",,"","","",,"","","","","","","238.24992869729846","238.24992869729846","238.24992869729846","2.2768642426713503","22.00835219550718","2.27686424267135","29.945178240876476","","0.9917126375010707","6.207273190955623","2.358396666015185","","0.3426391067211054","1.6827915248123664","4.562065166598336","direct_physical","18.117636556311272",""
"2025-09-11","stmp","EH4000","Plan","159301.30577587013","714.2002030547501","",,"","","",,"","","","","","","223.0485305023894","223.0485305023894","223.0485305023894","1.3961251392041971","23.47100180097165","1.3961251392041971","24.900530778480828","","0.65","3.568978821721365","3.010361449303278","","1.7307163972938882","1.8300000000000003","3.36408525173464","direct_physical","16.254141920053183",""
"2025-09-11","stmp","EH5000","Plan","318439.7706272423","1090.5471596823338","",,"","","",,"","","","","","","292.00000000000074","292.00000000000074","292.00000000000074","3.0567979975886055","24.084120733750876","3.056797997588606","32.42016241569476","","1.0368880247583725","7.615303123700638","2.0630007856029557","","0.08932264917360051","2.519020839613396","5.657216564915409","direct_physical","20.90294227878402",""
"2025-09-12","stmp","CAT793","Plan","682079.1431969461","2867.4119821406102","",,"","","",,"","","","","","","237.87273940585033","237.87273940585033","237.87273940585033","2.0623885605157932","21.57378342828008","2.0623885605157923","28.64095620821642","","0.8757273636825682","5.735818848943212","2.4252016774470775","","0.40221128516881666","1.547163934819221","4.32050217637107","direct_physical","17.18598876927741",""
"2025-09-12","stmp","EH4000","Plan","175726.11418632124","785.5784076677547","",,"","","",,"","","","","","","223.6901020587129","223.6901020587129","223.6901020587129","1.770914376636895","23.714051292113044","1.770914376636895","27.5204667407307","","0.6499999999999998","4.480671028722645","2.6223761587144145","","1.2003733961318461","1.8299999999999996","3.8609396998690766","direct_physical","16.74436028343798",""
"2025-09-12","stmp","EH5000","Plan","264293.03436887206","905.11313140025","",,"","","",,"","","","","","","291.999999999999","291.999999999999","291.999999999999","4.233410278782631","24.73393325454904","4.233410278782631","34.056201924817","","1.2600239313877315","10.269479346971295","1.9153889752430593","","0.004066469862063268","2.8760382902203707","7.458395310425465","direct_physical","25.753397452264508",""
"2025-09-13","stmp","CAT793","Plan","531311.7577896782","2226.6330026692517","",,"","","",,"","","","","","","238.61667241649172","238.61667241649172","238.61667241649172","2.7618600302370897","23.947533336997854","2.7618600302370897","30.815776591252124","","0.9510840161116735","6.919777476964964","2.5127006344645624","","0.2891937134865972","1.6332070851636808","5.377492315454643","direct_physical","19.61544988038265",""
"2025-09-13","stmp","EH4000","Plan","156690.42292762548","702.6476364467512","",,"","","",,"","","","","","","222.99999999999994","222.99999999999994","222.99999999999994","1.1281694018283925","22.886645031287173","1.1281694018283925","24.19916747670772","","0.6500000000000001","2.9576272108545294","3.020324190000001","","1.7499999999999998","1.8300000000000003","2.7972104484526983","direct_physical","15.105161849307253",""
"2025-09-13","stmp","EH5000","Plan","325115.803461835","1113.410285828207","",,"","","",,"","","","","","","291.99999999999875","291.99999999999875","291.99999999999875","2.5703741323369727","21.45752327144562","2.5703741323369727","29.937138274833476","","0.9605306699713168","7.187336860328532","2.343969577885132","","0.16398205428823803","2.3968490719541067","5.151542760179746","direct_physical","20.110038995315215",""
"2025-09-14","stmp","CAT793","Plan","572400.6747165922","2405.7573702408276","",,"","","",,"","","","","","","237.92951101269708","237.92951101269708","237.92951101269708","2.288955838459087","23.200914805648928","2.2889558384590876","29.48817984540113","","0.9383006345084209","5.919479962665373","2.4869834351466897","","0.3690456214304161","1.6243108721964905","4.657369530014036","direct_physical","17.940661858784388",""
"2025-09-14","stmp","EH4000","Plan","157199.99999207433","704.9327353904667","",,"","","",,"","","","","","","223.00000000000034","223.00000000000034","223.00000000000034","1.4316431279091306","23.5569626746788","1.4316431279091306","24.818144368825482","","0.6499999999999999","3.6464203327400764","3.02032419","","1.7500000000000002","1.8299999999999996","3.4611204769380985","direct_physical","16.457864999678186",""
"2025-09-14","stmp","EH5000","Plan","298106.7059284389","1020.9133764672575","",,"","","",,"","","","","","","291.9999999999997","291.9999999999997","291.9999999999997","3.0627812401909758","22.378967738380215","3.0627812401909775","31.898179565066716","","0.9848952933140696","8.211588512918583","2.331109517587656","","0.23786755597433829","2.4358324693025115","5.761045831364963","direct_physical","21.873388171886578",""
"2025-09-15","stmp","CAT793","Plan","688439.0466553809","2895.18135065837","",,"","","",,"","","","","","","237.7878838224861","237.7878838224861","237.7878838224861","2.044580595628091","22.374583142233462","2.044580595628091","28.84084913728609","","0.8475921013278549","5.482776369859104","2.4016116351934778","","0.5248717611561591","1.4972496610328898","4.253509844794713","direct_physical","16.798335862497833",""
"2025-09-15","stmp","EH4000","Plan","151795.38910758798","675.2929246656173","",,"","","",,"","","","","","","224.78450989657864","224.78450989657864","224.78450989657864","2.728626784634888","25.87985390491028","2.728626784634888","31.606579281033696","","0.6500000000000001","6.326063805446387","2.5636597119953466","","0.9554653093213844","1.8300000000000003","5.179858459923123","direct_physical","19.60504728668624",""
"2025-09-15","stmp","EH5000","Plan","242866.88039310742","831.735891757214","",,"","","",,"","","","","","","292.00000000000114","292.00000000000114","292.00000000000114","4.725648716096419","24.85827984365594","4.725648716096419","34.763141095248756","","1.291262699895318","11.406216550343762","1.9428342103568317","","0.0","2.9260203198325083","8.15630906853057","direct_physical","27.69934199893657",""
"2025-09-16","stmp","CAT793","Plan","703089.1413072478","2955.726525759129","",,"","","",,"","","","","","","237.87354316437347","237.87354316437347","237.87354316437347","2.0809938522318343","22.15538739369772","2.0809938522318348","28.987935702063083","","0.8381919197605687","5.635632946297631","2.4547249100670983","","0.6215525399744852","1.4574494417052604","4.307296401413771","direct_physical","16.986281518629045",""
"2025-09-16","stmp","EH4000","Plan","113181.90584514203","497.30268624852374","",,"","","",,"","","","","","","227.59158350610662","227.59158350610662","227.59158350610662","5.044323937570789","27.71161390378404","5.044323937570789","34.54252555677881","","0.65","10.921754225686545","2.4621220047213113","","0.3943130044088905","1.83","8.761937101465119","direct_physical","27.120126336281864",""
"2025-09-16","stmp","EH5000","Plan","272178.0157541592","932.1164923087666","",,"","","",,"","","","","","","291.99999999999926","291.99999999999926","291.99999999999926","3.859804952038463","23.655911118471696","3.859804952038463","32.73735151479319","","1.254459100314397","9.789870107411433","1.887119869102791","","0.0","2.867134560503035","7.0741305086228135","direct_physical","24.84152681030754",""
"2025-09-17","stmp","CAT793","Plan","628433.5135449106","2642.737310351703","",,"","","",,"","","","","","","237.79643594666504","237.79643594666504","237.79643594666504","2.0771108434513197","21.044791768746215","2.07711084345132","28.236868009483473","","0.9083487572000438","5.921971192519148","2.355456936749334","","0.27468276111987594","1.5982522581879102","4.413614518622349","direct_physical","17.428150197021047",""
"2025-09-17","stmp","EH4000","Plan","157402.91071492658","705.8149559245514","",,"","","",,"","","","","","","223.00874952237803","223.00874952237803","223.00874952237803","1.3262194445023365","23.10984187940733","1.3262194445023365","24.567554457365922","","0.65","3.4432588109157978","3.0194166770750055","","1.7478126194053913","1.83","3.2389535070830915","direct_physical","16.029441614479307",""
"2025-09-17","stmp","EH5000","Plan","290744.1990081544","995.6993116717631","",,"","","",,"","","","","","","291.99999999999955","291.99999999999955","291.99999999999955","3.248189882939762","23.648679612714375","3.2481898829397626","32.033426540457036","","1.1005806539491292","8.241110969747552","1.942924106507949","","0.02391462540928489","2.6209290463186052","6.084000808662949","direct_physical","21.949298922155993",""
"2025-09-18","stmp","CAT793","Plan","626063.8541685921","2632.3309028115464","",,"","","",,"","","","","","","237.83630450864075","237.83630450864075","237.83630450864075","2.139785399639874","21.77768032882249","2.139785399639874","29.472813572070596","","0.9736155117789174","5.895353501376988","2.3572750979101715","","0.333719378844586","1.6652048881713664","4.356120384110741","direct_physical","17.553340079266725",""
"2025-09-18","stmp","EH4000","Plan","157424.12149944328","705.9071767271392","",,"","","",,"","","","","","","223.0096628700148","223.0096628700148","223.0096628700148","1.260688413733668","23.102977456187695","1.260688413733668","24.454269524218038","","0.6500000000000001","3.274093348680518","3.019321943357205","","1.7475842824966075","1.8300000000000003","3.093173760480127","direct_physical","15.714173335014474",""
"2025-09-18","stmp","EH5000","Plan","319793.88227327634","1095.1845283331356","",,"","","",,"","","","","","","292.0000000000007","292.0000000000007","292.0000000000007","3.1479079235559015","24.940527547163125","3.1479079235559015","32.959951003240434","","1.0399121368681172","7.572994398622403","2.075755130982883","","0.14935113650847626","2.523859418988988","5.730423427959133","direct_physical","21.015133964973167",""
"2025-09-19","stmp","CAT793","Plan","592947.6445712822","2491.0215796688","",,"","","",,"","","","","","","238.0339252822206","238.0339252822206","238.0339252822206","2.4546951676370417","22.650805203841244","2.4546951676370417","30.613232248170014","","0.942213546345393","6.5022726005893015","2.3403374312430474","","0.2992851870204161","1.630148785680833","4.811047355740316","direct_physical","18.478523043828574",""
"2025-09-19","stmp","EH4000","Plan","155959.8055296409","699.3652561091834","",,"","","",,"","","","","","","223.00193520807787","223.00193520807787","223.00193520807787","1.1570054055302432","23.096761990208567","1.1570054055302432","24.47379413923955","","0.65","3.0056301554843063","3.0201234674613966","","1.7495161979804916","1.8299999999999998","2.8365166404873428","direct_physical","15.191786461413555",""
"2025-09-19","stmp","EH5000","Plan","330312.3165205285","1131.2065634264643","",,"","","",,"","","","","","","292.00000000000085","292.00000000000085","292.00000000000085","2.8272423546398526","24.249071950084165","2.8272423546398535","32.33147225244369","","1.0315195117358091","6.9955065343357345","2.030192944167434","","0.016637514916297266","2.510431218777295","5.2467311093626385","direct_physical","19.752058728667187",""
"2025-09-20","stmp","CAT793","Plan","537857.4331978512","2258.9726905014854","",,"","","",,"","","","","","","238.0982450383003","238.0982450383003","238.0982450383003","2.3133283392728137","22.596937176885657","2.3133283392728137","29.58232815359725","","0.9963955689986285","6.142412100802167","2.2268276199529162","","0.2670629229436133","1.6806506643886412","4.69198028078431","direct_physical","17.952319032667898",""
"2025-09-20","stmp","EH4000","Plan","157199.9999929274","704.9327353942933","",,"","","",,"","","","","","","222.99999999999997","222.99999999999997","222.99999999999997","1.1550691678188914","22.918925735685328","1.1550691678188914","24.34690953409382","","0.6499999999999999","3.02388300692581","3.0203241899999997","","1.75","1.8299999999999996","2.846527604338632","direct_physical","15.220734801264445",""
"2025-09-20","stmp","EH5000","Plan","337056.080911777","1154.3016469581391","",,"","","",,"","","","","","","292.0000000000003","292.0000000000003","292.0000000000003","2.54745224151286","22.520270666019787","2.54745224151286","30.18359738540784","","0.9880337082471139","6.787091361268514","2.0547591211452687","","0.001192966061966306","2.440853933195383","5.063913772076256","direct_physical","19.24756637090459",""
"2025-09-21","stmp","CAT793","Plan","603079.8704656118","2525.636789985128","",,"","","",,"","","","","","","238.7832933290313","238.7832933290313","238.7832933290313","2.7802464788849153","23.7250168923814","2.7802464788849153","31.234442266785265","","0.9971866057507424","7.031176816007354","2.370258960191767","","0.2658624686079969","1.687030731045165","5.340732109389573","direct_physical","19.661030039440597",""
"2025-09-21","stmp","EH4000","Plan","160361.18992536754","718.7020261856815","",,"","","",,"","","","","","","223.12611358067488","223.12611358067488","223.12611358067488","1.1939053216444586","23.11397121818069","1.1939053216444586","25.088854638286747","","0.6499999999999999","3.099178355051438","3.0048590772898884","","1.7120814870408914","1.83","2.8552247733681013","direct_physical","15.25134369275032",""
"2025-09-21","stmp","EH5000","Plan","361140.4371549751","1236.7823190238823","",,"","","",,"","","","","","","292.00000000000114","292.00000000000114","292.00000000000114","2.205460508719316","21.396936408942082","2.205460508719316","28.737968320099167","","1.006281809403104","6.184419488570213","2.0546905367142534","","0.0008978790186258018","2.4700508950449667","4.604627197344699","direct_physical","18.236599622396525",""
"2025-09-22","stmp","CAT793","Plan","496336.7622809093","2079.6490253500806","",,"","","",,"","","","","","","238.66371499746586","238.66371499746586","238.66371499746586","2.8856281596094737","24.465733466601478","2.8856281596094737","32.11978970145463","","0.9818531665523745","7.07674224494112","2.517721743060884","","0.3829667349858547","1.6608265045457673","5.390374320188262","direct_physical","19.93483223696903",""
"2025-09-22","stmp","EH4000","Plan","157199.9999948259","704.9327354028109","",,"","","",,"","","","","","","222.9999999999987","222.9999999999987","222.9999999999987","0.9599273698541166","22.283619023046345","0.9599273698541168","23.739619155319957","","0.6500000000000001","2.5846628472547466","3.0203241900000006","","1.75","1.8300000000000005","2.4261401084161895","direct_physical","14.361127145670945",""
"2025-09-22","stmp","EH5000","Plan","399996.2268528936","1369.850091961962","",,"","","",,"","","","","","","292.00000000000045","292.00000000000045","292.00000000000045","1.6872374240672254","19.9044510971169","1.6872374240672254","27.157286924819175","","0.9800705992596225","5.086010407928153","2.1478469648502347","","0.025547202952689856","2.428112958815396","3.727700993265092","direct_physical","16.305304255483957",""
"2025-09-23","stmp","CAT793","Plan","621950.4925624285","2607.8867565257365","",,"","","",,"","","","","","","238.4883051405958","238.4883051405958","238.4883051405958","2.8582557130296222","24.421183482094083","2.8582557130296222","32.15444546758658","","0.824589434064306","7.022400978540613","2.4086451599130108","","0.591808200965842","1.448724024406557","5.3334878051202566","direct_physical","19.317983491707324",""
"2025-09-23","stmp","EH4000","Plan","128789.38577088834","574.0494251316021","",,"","","",,"","","","","","","224.3524340109967","224.3524340109967","224.3524340109967","3.330905200535513","26.29259878107689","3.3309052005355135","33.72078096438476","","0.6499999999999999","7.6011623535657655","2.7405705889768464","","0.9299528327520548","1.8300000000000003","5.92674031610398","direct_physical","21.778426091398643",""
"2025-09-23","stmp","EH5000","Plan","329035.19048559014","1126.8328441287363","",,"","","",,"","","","","","","291.99999999999926","291.99999999999926","291.99999999999926","2.743569826442952","24.133851725882526","2.743569826442952","31.625085050082916","","1.1700506127539132","6.820883440252326","2.007202026711222","","0.01487120718198123","2.7320809804062605","5.205177767139176","direct_physical","19.90099116574928",""
"2025-09-24","stmp","CAT793","Plan","482176.91186533374","2010.489282545821","",,"","","",,"","","","","","","239.83063031043264","239.83063031043264","239.83063031043264","4.059996065280538","25.502246172703355","4.059996065280539","34.61577961202769","","0.8092559836362994","9.55209052046452","2.7053622521575615","","0.3515290892678299","1.481120387407628","7.037246211036962","direct_physical","23.807758798218405",""
"2025-09-24","stmp","EH4000","Plan","160101.59129354614","717.5483497447657","",,"","","",,"","","","","","","223.12307087110548","223.12307087110548","223.12307087110548","0.9306634328857994","22.336869039405286","0.9306634328857994","24.52182661156554","","0.6499999999999999","2.4998940484738004","3.00755910393156","","1.7192322822236454","1.8299999999999996","2.2771470844187247","direct_physical","14.083832519047725",""
"2025-09-24","stmp","EH5000","Plan","348865.51951563265","1194.7449298480585","",,"","","",,"","","","","","","291.99999999999966","291.99999999999966","291.99999999999966","2.3373804660417816","22.381371524483864","2.3373804660417816","29.73515846550456","","1.14626785513779","6.26605156029378","1.9677860359829644","","0.057774016248277306","2.6940285682204643","4.716397530727845","direct_physical","18.793934392712075",""
"2025-09-25","stmp","CAT793","Plan","606949.2535994282","2548.7474096169267","",,"","","",,"","","","","","","238.13629052031166","238.13629052031166","238.13629052031166","2.759108702540194","23.883618258465706","2.759108702540194","32.1740772498829","","0.8375962038790021","6.931383694082139","2.5237466563009994","","0.5677487061405236","1.4646831578907125","5.145338617380679","direct_physical","19.172205583497863",""
"2025-09-25","stmp","EH4000","Plan","134178.30440423999","594.1719339925199","",,"","","",,"","","","","","","225.82403632334672","225.82403632334672","225.82403632334672","3.759182582634474","28.21740644953841","3.7591825826344722","35.68950551767469","","0.6500000000000001","7.993326933197226","2.66431290616796","","0.8713199366149363","1.8300000000000005","6.319811711775262","direct_physical","22.428771487755373",""
"2025-09-25","stmp","EH5000","Plan","343983.9190755695","1178.027120121813","",,"","","",,"","","","","","","292.0000000000001","292.0000000000001","292.0000000000001","2.400051339726015","22.27535600335105","2.400051339726015","29.612738833474015","","1.1523790461934336","6.464681433683817","1.939266759492689","","0.045653605940852986","2.7038064739094945","4.862876115355494","direct_physical","19.115601801617235",""
"2025-09-26","stmp","CAT793","Plan","571694.5263465085","2398.574226506038","",,"","","",,"","","","","","","238.34764837746386","238.34764837746386","238.34764837746386","2.7280520964415174","23.802853500430096","2.7280520964415174","32.46659739285604","","0.9496352267736228","6.876617788011569","2.3619609285172194","","0.3591125493567909","1.6358155028929713","5.0415854733982055","direct_physical","19.172241435007713",""
"2025-09-26","stmp","EH4000","Plan","157217.95639150505","705.0108066920726","",,"","","",,"","","","","","","223.00077516424952","223.00077516424952","223.00077516424952","1.1622931009033677","23.079406348966675","1.1622931009033683","24.396340082416334","","0.65","3.0216369086687704","3.0202437888597458","","1.7498062089374895","1.8300000000000003","2.8585265584351105","direct_physical","15.230213464901144",""
"2025-09-26","stmp","EH5000","Plan","345000.94488795043","1181.510085232708","",,"","","",,"","","","","","","291.9999999999998","291.9999999999998","291.9999999999998","2.4319401704225583","22.2822747284514","2.4319401704225583","29.99598738692984","","1.1480619734893953","6.548541924179684","1.9462219481688767","","0.018470124058487535","2.696899157583032","4.864530990199499","direct_physical","19.168739397712407",""
"2025-09-27","stmp","CAT793","Plan","479538.5944409302","2006.9742991687015","",,"","","",,"","","","","","","238.9360913289011","238.9360913289011","238.9360913289011","2.8193171170020643","24.231142614593615","2.8193171170020643","31.70149203340727","","1.0260350560847005","6.981058619920176","2.377067822157651","","0.3390060185687875","1.7040719935701127","5.33599575823948","direct_physical","19.690510531024746",""
"2025-09-27","stmp","EH4000","Plan","157199.9999930952","704.9327353950445","",,"","","",,"","","","","","","223.0000000000004","223.0000000000004","223.0000000000004","1.438231573227979","23.683473260044746","1.4382315732279793","24.96321630524269","","0.65","3.643633408249331","3.0203241899999997","","1.7499999999999998","1.8299999999999998","3.4568419925743146","direct_physical","16.45079959082367",""
"2025-09-27","stmp","EH5000","Plan","355090.2088795229","1216.0623591764488","",,"","","",,"","","","","","","291.9999999999999","291.9999999999999","291.9999999999999","2.0927357041203565","20.812932428876998","2.0927357041203565","27.988164799202647","","1.0852471864345925","6.032986590251302","2.0595699199254627","","0.04557165148267317","2.5963954982953483","4.4863299593976445","direct_physical","18.238653774308727",""
"2025-09-28","stmp","CAT793","Plan","585798.7591817311","2454.2558121071693","",,"","","",,"","","","","","","238.68691938790903","238.68691938790903","238.68691938790903","2.6849365795638667","23.209775709003786","2.6849365795638667","31.33603867390975","","0.9602343893921369","6.940876844033345","2.357545367735643","","0.2784956722649736","1.64792625671283","5.140924047555506","direct_physical","19.280952253826104",""
"2025-09-28","stmp","EH4000","Plan","160039.66340730505","717.6542156107923","",,"","","",,"","","","","","","223.00386443225446","223.00386443225446","223.00386443225446","1.2658322915449953","23.68528101348551","1.2658322915449953","25.357839168343787","","0.65","3.206630204195452","3.0059149117573774","","1.7189786670445528","1.8300000000000003","2.9951265558744486","direct_physical","15.506650338871848",""
"2025-09-28","stmp","EH5000","Plan","396710.80085174926","1358.5986330539295","",,"","","",,"","","","","","","292.00000000000136","292.00000000000136","292.00000000000136","1.7081449527306758","19.573489812337574","1.7081449527306758","26.26613133821227","","1.0983583684002516","5.236097300300522","2.008944626075836","","0.062381311228316604","2.6173733894404028","3.901933476390519","direct_physical","16.860450979350194",""
"2025-09-29","stmp","CAT793","Plan","576694.614388639","2412.365322421068","",,"","","",,"","","","","","","239.057745122063","239.057745122063","239.057745122063","2.811346165003988","22.636180506991586","2.8113461650039886","31.57058016302963","","0.9291635538336109","7.451821204913048","2.4419744171644293","","0.3273244504513993","1.6150209159988533","5.342973395774685","direct_physical","20.05150037985249",""
"2025-09-29","stmp","EH4000","Plan","160434.52569657215","719.1809675304995","",,"","","",,"","","","","","","223.07949311766004","223.07949311766004","223.07949311766004","1.4215750482678238","23.87893782322442","1.4215750482678238","25.547008916164867","","0.6499999999999999","3.571955483426605","3.00528087953865","","1.7148020924688403","1.8299999999999996","3.338727565953889","direct_physical","16.210766021388",""
"2025-09-29","stmp","EH5000","Plan","376890.3728934818","1290.7204551146729","",,"","","",,"","","","","","","291.99999999999795","291.99999999999795","291.99999999999795","1.7619536759561083","19.517746032561636","1.7619536759561083","26.009993356813744","","1.093499252562525","5.416466654551067","1.993712723632188","","0.0347290415211876","2.6095988041000404","4.064484719665341","direct_physical","17.146812464438614",""
"2025-09-30","stmp","CAT793","Plan","618081.9791617036","2593.2151382407237","",,"","","",,"","","","","","","238.34581637565935","238.34581637565935","238.34581637565935","2.6591458399697485","24.104658443026942","2.6591458399697485","31.94566589777965","","0.8756439729506158","6.619000670567045","2.38956923436604","","0.6873114342418245","1.4813881189984852","4.994378608626035","direct_physical","18.671878766671153",""
"2025-09-30","stmp","EH4000","Plan","116518.28029037254","511.457672616826","",,"","","",,"","","","","","","227.81607653712086","227.81607653712086","227.81607653712086","4.647870650899426","26.828469331237468","4.647870650899427","34.05514978932179","","0.6500000000000001","10.394638457038747","2.702903879236481","","0.4614908442855986","1.83","8.188841945467168","direct_physical","26.32787512602802",""
"2025-09-30","stmp","EH5000","Plan","371070.74619867536","1270.7902267077907","",,"","","",,"","","","","","","292.0000000000004","292.0000000000004","292.0000000000004","1.8753953832704457","20.279420492266368","1.8753953832704457","26.90268961890091","","1.125883929058274","5.548665606058027","2.00541277779291","","0.06937679519510415","2.6614142864932386","4.182619826873051","direct_physical","17.534634063411676",""
"2025-10-01","stmp","CAT793","Plan","562090.7362677165","2347.980163270295","",,"","","",,"","","","","","","239.39330709030767","239.39330709030767","239.39330709030767","2.9288674815012232","24.661859551424858","2.9288674815012232","31.91444091519987","","1.0147914908475457","7.125660922836629","2.6418195403393216","","0.35477106342134723","1.75594486739385","5.506348970894164","direct_physical","20.569717244649606",""
"2025-10-01","stmp","EH4000","Plan","166918.92965291228","747.188951307011","",,"","","",,"","","","","","","223.39587511422835","223.39587511422835","223.39587511422835","1.628533889651766","24.772759944225648","1.628533889651766","27.117734896216906","","0.65","3.9443337601098394","2.990564853911109","","1.6510312214432805","1.8299999999999998","3.603252032408408","direct_physical","16.769181867872646",""
"2025-10-01","stmp","EH5000","Plan","295274.2808406533","1011.2132905501818","",,"","","",,"","","","","","","292.0000000000002","292.0000000000002","292.0000000000002","3.1435082670774195","23.49532808824786","3.14350826707742","30.899352898613834","","1.1666118919251593","8.027574474220105","1.904750177341976","","0.1817342886534416","2.726579027080256","6.104027376997477","direct_physical","22.061265498773807",""
"2025-10-02","stmp","CAT793","Plan","541198.1713026015","2259.0669067655267","",,"","","",,"","","","","","","239.5671282164347","239.5671282164347","239.5671282164347","3.165828315056948","24.395033300031038","3.165828315056948","32.13448254311202","","1.031581825322288","7.786408674554883","2.687373834908525","","0.4014450364913934","1.7732218782301807","5.911086280869094","direct_physical","21.765878006547393",""
"2025-10-02","stmp","EH4000","Plan","159355.8175982664","714.1398452033704","",,"","","",,"","","","","","","223.14371431394585","223.14371431394585","223.14371431394585","1.5100828551774803","24.098815851853086","1.5100828551774803","25.818401851601898","","0.65","3.759727111391729","3.0054179366329663","","1.7140714215132775","1.8300000000000003","3.5093175724595533","direct_physical","16.568534041997527",""
"2025-10-02","stmp","EH5000","Plan","330659.4508534802","1132.3953796352037","",,"","","",,"","","","","","","292.0000000000006","292.0000000000006","292.0000000000006","2.3771523198376845","22.445769296505606","2.3771523198376845","30.061540694373367","","1.106569460261221","6.354388540047313","2.0198785602654312","","0.3491598397840765","2.630511136417953","4.744571831508191","direct_physical","19.14220139548302",""
"2025-10-03","stmp","CAT793","Plan","566638.5551211385","2366.315313324141","",,"","","",,"","","","","","","239.46029167395224","239.46029167395224","239.46029167395224","2.964123445124044","23.316708813104693","2.9641234451240455","32.02724511442353","","1.0131886396393444","7.627466128816904","2.6847164742727196","","0.4351147771774246","1.7542955567303393","5.553003577799104","direct_physical","21.23774740825481",""
"2025-10-03","stmp","EH4000","Plan","174663.80237622812","781.5030715766047","",,"","","",,"","","","","","","223.49726920952628","223.49726920952628","223.49726920952628","1.54017353472556","24.09550332395182","1.54017353472556","27.002377941742726","","0.65","3.8351725150175318","2.9461927764948963","","1.587775932970432","1.8300000000000003","3.4223064458585037","direct_physical","16.37144767034136",""
"2025-10-03","stmp","EH5000","Plan","363464.86290205136","1244.7426811714156","",,"","","",,"","","","","","","291.9999999999984","291.9999999999984","291.9999999999984","1.8645275321995822","20.764742320630813","1.8645275321995827","26.06076927282204","","1.0842402102860544","5.387577182733678","1.8442664603921604","","0.21776731863301602","2.5947843364576864","4.292722550160574","direct_physical","17.353695246581605",""
"2025-10-04","stmp","CAT793","Plan","559295.0699667685","2334.216209604321","",,"","","",,"","","","","","","239.6072256141071","239.6072256141071","239.6072256141071","3.0978530531336856","24.21149594592441","3.097853053133686","32.952995702819884","","1.018872060189445","7.676980538631666","2.6721336381883845","","0.4534366654890724","1.7601437141079803","5.640494262320303","direct_physical","21.393505764193662",""
"2025-10-04","stmp","EH4000","Plan","168675.10077990932","755.1035718906687","",,"","","",,"","","","","","","223.38008593651807","223.38008593651807","223.38008593651807","1.7562696807302292","24.650736876915992","1.7562696807302296","26.991481861198515","","0.65","4.274767986448816","2.9709955085960003","","1.640607721247675","1.83","3.904053189287722","direct_physical","17.370424405580216",""
"2025-10-04","stmp","EH5000","Plan","373870.9012763972","1280.3797988917697","",,"","","",,"","","","","","","292.00000000000034","292.00000000000034","292.00000000000034","1.7338844544159218","20.364876801962172","1.7338844544159218","25.272331229759644","","1.0735455604542026","5.1084555176357185","1.8347312332961845","","0.2297541646823993","2.577672896726725","4.1164808390311975","direct_physical","16.870685689066622",""
"2025-10-05","stmp","CAT793","Plan","585604.3334101628","2451.1700099508985","",,"","","",,"","","","","","","238.90808513192178","238.90808513192178","238.90808513192178","2.8722960008686615","23.637451140771937","2.872296000868662","31.42668302839591","","0.9891707977804087","7.290877473453833","2.612904481169747","","0.461006245338419","1.7295815455421604","5.483803680343933","direct_physical","20.731040953484264",""
"2025-10-05","stmp","EH4000","Plan","165314.74628622827","741.2826270320223","",,"","","",,"","","","","","","223.01176401249575","223.01176401249575","223.01176401249575","1.5196782265996813","23.741131886745826","1.5196782265996818","26.019253359478174","","0.6500000000000002","3.8406211646077897","2.9693657889723144","","1.6910211723708701","1.8300000000000005","3.5043547305620906","direct_physical","16.585362856513076",""
"2025-10-05","stmp","EH5000","Plan","384531.0561512151","1316.887178600044","",,"","","",,"","","","","","","292.0000000000017","292.0000000000017","292.0000000000017","1.5217636575852047","18.649548342390958","1.5217636575852047","23.822563406667935","","1.0631899507710632","4.895872960503367","1.8344833582790223","","0.19536275564774655","2.5611039212337","3.8327453639836166","direct_physical","16.31058472844089",""
"2025-10-06","stmp","CAT793","Plan","544209.4769583198","2272.1287355456234","",,"","","",,"","","","","","","239.51524772544838","239.51524772544838","239.51524772544838","3.1494277792163183","24.29315527776242","3.1494277792163183","32.45221326644165","","1.037670007976274","7.778555918010181","2.6976063122761524","","0.28663290515727374","1.7794865299466003","5.822889958275532","direct_physical","21.579190329374953",""
"2025-10-06","stmp","EH4000","Plan","158233.7622025689","709.4273536971274","",,"","","",,"","","","","","","223.0443489075316","223.0443489075316","223.0443489075316","1.293362175858032","23.41083799604253","1.293362175858032","24.88086522483712","","0.6500000000000001","3.3147779914841173","3.015724258134782","","1.7389127731171805","1.8300000000000003","3.118932153292508","direct_physical","15.768347176028584",""
"2025-10-06","stmp","EH5000","Plan","378658.94654312823","1296.7772141887926","",,"","","",,"","","","","","","292.0000000000006","292.0000000000006","292.0000000000006","1.637736281539069","19.54893805633278","1.637736281539069","24.691685322894173","","1.0688221726409548","5.026573648613714","1.8765466082186906","","0.2517666837326985","2.5701154762255265","3.9796464116296444","direct_physical","16.702504323769993",""
"2025-10-07","stmp","CAT793","Plan","540193.7473592127","2254.0710961326913","",,"","","",,"","","","","","","239.6524884623306","239.6524884623306","239.6524884623306","3.3744993713628957","24.64353966802678","3.3744993713628957","32.928016293601125","","1.0316784416655105","8.215944828106977","2.6808184007629925","","0.39787562613366095","1.7733212950471198","6.1488660743015835","direct_physical","22.423290346452337",""
"2025-10-07","stmp","EH4000","Plan","168131.50753442952","752.4610290530792","",,"","","",,"","","","","","","223.4421465600837","223.4421465600837","223.4421465600837","1.5549169656682573","24.610901476587653","1.5549169656682573","26.955713080463454","","0.65","3.790800512888444","3.008371727574112","","1.639463359979131","1.8299999999999998","3.461048040599318","direct_physical","16.47968364104102",""
"2025-10-07","stmp","EH5000","Plan","362099.4092888859","1240.06647016742","",,"","","",,"","","","","","","291.9999999999994","291.9999999999994","291.9999999999994","1.8044521819281112","20.565197874236418","1.8044521819281116","26.492093619421308","","1.0848843437420792","5.264580072498165","1.953934779938824","","0.3094544783601168","2.5958149499873273","4.08677141455956","direct_physical","17.227915255602227",""
"2025-10-08","stmp","CAT793","Plan","531456.5021806686","2217.1432010857934","",,"","","",,"","","","","","","239.7032820976112","239.7032820976112","239.7032820976112","3.341712908639658","24.49422822677421","3.341712908639658","32.870265615624646","","1.01402844456917","8.185715126929919","2.71130779203721","","0.4247946264965171","1.755159703832045","6.099822157295617","direct_physical","22.361009184526345",""
"2025-10-08","stmp","EH4000","Plan","178363.5141388236","796.9480142890122","",,"","","",,"","","","","","","223.80821702397805","223.80821702397805","223.80821702397805","1.646378429188571","25.348249988782435","1.646378429188571","28.682007397041296","","0.6500000000000001","3.8970227055133733","2.9893415731492707","","1.5479457440053968","1.8300000000000003","3.4440652770176827","direct_physical","16.45837529968575",""
"2025-10-08","stmp","EH5000","Plan","345342.849987582","1182.680993108156","",,"","","",,"","","","","","","292.0000000000004","292.0000000000004","292.0000000000004","2.2745895949826145","21.92492426729123","2.2745895949826145","28.95982137260919","","1.079984738497219","6.224668055184943","1.9873302150896717","","0.2509915516087799","2.5879755815955496","4.712576570932794","direct_physical","18.774952014015494",""
"2025-10-09","stmp","CAT793","Plan","548648.2435033268","2284.5823925466507","",,"","","",,"","","","","","","240.152530849081","240.152530849081","240.152530849081","3.1556721771834035","24.65149434982022","3.155672177183403","32.99780466840494","","1.0507528336233645","7.680683691793518","2.660857569669851","","0.40443756474087184","1.7929485679312873","5.737967496131511","direct_physical","21.50740933266172",""
"2025-10-09","stmp","EH4000","Plan","171519.51889475135","767.2167763177389","",,"","","",,"","","","","","","223.56069912595007","223.56069912595007","223.56069912595007","1.7506759871898039","25.880867343700313","1.7506759871898037","28.597301700973652","","0.6499999999999999","4.058618199940516","3.0163604876940378","","1.6085449376126575","1.8300000000000003","3.6730933683792935","direct_physical","16.936616993626533",""
"2025-10-09","stmp","EH5000","Plan","363940.9694422631","1246.3731830214497","",,"","","",,"","","","","","","291.99999999999983","291.99999999999983","291.99999999999983","2.1041888367342896","21.568087411576936","2.1041888367342896","27.74155539381492","","1.043053968419665","5.853617327992208","1.9377463569630036","","0.2693671224367708","2.5288863494714646","4.550982394887836","direct_physical","18.10716508483232",""
"2025-10-10","stmp","CAT793","Plan","518879.1255126595","2166.17995169699","",,"","","",,"","","","","","","239.53648223277503","239.53648223277503","239.53648223277503","3.719636088740386","26.30062004076336","3.719636088740387","33.48885465809617","","1.0669895904422686","8.48566174403946","2.6406984995697877","","0.4448201300907691","1.8096559553826232","6.664251960927194","direct_physical","23.296075164915298",""
"2025-10-10","stmp","EH4000","Plan","172152.97069771285","769.8879443809298","",,"","","",,"","","","","","","223.6078275470878","223.6078275470878","223.6078275470878","1.7701070326359885","25.724235242357192","1.7701070326359885","28.648432867080174","","0.65","4.128652259534666","3.0229267201610224","","1.5980431132278323","1.83","3.7072332176396556","direct_physical","17.036855310563208",""
"2025-10-10","stmp","EH5000","Plan","363569.771896077","1245.1019585482136","",,"","","",,"","","","","","","291.9999999999989","291.9999999999989","291.9999999999989","2.0596071210297655","20.762706284280707","2.059607121029766","27.338830715810513","","1.042299912494245","5.951845851392925","1.9200302096111859","","0.24026664086376315","2.5276798599907924","4.5201796867749575","direct_physical","18.125652142376623",""
"2025-10-11","stmp","CAT793","Plan","503145.53357347194","2096.097628653079","",,"","","",,"","","","","","","240.03916930948762","240.03916930948762","240.03916930948762","3.788627977060993","25.48761946554767","3.788627977060993","33.90197871740424","","1.0611589586143124","8.91874892164532","2.7142372048146632","","0.45461529598850986","1.803656319733568","6.705144868342496","direct_physical","23.840037819212174",""
"2025-10-11","stmp","EH4000","Plan","169772.75047246314","759.6611492277133","",,"","","",,"","","","","","","223.48484010937972","223.48484010937972","223.48484010937972","1.57568333709417","24.674327260547066","1.57568333709417","27.351500718748376","","0.6499999999999999","3.831553307506633","3.015848819717716","","1.6247417011302068","1.8299999999999992","3.456519669534845","direct_physical","16.508663497889415",""
"2025-10-11","stmp","EH5000","Plan","357824.70938250335","1225.4270869263735","",,"","","",,"","","","","","","292.0000000000019","292.0000000000019","292.0000000000019","1.864759065546896","18.757510054161404","1.864759065546896","26.126238407386374","","0.8963757151289263","5.964839875321919","2.193682291794185","","0.3483720820489073","2.2942011442062826","4.282497242357769","direct_physical","17.872048861242757",""
"2025-10-12","stmp","CAT793","Plan","527994.7278478609","2192.895886955106","",,"","","",,"","","","","","","240.77510062778015","240.77510062778015","240.77510062778015","3.5453644201411096","24.696690057916644","3.5453644201411096","33.018807705608054","","1.0669734204892285","8.61337550536565","2.659357297952439","","0.36738487156591465","1.8096393167352927","6.442445381585871","direct_physical","23.143168859908982",""
"2025-10-12","stmp","EH4000","Plan","180131.15554892962","805.2757582464094","",,"","","",,"","","","","","","223.68878449934735","223.68878449934735","223.68878449934735","1.5009525946879232","23.608362235406805","1.500952594687923","26.7536874893576","","0.6500000000000001","3.8146295275921998","2.98097714731474","","1.5464060321206676","1.830000000000001","3.3661586170915463","direct_physical","16.288171324119155",""
"2025-10-12","stmp","EH5000","Plan","314990.50228372833","1078.734596862088","",,"","","",,"","","","","","","291.99999999999875","291.99999999999875","291.99999999999875","2.3522401355033935","21.22694863593094","2.3522401355033935","28.55414393067797","","0.9971902287740811","6.6488316597376995","2.1353822156583773","","0.21084756704924196","2.45550436603853","4.942694428971193","direct_physical","19.3041340866807",""
"2025-10-13","stmp","CAT793","Plan","553826.5634636675","2310.6009385622024","",,"","","",,"","","","","","","239.68940470018694","239.68940470018694","239.68940470018694","2.98688956121067","24.805188927541984","2.98688956121067","32.144406846100004","","0.9635193691962685","7.224834053719056","2.704178613895797","","0.34685019606936673","1.7031865972889138","5.575258381051249","direct_physical","20.67483226405445",""
"2025-10-13","stmp","EH4000","Plan","157485.37359860883","706.1734902015443","",,"","","",,"","","","","","","223.01229907917102","223.01229907917102","223.01229907917102","0.9572028111473014","21.982587489524533","0.9572028111473014","23.59481099961942","","0.65","2.612620952661124","3.0190485119880672","","1.7469252302072844","1.8300000000000007","2.434101662003754","direct_physical","14.39269635686025",""
"2025-10-13","stmp","EH5000","Plan","346881.28280243714","1187.9495986384793","",,"","","",,"","","","","","","292.000000000001","292.000000000001","292.000000000001","2.208576876123153","19.997994590876182","2.208576876123153","26.9103710434214","","1.027464239427149","6.626395060025029","1.8774720734439703","","0.1730419717156935","2.503942783083438","4.924295259755779","direct_physical","19.05278229589971",""
"2025-10-14","stmp","CAT793","Plan","528180.7381822999","2200.636379417479","",,"","","",,"","","","","","","240.01272682864234","240.01272682864234","240.01272682864234","3.2923451020686376","26.71186975497012","3.2923451020686376","33.60504902488199","","0.9498921058083369","7.395240690231466","2.7709878483265387","","0.3701922415874405","1.689164340759303","5.878304357712864","direct_physical","21.207231698984625",""
"2025-10-14","stmp","EH4000","Plan","157199.99999400202","704.7906373644098","",,"","","",,"","","","","","","223.04496067350885","223.04496067350885","223.04496067350885","1.3585781048667074","23.766698596967267","1.3585781048667076","25.124561959452695","","0.6500000000000002","3.429785839182732","3.021064191109636","","1.7500000000000007","1.83","3.244422188277552","direct_physical","16.025272218569917",""
"2025-10-14","stmp","EH5000","Plan","358709.1533712369","1228.4560046960182","",,"","","",,"","","","","","","291.99999999999966","291.99999999999966","291.99999999999966","2.0827132154343175","20.106160024339555","2.0827132154343175","26.547033955490935","","1.037900393814289","6.215149624532237","1.8579117998837926","","0.16331466710704848","2.520640630102862","4.7072224014017205","direct_physical","18.424546744087852",""
"2025-10-15","stmp","CAT793","Plan","567908.6912703197","2371.205172812343","",,"","","",,"","","","","","","239.50213072315358","239.50213072315358","239.50213072315358","2.926293875657612","23.75178132142782","2.926293875657612","31.261862534057975","","0.9822395252163223","7.392187986383078","2.679414381672724","","0.4030869422643472","1.7224493665269398","5.61635226782074","direct_physical","20.95761904167971",""
"2025-10-15","stmp","EH4000","Plan","172342.66377569543","767.5848091085118","",,"","","",,"","","","","","","224.52589177195628","224.52589177195628","224.52589177195628","1.8003354065026567","25.753775627052825","1.8003354065026567","29.68169215405634","","0.6499999999999999","4.194341286280782","2.976467221402717","","1.6003965707725936","1.83","3.6392845741241615","direct_physical","16.990489652580262",""
"2025-10-15","stmp","EH5000","Plan","353690.60676450026","1211.2692012482903","",,"","","",,"","","","","","","291.9999999999996","291.9999999999996","291.9999999999996","2.176981643747081","20.953371860003518","2.176981643747081","27.434451065621978","","1.0743791590134597","6.233788981436181","1.8675907826920362","","0.23985780588221603","2.579006654421535","4.761126742153153","direct_physical","18.685974231101465",""
"2025-10-16","stmp","CAT793","Plan","525506.3636693828","2179.3096604865023","",,"","","",,"","","","","","","241.13432487243247","241.13432487243247","241.13432487243247","3.535746494058585","24.64486263313294","3.535746494058585","32.6008986220648","","1.0520484166640849","8.608073528407674","2.7415663185473313","","0.30235840063329106","1.7942817041036234","6.507329509620701","direct_physical","23.185757464932564",""
"2025-10-16","stmp","EH4000","Plan","164465.57075837036","732.0789248649302","",,"","","",,"","","","","","","224.65551892333815","224.65551892333815","224.65551892333815","2.121804887378377","27.675645672579527","2.1218048873783766","31.6685440992382","","0.6500000000000004","4.600011676288988","3.0607268757123407","","1.6559802933298218","1.8300000000000007","4.02002355535394","direct_physical","17.916742400685106",""
"2025-10-16","stmp","EH5000","Plan","355471.1430620714","1217.3669282947678","",,"","","",,"","","","","","","291.9999999999993","291.9999999999993","291.9999999999993","2.1281944388352505","20.559614835164595","2.1281944388352487","28.66522608261655","","1.0749417377373458","6.210800511287534","2.0765551113304617","","0.26524405879153184","2.5799067803797535","4.4545843092984","direct_physical","18.592377166911596",""
"2025-10-17","stmp","CAT793","Plan","572947.1045034908","2386.900575377616","",,"","","",,"","","","","","","240.0381106837048","240.0381106837048","240.0381106837048","3.003362099393488","24.77725582538993","3.0033620993934877","32.772394938267446","","1.0472021157518352","7.272868603106228","2.553124597917714","","0.4183291305568055","1.7892949307011632","5.498582764642341","direct_physical","20.75823747722006",""
"2025-10-17","stmp","EH4000","Plan","163953.70214904816","729.8443640365597","",,"","","",,"","","","","","","224.6420061974135","224.6420061974135","224.6420061974135","2.1405444731550998","27.583621093546405","2.1405444731550998","31.759267912431937","","0.65","4.656120672254837","3.0311965641988197","","1.6603377886391597","1.8300000000000007","4.0439429757457335","direct_physical","17.971598000838558",""
"2025-10-17","stmp","EH5000","Plan","328897.08408085094","1126.3598769892114","",,"","","",,"","","","","","","292.0000000000011","292.0000000000011","292.0000000000011","2.6309865026352397","22.712992224047277","2.6309865026352393","30.664520367111177","","1.1048401029575545","6.950171452574254","2.0271070283373085","","0.30003780030824617","2.6277441647320874","5.147942582119241","direct_physical","20.094594581662445",""
"2025-10-18","stmp","CAT793","Plan","582530.5483047374","2429.569345543018","",,"","","",,"","","","","","","239.76699795516217","239.76699795516217","239.76699795516217","2.9920005135863335","24.988912831963948","2.992000513586333","32.55312907424959","","1.0476332734730223","7.183987235553178","2.5050985743746397","","0.34103818115088147","1.7897385857476025","5.514678186718008","direct_physical","20.56112184748855",""
"2025-10-18","stmp","EH4000","Plan","159755.24531029587","711.7446578974351","",,"","","",,"","","","","","","224.45584036026185","224.45584036026185","224.45584036026185","2.2155960162636053","27.480772939084336","2.215596016263605","31.13725214436515","","0.65","4.837409823606139","3.046495394592977","","1.6953636516016344","1.8299999999999996","4.269347865363046","direct_physical","18.428616735163796",""
"2025-10-18","stmp","EH5000","Plan","346209.3167875491","1185.6483451628371","",,"","","",,"","","","","","","292.00000000000057","292.00000000000057","292.00000000000057","2.2979379171586256","21.37354529866797","2.2979379171586256","28.843866550838015","","1.084972216608742","6.450791064508619","1.9961673924318526","","0.24929213913524184","2.595955546573988","4.780089894900438","direct_physical","19.08976230057504",""
"2025-10-19","stmp","CAT793","Plan","577974.1712521239","2411.414925213241","",,"","","",,"","","","","","","239.68258851222532","239.68258851222532","239.68258851222532","3.0509199467830332","24.824079017757075","3.0509199467830332","32.15877823718525","","1.0348694110082186","7.374098216334213","2.5559661512884846","","0.3653206281194604","1.776604756254835","5.692231074727675","direct_physical","20.974708344952425",""
"2025-10-19","stmp","EH4000","Plan","138403.88082427596","612.9434586742644","",,"","","",,"","","","","","","225.8020358413315","225.8020358413315","225.8020358413315","2.993966809684938","27.91602925407909","2.993966809684938","32.26392312285619","","0.6499999999999999","6.434941264250452","3.06644248561293","","1.75","1.8299999999999998","5.567767065928766","direct_physical","21.399150815792137",""
"2025-10-19","stmp","EH5000","Plan","349162.35967460513","1195.7615057349446","",,"","","",,"","","","","","","292.0000000000011","292.0000000000011","292.0000000000011","2.4209807031530204","22.852679056009283","2.4209807031530204","30.22666513396377","","1.079267031101832","6.356315678926245","1.9807709417782597","","0.18820582674699626","2.586827249762931","4.805652279052218","direct_physical","18.92831051403317",""
"2025-10-20","stmp","CAT793","Plan","538635.0915871311","2238.1787061130867","",,"","","",,"","","","","","","240.65776790564996","240.65776790564996","240.65776790564996","3.3526629326555333","24.49255133984893","3.3526629326555333","32.28373241116888","","0.9988420814113816","8.213100104114051","2.607426411739933","","0.33317492858882264","1.7395331562349001","6.23099502242618","direct_physical","22.289291377926922",""
"2025-10-20","stmp","EH4000","Plan","148112.85132010345","657.1748820155594","",,"","","",,"","","","","","","225.37813810814012","225.37813810814012","225.37813810814012","2.572420307307772","27.17896998203096","2.572420307307772","31.42051143863525","","0.6499999999999999","5.678847231536359","3.0524256400630985","","1.735355385912405","1.8299999999999998","4.9122439887684495","direct_physical","19.958872246280315",""
"2025-10-20","stmp","EH5000","Plan","365976.781052186","1253.3451405896806","",,"","","",,"","","","","","","291.99999999999943","291.99999999999943","291.99999999999943","1.8885524547649946","19.270845000237372","1.8885524547649946","26.909135340712563","","1.0686123735040416","5.880030029015537","1.94999862431324","","0.21437654385770466","2.569779797606466","4.210954601520061","direct_physical","17.822740335567918",""
"2025-10-21","stmp","CAT793","Plan","540940.047503331","2252.1244454227644","",,"","","",,"","","","","","","240.19101102638524","240.19101102638524","240.19101102638524","3.4942786232176295","24.966975689630708","3.4942786232176295","32.656074860680185","","1.024457722852627","8.397361378460126","2.5703071975610707","","0.34567705220527417","1.765891280036761","6.420144438286325","direct_physical","22.69674108405939",""
"2025-10-21","stmp","EH4000","Plan","149703.3332593207","667.1151664974096","",,"","","",,"","","","","","","224.4040321333363","224.4040321333363","224.4040321333363","2.608854301828129","28.59090169910094","2.608854301828129","32.52137048600833","","0.6500000000000001","5.474862589402348","3.043432948289265","","1.75","1.83","4.813181479453094","direct_physical","19.661477017144705",""
"2025-10-21","stmp","EH5000","Plan","357549.10821638186","1224.4832473163751","",,"","","",,"","","","","","","292.0000000000003","292.0000000000003","292.0000000000003","2.026429543570219","19.48678290393135","2.026429543570219","27.17142860332355","","1.0440415364330626","6.239396888322899","2.057127405182581","","0.21480298157951244","2.5304664582928993","4.474765548372419","direct_physical","18.48432400456189",""
"2025-10-22","stmp","CAT793","Plan","533766.028657373","2222.8113655386064","",,"","","",,"","","","","","","240.1310506742154","240.1310506742154","240.1310506742154","3.2347933170510434","24.54285601064165","3.2347933170510434","31.210161589807175","","1.053085947596173","7.908109754582241","2.6042029932526574","","0.3162648253257997","1.7953493083960612","6.218730988129489","direct_physical","22.076114064481423",""
"2025-10-22","stmp","EH4000","Plan","153942.33152982092","686.5687301834457","",,"","","",,"","","","","","","224.21984101823097","224.21984101823097","224.21984101823097","2.2066414408085073","27.5451304280507","2.2066414408085073","30.94420051066865","","0.65","4.806602270203153","3.0404013738281934","","1.75","1.8299999999999996","4.278620363866351","direct_physical","18.455624007897693",""
"2025-10-22","stmp","EH5000","Plan","348331.60786982573","1192.916465307631","",,"","","",,"","","","","","","291.9999999999979","291.9999999999979","291.9999999999979","2.1703536992685417","19.980707264861948","2.1703536992685417","27.026829350438774","","0.8556709825804649","6.517347971216185","2.228212998997704","","0.11232544817080121","2.229073572128743","4.818220453003245","direct_physical","18.64420949379295",""
"2025-10-23","stmp","CAT793","Plan","550189.3970319161","2296.2426883955063","",,"","","",,"","","","","","","239.60420203509042","239.60420203509042","239.60420203509042","2.9993882396916183","23.9963584358331","2.9993882396916187","31.372220648156816","","1.069822888301454","7.499608528632531","2.545080593514265","","0.34378342149093966","1.8125713778174377","5.7363900502870635","direct_physical","21.191993265687525",""
"2025-10-23","stmp","EH4000","Plan","155179.89054493344","694.8064389693492","",,"","","",,"","","","","","","223.3426201045599","223.3426201045599","223.3426201045599","1.5029905251661093","24.875794162313007","1.5029905251661093","27.062024924300168","","0.65","3.625188041095347","3.0259633238868533","","1.7499999999999998","1.8299999999999996","3.33232386572043","direct_physical","16.31347523070263",""
"2025-10-23","stmp","EH5000","Plan","358527.5816014718","1227.8341835666834","",,"","","",,"","","","","","","292.0000000000002","292.0000000000002","292.0000000000002","2.133963047629118","20.452714301263374","2.133963047629118","27.598459581106905","","0.8512439389430692","6.260185370595928","2.2253376050771267","","0.033521146519621695","2.221990302308911","4.639309033950504","direct_physical","18.113996812882966",""
"2025-10-24","stmp","CAT793","Plan","536028.7116287814","2233.1740397334747","",,"","","",,"","","","","","","240.02997620944737","240.02997620944737","240.02997620944737","3.1617452569887416","24.008902153255097","3.161745256988743","31.67288106914587","","1.0520827585494859","7.901432319078553","2.6093205828727766","","0.3179150007032095","1.794317041405993","5.989499818635867","direct_physical","21.844676066954424",""
"2025-10-24","stmp","EH4000","Plan","179615.98921190965","803.9904484302475","",,"","","",,"","","","","","","223.4056257292623","223.4056257292623","223.4056257292623","1.4320941182090507","22.611418823849377","1.4320941182090507","25.594899186130373","","0.65","3.8000997532234924","3.0018469357926514","","1.5638940750175794","1.8300000000000003","3.3571395014169587","direct_physical","16.302980265450692",""
"2025-10-24","stmp","EH5000","Plan","361197.70563804486","1236.9784439659047","",,"","","",,"","","","","","","292.00000000000057","292.00000000000057","292.00000000000057","1.9015662282451702","19.323544600722002","1.9015662282451702","25.964791845044395","","1.070440176290399","5.904401912392783","1.8004665628466774","","0.014500732262810626","2.572704282064638","4.394180179668416","direct_physical","17.68607388330225",""
"2025-10-25","stmp","CAT793","Plan","543419.8535710272","2268.370199611587","",,"","","",,"","","","","","","239.56400664409935","239.56400664409935","239.56400664409935","3.269696153095815","24.34251289540587","3.269696153095815","32.057718946707936","","1.1031580311789113","8.059224206995244","2.6646947937347396","","0.28387433689646663","1.8468727567203282","6.119642183895781","direct_physical","22.270898839294208",""
"2025-10-25","stmp","EH4000","Plan","158249.75876289132","709.6348516870725","",,"","","",,"","","","","","","223.0016724610852","223.0016724610852","223.0016724610852","1.4479290337962984","23.656527493747333","1.4479290337962984","25.06594600437132","","0.6499999999999999","3.6723793063347983","3.021935449953549","","1.7419792411165502","1.8299999999999998","3.4658872245486925","direct_physical","16.482181221953592",""
"2025-10-25","stmp","EH5000","Plan","316563.0759788494","1084.1201232152343","",,"","","",,"","","","","","","292.00000000000085","292.00000000000085","292.00000000000085","1.8968833727973695","19.624919742970892","1.8968833727973695","25.731966763604486","","0.9219718233973735","5.79941237255795","2.1124690721255415","","0.09594775963843108","2.3351549174357973","4.423019950764909","direct_physical","17.585541286648034",""
"2025-10-26","stmp","CAT793","Plan","502779.543916494","2098.4747538543506","",,"","","",,"","","","","","","239.59284856442477","239.59284856442477","239.59284856442477","3.137523945054419","24.48803133509133","3.137523945054419","32.47702607854906","","1.0853897084380242","7.687487578207276","2.6188776033164367","","0.33534531675547014","1.8285894101318803","5.796449350010049","direct_physical","21.540936282103818",""
"2025-10-26","stmp","EH4000","Plan","157199.99999327637","704.9327353958586","",,"","","",,"","","","","","","222.9999999999999","222.9999999999999","222.9999999999999","1.2773536397588614","23.232242418309543","1.2773536397588616","24.605519062738356","","0.6500000000000001","3.298916092797398","3.0203241900000006","","1.7500000000000002","1.83","3.1147978707587676","direct_physical","15.76403815355617",""
"2025-10-26","stmp","EH5000","Plan","322548.753239572","1104.6190179437472","",,"","","",,"","","","","","","291.999999999998","291.999999999998","291.999999999998","2.02172558689239","19.88672183903507","2.02172558689239","26.39476566644605","","0.8805818789560069","6.09972504243712","2.212713024907745","","0.1386307309975146","2.268931006329611","4.595742078049539","direct_physical","18.08501987859669",""
"2025-10-27","stmp","CAT793","Plan","553985.9561047108","2319.863830040714","",,"","","",,"","","","","","","238.80106622248954","238.80106622248954","238.80106622248954","2.810279882461662","23.548457808855346","2.810279882461662","31.393818958893483","","1.0632898999023908","7.1604176509721045","2.6002953305497187","","0.4065327028268625","1.805849027435793","5.371018835538409","direct_physical","20.59043559502589",""
"2025-10-27","stmp","EH4000","Plan","157149.2852956658","704.7053152272005","",,"","","",,"","","","","","","223.0000000000001","223.0000000000001","223.0000000000001","1.2234530784217599","23.003861347017025","1.2234530784217599","24.38937648924907","","0.65","3.1910809927927386","3.0203241900000006","","1.7500000000000004","1.8300000000000005","3.00980161332389","direct_physical","15.551206796116652",""
"2025-10-27","stmp","EH5000","Plan","373699.1751206023","1279.7916956184968","",,"","","",,"","","","","","","292.00000000000097","292.00000000000097","292.00000000000097","1.786466507060384","18.985038975544573","1.7864665070603836","25.5486931727381","","0.8880338193802457","5.64591890286327","2.1656336505905496","","0.17905470889980413","2.2808541110083933","4.195439261762267","direct_physical","17.245227415800315",""
"2025-10-28","stmp","CAT793","Plan","584411.330433441","2440.5795773781815","",,"","","",,"","","","","","","239.45596195689347","239.45596195689347","239.45596195689347","2.8363737123584993","23.693846050888506","2.836373712358499","31.648115715302723","","1.0881359988028594","7.182557967836894","2.5832129625144313","","0.3117732342113474","1.8314153031159854","5.377331916769443","direct_physical","20.563941122069096",""
"2025-10-28","stmp","EH4000","Plan","157899.8612673601","708.0711267594678","",,"","","",,"","","","","","","222.99999999999827","222.99999999999827","222.99999999999827","1.0942030688123665","22.894514741517757","1.0942030688123665","24.37351376160348","","0.65","2.8675944814714027","3.0167089387482298","","1.7447550987730542","1.8299999999999998","2.6935871770842645","direct_physical","14.902645696076934",""
"2025-10-28","stmp","EH5000","Plan","361193.76145908603","1236.9649365037205","",,"","","",,"","","","","","","291.9999999999997","291.9999999999997","291.9999999999997","1.934305550167495","19.1668554469186","1.9343055501674957","26.462362830288633","","0.8536393993196362","6.055157734739845","2.246979870509368","","0.2770554900136444","2.225823038911418","4.385788742840839","direct_physical","17.92736700476041",""
"2025-10-29","stmp","CAT793","Plan","548281.3127546621","2285.128788472032","",,"","","",,"","","","","","","239.93453477135284","239.93453477135284","239.93453477135284","3.1245027330086286","24.457697351726313","3.1245027330086295","32.07426617383686","","1.1066611006546143","7.665078248557417","2.5976339361497263","","0.3666413406845879","1.8504773644417039","5.844877727348853","direct_physical","21.6257160919207",""
"2025-10-29","stmp","EH4000","Plan","157199.999993213","704.9327353955725","",,"","","",,"","","","","","","223.00000000000045","223.00000000000045","223.00000000000045","0.9655362242915185","22.369332311306646","0.9655362242915185","23.82533556793008","","0.65","2.58980342601505","3.0203241899999997","","1.75","1.83","2.4315365167603473","direct_physical","14.371664132775406",""
"2025-10-29","stmp","EH5000","Plan","289487.8025405447","991.3965840429631","",,"","","",,"","","","","","","291.9999999999995","291.9999999999995","291.9999999999995","2.049909980154913","19.60950010222195","2.0499099801549145","27.383633178928914","","0.9012966972055976","6.272194506139312","2.392823817227773","","0.35093776509737395","2.3020747155289563","4.491536897446334","direct_physical","18.60399940518941",""
"2025-10-30","stmp","CAT793","Plan","570015.398775366","2383.959835773598","",,"","","",,"","","","","","","239.10444724015045","239.10444724015045","239.10444724015045","2.6302264190518727","23.575051299025827","2.6302264190518723","30.77974605602464","","1.1002370109422732","6.694092968935918","2.5472049022753973","","0.3421618925201045","1.8438670692304546","5.127189316502593","direct_physical","19.847423685000365",""
"2025-10-30","stmp","EH4000","Plan","157199.9999903688","704.9327353828181","",,"","","",,"","","","","","","223.00000000000048","223.00000000000048","223.00000000000048","0.9164119965171562","22.105333742898928","0.9164119965171562","23.521613854058252","","0.65","2.4873960479647836","3.0203241900000006","","1.7500000000000002","1.8300000000000005","2.3376253063325714","direct_physical","14.175345544297388",""
"2025-10-30","stmp","EH5000","Plan","342485.70311207086","1172.896243534491","",,"","","",,"","","","","","","291.99999999999955","291.99999999999955","291.99999999999955","1.9671574546666504","19.39666641526542","1.9671574546666504","26.54223586471962","","0.8701470689204077","6.085037745821539","2.266718704920133","","0.2678505626480371","2.2522353102726527","4.446853983272966","direct_physical","18.07530346205298",""
"2025-10-31","stmp","CAT793","Plan","603357.8963345004","2527.8543126034315","",,"","","",,"","","","","","","238.68380916030856","238.68380916030856","238.68380916030856","2.5098325340167116","23.132727176029054","2.5098325340167116","30.053465458170447","","1.073956973103414","6.509822680874796","2.5505591776008036","","0.36981507659780194","1.8168252911643825","5.010735026567884","direct_physical","19.517529088457785",""
"2025-10-31","stmp","EH4000","Plan","158473.2252655478","710.5035644241866","",,"","","",,"","","","","","","223.04353306655014","223.04353306655014","223.04353306655014","0.9336080500915226","22.094669758766027","0.9336080500915226","23.82186913804501","","0.6499999999999999","2.53529396986198","3.01448615165036","","1.7371977600277022","1.8299999999999996","2.3514730385295226","direct_physical","14.21845092006955",""
"2025-10-31","stmp","EH5000","Plan","359446.036639019","1230.9795775308726","",,"","","",,"","","","","","","292.0000000000034","292.0000000000034","292.0000000000034","1.7787635013999479","18.90651521126102","1.7787635013999479","25.892764139740066","","0.8954899373857104","5.6449223398095745","2.1549460886997087","","0.25172727182456384","2.292783899817137","4.121839194456443","direct_physical","17.253599432861538",""
"2025-11-01","stmp","CAT793","Plan","440392.7696915728","1831.581534288613","",,"","","",,"","","","","","","240.44398867704328","240.44398867704328","240.44398867704328","3.588911496753945","25.307723664476832","3.588911496753945","33.200694550727704","","1.0459532371530533","8.50865501220448","2.7321054462420244","","0.31362762023043583","1.7880098527227066","6.48584894741357","direct_physical","23.052709656093143",""
"2025-11-01","stmp","EH4000","Plan","154319.999993112","692.0179371888422","",,"","","",,"","","","","","","223.00000000000026","223.00000000000026","223.00000000000026","1.0891596213897532","22.788483222165915","1.0891596213897532","24.193930769300096","","0.6499999999999999","2.8676580466672275","3.0203241899999997","","1.7499999999999996","1.8299999999999998","2.701073170231101","direct_physical","14.91905540689832",""
"2025-11-01","stmp","EH5000","Plan","381941.8475580745","1308.0200258838179","",,"","","",,"","","","","","","291.9999999999998","291.9999999999998","291.9999999999998","1.7821366193956607","18.736236319932846","1.78213661939566","25.891178233026203","","0.882099592309651","5.7070264986987995","2.256309350637165","","0.24313681263754044","2.271359347695442","4.129908504022595","direct_physical","17.3788614472104",""
"2025-11-02","stmp","CAT793","Plan","520813.781739308","2167.8589615959254","",,"","","",,"","","","","","","240.24338804582447","240.24338804582447","240.24338804582447","3.2008675178096637","24.623071895772075","3.2008675178096633","32.48731872919087","","1.0959367837012564","7.799678768007671","2.65748000804794","","0.2405926190971889","1.8394421977215827","5.9116005438766805","direct_physical","21.736279646635246",""
"2025-11-02","stmp","EH4000","Plan","154802.86722102048","694.1173599187141","",,"","","",,"","","","","","","223.02117215329258","223.02117215329258","223.02117215329258","0.9058798195959749","22.179120666629444","0.9058798195959749","23.815382821462954","","0.6500000000000001","2.450628678779738","3.0181281841002203","","1.7447069616767663","1.8299999999999998","2.282255531360787","direct_physical","14.075719355917494",""
"2025-11-02","stmp","EH5000","Plan","394647.8865530615","1351.5338580584264","",,"","","",,"","","","","","","292.00000000000074","292.00000000000074","292.00000000000074","1.7705339490392369","18.52926096386693","1.7705339490392369","26.02325332745636","","0.8702742192549678","5.7332042087114266","2.223532890436149","","0.3079970424225804","2.252438750807949","4.082196626440705","direct_physical","17.35613107077126",""
"2025-11-03","stmp","CAT793","Plan","521842.87121076573","2174.290581687383","",,"","","",,"","","","","","","240.0060394898016","240.0060394898016","240.0060394898016","3.163373002708891","24.38742568605925","3.1633730027088904","32.12751701349442","","1.1029060055011557","7.782796864493635","2.608705684531509","","0.25057881463015585","1.8466134259504643","5.9077824185047145","direct_physical","21.6927499976554",""
"2025-11-03","stmp","EH4000","Plan","154319.99999336235","692.0179371899637","",,"","","",,"","","","","","","223.00000000000063","223.00000000000063","223.00000000000063","0.9004671130418557","22.146351856229003","0.9004671130418557","23.656889843279384","","0.6499999999999999","2.439590372863832","3.02032419","","1.75","1.8299999999999996","2.2838178281436265","direct_physical","14.073732391007436",""
"2025-11-03","stmp","EH5000","Plan","336130.55998554255","1151.1320547450084","",,"","","",,"","","","","","","292.00000000000006","292.00000000000006","292.00000000000006","1.6714277462773428","17.5915271975471","1.671427746277344","24.680037322328687","","0.9085557611899373","5.700793549671119","2.128991512461977","","0.17028912988065903","2.3136892179038995","4.063432460286822","direct_physical","17.180442151649412",""
"2025-11-04","stmp","CAT793","Plan","537987.0723412363","2247.8354575170783","",,"","","",,"","","","","","","239.3356108616099","239.3356108616099","239.3356108616099","2.909653226892395","24.127168083100276","2.909653226892395","31.586852447231024","","1.106778556364983","7.235792987069486","2.5998104958400177","","0.29394419493945473","1.8505982246654173","5.526957581645578","direct_physical","20.80825905522883",""
"2025-11-04","stmp","EH4000","Plan","154319.99998866656","692.017937168909","",,"","","",,"","","","","","","222.99999999999977","222.99999999999977","222.99999999999977","1.3000458806833308","23.3382179595078","1.3000458806833308","24.628177905214528","","0.65","3.3422754460660165","3.02032419","","1.75","1.83","3.1672157453631318","direct_physical","15.859815381429144",""
"2025-11-04","stmp","EH5000","Plan","336130.5599753142","1151.1320547099754","",,"","","",,"","","","","","","292.0000000000012","292.0000000000012","292.0000000000012","1.850511588344034","18.003271556831148","1.8505115883440344","24.895915563234098","","0.9085557611899377","6.167251043797794","2.1625586203542735","","0.26368358815527976","2.3136892179039004","4.459795624653004","direct_physical","18.17022437630917",""
"2025-11-05","stmp","CAT793","Plan","433330.54726590647","1807.619203201677","",,"","","",,"","","","","","","239.72446547280873","239.72446547280873","239.72446547280873","3.060729853080861","23.93729386285469","3.060729853080861","31.107240080982198","","1.1219954212389807","7.671869353194748","2.5733945110940617","","0.3321686341628016","1.8662561580864874","5.903570702729253","direct_physical","21.667601412133877",""
"2025-11-05","stmp","EH4000","Plan","154319.99999282035","692.0179371875311","",,"","","",,"","","","","","","223.00000000000134","223.00000000000134","223.00000000000134","1.2135224021688653","23.095362768577118","1.2135224021688653","24.430915009764252","","0.6500000000000001","3.1526391189315683","3.0203241900000006","","1.7500000000000002","1.8300000000000007","2.980295420823639","direct_physical","15.483258729755198",""
"2025-11-05","stmp","EH5000","Plan","377564.6581413496","1293.0296511690078","",,"","","",,"","","","","","","291.9999999999995","291.9999999999995","291.9999999999995","1.769591190472843","18.116988038680493","1.769591190472843","25.490522032338827","","0.8568054844456493","5.86054763637762","2.2858630787919094","","0.324571714193338","2.2308887751130393","4.165292154223829","direct_physical","17.607570018383747",""
"2025-11-06","stmp","CAT793","Plan","610681.6387618269","2548.7653080012637","",,"","","",,"","","","","","","239.59900774101564","239.59900774101564","239.59900774101564","2.6585705095716974","22.56228135018529","2.658570509571696","30.242806492531784","","1.062901590312177","7.0699513093782","2.5473504274388765","","0.3336825095927105","1.8054494624951387","5.274451979636629","direct_physical","20.276718128500388",""
"2025-11-06","stmp","EH4000","Plan","155245.7632872525","696.1693420953073","",,"","","",,"","","","","","","222.99999999999852","222.99999999999852","222.99999999999852","0.5398179250005687","19.271077395863898","0.5398179250005687","21.376252438878275","","0.6500000000000001","1.680709118369568","3.0151789020877318","","1.7429435332279182","1.8300000000000005","1.5151896055047593","direct_physical","12.534021159189964",""
"2025-11-06","stmp","EH5000","Plan","356535.7606322348","1221.0128788775169","",,"","","",,"","","","","","","291.9999999999999","291.9999999999999","291.9999999999999","1.8523981353214933","19.005852639466593","1.8523981353214933","25.750587775661245","","0.9469629251015237","5.847876979141352","2.0373572964227136","","0.3463060440403568","2.3751406801624375","4.316168977872412","direct_physical","17.772733529548272",""
"2025-11-07","stmp","CAT793","Plan","580317.7386794776","2423.748591449171","",,"","","",,"","","","","","","239.42984050689137","239.42984050689137","239.42984050689137","2.6877159784037175","22.583332481093322","2.6877159784037166","29.853970261921308","","1.034891246331719","7.140795488851424","2.6192778271535953","","0.39878231510499795","1.7766272244862622","5.401725709826731","direct_physical","20.54772361514562",""
"2025-11-07","stmp","EH4000","Plan","199793.9575674299","893.8317707651405","",,"","","",,"","","","","","","223.5252360703197","223.5252360703197","223.5252360703197","1.2266949575584878","20.42682540766731","1.2266949575584878","25.12320928331482","","0.65","3.6031882578230934","2.837177889372247","","1.4403019368476544","1.8299999999999998","2.929629595626171","direct_physical","15.390297679669157",""
"2025-11-07","stmp","EH5000","Plan","365201.5831145898","1250.690353132156","",,"","","",,"","","","","","","292.0000000000002","292.0000000000002","292.0000000000002","2.3977618754790306","21.71114781244594","2.3977618754790306","28.40878157142319","","1.0774242028031666","6.62635222105902","1.7884641582694893","","0.2412672133715346","2.583878724485067","5.064128222713306","direct_physical","19.312391357587977",""
"2025-11-08","stmp","CAT793","Plan","483705.9184094808","2009.489318903701","",,"","","",,"","","","","","","240.71086810920292","240.71086810920292","240.71086810920292","3.242918742341644","24.27751251125382","3.2429187423416437","31.442555073895015","","1.0810974488105158","8.014623592524297","2.617533048540471","","0.3103768404984002","1.8241727371818355","6.188273315677307","direct_physical","22.223754578574695",""
"2025-11-08","stmp","EH4000","Plan","154319.99999036326","692.0179371765145","",,"","","",,"","","","","","","223.00000000000077","223.00000000000077","223.00000000000077","0.8025693894491374","21.332266323521782","0.8025693894491374","22.88897115289214","","0.6500000000000001","2.257339311100368","3.0203241900000006","","1.75","1.8300000000000003","2.1038151101371683","direct_physical","13.71147861123755",""
"2025-11-08","stmp","EH5000","Plan","400702.9531110657","1372.2703873666678","",,"","","",,"","","","","","","291.9999999999991","291.9999999999991","291.9999999999991","1.6372170317617185","18.006334229663505","1.6372170317617185","26.26028950777443","","0.8722856489085691","5.455470316877421","2.256746854956062","","0.2966372666028551","2.255657038253711","3.740744056786615","direct_physical","16.76445953572278",""
"2025-11-09","stmp","CAT793","Plan","496745.713372402","2067.1732055701627","",,"","","",,"","","","","","","240.30193117532733","240.30193117532733","240.30193117532733","2.829744401047932","24.137155225474835","2.8297444010479316","30.930097469235093","","1.0869631461960712","7.034162165211656","2.5897935971793267","","0.30291497042276416","1.8302084547814648","5.489302587285856","direct_physical","20.52255269834566",""
"2025-11-09","stmp","EH4000","Plan","154319.9999913469","692.0179371809312","",,"","","",,"","","","","","","222.99999999999892","222.99999999999892","222.99999999999892","0.7881025013287777","21.372038338637903","0.7881025013287777","22.971312131180195","","0.6500000000000001","2.2125241088604715","3.0203241900000006","","1.7500000000000009","1.8299999999999998","2.058487116874035","direct_physical","13.621335415734523",""
"2025-11-09","stmp","EH5000","Plan","400598.81845209916","1371.9137618222546","",,"","","",,"","","","","","","292.00000000000057","292.00000000000057","292.00000000000057","1.7382701611708886","18.455226465738246","1.7382701611708886","26.60401972805755","","0.8749929394872941","5.651310205479034","2.265693559674331","","0.31069704051565283","2.25998870317967","3.9203177089911265","direct_physical","17.170498644360094",""
"2025-11-10","stmp","CAT793","Plan","545305.4079946297","2278.804294161409","",,"","","",,"","","","","","","239.29453239656104","239.29453239656104","239.29453239656104","2.8909040479987413","24.693729071497273","2.8909040479987413","31.14705829684313","","0.9850427138515507","7.024222318861268","2.5422109464346416","","0.40509250582859696","1.7253338070066682","5.568880413258953","direct_physical","20.413402543637737",""
"2025-11-10","stmp","EH4000","Plan","154319.99999236348","692.0179371854949","",,"","","",,"","","","","","","222.99999999999727","222.99999999999727","222.99999999999727","1.3308726335852006","23.424174699833657","1.3308726335852006","24.728912139545965","","0.65","3.408972099908352","3.0203241900000006","","1.75","1.83","3.229109212912516","direct_physical","15.988405502820871",""
"2025-11-10","stmp","EH5000","Plan","372757.85680076445","1276.5680027423418","",,"","","",,"","","","","","","292.0000000000005","292.0000000000005","292.0000000000005","2.19036019510367","22.112372545874372","2.19036019510367","28.917648284834375","","1.0192797887099982","5.943351914570573","1.8959466577901887","","0.21660723013433508","2.4908476619359976","4.544685321978386","direct_physical","18.029135672700175",""
"2025-11-11","stmp","CAT793","Plan","562959.43715915","2348.975893439672","",,"","","",,"","","","","","","239.66164945813583","239.66164945813583","239.66164945813583","3.1858467227582974","24.385406933363278","3.1858467227582983","31.549302415643073","","1.0049740732952175","7.838737482948126","2.5094561946568517","","0.3666778339279481","1.7458428870139198","6.058796509894295","direct_physical","21.692304305204672",""
"2025-11-11","stmp","EH4000","Plan","182555.25428674006","815.2751299302706","",,"","","",,"","","","","","","223.9185859899268","223.9185859899268","223.9185859899268","1.697838322881573","24.731042838358302","1.697838322881573","27.87437110308319","","0.65","4.11912672015964","3.0703450006955393","","1.4858955272237648","1.8299999999999998","3.6546223409369216","direct_physical","16.909989589015847",""
"2025-11-11","stmp","EH5000","Plan","366535.4229571096","1255.258297798317","",,"","","",,"","","","","","","292.0000000000008","292.0000000000008","292.0000000000008","2.3517926857791993","22.31402475061059","2.3517926857791993","28.932479403769417","","1.0848291769565268","6.323716260236324","1.7661481801052072","","0.07817339569148715","2.5957266831304424","4.877133382781152","direct_physical","18.658190473963234",""
"2025-11-12","stmp","CAT793","Plan","589079.5075739594","2453.1171757986435","",,"","","",,"","","","","","","240.13508746567604","240.13508746567604","240.13508746567604","3.0929666232635586","23.884452934520453","3.092966623263559","31.34194469395921","","1.0075259375266277","7.769824073617181","2.569139779184335","","0.2901210427737238","1.7484687183245007","5.921074751675556","direct_physical","21.474639330282784",""
"2025-11-12","stmp","EH4000","Plan","185595.77190601715","828.6460140097688","",,"","","",,"","","","","","","223.97473561470505","223.97473561470505","223.97473561470505","1.5057100637114464","22.776702814182485","1.5057100637114464","26.163575247775533","","0.65","3.966447846280573","2.9204605793626444","","1.4637490746802648","1.83","3.452991533730385","direct_physical","16.38364903405385",""
"2025-11-12","stmp","EH5000","Plan","353782.28503013187","1211.5831679114108","",,"","","",,"","","","","","","291.99999999999994","291.99999999999994","291.99999999999994","2.4849801077175653","21.022111214289957","2.4849801077175653","29.11724308526296","","1.074546517617319","7.092475391420379","1.7981107827456089","","0.1566174154050801","2.5792744281877096","5.1206361133316545","direct_physical","19.75192061676862",""
"2025-11-13","stmp","CAT793","Plan","562169.01277281","2340.713527074033","",,"","","",,"","","","","","","240.16993377038293","240.16993377038293","240.16993377038293","3.357498217069559","24.395010309518142","3.3574982170695593","31.62923095095061","","1.016020811950668","8.257831846276135","2.580496570549597","","0.3359233609012843","1.7572098209927163","6.369105000895352","direct_physical","22.48728849294419",""
"2025-11-13","stmp","EH4000","Plan","190317.25533532148","850.4943466680184","",,"","","",,"","","","","","","223.77251075321945","223.77251075321945","223.77251075321945","1.4451736632952683","22.255513507245695","1.4451736632952685","25.8178075869153","","0.65","3.8961320649593594","2.9086240902223217","","1.4523723815048895","1.8300000000000003","3.3585508570317852","direct_physical","16.195679393718343",""
"2025-11-13","stmp","EH5000","Plan","368473.6868477151","1261.896187834642","",,"","","",,"","","","","","","291.9999999999997","291.9999999999997","291.9999999999997","2.372398675244191","21.76612042098856","2.372398675244191","29.18237238615298","","1.0834718131452723","6.539701047385208","1.7697962321972365","","0.19276547816037587","2.593554901032436","4.877736416734698","direct_physical","18.989198420043532",""
"2025-11-14","stmp","CAT793","Plan","579449.643555469","2419.749461526698","",,"","","",,"","","","","","","239.4667930579373","239.4667930579373","239.4667930579373","2.988384871133835","24.359188582250805","2.9883848711338348","31.638875627164257","","1.1054690861174035","7.360799053818991","2.4186128132983957","","0.34535718741115096","1.8492507987584865","5.667176494542854","direct_physical","20.94070084771705",""
"2025-11-14","stmp","EH4000","Plan","177030.46489068054","790.9902466238394","",,"","","",,"","","","","","","223.80865711845942","223.80865711845942","223.80865711845942","1.7734671011248446","24.20136550804847","1.7734671011248446","27.167767357191526","","0.6499999999999999","4.396777778183769","3.0035705427271773","","1.5321084812907981","1.8300000000000003","3.9167011653360473","direct_physical","17.42915796753779",""
"2025-11-14","stmp","EH5000","Plan","362189.87886834913","1240.3762974943402","",,"","","",,"","","","","","","292.0000000000014","292.0000000000014","292.0000000000014","2.413221764304523","21.58078835370187","2.413221764304523","29.573936089919705","","1.0901167028661929","6.709361283988228","1.8683855272368486","","0.2177582215727572","2.6041867245859076","4.895976829666047","direct_physical","19.319381726244487",""
"2025-11-15","stmp","CAT793","Plan","576695.1931318564","2409.6798302475495","",,"","","",,"","","","","","","239.32440562969387","239.32440562969387","239.32440562969387","3.1329183578326094","25.304563499673097","3.1329183578326085","32.58810167694003","","1.1396074507494214","7.428505987561689","2.263963481178238","","0.33096495383246444","1.8843786812059269","5.768212684906753","direct_physical","21.01857431354303",""
"2025-11-15","stmp","EH4000","Plan","168262.72633592988","753.3949573966692","",,"","","",,"","","","","","","223.33933175947453","223.33933175947453","223.33933175947453","1.7911144562916623","25.404530977191467","1.7911144562916623","27.742903269830627","","0.6499999999999999","4.23022442232785","3.0218416982069916","","1.6053159785097795","1.8300000000000005","3.87367055034813","direct_physical","17.311052649392753",""
"2025-11-15","stmp","EH5000","Plan","353491.2690507028","1210.586537844869","",,"","","",,"","","","","","","292.00000000000085","292.00000000000085","292.00000000000085","2.4165988019893967","21.605202004277213","2.4165988019893967","28.73545209027745","","1.0572813355992687","6.711158178047063","1.8533690954520499","","0.20769046809781394","2.5516501369588305","5.045889922449583","direct_physical","19.353599422804486",""
"2025-11-16","stmp","CAT793","Plan","581930.372887326","2426.340383987037","",,"","","",,"","","","","","","239.8387203740475","239.8387203740475","239.8387203740475","3.2743813654628307","25.6504462131686","3.2743813654628307","33.19883895674254","","1.111847906530269","7.659238373284453","2.3944091568636683","","0.23226349532243856","1.8558145125166534","5.917763635763205","direct_physical","21.367036534158164",""
"2025-11-16","stmp","EH4000","Plan","173862.18078901205","778.7854546802619","",,"","","",,"","","","","","","223.24785310787925","223.24785310787925","223.24785310787925","1.5720625328188986","24.416913179868367","1.5720625328188986","27.04436726624251","","0.6499999999999999","3.863049816096468","2.9678136151649817","","1.5542830909660277","1.8299999999999998","3.487741127035769","direct_physical","16.452887649263253",""
"2025-11-16","stmp","EH5000","Plan","377368.1548830497","1292.3566948049622","",,"","","",,"","","","","","","292.00000000000057","292.00000000000057","292.00000000000057","2.0904092803034584","19.979502475728534","2.0904092803034584","26.75139421483752","","1.052368125774368","6.277661667029775","1.8996379165494444","","0.23279930346975947","2.5437890012389888","4.688524112460704","direct_physical","18.620287582046128",""
"2025-11-17","stmp","CAT793","Plan","456504.59031652426","1899.014507259478","",,"","","",,"","","","","","","240.3902595643248","240.3902595643248","240.3902595643248","3.8602475351109296","27.098691236634927","3.8602475351109296","34.65608737368227","","1.0729158842401874","8.547086281182978","2.539748568791738","","0.3266804838526858","1.8157540258123663","6.683237193202121","direct_physical","23.170965711231705",""
"2025-11-17","stmp","EH4000","Plan","153901.6511938366","690.1419336046472","",,"","","",,"","","","","","","223.00000000000037","223.00000000000037","223.00000000000037","1.2909947781028477","23.262869635245323","1.2909947781028477","24.57600953046903","","0.65","3.329756298372258","3.02032419","","1.7500000000000002","1.8299999999999998","3.1518414977068314","direct_physical","15.831921986079093",""
"2025-11-17","stmp","EH5000","Plan","367493.4560951664","1258.5392332026265","",,"","","",,"","","","","","","291.99999999999955","291.99999999999955","291.99999999999955","1.9135406894248423","19.28233249648638","1.9135406894248423","25.782353088558473","","1.0844946636485144","5.954281795856991","1.8303692701345695","","0.18974935928675413","2.5951914618376235","4.453140524882551","direct_physical","18.039618789285967",""
"2025-11-18","stmp","CAT793","Plan","517776.1529410271","2155.330235961937","",,"","","",,"","","","","","","240.2305430053694","240.2305430053694","240.2305430053694","3.688682895617525","26.360640514929013","3.688682895617525","33.8226272262449","","1.0418482075557962","8.395887558639146","2.6356028940780165","","0.5217695261007359","1.7837858367603112","6.543577240662015","direct_physical","23.09990992663668",""
"2025-11-18","stmp","EH4000","Plan","112969.47179222484","504.81038579737015","",,"","","",,"","","","","","","223.7859500726884","223.7859500726884","223.7859500726884","2.2160150013602897","26.82073818297144","2.2160150013602897","30.845758983701646","","0.6500000000000002","4.957391521984083","3.032849455705311","","1.4459747306912545","1.8300000000000005","4.310508298786604","direct_physical","18.326724007167247",""
"2025-11-18","stmp","EH5000","Plan","370612.40434593114","1269.220562828523","",,"","","",,"","","","","","","292.0000000000019","292.0000000000019","292.0000000000019","2.0540808232431043","19.847217544639054","2.0540808232431043","26.57604538485691","","1.0812588870114745","6.209678969729236","1.8396021713571362","","0.15312280142801069","2.59001421921836","4.6374412599705845","direct_physical","18.442816641645823",""
"2025-11-19","stmp","CAT793","Plan","527726.9794795221","2199.0469559017974","",,"","","",,"","","","","","","239.9798594855874","239.9798594855874","239.9798594855874","3.459274524030093","25.178635821622215","3.459274524030093","32.84441956671256","","1.1635912178470713","8.243356507168905","2.356209518828506","","0.2553685789572312","1.9090576299585806","6.319383145749413","direct_physical","22.4561643075133",""
"2025-11-19","stmp","EH4000","Plan","109023.85345651739","486.69642786150274","",,"","","",,"","","","","","","224.0079179038928","224.0079179038928","224.0079179038928","3.832751117011071","28.68716769314228","3.832751117011066","36.059023287678606","","0.65","8.016304344873957","3.0722434462457846","","0.2538995503866541","1.83","6.3774624505496025","direct_physical","22.299909792056013",""
"2025-11-19","stmp","EH5000","Plan","329288.4795048498","1127.7002722768818","",,"","","",,"","","","","","","292.0000000000003","292.0000000000003","292.0000000000003","2.68625285503049","21.71605434450244","2.68625285503049","28.234692847461893","","0.9103978023452839","7.421936266365623","2.1752233189077357","","0.008071077484705827","2.316636483752455","5.708408877425347","direct_physical","20.43575906964086",""
"2025-11-20","stmp","CAT793","Plan","551859.58005779","2303.9945977412763","",,"","","",,"","","","","","","239.52294879458753","239.52294879458753","239.52294879458753","3.4502865811641135","25.03155602376772","3.4502865811641144","32.77278657270023","","1.209986055200236","8.270248748151406","2.326121989999717","","0.12629632540655378","1.9567972452060394","6.31674070224753","direct_physical","22.427491776263718",""
"2025-11-20","stmp","EH4000","Plan","132401.93202786692","592.9148000610265","",,"","","",,"","","","","","","223.30684276094857","223.30684276094857","223.30684276094857","3.896301952478499","29.212295053537016","3.8963019524784945","36.849832136126444","","0.6500000000000001","8.002730244928296","2.9964178412904934","","0.3203378969055909","1.83","6.344075497687838","direct_physical","22.24356148081224",""
"2025-11-20","stmp","EH5000","Plan","382273.3257278134","1309.1552250952532","",,"","","",,"","","","","","","291.9999999999996","291.9999999999996","291.9999999999996","1.874280345096008","19.92143315584521","1.874280345096008","24.65002167089792","","0.9813734308445794","5.645016592230673","2.0108870915760035","","0.13534460143697208","2.4301974893513276","4.56213881704324","direct_physical","17.675252329092352",""
"2025-11-21","stmp","CAT793","Plan","562012.2776899926","2345.1242113414523","",,"","","",,"","","","","","","239.65139030674698","239.65139030674698","239.65139030674698","3.493697875441631","26.09640768949317","3.493697875441631","34.11992785064016","","1.2072674495016922","8.032594946426093","2.300040824560738","","0.1970596747844761","1.9539998393423208","6.143678657355804","direct_physical","22.055232900536783",""
"2025-11-21","stmp","EH4000","Plan","119176.74399783899","534.2291120974476","",,"","","",,"","","","","","","223.0817102608594","223.0817102608594","223.0817102608594","4.0932099116180085","30.18899962085712","4.093209911618002","37.48789669121928","","0.6499999999999999","8.135168365347367","3.024527164753019","","0.32519149925912627","1.8299999999999998","6.551250306731795","direct_physical","22.616137336091324",""
"2025-11-21","stmp","EH5000","Plan","319251.45811895636","1093.3269113662957","",,"","","",,"","","","","","","291.9999999999982","291.9999999999982","291.9999999999982","1.8362311142459693","19.887886174125597","1.8362311142459693","23.825167982160387","","1.0314951960205376","5.5397474568260465","1.8428550319300678","","0.18104385277843726","2.51039231363286","4.6242640109506565","direct_physical","17.650832547000128",""
"2025-11-22","stmp","CAT793","Plan","500219.0437490864","2085.443092968579","",,"","","",,"","","","","","","239.8622362008624","239.8622362008624","239.8622362008624","3.5432477282012718","25.447278799112183","3.5432477282012718","32.811242058891814","","1.1881879494996461","8.354326031099774","2.446287967354754","","0.26088908504864744","1.9343673103547077","6.479329959850249","direct_physical","22.879002550903362",""
"2025-11-22","stmp","EH4000","Plan","117828.03428070384","528.3651568054086","",,"","","",,"","","","","","","223.00492900234656","223.00492900234656","223.00492900234656","4.043240470311126","30.127631581472546","4.04324047031112","37.41707102098946","","0.65","8.052223672565578","3.0198129468549517","","0.3288005722398474","1.8300000000000003","6.483522670242722","direct_physical","22.464359861903123",""
"2025-11-22","stmp","EH5000","Plan","345774.91911109345","1184.1606818873106","",,"","","",,"","","","","","","291.9999999999989","291.9999999999989","291.9999999999989","2.1672782187793436","22.030011017998543","2.1672782187793436","25.60861312930172","","1.0655774690347404","5.902706676838268","1.831124373626819","","0.02282432358425641","2.564923950455585","5.077849880826654","direct_physical","18.3933447034452",""
"2025-11-23","stmp","CAT793","Plan","536317.7990328947","2239.3386926371454","",,"","","",,"","","","","","","239.4982950976937","239.4982950976937","239.4982950976937","3.3272082083370953","25.42423674653032","3.3272082083370953","33.29222899989536","","1.1859363279127935","7.852054497859011","2.3229870513949717","","0.19431078617357253","1.9320504243740337","5.996369077626289","direct_physical","21.69873503349182",""
"2025-11-23","stmp","EH4000","Plan","118418.27454253178","530.9314188136614","",,"","","",,"","","","","","","223.03873974369657","223.03873974369657","223.03873974369657","4.062682931142304","30.10020684637126","4.062682931142299","37.40153589368796","","0.65","8.098315639911455","3.0163060485982736","","0.3272113115866909","1.83","6.517405503384048","direct_physical","22.539238503480494",""
"2025-11-23","stmp","EH5000","Plan","374706.38850246987","1283.2410565153048","",,"","","",,"","","","","","","292.0000000000007","292.0000000000007","292.0000000000007","1.881090271891947","20.02603776959437","1.881090271891947","23.34307271226656","","1.045399844478698","5.635933458833326","1.9032909935115747","","0.02239104355639568","2.5326397511659167","4.835071102452041","direct_physical","17.898740446386267",""
"2025-11-24","stmp","CAT793","Plan","569856.0542278605","2376.37295544399","",,"","","",,"","","","","","","239.80076566785846","239.80076566785846","239.80076566785846","3.425171886679762","25.251248543879306","3.425171886679762","32.982865862329035","","1.1300716776809718","8.138619872346855","2.284312378203018","","0.043591124510149876","1.8745665089181014","6.230820391975299","direct_physical","21.902435434768556",""
"2025-11-24","stmp","EH4000","Plan","123482.47492689776","552.9496813544679","",,"","","",,"","","","","","","223.31593468762566","223.31593468762566","223.31593468762566","4.032782676912844","29.863046963506417","4.032782676912839","37.20593059091413","","0.6500000000000001","8.102554334474371","2.9921806980853867","","0.3141818718258033","1.83","6.503451379169638","direct_physical","22.492368283555223",""
"2025-11-24","stmp","EH5000","Plan","366764.89527451654","1256.044161899033","",,"","","",,"","","","","","","291.99999999999915","291.99999999999915","291.99999999999915","1.6758770007931334","18.956144006892266","1.6758770007931334","21.364919482355536","","1.0852584438035668","5.3044870312774615","1.7858327231369426","","0.0","2.5964135100857066","4.706435712553494","direct_physical","17.41098280167223",""
"2025-11-25","stmp","CAT793","Plan","561816.0646389218","2344.8411449864893","",,"","","",,"","","","","","","239.59664211801388","239.59664211801388","239.59664211801388","3.2617199540759807","24.937428058429827","3.2617199540759807","32.62365677428873","","1.1507528522922739","7.847769897762311","2.2937174085225758","","0.044764962383439265","1.8958471378659634","5.998812413904376","direct_physical","21.43751324289414",""
"2025-11-25","stmp","EH4000","Plan","127440.38982513065","570.0525867197815","",,"","","",,"","","","","","","223.5590062987926","223.5590062987926","223.5590062987926","4.328611134566584","30.38368790677934","4.32861113456658","37.77105613656435","","0.6500000000000001","8.547898098178067","3.0360511255716984","","0.3047556838826541","1.8300000000000003","6.876076409803525","direct_physical","23.344781317435963",""
"2025-11-25","stmp","EH5000","Plan","371032.5047442472","1270.659262822765","",,"","","",,"","","","","","","291.99999999999983","291.99999999999983","291.99999999999983","1.8570719971875382","19.40237165582046","1.8570719971875382","22.120087737455478","","1.0657930013706596","5.74281957936964","1.8206743581412268","","0.049397503506309046","2.5652688021930556","5.037245835267635","direct_physical","18.209583294427976",""
"2025-11-26","stmp","CAT793","Plan","533344.988876563","2222.4192787235293","",,"","","",,"","","","","","","239.98396431428347","239.98396431428347","239.98396431428347","3.8560655140293","26.38842418662395","3.8560655140293","34.373192894854974","","1.200764254186517","8.767629669945743","2.349649983408964","","0.056994566413833485","1.9473081456122128","6.730940926828734","direct_physical","23.27218256922727",""
"2025-11-26","stmp","EH4000","Plan","98048.5858561438","439.631524913976","",,"","","",,"","","","","","","223.02446548920545","223.02446548920545","223.02446548920545","4.079003557962484","30.245994343903103","4.079003557962479","37.09323520947332","","0.65","8.091657053658183","3.021582634562091","","0.2792895532826868","1.8299999999999998","6.597974323233041","direct_physical","22.570503564736022",""
"2025-11-26","stmp","EH5000","Plan","287822.7456435973","985.6943343958824","",,"","","",,"","","","","","","291.99999999999966","291.99999999999966","291.99999999999966","2.486360884875802","21.181702406850444","2.486360884875802","26.195956558216647","","1.0696318694906302","7.042949156168901","2.0578684852212987","","0.06385582797770775","2.571410991185008","5.694835107892087","direct_physical","20.4297582671122",""
"2025-11-27","stmp","CAT793","Plan","608934.441402481","2544.362627563844","",,"","","",,"","","","","","","239.3269083603538","239.3269083603538","239.3269083603538","2.9580505677854494","25.11866638559312","2.9580505677854494","32.490684633016045","","1.1801942839366628","7.0657825277269835","2.3025760476973116","","0.28436224615183886","1.9261419443406236","5.462582154602371","direct_physical","20.435168148091446",""
"2025-11-27","stmp","EH4000","Plan","133297.98781441007","595.8724910952664","",,"","","",,"","","","","","","223.702201068884","223.702201068884","223.702201068884","2.2630119651195084","27.66844240414157","2.263011965119507","31.203558816457836","","0.65","4.907421817385935","3.0564436850671055","","1.3490015224561336","1.8300000000000003","4.3514497402634404","direct_physical","18.24431676517263",""
"2025-11-27","stmp","EH5000","Plan","292721.8030343543","1002.471928199842","",,"","","",,"","","","","","","292.00000000000045","292.00000000000045","292.00000000000045","1.9419470178824871","20.211605613079463","1.9419470178824871","24.058338582903335","","1.0751609842145284","5.76484735074922","2.0457730943034647","","0.15190299032291515","2.5802575747432455","4.843095073728408","direct_physical","18.39142870753633",""
"2025-11-28","stmp","CAT793","Plan","601352.0468883403","2514.655628441022","",,"","","",,"","","","","","","239.13892625574044","239.13892625574044","239.13892625574044","2.6616965318981674","24.765412905504363","2.6616965318981665","31.893430619838732","","1.1301744929160766","6.448581839650843","2.2976026358124986","","0.3115083245551568","1.874672304304949","5.007356963805279","direct_physical","19.270376863544637",""
"2025-11-28","stmp","EH4000","Plan","154091.5583923416","690.9935353916634","",,"","","",,"","","","","","","223.00000000000097","223.00000000000097","223.00000000000097","1.3925781992848136","24.38613015936886","1.3925781992848136","26.34742952299633","","0.6499999999999999","3.4263202652917895","3.02032419","","1.7499999999999996","1.83","3.171265412595994","direct_physical","15.947909867887802",""
"2025-11-28","stmp","EH5000","Plan","351071.46333276347","1202.2995319615159","",,"","","",,"","","","","","","292.0000000000007","292.0000000000007","292.0000000000007","2.1651536564855833","23.71483045088643","2.1651536564855833","28.209620938236444","","1.042772810190754","5.477973779242396","2.011157109633264","","0.24879085868339662","2.528436496305207","4.605138781324455","direct_physical","17.837721151848932",""
"2025-11-29","stmp","CAT793","Plan","549138.9007319432","2290.741405359354","",,"","","",,"","","","","","","239.72103505318992","239.72103505318992","239.72103505318992","3.258649516498682","24.91270647242188","3.2586495164986813","32.97581925205567","","1.1036529371956412","7.8481625915015885","2.503052209953804","","0.3548246174819877","1.8473820078389946","5.929161895734629","direct_physical","21.779797895496824",""
"2025-11-29","stmp","EH4000","Plan","163853.63799673936","734.0217701826549","",,"","","",,"","","","","","","223.22721839158234","223.22721839158234","223.22721839158234","1.4119633342084432","24.269932606061356","1.4119633342084432","26.703941511941743","","0.6500000000000004","3.4906483436772513","2.992216480488659","","1.6455080925594077","1.83","3.1724829840052498","direct_physical","15.880855900730587",""
"2025-11-29","stmp","EH5000","Plan","418222.048897123","1432.2672907435717","",,"","","",,"","","","","","","292.00000000000006","292.00000000000006","292.00000000000006","1.6894877798953347","21.774177549777335","1.6894877798953347","26.436329023911878","","1.0375856181336534","4.655480858552873","1.9686370702961096","","0.30320398133908","2.5201369890138454","3.834468344755081","direct_physical","16.241852637404996",""
"2025-11-30","stmp","CAT793","Plan","547573.7665404298","2285.7538810867604","",,"","","",,"","","","","","","239.55937298029923","239.55937298029923","239.55937298029923","2.92990810065935","24.117175295663472","2.9299081006593504","31.950655946477813","","1.1133339331153227","7.289182248103937","2.516282599125159","","0.3651741896696126","1.8573436123360567","5.502061877353736","direct_physical","20.839465572690436",""
"2025-11-30","stmp","EH4000","Plan","154205.7791938898","691.5057362954681","",,"","","",,"","","","","","","223.0000000000006","223.0000000000006","223.0000000000006","1.4428049477377685","23.694932382388608","1.4428049477377707","24.977847650347336","","0.65","3.653451947751009","3.02032419","","1.7500000000000002","1.8300000000000003","3.465802901678858","direct_physical","16.46957903942986",""
"2025-11-30","stmp","EH5000","Plan","434685.0659073985","1488.6474859842401","",,"","","",,"","","","","","","292.0000000000002","292.0000000000002","292.0000000000002","1.2500052701104563","18.981222281788696","1.2500052701104563","22.297437267768615","","1.0199790603603494","3.9512901273268115","1.963893786555417","","0.3411208206048917","2.4919664965765587","3.3636294299633174","direct_physical","15.050446662893146",""
"2025-12-01","stmp","CAT793","Plan","559897.9512421847","2343.7895448448053","",,"","","",,"","","","","","","238.8857619378358","238.8857619378358","238.8857619378358","2.781540547589724","25.439311149349983","2.781540547589724","31.841999891848936","","1.2924366869625006","6.560414779928025","2.5978370590146285","","0.7969469569177045","2.041637750352718","5.241267301747129","direct_physical","20.77335010543466",""
"2025-12-01","stmp","EH4000","Plan","196012.59600393102","873.4212031986036","",,"","","",,"","","","","","","224.4193240169835","224.4193240169835","224.4193240169835","2.7114360909871014","23.75431692459333","2.7114360909871","29.47939209227283","","0.65","6.848698953359243","2.0276834865604205","","0.09001924748392502","1.8300000000000003","5.51864044380581","direct_physical","19.065042131209413",""
"2025-12-01","stmp","EH5000","Plan","372192.5546957756","1274.6320366293637","",,"","","",,"","","","","","","292.0000000000011","292.0000000000011","292.0000000000011","1.977669642094242","22.0506046093289","1.9776696420942423","29.35176447886288","","1.3999999999999997","5.3812664381752695","1.698547227182268","","0.3733521319026346","3.099999999999999","4.042693195194634","direct_physical","17.99585899245481",""
"2025-12-02","stmp","CAT793","Plan","588153.6473731329","2455.64101857526","",,"","","",,"","","","","","","239.51124896682745","239.51124896682745","239.51124896682745","2.781784014584409","24.67716685849045","2.7817840145844066","31.138823668709684","","1.2163227166138788","6.763622494923412","2.5588850077786485","","0.6120897428231294","1.963317577965006","5.360094608929734","direct_physical","20.697285901193954",""
"2025-12-02","stmp","EH4000","Plan","201787.74144931172","898.9757731743981","",,"","","",,"","","","","","","224.4640483878375","224.4640483878375","224.4640483878375","2.3973003147378664","23.332923473169945","2.397300314737866","27.98151613220777","","0.65","6.164594807404584","2.2200445695016016","","0.41798831000420217","1.8300000000000005","5.140465520333583","direct_physical","18.523093207243992",""
"2025-12-02","stmp","EH5000","Plan","374922.2906749689","1283.980447517021","",,"","","",,"","","","","","","291.99999999999903","291.99999999999903","291.99999999999903","1.937257219644936","21.923690374115235","1.937257219644936","29.65856268850937","","1.3999999999999992","5.301818772077373","1.7362790382902293","","0.4076179610264056","3.099999999999999","3.919118886490386","direct_physical","17.8648346578844",""
"2025-12-03","stmp","CAT793","Plan","534895.5769812306","2237.373806709197","",,"","","",,"","","","","","","239.07295927807996","239.07295927807996","239.07295927807996","2.8545575529508302","24.76688937201174","2.8545575529508302","31.211170879119145","","1.2094549050069965","6.9154204472120915","2.570840753620431","","0.5735036814071571","1.9562506993550246","5.487568981003367","direct_physical","20.934201616737315",""
"2025-12-03","stmp","EH4000","Plan","230947.87964005704","1035.6407158746922","",,"","","",,"","","","","","","223.00000000000065","223.00000000000065","223.00000000000065","1.5624038516791827","19.17006437151442","1.5624038516791827","24.1334187424597","","0.65","4.890136479669277","2.1158408394321326","","0.6083607060298423","1.8300000000000003","3.8844157183507466","direct_physical","16.078753743482018",""
"2025-12-03","stmp","EH5000","Plan","395397.55812002457","1354.1012264384417","",,"","","",,"","","","","","","291.9999999999997","291.9999999999997","291.9999999999997","1.6915066797474756","20.658275133180883","1.6915066797474756","27.91969708067308","","1.4000000000000001","4.9128206556721095","1.6790673236635656","","0.2127516199356163","3.099999999999999","3.6350824470478758","direct_physical","16.93972204631917",""
"2025-12-04","stmp","CAT793","Plan","558560.2495824096","2335.33927429887","",,"","","",,"","","","","","","239.17734597689412","239.17734597689412","239.17734597689412","2.850179988950042","23.894178640496524","2.850179988950042","30.73345214115878","","1.2099468819767554","7.1570068136666825","2.5328704668562243","","0.5711118912143288","1.9567569365268067","5.564321201261405","direct_physical","21.21330468245265",""
"2025-12-04","stmp","EH4000","Plan","229339.97334132608","1027.8680116920018","",,"","","",,"","","","","","","223.1220066512268","223.1220066512268","223.1220066512268","1.5676646115338906","19.416992133685895","1.5676646115338906","24.08041479468415","","0.65","4.844204295105629","2.1714300232674635","","0.6986326596090943","1.8300000000000005","3.9060737738121327","direct_physical","16.200340751794343",""
"2025-12-04","stmp","EH5000","Plan","377257.5490476962","1291.9779076975894","",,"","","",,"","","","","","","292.00000000000006","292.00000000000006","292.00000000000006","1.9187340779741937","21.55440671953623","1.9187340779741937","28.393512149770373","","1.3999999999999997","5.341090857959307","1.6730508873306815","","0.18551817135403398","3.0999999999999988","4.054589797528189","direct_physical","17.75424971417222",""
"2025-12-05","stmp","CAT793","Plan","543843.2214239156","2267.0293155947625","",,"","","",,"","","","","","","239.8924520661686","239.8924520661686","239.8924520661686","3.0884951639246347","24.71133134257023","3.0884951639246343","30.599854825331153","","1.3055183944533384","7.498977180409738","2.5411471480899355","","0.8090579727581784","2.0550986377708265","6.055901601274105","direct_physical","22.511923124613503",""
"2025-12-05","stmp","EH4000","Plan","165486.4405295362","728.5128843155862","",,"","","",,"","","","","","","227.15650483656887","227.15650483656887","227.15650483656887","3.9186479974021124","26.7120667043856","3.9186479974021124","33.0947629948592","","0.6499999999999998","8.801972623313524","2.2984165187720023","","0.072462371578085","1.83","7.104413465074492","direct_physical","22.857264978738105",""
"2025-12-05","stmp","EH5000","Plan","355615.99952504504","1217.8630120720702","",,"","","",,"","","","","","","292.00000000000045","292.00000000000045","292.00000000000045","2.1821657987011083","21.786437965011306","2.1821657987011074","29.041650065488213","","1.4000000000000001","6.009699618282623","1.6442796805337496","","0.17238127942722561","3.0999999999999996","4.508350855644311","direct_physical","18.834711433887907",""
"2025-12-06","stmp","CAT793","Plan","544973.8498913543","2273.3393379671734","",,"","","",,"","","","","","","239.723934209783","239.723934209783","239.723934209783","2.9493909219162466","24.759743351338546","2.9493909219162466","30.979615845443256","","1.2210358456806352","7.147224945100568","2.715012378078282","","0.8039797736884392","1.968167319468481","5.712254670872689","direct_physical","21.7918581969797",""
"2025-12-06","stmp","EH4000","Plan","194603.37385230465","863.543400063736","",,"","","",,"","","","","","","225.35447996932342","225.35447996932342","225.35447996932342","2.7234498705038317","23.570076846007407","2.7234498705038326","29.256256675342524","","0.6499999999999999","6.932815420918317","2.089814859869804","","0.09512180316468974","1.8300000000000003","5.585369107318199","direct_physical","19.28312119127101",""
"2025-12-06","stmp","EH5000","Plan","285984.2907539877","979.3982560068107","",,"","","",,"","","","","","","291.9999999999989","291.9999999999989","291.9999999999989","3.32486267234054","23.10158663342123","3.32486267234054","32.51344621549643","","1.4000000000000001","8.635413814037614","1.8816994112124046","","0.24579385886733954","3.0999999999999996","6.135669501726072","direct_physical","23.398576585843433",""
"2025-12-07","stmp","CAT793","Plan","554023.4424564701","2310.294609644875","",,"","","",,"","","","","","","239.80640397270864","239.80640397270864","239.80640397270864","3.0274255663881844","24.339675929970223","3.0274255663881853","31.28628926330187","","1.1905094720160676","7.462939708232725","2.6166550727380242","","0.6551193671877651","1.9367561233788522","5.805914931444341","direct_physical","21.884114537262843",""
"2025-12-07","stmp","EH4000","Plan","228130.36639980372","1018.5048650344096","",,"","","",,"","","","","","","223.98554413590992","223.98554413590992","223.98554413590992","1.8049120179031377","22.091635086568214","1.8049120179031377","26.4665273726043","","0.6500000000000001","4.902069070479614","2.3073327144232088","","0.46810757358161925","1.83","4.091761625905065","direct_physical","16.349270984389506",""
"2025-12-07","stmp","EH5000","Plan","317107.7099129299","1085.985307920995","",,"","","",,"","","","","","","291.99999999999943","291.99999999999943","291.99999999999943","2.6975137838774437","22.371177665253693","2.697513783877444","29.775131008805776","","1.3999999999999997","7.2347924393818985","1.7384830080906484","","0.16858679097712342","3.1000000000000005","5.435772120860877","direct_physical","21.077634359310544",""
"2025-12-08","stmp","CAT793","Plan","550480.6000938351","2294.6083881395307","",,"","","",,"","","","","","","239.90176403920717","239.90176403920717","239.90176403920717","2.999571033933054","23.878624768942593","2.999571033933055","30.671228522070766","","1.2489200665950055","7.537044690700291","2.5515737289219147","","0.8342236546580195","1.9968597786702225","5.8678530567002","direct_physical","22.26793238492262",""
"2025-12-08","stmp","EH4000","Plan","187305.2616060248","834.1541566467732","",,"","","",,"","","","","","","224.5451396645622","224.5451396645622","224.5451396645622","3.091147276399838","25.40426484040005","3.0911472763998367","32.24978259176423","","0.65","7.300696861301877","2.19780019948002","","0.13300410403356625","1.83","5.75101044654342","direct_physical","19.962511611358895",""
"2025-12-08","stmp","EH5000","Plan","328372.2622352205","1124.5625419014382","",,"","","",,"","","","","","","292.0000000000005","292.0000000000005","292.0000000000005","2.513949745683151","21.941136999721554","2.513949745683151","29.548148190235835","","1.3999999999999997","6.874620250669019","1.6943267457538476","","0.22361895639420162","3.1","5.104786390330648","direct_physical","20.397352343147695",""
"2025-12-09","stmp","CAT793","Plan","547955.2461680273","2279.6753290196853","",,"","","",,"","","","","","","240.36547625563028","240.36547625563028","240.36547625563028","3.2392797678329974","24.446611152798788","3.2392797678329974","32.63312425782613","","1.1677004715926649","7.95025473490745","2.6336697074710584","","0.5144556634072601","1.9132859925083927","5.955813011785682","direct_physical","22.345449269914067",""
"2025-12-09","stmp","EH4000","Plan","230152.12343128753","1027.0239582697418","",,"","","",,"","","","","","","224.09615820358442","224.09615820358442","224.09615820358442","1.824286930194576","23.536914201845633","1.8242869301945759","28.27146978900479","","0.65","4.650448859735893","2.361906026173624","","0.7496507326326514","1.8300000000000005","3.8716492856075053","direct_physical","16.21365490414969",""
"2025-12-09","stmp","EH5000","Plan","328738.7149447198","1125.8175169339709","",,"","","",,"","","","","","","292.0000000000003","292.0000000000003","292.0000000000003","2.513454617908624","22.061759446141412","2.513454617908624","28.263366972878128","","1.4","6.835686765721378","1.6559825541794415","","0.047159644914591674","3.1","5.335785974092682","direct_physical","20.37461493890809",""
"2025-12-10","stmp","CAT793","Plan","562710.8887049839","2342.388320794211","",,"","","",,"","","","","","","240.2295484952687","240.2295484952687","240.2295484952687","2.977253469022683","23.585081819096512","2.977253469022683","31.680729540309642","","1.2746938007829955","7.574076253435871","2.4633526354513906","","0.5998759550539546","2.0233805776172855","5.638607782502948","direct_physical","21.812167996353043",""
"2025-12-10","stmp","EH4000","Plan","99131.55839569308","444.53613630355517","",,"","","",,"","","","","","","223.00000000000063","223.00000000000063","223.00000000000063","1.094870102231345","22.290629374780412","1.094870102231345","23.574816608544573","","0.6499999999999999","2.947077223768512","3.0203241899999997","","1.7499999999999996","1.83","2.7865415551131325","direct_physical","15.083942968881667",""
"2025-12-10","stmp","EH5000","Plan","371070.1104316253","1270.7880494233714","",,"","","",,"","","","","","","292.0000000000007","292.0000000000007","292.0000000000007","1.8414404369335173","20.018003917282787","1.8414404369335173","24.9708346357146","","1.3999999999999997","5.51935281222626","1.4637197301710478","","0.14260297381051645","3.1","4.424618873491219","direct_physical","18.05029438969907",""
"2025-12-11","stmp","CAT793","Plan","622779.8114109092","2599.635784662466","",,"","","",,"","","","","","","239.56425553349976","239.56425553349976","239.56425553349976","2.3552699617249413","23.047411475404328","2.3552699617249413","30.460601542131993","","1.3200000000000003","6.1315431389900725","2.4402072626943543","","0.7589048017491621","2.0699999999999994","4.63931079982229","direct_physical","19.60996600325588",""
"2025-12-11","stmp","EH4000","Plan","111391.06942446927","489.44923449929746","",,"","","",,"","","","","","","227.5845206672382","227.5845206672382","227.5845206672382","3.8013597126746355","24.337539214027387","3.8013597126746355","33.513139318403276","","0.6500000000000001","9.371595901898706","2.6719025361580178","","0.030820936754745804","1.8299999999999998","6.805736120197796","direct_physical","23.460055495009282",""
"2025-12-11","stmp","EH5000","Plan","371975.5559730643","1273.8888903187146","",,"","","",,"","","","","","","291.9999999999997","291.9999999999997","291.9999999999997","1.831596338051466","19.935769621005328","1.831596338051466","25.32838602472702","","1.4000000000000001","5.512492488240647","1.5032694454711717","","0.15175661928828668","3.1000000000000005","4.3388386522458005","direct_physical","18.00635720524593",""
"2025-12-12","stmp","CAT793","Plan","600876.3202949427","2503.526359217863","",,"","","",,"","","","","","","240.01198073371393","240.01198073371393","240.01198073371393","2.5113140321586487","23.49354765058917","2.511314032158648","31.470316237722855","","1.32","6.413626591032972","2.4211662165964767","","0.7366704516170433","2.0700000000000007","4.787967200307414","direct_physical","19.999430459553896",""
"2025-12-12","stmp","EH4000","Plan","116017.91999431464","517.5295483874227","",,"","","",,"","","","","","","224.17641728055227","224.17641728055227","224.17641728055227","1.748673647209404","19.806730799357425","1.748673647209404","27.443891630582286","","0.6500000000000001","5.29721032185524","2.4918159402738818","","0.04320001857257801","1.83","3.8230882210468087","direct_physical","16.235314501748547",""
"2025-12-12","stmp","EH5000","Plan","373826.17736192845","1280.2266348011196","",,"","","",,"","","","","","","292.0000000000012","292.0000000000012","292.0000000000012","1.7921438680546387","19.453388720194088","1.7921438680546387","25.23812683010823","","1.3999999999999995","5.527501333053375","1.4840192909850962","","0.14513324778744147","3.0999999999999996","4.260563107837318","direct_physical","17.917216979663245",""
"2025-12-13","stmp","CAT793","Plan","594662.24888585","2479.9114839540307","",,"","","",,"","","","","","","239.7917235084964","239.7917235084964","239.7917235084964","2.630447324395236","23.86828642454649","2.6304473243952358","31.403413191855584","","1.3200000000000003","6.612407638170572","2.4308805953006973","","0.7815573820978001","2.070000000000001","5.025786162143873","direct_physical","20.490631777712945",""
"2025-12-13","stmp","EH4000","Plan","63341.12548845393","277.1390795531502","",,"","","",,"","","","","","","228.55356808784614","228.55356808784614","228.55356808784614","4.368757029573002","27.174887617105746","4.368757029573002","36.10740220707849","","0.65","9.6458695788453","2.220035090694811","","0.0","1.8299999999999998","7.259603453914307","direct_physical","23.705508123454447",""
"2025-12-13","stmp","EH5000","Plan","403700.66877865314","1382.5365369131866","",,"","","",,"","","","","","","292.00000000000193","292.00000000000193","292.00000000000193","1.6032352715951204","20.305007966244823","1.6032352715951204","25.283325854700724","","1.3999999999999995","4.737457697904919","1.522082899580278","","0.027127372066794074","3.0999999999999996","3.804646463385379","direct_physical","16.591314432937377",""
"2025-12-14","stmp","CAT793","Plan","572956.9876423783","2395.649566098092","",,"","","",,"","","","","","","239.1656090901394","239.1656090901394","239.1656090901394","2.7341316194409595","24.193625340792444","2.7341316194409595","31.78925739652571","","1.3200000000000007","6.780624848722415","2.4003150229952372","","0.7591450244801723","2.070000000000001","5.160482206935309","direct_physical","20.74056710313314",""
"2025-12-14","stmp","EH4000","Plan","106814.13155105975","476.88625991517046","",,"","","",,"","","","","","","223.98240530154942","223.98240530154942","223.98240530154942","1.94811602566517","22.142924645897416","1.9481160256651695","29.43766589567379","","0.65","5.278749912630295","2.440643265822188","","0.47267147153500416","1.83","3.970659968563883","direct_physical","16.742724618551364",""
"2025-12-14","stmp","EH5000","Plan","408630.7453950838","1399.4203609420645","",,"","","",,"","","","","","","292.0000000000007","292.0000000000007","292.0000000000007","1.5448844124694687","20.308783800117382","1.5448844124694687","24.978508197735184","","1.4","4.564185904014221","1.5178062846023208","","0.09823744258999113","3.1000000000000014","3.7109127580554495","direct_physical","16.391142389261994",""
"2025-12-15","stmp","CAT793","Plan","461297.5543347817","1924.750008341412","",,"","","",,"","","","","","","239.66621760520954","239.66621760520954","239.66621760520954","2.7701292264275166","25.348687185889137","2.7701292264275166","31.55546791024033","","1.3200000000000003","6.556858442679979","2.5129389235591457","","0.7868838604614086","2.07","5.267161750173685","direct_physical","20.763842976874212",""
"2025-12-15","stmp","EH4000","Plan","171821.69675648038","769.1785533830342","",,"","","",,"","","","","","","223.38336918101368","223.38336918101368","223.38336918101368","1.6027381659632343","20.2300241541255","1.602738165963234","26.89091800879366","","0.65","4.753543012363795","2.679645736804345","","0.5796649616882538","1.8299999999999996","3.57608802817171","direct_physical","16.168941739028085",""
"2025-12-15","stmp","EH5000","Plan","403012.88144000847","1380.1811008219504","",,"","","",,"","","","","","","291.99999999999926","291.99999999999926","291.99999999999926","1.4846350667347061","18.851596767397687","1.4846350667347061","24.368153701208712","","1.4000000000000001","4.7252285895556465","1.5095532740864825","","0.22933447912958577","3.1000000000000005","3.655513055946619","direct_physical","16.619629398718352",""
"2025-12-16","stmp","CAT793","Plan","548941.5399242319","2292.393800433939","",,"","","",,"","","","","","","239.46214643414234","239.46214643414234","239.46214643414234","2.7575615356373278","24.10637797095637","2.757561535637327","30.847758947982864","","1.3199999999999994","6.863482035234829","2.3689835612161225","","0.7182992899639278","2.069999999999999","5.363556309462754","direct_physical","20.954321195877643",""
"2025-12-16","stmp","EH4000","Plan","167006.6906539834","741.2049366900492","",,"","","",,"","","","","","","225.31783368817582","225.31783368817582","225.31783368817582","3.018807113237274","24.51190093780607","3.018807113237275","30.89697394428746","","0.65","7.389407588330776","2.784839854303784","","0.6010980739862251","1.8299999999999998","5.862335486991124","direct_physical","21.21768100361193",""
"2025-12-16","stmp","EH5000","Plan","390592.39875008754","1337.6452011989265","",,"","","",,"","","","","","","292.00000000000074","292.00000000000074","292.00000000000074","1.646944524700545","19.710527281531093","1.646944524700545","25.732482863538873","","1.4000000000000001","5.013395637296047","1.5685845264273937","","0.22598531059714264","3.1","3.840153008400484","direct_physical","17.148118482721067",""
"2025-12-17","stmp","CAT793","Plan","471775.13935507386","1970.8111682210663","",,"","","",,"","","","","","","239.38119844374393","239.38119844374393","239.38119844374393","2.7825118672451152","25.306622226557195","2.7825118672451152","32.165829291318275","","1.3200000000000005","6.597115590539224","2.57943914871711","","0.7760625558391234","2.0700000000000003","5.190312692474799","direct_physical","20.782929987570242",""
"2025-12-17","stmp","EH4000","Plan","165021.5246591573","729.597139475929","",,"","","",,"","","","","","","226.18170457424293","226.18170457424293","226.18170457424293","3.2532129378464583","25.017071075035435","3.2532129378464596","32.15749092494831","","0.6500000000000002","7.802383248036201","2.8188566148153287","","0.6115475508530409","1.8300000000000007","6.069900687411958","direct_physical","21.882688101116532",""
"2025-12-17","stmp","EH5000","Plan","400522.58556718397","1371.6526902985734","",,"","","",,"","","","","","","292.0000000000004","292.0000000000004","292.0000000000004","1.5566961210191441","19.90411205349485","1.556696121019144","26.151297080145863","","1.4000000000000001","4.692586487160012","1.6716256378538448","","0.28715961116324273","3.1000000000000005","3.5715921460759787","direct_physical","16.72296388225307",""
"2025-12-18","stmp","CAT793","Plan","445059.3148228876","1861.535971599747","",,"","","",,"","","","","","","239.0817699001633","239.0817699001633","239.0817699001633","2.426871050606462","24.263662579775726","2.426871050606462","30.23589432627329","","1.32","6.0012482681719534","2.5693394023701206","","0.7935280812466087","2.070000000000001","4.815874187979909","direct_physical","19.819989939768583",""
"2025-12-18","stmp","EH4000","Plan","167866.223479998","747.7092701996718","",,"","","",,"","","","","","","224.50734552905868","224.50734552905868","224.50734552905868","2.4847154328530086","22.92850572577838","2.4847154328530086","30.91078574115033","","0.6500000000000001","6.502077708603901","2.7877106874709643","","0.6688035713092395","1.8300000000000005","4.82300667539202","direct_physical","19.361598642776126",""
"2025-12-18","stmp","EH5000","Plan","395047.2223580014","1352.901446431514","",,"","","",,"","","","","","","291.9999999999995","291.9999999999995","291.9999999999995","1.5555115504354389","19.35057259703032","1.5555115504354384","25.598910025571154","","1.4","4.823148904671148","1.6600003651936033","","0.32570983265766307","3.1","3.6458854276567556","direct_physical","16.954744530179173",""
"2025-12-19","stmp","CAT793","Plan","429530.89656261774","1792.4036541180158","",,"","","",,"","","","","","","239.63960103282432","239.63960103282432","239.63960103282432","3.405046167372211","25.68924821082924","3.40504616737221","31.768854865292486","","1.3199999999999998","7.95285126157212","2.582222155411488","","0.8056621127848","2.0699999999999994","6.430913890621019","direct_physical","23.41164942038943",""
"2025-12-19","stmp","EH4000","Plan","163169.13075906353","726.3847324406212","",,"","","",,"","","","","","","224.6318286603056","224.6318286603056","224.6318286603056","2.694078525192955","23.901761822729018","2.694078525192955","31.416558273210857","","0.6500000000000002","6.762878515418212","2.753933238556598","","0.6182912114445595","1.8300000000000005","5.145207508277983","direct_physical","19.86031047369735",""
"2025-12-19","stmp","EH5000","Plan","390025.1628054405","1335.7026123473943","",,"","","",,"","","","","","","292.000000000001","292.000000000001","292.000000000001","1.5877076040557223","19.567681484565124","1.5877076040557223","25.222080709434376","","1.3999999999999997","4.868356852521635","1.6009505372184962","","0.4268038156765079","3.099999999999998","3.7769467690153813","direct_physical","17.173057974432034",""
"2025-12-20","stmp","CAT793","Plan","480820.633399085","2006.1753901325537","",,"","","",,"","","","","","","239.67028793395568","239.67028793395568","239.67028793395568","3.2958240313789235","25.159250573582426","3.2958240313789235","31.724914308331137","","1.3200000000000007","7.8599098691109335","2.556600577478538","","0.7117189980470284","2.07","6.233253775276718","direct_physical","23.001483219913215",""
"2025-12-20","stmp","EH4000","Plan","167503.249587288","744.7482654933978","",,"","","",,"","","","","","","224.91257428618064","224.91257428618064","224.91257428618064","1.7067767944771841","20.81273406908463","1.7067767944771841","26.690106432350213","","0.65","4.920382268312671","2.671084672347886","","0.5445292625662557","1.83","3.836875207979962","direct_physical","16.552871411206784",""
"2025-12-20","stmp","EH5000","Plan","395066.69492514414","1352.968133305287","",,"","","",,"","","","","","","292.0000000000002","292.0000000000002","292.0000000000002","1.560672924253594","19.25210413507644","1.560672924253594","25.165618363775888","","1.3999999999999995","4.863903436124015","1.5409595481569478","","0.32808124270342337","3.1","3.720964615358082","direct_physical","16.95390884234246",""
"2025-12-21","stmp","CAT793","Plan","528671.8484575142","2210.365368967511","",,"","","",,"","","","","","","239.17848871495093","239.17848871495093","239.17848871495093","2.6893054995658914","23.732541985668586","2.6893054995658914","30.60083220450555","","1.3200000000000005","6.799032740420021","2.462699694786525","","0.6289111299885113","2.0700000000000007","5.273004632540539","direct_physical","20.803648197735598",""
"2025-12-21","stmp","EH4000","Plan","172639.53078313684","771.8773451763749","",,"","","",,"","","","","","","223.6618704538977","223.6618704538977","223.6618704538977","2.27587351326832","23.370361999864","2.27587351326832","29.447113703337564","","0.6499999999999999","5.8429737116136184","2.663880582097872","","0.676423482715212","1.83","4.637208664040382","direct_physical","18.400486440467088",""
"2025-12-21","stmp","EH5000","Plan","408313.3329912938","1398.3333321619668","",,"","","",,"","","","","","","291.99999999999966","291.99999999999966","291.99999999999966","1.4422373092149368","19.37090093370241","1.4422373092149368","24.70446446589535","","1.3999999999999997","4.467228388037432","1.5646894238782816","","0.3691892854306862","3.1","3.5027773491045395","direct_physical","16.40388444645094",""
"2025-12-22","stmp","CAT793","Plan","570979.222967155","2394.9008674237825","",,"","","",,"","","","","","","238.4145543282394","238.4145543282394","238.4145543282394","2.188134778617027","22.305538118551507","2.188134778617027","29.404946084389408","","1.3199999999999996","5.885896409189491","2.2517654885223948","","0.716835647244235","2.0699999999999985","4.464830043906126","direct_physical","18.959327588862248",""
"2025-12-22","stmp","EH4000","Plan","172161.78289193357","764.5699755179066","",,"","","",,"","","","","","","225.17465817999735","225.17465817999735","225.17465817999735","3.3018758770947625","26.354515970019875","3.3018758770947625","33.56804415800562","","0.65","7.517214615174598","2.709159438436845","","0.5989499689401832","1.8300000000000003","5.9018199479589875","direct_physical","21.307143970510616",""
"2025-12-22","stmp","EH5000","Plan","397709.434294298","1362.0186105969178","",,"","","",,"","","","","","","291.9999999999985","291.9999999999985","291.9999999999985","1.5187707592600006","19.208098883511305","1.5187707592600006","24.697071431527423","","1.4000000000000001","4.744157457135177","1.5855783060644375","","0.3217568918666619","3.0999999999999996","3.689759160645721","direct_physical","16.841251815712",""
"2025-12-23","stmp","CAT793","Plan","592686.0727874879","2479.2392288587034","",,"","","",,"","","","","","","239.05965422317306","239.05965422317306","239.05965422317306","2.5289369151424745","23.11417695644496","2.5289369151424745","29.225365986850743","","1.3200000000000014","6.564638455198796","2.340008627422745","","0.69528381719839","2.070000000000002","5.191935491135289","direct_physical","20.431866390955225",""
"2025-12-23","stmp","EH4000","Plan","168379.9583221517","746.8135330931389","",,"","","",,"","","","","","","225.46452475862165","225.46452475862165","225.46452475862165","2.5856675943624015","23.839120535908897","2.5856675943624015","31.643261134268247","","0.6500000000000001","6.507792744621447","2.7694343317126657","","0.6534773424791197","1.83","4.902783407925496","direct_physical","19.413487826738738",""
"2025-12-23","stmp","EH5000","Plan","384299.4341795026","1316.0939526695258","",,"","","",,"","","","","","","292.0000000000008","292.0000000000008","292.0000000000008","1.5717695117154504","19.444082706387793","1.5717695117154504","24.185052493738127","","1.4","4.850121866224394","1.6409075115644842","","0.5385345811095308","3.1000000000000005","3.8993577015118865","direct_physical","17.42892166041031",""
"2025-12-24","stmp","CAT793","Plan","564569.9195806532","2360.5234861206914","",,"","","",,"","","","","","","239.1714900953912","239.1714900953912","239.1714900953912","2.7615106232107935","24.42277957622839","2.7615106232107935","31.161350976861954","","1.3200000000000005","6.784266175579808","2.4518090553173426","","0.6919242396196383","2.0700000000000003","5.317184017973959","direct_physical","20.885183488490746",""
"2025-12-24","stmp","EH4000","Plan","166806.16065869245","741.8930280716431","",,"","","",,"","","","","","","224.83856074542368","224.83856074542368","224.83856074542368","2.633019908009905","24.007489789664923","2.6330199080099055","32.35354302991834","","0.65","6.580496164517967","2.786729292126726","","0.688437994175809","1.8300000000000003","4.882964265598489","direct_physical","19.518627716418994",""
"2025-12-24","stmp","EH5000","Plan","368664.0144594699","1262.5479947242104","",,"","","",,"","","","","","","292.00000000000034","292.00000000000034","292.00000000000034","1.8370451218092252","21.046726410342497","1.8370451218092252","26.86258121785652","","1.4000000000000001","5.23704756547742","1.707373859671107","","0.6204726066492814","3.100000000000002","4.103206107210744","direct_physical","18.16810013900855",""
"2025-12-25","stmp","CAT793","Plan","569477.0586282886","2384.1351226534416","",,"","","",,"","","","","","","238.8610667311862","238.8610667311862","238.8610667311862","2.8896538851503655","24.483455626808727","2.8896538851503655","31.172168403376066","","1.3200000000000007","7.081485381466182","2.344072139141265","","0.7739582647247231","2.0700000000000003","5.561988209015459","direct_physical","21.401503994347635",""
"2025-12-25","stmp","EH4000","Plan","141428.80612476068","624.4769473778852","",,"","","",,"","","","","","","226.47562366970595","226.47562366970595","226.47562366970595","3.0781774163666586","24.266313755633092","3.078177416366659","32.44085260204961","","0.65","7.61098891417433","2.725549216416167","","0.4235409025159823","1.8300000000000005","5.693150153838151","direct_physical","21.033229186944634",""
"2025-12-25","stmp","EH5000","Plan","390969.93984529993","1338.9381501551397","",,"","","",,"","","","","","","291.9999999999994","291.9999999999994","291.9999999999994","1.5996689990768111","20.189337746587945","1.5996689990768111","24.710190811297508","","1.3999999999999997","4.754001401597711","1.5827627063889205","","0.41056219720626635","3.0999999999999996","3.8842330550003896","direct_physical","17.13155936019328",""
"2025-12-26","stmp","CAT793","Plan","607337.7601857308","2539.260203063744","",,"","","",,"","","","","","","239.17901735826342","239.17901735826342","239.17901735826342","2.420514390235759","23.46079423258667","2.4205143902357595","30.39976961152473","","1.3199999999999998","6.190364314794687","2.2963731872785664","","0.8345109265812156","2.0699999999999994","4.7773672389638016","direct_physical","19.738615667618255",""
"2025-12-26","stmp","EH4000","Plan","110965.23184264237","484.533442340278","",,"","","",,"","","","","","","229.01459867596455","229.01459867596455","229.01459867596455","5.253504206825155","28.21614535684733","5.2535042068251565","37.820505179546046","","0.6500000000000002","11.171272632142713","2.716370793097321","","0.022655116196348222","1.8300000000000003","8.334374459386659","direct_physical","26.824673000823033",""
"2025-12-26","stmp","EH5000","Plan","396558.090633603","1358.0756528548075","",,"","","",,"","","","","","","291.99999999999943","291.99999999999943","291.99999999999943","1.58657133992858","19.680512330931233","1.58657133992858","24.359005396175245","","1.4000000000000004","4.8369818221704","1.5584119830338135","","0.08678317804194005","3.1000000000000005","3.9079707421330854","direct_physical","16.890147725379226",""
"2025-12-27","stmp","CAT793","Plan","636478.8327185463","2663.6146559353133","",,"","","",,"","","","","","","238.9530449910557","238.9530449910557","238.9530449910557","2.3152365598533913","23.915891236458457","2.3152365598533917","30.357218270817874","","1.3199999999999998","5.808447287945366","2.2751470353979113","","0.7067740109760035","2.0699999999999994","4.57598559762442","direct_physical","19.006353931943707",""
"2025-12-27","stmp","EH4000","Plan","75658.5307499336","334.29130662217995","",,"","","",,"","","","","","","226.3251518994593","226.3251518994593","226.3251518994593","3.406368429988535","26.674701196168428","3.4063684299885377","36.70842572195609","","0.6499999999999999","7.662020440126605","3.224275897481763","","0.6948213846866051","1.8299999999999998","5.567716451459453","direct_physical","21.72883417375445",""
"2025-12-27","stmp","EH5000","Plan","387724.9382438657","1327.8251309721436","",,"","","",,"","","","","","","291.99999999999983","291.99999999999983","291.99999999999983","1.660557505842355","19.719826258084005","1.660557505842355","24.705922759118263","","1.4000000000000001","5.052450718712456","1.5530253243163172","","0.13668723322494775","3.0999999999999996","4.03277591863147","direct_physical","17.27493919488517",""
"2025-12-28","stmp","CAT793","Plan","583869.9817283249","2436.268214198327","",,"","","",,"","","","","","","239.65751321040483","239.65751321040483","239.65751321040483","2.8158931952662067","25.122855273840283","2.8158931952662076","32.0120531799378","","1.3199999999999996","6.72509513247481","2.3514170574425877","","0.664321199369213","2.0700000000000003","5.277811790649435","direct_physical","20.658645179936038",""
"2025-12-28","stmp","EH4000","Plan","143322.3186460952","631.17963682857","",,"","","",,"","","","","","","227.07056800221505","227.07056800221505","227.07056800221505","3.745167541171725","27.88553995531524","3.745167541171728","36.04055933388367","","0.6499999999999999","8.058300209728294","2.9263462398956572","","0.6859899361043278","1.8299999999999996","6.23492133927682","direct_physical","22.48555772500509",""
"2025-12-28","stmp","EH5000","Plan","400593.0154496974","1371.8938885263567","",,"","","",,"","","","","","","292.0000000000009","292.0000000000009","292.0000000000009","1.5430174507546015","19.62961772883215","1.5430174507546015","24.107592341145686","","1.4000000000000001","4.716395822079217","1.5604281452386963","","0.10287239797250414","3.1000000000000005","3.84032738463323","direct_physical","16.72002374992363",""
"2025-12-29","stmp","CAT793","Plan","558408.0710805975","2334.009071894733","",,"","","",,"","","","","","","239.24845785937134","239.24845785937134","239.24845785937134","2.8083226398358385","25.071250780839904","2.808322639835839","31.646702388619516","","1.3200000000000003","6.720819789291162","2.3804087770024567","","0.7479332924345022","2.0700000000000007","5.324389136061913","direct_physical","20.813550994790035",""
"2025-12-29","stmp","EH4000","Plan","167917.0381243429","739.4235636044594","",,"","","",,"","","","","","","227.0918136633348","227.0918136633348","227.0918136633348","3.4588216048111344","27.156175663556127","3.458821604811134","33.913403661240615","","0.6500000000000001","7.642066352044355","2.8389966650819884","","0.6377786900390032","1.83","6.11938861583073","direct_physical","21.818230322996076",""
"2025-12-29","stmp","EH5000","Plan","406920.5423999558","1393.5635013697122","",,"","","",,"","","","","","","291.9999999999999","291.9999999999999","291.9999999999999","1.4788934357072219","19.442633745544004","1.4788934357072219","23.541451089426662","","1.3999999999999997","4.563867596527136","1.540971448862906","","0.08594228600625815","3.1","3.769249644185564","direct_physical","16.46003097558186",""
"2025-12-30","stmp","CAT793","Plan","596148.7208822139","2499.0618096142634","",,"","","",,"","","","","","","238.5490101080097","238.5490101080097","238.5490101080097","2.5202853610409783","24.16033887412786","2.5202853610409783","30.667511328180655","","1.320000000000001","6.258899034913365","2.3121699178657775","","0.744906949374257","2.070000000000001","4.930857285556912","direct_physical","19.886833187710312",""
"2025-12-30","stmp","EH4000","Plan","166661.92695422904","733.0635258467225","",,"","","",,"","","","","","","227.34991044838407","227.34991044838407","227.34991044838407","3.315597682546885","26.04845016333312","3.315597682546885","32.874045288835326","","0.65","7.637147688458006","2.839590292521811","","0.6063269345984312","1.8300000000000003","6.051456679728298","direct_physical","21.714521595306547",""
"2025-12-30","stmp","EH5000","Plan","386114.29702935286","1322.3092364018944","",,"","","",,"","","","","","","291.9999999999998","291.9999999999998","291.9999999999998","1.6497755881958285","19.805660513358966","1.6497755881958285","24.09907231608695","","1.4000000000000001","4.997891144553501","1.58704899559868","","0.15457669099883384","3.1000000000000014","4.107483225637397","direct_physical","17.34700005678841",""
"2025-12-31","stmp","CAT793","Plan","577996.9646025938","2422.903592706547","",,"","","",,"","","","","","","238.55549446642743","238.55549446642743","238.55549446642743","2.324938025382421","22.70293277607353","2.324938025382421","28.811716242282337","","1.3200000000000007","6.144416798430529","2.211844513528987","","0.6339674373373761","2.07","4.841651234862189","direct_physical","19.471879984159074",""
"2025-12-31","stmp","EH4000","Plan","168763.69426556845","744.1659741107025","",,"","","",,"","","","","","","226.7823310078715","226.7823310078715","226.7823310078715","3.1775824525509506","26.516525519444638","3.1775824525509506","33.356648289384474","","0.6499999999999999","7.190042564711175","2.80564117503912","","0.605903052345134","1.8299999999999998","5.715650610308221","direct_physical","20.89723740240365",""
"2025-12-31","stmp","EH5000","Plan","391648.2706054104","1341.2612007034622","",,"","","",,"","","","","","","291.99999999999955","291.99999999999955","291.99999999999955","1.6259650806926023","19.869300104464777","1.6259650806926023","24.39967295320731","","1.4000000000000001","4.909981948465017","1.6481095786570528","","0.04546776888613502","3.1","3.9983283804110274","direct_physical","17.10188767641924",""
"2026-01-01","stmp","CAT793","Plan","429161.6737000018","1792.0586049554904","",,"","","",,"","","","","","","239.47970926467605","239.47970926467605","239.47970926467605","3.927111647186413","26.944900621159398","3.9271116471864125","33.97805187437902","","1.0842211145467464","8.74476035907703","2.748674650728351","","0.6750034064405149","1.8273869439538988","6.93467358582903","direct_physical","24.20321252523995",""
"2026-01-01","stmp","EH4000","Plan","222890.83567275087","999.448051928389","",,"","","",,"","","","","","","223.01392778013152","223.01392778013152","223.01392778013152","1.3155793597192567","18.947846386668","1.315579359719257","23.757471445970243","","0.6500000000000001","4.165896217033674","2.268677732406275","","0.95003414406901","1.8300000000000003","3.3225236853454954","direct_physical","15.28713177885445",""
"2026-01-01","stmp","EH5000","Plan","329056.2206032023","1126.9048650794566","",,"","","",,"","","","","","","292.00000000000085","292.00000000000085","292.00000000000085","1.9177941939020031","21.19305100658767","1.9177941939020031","27.2033721511088","","1.4000000000000001","5.429499112626702","1.7221399573758085","","0.5563965128708639","3.1","4.229903961720058","direct_physical","18.43793954459344",""
"2026-01-02","stmp","CAT793","Plan","445114.0571725836","1856.6753689994175","",,"","","",,"","","","","","","239.7371477020565","239.7371477020565","239.7371477020565","3.1161185833856355","27.00374771045878","3.116118583385635","33.606703449451196","","1.1631799105387564","6.923746918681372","2.744539715497381","","0.8379716976501547","1.9086344006993008","5.563387533215232","direct_physical","21.35055058772709",""
"2026-01-02","stmp","EH4000","Plan","216514.7334746155","968.5853766827084","",,"","","",,"","","","","","","223.5370662069596","223.5370662069596","223.5370662069596","1.5469710357385633","19.366771818536304","1.5469710357385633","24.604586441966198","","0.6499999999999999","4.792655328105621","2.1015767160628895","","0.5276069474372679","1.8299999999999996","3.7723967587604177","direct_physical","15.774235750366216",""
"2026-01-02","stmp","EH5000","Plan","326305.9760736874","1117.4862194304421","",,"","","",,"","","","","","","291.99999999999847","291.99999999999847","291.99999999999847","1.99785640172834","21.59496382558368","1.99785640172834","28.061318769870372","","1.4","5.550895341704073","1.7178202176805515","","0.5528608430162649","3.1000000000000005","4.271765881238879","direct_physical","18.593342283639775",""
"2026-01-03","stmp","CAT793","Plan","427718.4992377119","1787.2620570609195","",,"","","",,"","","","","","","239.31493288738963","239.31493288738963","239.31493288738963","2.846613954462966","26.156029470313218","2.846613954462966","32.11583196475595","","1.1648255485022962","6.529922191043191","2.7914850011820724","","0.8705118894470417","1.9103277383139567","5.3181507941382655","direct_physical","20.79474287093177",""
"2026-01-03","stmp","EH4000","Plan","214628.8516989149","961.9923049515323","",,"","","",,"","","","","","","223.10869909684823","223.10869909684823","223.10869909684823","1.5674646065027995","18.968368544587605","1.5674646065027995","24.872860912573227","","0.65","4.958142613535596","2.0443253522753633","","0.5187331466532746","1.8300000000000003","3.7811443050616984","direct_physical","15.882345417525933",""
"2026-01-03","stmp","EH5000","Plan","273158.86363621237","935.4755603979888","",,"","","",,"","","","","","","291.9999999999996","291.9999999999996","291.9999999999996","2.3602004172573996","21.291413008809805","2.3602004172573996","28.530332841168935","","1.3999999999999997","6.651133251553046","1.87640168737587","","0.29029887560493806","3.0999999999999996","4.963560215852073","direct_physical","20.281394030385933",""
"2026-01-04","stmp","CAT793","Plan","413993.6488688917","1724.3134966634925","",,"","","",,"","","","","","","240.09186825363255","240.09186825363255","240.09186825363255","2.8883007476971283","25.22583565068479","2.888300747697128","31.169983799163457","","1.093103338987258","6.869863391705848","2.7555585200549686","","0.750123132441664","1.8365266241752947","5.55977333765822","direct_physical","21.055757911715578",""
"2026-01-04","stmp","EH4000","Plan","233488.84361388063","1046.7679234507912","",,"","","",,"","","","","","","223.05693399942723","223.05693399942723","223.05693399942723","1.2091521745159215","19.140997318989257","1.2091521745159215","23.58852517421918","","0.6499999999999999","3.7902481914555883","2.254393961171919","","0.895813083111448","1.8300000000000003","3.075611125965903","direct_physical","14.59606636170486",""
"2026-01-04","stmp","EH5000","Plan","269892.6525326961","924.2899059338846","",,"","","",,"","","","","","","292.00000000000193","292.00000000000193","292.00000000000193","2.7964295592171204","22.177537054502455","2.7964295592171204","29.18288329428252","","1.3999999999999997","7.565572910133571","1.8873452335042749","","0.169786744995727","3.0999999999999996","5.7494584020729596","direct_physical","21.87216329070653",""
"2026-01-05","stmp","CAT793","Plan","419924.3692521591","1754.460345585186","",,"","","",,"","","","","","","239.34674289380803","239.34674289380803","239.34674289380803","3.0921963310706984","26.045507863118235","3.0921963310706984","32.53828986128104","","1.0825900023237385","7.123369635919611","2.8372880209361635","","0.685590012791976","1.8257085531157313","5.70195239685954","direct_physical","21.44456557907469",""
"2026-01-05","stmp","EH4000","Plan","227063.82393659969","1018.1227443259187","",,"","","",,"","","","","","","223.02205230365882","223.02205230365882","223.02205230365882","1.2469136040977709","18.15900716521804","1.2469136040977709","23.59713724409502","","0.6499999999999999","4.119983849621876","2.161055985976615","","0.9751871679972052","1.83","3.1705039247753675","direct_physical","15.006730928371063",""
"2026-01-05","stmp","EH5000","Plan","291155.214996932","997.1069006744261","",,"","","",,"","","","","","","291.9999999999996","291.9999999999996","291.9999999999996","2.0722973663218216","22.360874682963754","2.0722973663218216","28.422774116608423","","1.3999999999999997","5.560508868378011","1.713022850218493","","0.13130152032153566","3.1000000000000005","4.374585023586925","direct_physical","18.279418262504965",""
"2026-01-06","stmp","CAT793","Plan","451877.8944835965","1883.4550795000503","",,"","","",,"","","","","","","239.91965585053626","239.91965585053626","239.91965585053626","3.7141716407942873","26.596883538677464","3.7141716407942873","33.10625260370474","","1.081857263834437","8.378812432050019","2.7535159035044128","","0.650326172087507","1.824954575829636","6.731365857539529","direct_physical","23.60870801280235",""
"2026-01-06","stmp","EH4000","Plan","208701.28205713426","935.292123635593","",,"","","",,"","","","","","","223.14021125922375","223.14021125922375","223.14021125922375","1.5294710247760812","19.53748317824346","1.5294710247760812","24.418926910512774","","0.6499999999999999","4.697035982032533","2.284453682959434","","1.0161766023120942","1.8299999999999998","3.7580792072831444","direct_physical","16.335745474587213",""
"2026-01-06","stmp","EH5000","Plan","308059.10908570257","1054.9969489236369","",,"","","",,"","","","","","","292.00000000000057","292.00000000000057","292.00000000000057","2.2829418129557317","22.61909189766147","2.2829418129557317","29.203064809645806","","1.4","6.055791691244049","1.7377116214521473","","0.09669806089772989","3.0999999999999996","4.690484018379482","direct_physical","19.0806853919734",""
"2026-01-07","stmp","CAT793","Plan","458824.5109717809","1911.328113214917","",,"","","",,"","","","","","","240.0553352401765","240.0553352401765","240.0553352401765","3.7218517091225234","26.80114723182887","3.7218517091225234","32.852972836178076","","1.1235289377766935","8.332147150855862","2.709883347478929","","0.7144035156178885","1.8678341243789165","6.797287528921542","direct_physical","23.743831284449847",""
"2026-01-07","stmp","EH4000","Plan","207458.51080775334","929.5436655092996","",,"","","",,"","","","","","","223.1831795594952","223.1831795594952","223.1831795594952","1.5902867561451426","20.051995667657447","1.5902867561451426","23.975480535094537","","0.65","4.7584892272149375","2.226178346447488","","0.8923181515434557","1.8299999999999996","3.9797828130718766","direct_physical","16.436768538277764",""
"2026-01-07","stmp","EH5000","Plan","313958.98636709293","1075.2020081064888","",,"","","",,"","","","","","","291.9999999999983","291.9999999999983","291.9999999999983","2.3127895529520965","22.608301728367124","2.3127895529520965","29.579670449046322","","1.3999999999999997","6.137894603689377","1.7313457293295147","","0.2640088946578624","3.099999999999999","4.691308965600723","direct_physical","19.32455819327749",""
"2026-01-08","stmp","CAT793","Plan","475582.4253619681","1977.896003181203","",,"","","",,"","","","","","","240.44865078702426","240.44865078702426","240.44865078702426","3.5479183884811505","26.440493269370034","3.5479183884811505","32.34371916130426","","1.1912057343297815","8.051101813424713","2.688419319540024","","0.8781628571615716","1.937472567208905","6.581651981555385","direct_physical","23.544415769132495",""
"2026-01-08","stmp","EH4000","Plan","169835.74810201727","752.3582092570381","",,"","","",,"","","","","","","225.73788125437207","225.73788125437207","225.73788125437207","2.8699071424499407","23.036552056256586","2.8699071424499403","30.198527404526192","","0.6499999999999999","7.474835128385869","2.0993719648158344","","0.45145149988250005","1.8299999999999994","5.702080311412393","direct_physical","20.30773890449659",""
"2026-01-08","stmp","EH5000","Plan","304051.56599217845","1041.2724862745888","",,"","","",,"","","","","","","291.9999999999986","291.9999999999986","291.9999999999986","2.4879485751401176","23.16962680254372","2.4879485751401176","30.275946967197218","","1.4000000000000001","6.442784589522107","1.7297266867541439","","0.3511864426275239","3.100000000000001","4.93054485364711","direct_physical","19.954242572550907",""
"2026-01-09","stmp","CAT793","Plan","474849.4966282277","1978.1121329602054","",,"","","",,"","","","","","","240.05185991029987","240.05185991029987","240.05185991029987","3.411236488808812","25.999533797364172","3.411236488808812","32.04452029276756","","1.1156017275219132","7.872225360797759","2.701357244672825","","0.6937440310219999","1.8596771399138523","6.38718219085725","direct_physical","22.826466406313056",""
"2026-01-09","stmp","EH4000","Plan","193654.4561586404","859.9672626438771","",,"","","",,"","","","","","","225.1881723535272","225.1881723535272","225.1881723535272","2.058921794652334","22.085309537677524","2.058921794652334","27.62935402081518","","0.6500000000000002","5.593551109998657","2.263062738642119","","0.8588241770116439","1.83","4.471161634328186","direct_physical","17.76659965998061",""
"2026-01-09","stmp","EH5000","Plan","303304.2830653852","1038.713298169126","",,"","","",,"","","","","","","292.0000000000004","292.0000000000004","292.0000000000004","2.4782352999060846","22.838594380987423","2.4782352999060846","29.82198584538525","","1.3999999999999995","6.510651028425345","1.7282144014305625","","0.2770148029409814","3.0999999999999996","4.98605688988262","direct_physical","20.001937122679525",""
"2026-01-10","stmp","CAT793","Plan","400875.72713216237","1667.3729668104831","",,"","","",,"","","","","","","240.4235495667159","240.4235495667159","240.4235495667159","3.7953430234547394","27.491136183150974","3.7953430234547394","33.97662466357135","","1.0614905257457312","8.283418331282062","2.741747793089345","","0.6510515557565462","1.8039974975064768","6.702272037382191","direct_physical","23.426540486609078",""
"2026-01-10","stmp","EH4000","Plan","226224.2489570528","1013.1104503515911","",,"","","",,"","","","","","","223.2967282871711","223.2967282871711","223.2967282871711","1.259201056754935","19.152751946694842","1.259201056754935","23.08540121557054","","0.6499999999999998","3.9447105886177356","2.2661219974659312","","1.0174227109902811","1.8299999999999998","3.2727203958811026","direct_physical","15.080975692955043",""
"2026-01-10","stmp","EH5000","Plan","313874.97057592036","1074.9142827942494","",,"","","",,"","","","","","","291.99999999999955","291.99999999999955","291.99999999999955","2.27888701656802","22.11528316348147","2.27888701656802","28.712095571050344","","1.4000000000000001","6.182747920671712","1.7489369169392515","","0.1358293149112764","3.100000000000001","4.762216699081544","direct_physical","19.3297308516038",""
"2026-01-11","stmp","CAT793","Plan","442581.65672077506","1842.20177568848","",,"","","",,"","","","","","","240.24602655448558","240.24602655448558","240.24602655448558","3.943594139268833","26.77006248737436","3.943594139268833","32.98470496845741","","1.0522115619862402","8.838815690763727","2.763013433283332","","0.5724173198258726","1.7944495782756966","7.173495975859134","direct_physical","24.374545706599108",""
"2026-01-11","stmp","EH4000","Plan","209615.9596683494","939.2624364145042","",,"","","",,"","","","","","","223.17081099136402","223.17081099136402","223.17081099136402","1.5182182182202943","19.72124949908751","1.518218218220294","24.255717175673663","","0.65","4.619032536322432","2.3186245151060705","","0.9935055424709442","1.83","3.7555308067566004","direct_physical","16.266693400656038",""
"2026-01-11","stmp","EH5000","Plan","323053.21167728043","1106.3466153331642","",,"","","",,"","","","","","","291.9999999999968","291.9999999999968","291.9999999999968","2.075509485952049","21.29734032362081","2.075509485952049","27.729867527247904","","1.4000000000000001","5.847235723561524","1.7718852852531302","","0.17058811524357267","3.100000000000001","4.490846161986053","direct_physical","18.780555286044294",""
"2026-01-12","stmp","CAT793","Plan","403819.3046062656","1683.161477730029","",,"","","",,"","","","","","","239.91714992840176","239.91714992840176","239.91714992840176","3.699089780554538","27.01132837218264","3.6990897805545377","32.39015448670043","","1.0876413990187215","8.216752015122687","2.8132176448901887","","0.8349828605590628","1.8309063671062211","6.852248479531156","direct_physical","23.82513347901553",""
"2026-01-12","stmp","EH4000","Plan","190621.35990532333","850.392356881685","",,"","","",,"","","","","","","224.15695339068583","224.15695339068583","224.15695339068583","2.0579420204131718","20.099619130197667","2.0579420204131718","26.211780474169792","","0.6499999999999999","6.143226915144835","2.079241922743585","","0.4534458263022818","1.83","4.710726207495494","direct_physical","17.966640871686195",""
"2026-01-12","stmp","EH5000","Plan","289701.27070693986","992.1276394073337","",,"","","",,"","","","","","","291.9999999999984","291.9999999999984","291.9999999999984","2.5356967494143876","22.24512148961488","2.5356967494143876","29.32744067428342","","1.4000000000000001","6.839333515705479","1.7380532162856375","","0.05924151260922567","3.1000000000000005","5.187694577736305","direct_physical","20.32432282233664",""
"2026-01-13","stmp","CAT793","Plan","411648.1905449658","1716.6506832214734","",,"","","",,"","","","","","","239.79729514479044","239.79729514479044","239.79729514479044","3.163560855399359","25.871038550001316","3.163560855399358","31.4616607361054","","1.1305752685273327","7.3369165662640885","2.7612399018090845","","0.8935688180600079","1.8750846966005887","6.033173293555078","direct_physical","22.231143397475496",""
"2026-01-13","stmp","EH4000","Plan","196045.23601581415","873.7712226288132","",,"","","",,"","","","","","","224.3667803867422","224.3667803867422","224.3667803867422","1.8875103340613588","18.73030350960631","1.8875103340613588","25.499307364535372","","0.6500000000000002","6.04638467206888","2.1172911016940796","","0.30092323791448095","1.8300000000000005","4.4413214219767925","direct_physical","17.485920433654243",""
"2026-01-13","stmp","EH5000","Plan","285894.8836533415","979.0920673059642","",,"","","",,"","","","","","","291.99999999999994","291.99999999999994","291.99999999999994","2.883026611990725","23.604786844067597","2.883026611990725","31.07217529491518","","1.3999999999999997","7.328242269763075","1.7425830742296093","","0.038750346475307035","3.0999999999999996","5.567090011485329","direct_physical","21.176665701953322",""
"2026-01-14","stmp","CAT793","Plan","399485.100707976","1663.043592192109","",,"","","",,"","","","","","","240.21324671435843","240.21324671435843","240.21324671435843","4.4630576820052745","27.714800294155438","4.463057682005274","34.0399910310493","","1.0370393741475552","9.662110427574948","2.7808457725834526","","0.6292769293167748","1.7788376168764692","7.866731241969481","direct_physical","25.93102554702891",""
"2026-01-14","stmp","EH4000","Plan","214825.32736955406","962.3879646464184","",,"","","",,"","","","","","","223.22112834035798","223.22112834035798","223.22112834035798","1.4269693470012987","19.186728234618172","1.4269693470012987","23.46987034908995","","0.65","4.462363763802056","2.3173968274395227","","0.8680520869449176","1.8300000000000003","3.648003143886042","direct_physical","15.875815822072552",""
"2026-01-14","stmp","EH5000","Plan","241972.9223315798","828.6743915465057","",,"","","",,"","","","","","","292.0000000000001","292.0000000000001","292.0000000000001","2.682501014683334","22.21662920546987","2.6825010146833344","29.76966011268634","","1.4","7.244576096241149","1.893327745908409","","0.10243829787637775","3.1000000000000005","5.406513217542957","direct_physical","21.14685535756891",""
"2026-01-15","stmp","CAT793","Plan","417854.3149219932","1735.8707165412998","",,"","","",,"","","","","","","240.7174168791571","240.7174168791571","240.7174168791571","3.9680298235855225","26.962911937209114","3.9680298235855225","33.57316680428275","","1.0537590462090223","8.829973185743928","2.8220274869122663","","0.5704062228721599","1.7960419171136317","7.091430808509863","direct_physical","24.34418450550236",""
"2026-01-15","stmp","EH4000","Plan","212430.74512021508","948.5016238331984","",,"","","",,"","","","","","","223.96455607710453","223.96455607710453","223.96455607710453","1.5049680662607705","19.252974512828438","1.5049680662607707","24.064748046292998","","0.65","4.690084844577121","2.281550250742013","","0.8043102210154436","1.83","3.752297086258338","direct_physical","16.10824240259292",""
"2026-01-15","stmp","EH5000","Plan","315704.00199103035","1081.1780890103764","",,"","","",,"","","","","","","292.0000000000004","292.0000000000004","292.0000000000004","2.097760533235054","22.066875760996066","2.0977605332350544","28.410435582870075","","1.4","5.703826556932673","1.7630358413894154","","0.02280155585686546","3.1000000000000014","4.430260550809481","direct_physical","18.419924504988447",""
"2026-01-16","stmp","CAT793","Plan","357232.04379791056","1487.067079289934","",,"","","",,"","","","","","","240.22591097133747","240.22591097133747","240.22591097133747","4.21430653721092","27.811003060825445","4.21430653721092","33.67828313840174","","1.1631644782058304","9.09202705417092","2.780772921145497","","0.7614045508133309","1.9086185210523754","7.50805470675353","direct_physical","25.423128617760387",""
"2026-01-16","stmp","EH4000","Plan","200420.096996699","897.242850863596","",,"","","",,"","","","","","","223.37330055491074","223.37330055491074","223.37330055491074","1.6919128234877394","19.433798548114677","1.6919128234877394","24.234369428130076","","0.6499999999999999","5.2236195182291105","2.3454601705184377","","0.6905377976038689","1.8299999999999994","4.1888760386491","direct_physical","17.028493525000535",""
"2026-01-16","stmp","EH5000","Plan","334249.64639620675","1144.6905698500252","",,"","","",,"","","","","","","291.9999999999995","291.9999999999995","291.9999999999995","1.9800960222461619","21.312876534439106","1.9800960222461619","27.823116174092444","","1.4000000000000001","5.574365390931325","1.7425099213349609","","0.028648330333887036","3.1000000000000005","4.2700379278650304","direct_physical","18.115561570465207",""
"2026-01-17","stmp","CAT793","Plan","357574.1047053708","1497.2210559009118","",,"","","",,"","","","","","","238.82519104048424","238.82519104048424","238.82519104048424","3.1837320596283147","26.27112530254746","3.1837320596283156","31.790743975319124","","1.1386988823254076","7.271250141659356","2.8508313850542466","","0.7251724443982401","1.8834437774652748","6.008790600371012","direct_physical","22.080891287532353",""
"2026-01-17","stmp","EH4000","Plan","213848.95606272016","958.9639285323809","",,"","","",,"","","","","","","222.99999999999918","222.99999999999918","222.99999999999918","1.4728308279287197","18.91225551551229","1.4728308279287212","23.383868620842698","","0.65","4.672623506130196","2.225253675646732","","0.6755296417369457","1.8300000000000003","3.779094516334938","direct_physical","15.932501339848825",""
"2026-01-17","stmp","EH5000","Plan","294595.8971840984","1008.8900588496522","",,"","","",,"","","","","","","291.99999999999994","291.99999999999994","291.99999999999994","2.361262080654887","23.145469541932325","2.361262080654888","30.110262038860224","","1.3999999999999997","6.121099620926734","1.764578424766583","","0.24966197863065298","3.0999999999999996","4.705230550848311","direct_physical","19.340570575172297",""
"2026-01-18","stmp","CAT793","Plan","416702.6489912644","1743.119685441855","",,"","","",,"","","","","","","239.0556726950373","239.0556726950373","239.0556726950373","3.249385020595377","25.712399810024213","3.2493850205953763","31.717731124433566","","1.0702061033229797","7.582454484070152","2.6704480677911637","","0.6033361778230972","1.8129657005207473","6.14681738964405","direct_physical","22.071064297952102",""
"2026-01-18","stmp","EH4000","Plan","227098.3311975447","1018.37816680513","",,"","","",,"","","","","","","223.00000000000068","223.00000000000068","223.00000000000068","1.281947739387882","19.606358115462097","1.2819477393878824","23.66512625665373","","0.6500000000000001","3.9230571996241483","2.378693681023929","","0.8709962617801443","1.8300000000000007","3.2502199028685457","direct_physical","15.002967045296787",""
"2026-01-18","stmp","EH5000","Plan","317053.8869011684","1085.800982538249","",,"","","",,"","","","","","","291.9999999999997","291.9999999999997","291.9999999999997","2.114606456951013","22.155076013873074","2.1146064569510132","29.12527928270703","","1.3999999999999995","5.726741236979429","1.7521830977667037","","0.2915548168887925","3.0999999999999988","4.356229040261699","direct_physical","18.626708191896647",""
"2026-01-19","stmp","CAT793","Plan","395651.9801040106","1653.1220314194386","",,"","","",,"","","","","","","239.33622115258336","239.33622115258336","239.33622115258336","3.6187472836081507","26.053117442261378","3.6187472836081516","32.56758136882811","","1.0612402654289144","8.333929231220742","2.5362427082744308","","0.6296977262143245","1.8037399832674335","6.6669008839664405","direct_physical","23.21424825891896",""
"2026-01-19","stmp","EH4000","Plan","217280.95309873478","974.3540497701188","",,"","","",,"","","","","","","222.99999999999827","222.99999999999827","222.99999999999827","1.3931747410814268","20.192108943513208","1.3931747410814275","23.4744662017966","","0.6500000000000001","4.139759977460867","2.5433011865974398","","0.8568720819868938","1.83","3.560910980735661","direct_physical","15.680844226780884",""
"2026-01-19","stmp","EH5000","Plan","322400.2549611764","1104.1104621957998","",,"","","",,"","","","","","","292.0000000000026","292.0000000000026","292.0000000000026","2.1965464278346714","22.26222810797019","2.1965464278346714","28.90108497736249","","1.4000000000000001","5.920017755226244","1.7304480691029378","","0.10799288657064733","3.1000000000000005","4.560132803779178","direct_physical","18.818591514679024",""
"2026-01-20","stmp","CAT793","Plan","377650.29393711453","1573.3197138533335","",,"","","",,"","","","","","","240.03404432795372","240.03404432795372","240.03404432795372","4.111113818355653","27.091613407117446","4.111113818355653","34.015776192568936","","1.0576821512859813","9.104914697938788","2.74902381672129","","0.635128067143704","1.800078735381227","7.2515419817239355","direct_physical","24.779938707052146",""
"2026-01-20","stmp","EH4000","Plan","217421.80504492894","974.9856728472109","",,"","","",,"","","","","","","223.00000000000094","223.00000000000094","223.00000000000094","1.4147178378552467","19.59168536637706","1.4147178378552474","23.613311880501218","","0.65","4.332606852547244","2.2595928827218827","","0.9037733782858284","1.8299999999999996","3.5947126223072234","direct_physical","15.670685735862191",""
"2026-01-20","stmp","EH5000","Plan","325928.0171897806","1116.1918396910262","",,"","","",,"","","","","","","292.00000000000085","292.00000000000085","292.00000000000085","2.153594998172987","22.046794018415756","2.153594998172987","28.57150394072033","","1.3999999999999995","5.860974606214624","1.7313916787356458","","0.0","3.1","4.522537566047407","direct_physical","18.61490385099769",""
"2026-01-21","stmp","CAT793","Plan","344239.34363931895","1438.2289977632418","",,"","","",,"","","","","","","239.34946672239667","239.34946672239667","239.34946672239667","3.488879734051634","26.703457339576406","3.4888797340516353","33.04717316106906","","1.1523628745086978","7.839164097034436","2.8282621918043502","","0.6993511362997974","1.8975038273930085","6.3343627917228575","direct_physical","22.957275494721934",""
"2026-01-21","stmp","EH4000","Plan","216205.8690889297","968.5295583623193","",,"","","",,"","","","","","","223.23104878132048","223.23104878132048","223.23104878132048","1.561131812721585","22.313188548392382","1.5611318127215854","27.252571529618898","","0.6500000000000001","4.1978719697612945","2.5698900829084894","","0.9903526947633924","1.8300000000000007","3.4370301041681177","direct_physical","15.775144851601286",""
"2026-01-21","stmp","EH5000","Plan","328800.377517858","1126.0286901296554","",,"","","",,"","","","","","","291.99999999999875","291.99999999999875","291.99999999999875","2.095185249350499","21.888529895664025","2.0951852493504997","28.656403666943273","","1.4","5.743241577221342","1.7221886628349434","","0.10001407001100894","3.0999999999999996","4.386841992529741","direct_physical","18.45228630259705",""
"2026-01-22","stmp","CAT793","Plan","346998.28666203516","1449.3369292232048","",,"","","",,"","","","","","","239.41864701399308","239.41864701399308","239.41864701399308","3.4286972263226163","26.287777354911807","3.4286972263226163","32.91469303476873","","1.1641651277737353","7.82575988840374","2.8253321583719484","","0.6953403931494897","1.9096481749555827","6.250151972009799","direct_physical","22.879745139300915",""
"2026-01-22","stmp","EH4000","Plan","219724.24532277972","983.2319533612934","",,"","","",,"","","","","","","223.47142459276947","223.47142459276947","223.47142459276947","1.459485722854136","21.27738263865431","1.459485722854136","25.257413159513874","","0.6500000000000001","4.115597527120774","2.5249994845164054","","0.851593063494649","1.8300000000000005","3.4670669881433573","direct_physical","15.539257063275196",""
"2026-01-22","stmp","EH5000","Plan","322711.42518393754","1105.1761136436196","",,"","","",,"","","","","","","292.00000000000057","292.00000000000057","292.00000000000057","2.0769220632692598","21.597051276824004","2.0769220632692598","28.08963580675147","","1.4","5.770015646991654","1.7102943021485695","","0.3837906873107176","3.099999999999999","4.436345300219369","direct_physical","18.800445936670318",""
"2026-01-23","stmp","CAT793","Plan","393064.45339152735","1642.187966390934","",,"","","",,"","","","","","","239.35411867337706","239.35411867337706","239.35411867337706","3.6864581444608815","26.502521026564764","3.6864581444608824","32.631482262981905","","1.1725790231822864","8.345903714063502","2.613571811579971","","0.6909936187668059","1.9183059513904686","6.778346349242443","direct_physical","23.73124282209912",""
"2026-01-23","stmp","EH4000","Plan","229646.5422416199","1029.8051221597282","",,"","","",,"","","","","","","223.0000000000005","223.0000000000005","223.0000000000005","1.27605832883345","18.398560678781962","1.2760583288334502","23.523476563997026","","0.6499999999999999","4.161385288051551","2.220976186899794","","0.61935944345168","1.8299999999999998","3.254769741271509","direct_physical","14.836490659674537",""
"2026-01-23","stmp","EH5000","Plan","308176.801386824","1055.4000047493946","",,"","","",,"","","","","","","292.00000000000074","292.00000000000074","292.00000000000074","2.3696413012845925","22.645866727820618","2.3696413012845925","29.458038935300774","","1.3999999999999997","6.2783411995624","1.6804289735532203","","0.40189150876327934","3.1","4.826474647186961","direct_physical","19.687136329065837",""
"2026-01-24","stmp","CAT793","Plan","394265.2472567751","1641.090899957399","",,"","","",,"","","","","","","240.2458311523206","240.2458311523206","240.2458311523206","4.165220226412038","27.12727992291949","4.165220226412038","33.19681891119212","","1.0975925539646822","9.21261601955063","2.863303887753334","","0.652062601331085","1.8411459613259773","7.528227757403149","direct_physical","25.386929447580506",""
"2026-01-24","stmp","EH4000","Plan","226982.43099110533","1017.8523927462577","",,"","","",,"","","","","","","223.00132377611868","223.00132377611868","223.00132377611868","1.2921837665979443","17.895724082713713","1.2921837665979454","22.71923065564463","","0.6500000000000001","4.3323771442569","2.10501536304919","","0.5807516695338494","1.83","3.4125726865937693","direct_physical","15.010716863433702",""
"2026-01-24","stmp","EH5000","Plan","300081.43870966765","1027.6761599646138","",,"","","",,"","","","","","","292.0000000000004","292.0000000000004","292.0000000000004","2.4749984397536466","22.932747041987934","2.4749984397536484","29.86456094311454","","1.3999999999999997","6.475452160760677","1.662540428449243","","0.4127334239941634","3.1","4.972445657851082","direct_physical","20.023171671055163",""
"2026-01-25","stmp","CAT793","Plan","414141.9814456321","1726.460891985818","",,"","","",,"","","","","","","239.87915588940783","239.87915588940783","239.87915588940783","3.83383556663194","26.46552076729155","3.83383556663194","32.475558014619395","","1.0667386975571134","8.691691201565478","2.8409528562419037","","0.6916602463616439","1.8093977902399283","7.083177258859251","direct_physical","24.367549884970646",""
"2026-01-25","stmp","EH4000","Plan","220578.64299025378","988.1346186592976","",,"","","",,"","","","","","","223.22732027093147","223.22732027093147","223.22732027093147","1.3644062582416812","18.244754648848","1.3644062582416816","23.11003432185767","","0.65","4.487008845562628","2.1992964320514212","","0.6534796046509506","1.83","3.5423736007641007","direct_physical","15.462158483029091",""
"2026-01-25","stmp","EH5000","Plan","299940.11330121016","1027.19216883976","",,"","","",,"","","","","","","292.0000000000003","292.0000000000003","292.0000000000003","2.406996519792694","22.31338594783097","2.4069965197926964","28.773212917832325","","1.4","6.4723386905607825","1.6626946826021898","","0.5145884040996302","3.1","5.019244517460787","direct_physical","20.1688662947234",""
"2026-01-26","stmp","CAT793","Plan","390098.767619697","1625.8067731309593","",,"","","",,"","","","","","","239.94165485511508","239.94165485511508","239.94165485511508","4.189514698483741","27.079778580584982","4.189514698483739","33.24173899271363","","1.1394549028592116","9.28260477318845","2.86416359039713","","0.7177594312966503","1.8842217116377387","7.561905289134337","direct_physical","25.65301097752026",""
"2026-01-26","stmp","EH4000","Plan","193895.31166580826","865.2750631454027","",,"","","",,"","","","","","","224.08517236238168","224.08517236238168","224.08517236238168","1.9046326874440533","19.852888317335434","1.904632687444054","25.235872092584216","","0.6500000000000001","5.756238559346365","2.197118744884848","","0.5958642770398683","1.8300000000000003","4.528393583046604","direct_physical","17.65761516431768",""
"2026-01-26","stmp","EH5000","Plan","297578.71015446295","1019.1051717618597","",,"","","",,"","","","","","","291.99999999999994","291.99999999999994","291.99999999999994","2.352537395944265","21.687957564940486","2.352537395944267","27.879871939166918","","1.3999999999999992","6.508323493994407","1.7102552929996897","","0.606830611707147","3.0999999999999988","5.062872744345676","direct_physical","20.38828214304693",""
"2026-01-27","stmp","CAT793","Plan","446957.2612412891","1858.389921721372","",,"","","",,"","","","","","","240.50779441769987","240.50779441769987","240.50779441769987","4.093306772783176","27.04138995585087","4.093306772783169","33.24678325876742","","1.1295543693701369","9.082314436054022","2.710016280454014","","0.6409941656029572","1.8740342061634745","7.387132898104482","direct_physical","25.024364886889106",""
"2026-01-27","stmp","EH4000","Plan","199425.11623082656","890.9003520861955","",,"","","",,"","","","","","","223.8467139044659","223.8467139044659","223.8467139044659","1.8162294653308875","20.15372553833291","1.8162294653308884","24.513472628782804","","0.6500000000000001","5.407127715051111","2.188633663521994","","0.5284970968070423","1.8299999999999998","4.445464319563617","direct_physical","17.149722794943735",""
"2026-01-27","stmp","EH5000","Plan","298454.93815493956","1022.1059525854075","",,"","","",,"","","","","","","292.00000000000057","292.00000000000057","292.00000000000057","2.337258447719271","21.60416227579798","2.3372584477192726","27.796750439460453","","1.4000000000000001","6.49113374880797","1.6896328115596668","","0.6026256146687178","3.1","5.045032410122195","direct_physical","20.328424585158558",""
"2026-01-28","stmp","CAT793","Plan","429363.7644413519","1785.4351687492754","",,"","","",,"","","","","","","240.48129663656607","240.48129663656607","240.48129663656607","3.918867053091658","25.90712120801726","3.918867053091658","32.04837670030526","","1.1078098806210162","9.075961057098661","2.57288663352306","","0.5644063920541538","1.8516594423781474","7.336784180499844","direct_physical","24.704153641989052",""
"2026-01-28","stmp","EH4000","Plan","210377.8498895265","940.811379834732","",,"","","",,"","","","","","","223.61320706652444","223.61320706652444","223.61320706652444","1.558095619444031","20.204140466575993","1.558095619444031","24.03674308237893","","0.6499999999999998","4.627058365650184","2.3755233483599136","","0.7680456463758244","1.8299999999999998","3.889284702434383","direct_physical","16.23991206282029",""
"2026-01-28","stmp","EH5000","Plan","302081.8595907597","1034.526916406716","",,"","","",,"","","","","","","291.99999999999864","291.99999999999864","291.99999999999864","2.293637094581739","21.63027929441958","2.2936370945817415","27.761152477850494","","1.4","6.362295363907234","1.6670500010869314","","0.5977845573306029","3.0999999999999996","4.95722307583248","direct_physical","20.08435299815726",""
"2026-01-29","stmp","CAT793","Plan","460510.05382938235","1914.8655079192815","",,"","","",,"","","","","","","240.49211389774248","240.49211389774248","240.49211389774248","3.9366302963657582","26.91604765235709","3.9366302963657582","33.05117289019261","","1.1568973866284895","8.775352935640282","2.5937043822696753","","0.7203029284796238","1.9021697746467061","7.1464277097419835","direct_physical","24.502306609570716",""
"2026-01-29","stmp","EH4000","Plan","190894.21641969043","851.9726827396347","",,"","","",,"","","","","","","224.06142859633007","224.06142859633007","224.06142859633007","1.9099781649437768","18.992704941994294","1.9099781649437768","24.536783789967227","","0.6500000000000002","6.033826684857317","2.302841633714769","","0.3461608171731911","1.83","4.670485377284228","direct_physical","17.933314513029504",""
"2026-01-29","stmp","EH5000","Plan","301233.4914025713","1031.621545899217","",,"","","",,"","","","","","","292.0","292.0","292.0","2.3170099193563765","21.723501195462568","2.317009919356379","27.920546164717653","","1.3999999999999997","6.399548300732485","1.669134456814857","","0.5930838142111202","3.0999999999999996","4.979150276689746","direct_physical","20.14091684844822",""
"2026-01-30","stmp","CAT793","Plan","459224.4834902909","1910.4945138149342","",,"","","",,"","","","","","","240.36943323815012","240.36943323815012","240.36943323815012","3.2677913393965983","25.267734090587993","3.2677913393965983","30.99855212760874","","1.1313229666246123","7.759598848906254","2.555431069377775","","0.7548244660704501","1.8758540671064852","6.325052846231781","direct_physical","22.602864168654207",""
"2026-01-30","stmp","EH4000","Plan","203142.95098439883","909.1513726724073","",,"","","",,"","","","","","","223.44238494330133","223.44238494330133","223.44238494330133","1.6711481366747822","19.31514264165421","1.6711481366747822","24.318257631484403","","0.6500000000000001","5.19120619820075","2.506964392763597","","0.4040814001761631","1.8300000000000005","4.123193763301144","direct_physical","16.805445754441656",""
"2026-01-30","stmp","EH5000","Plan","317712.08997261187","1088.055102645933","",,"","","",,"","","","","","","291.9999999999995","291.9999999999995","291.9999999999995","2.113505075520771","21.3688700612024","2.1135050755207736","28.864966943625106","","1.4000000000000001","5.93434768277639","1.7003301130383153","","0.5683758233007744","3.1000000000000005","4.393225350956197","direct_physical","19.096278970071683",""
"2026-01-31","stmp","CAT793","Plan","455913.45561766875","1901.6304052121006","",,"","","",,"","","","","","","239.74872002891533","239.74872002891533","239.74872002891533","3.4436513743850354","26.21006610565093","3.443651374385036","31.820412894642818","","1.1556478886069124","7.883195777921168","2.7414564020655603","","0.910642299789428","1.9008840592911702","6.493287285341538","direct_physical","23.292239249174106",""
"2026-01-31","stmp","EH4000","Plan","192526.53581495784","861.075673442907","",,"","","",,"","","","","","","223.58840430965114","223.58840430965114","223.58840430965114","1.931743910804674","18.75771695207136","1.931743910804674","25.25853439975854","","0.6499999999999998","6.179037403348889","2.1324396784350728","","0.26352111832628766","1.8299999999999994","4.5887315872685175","direct_physical","17.743729787378765",""
"2026-01-31","stmp","EH5000","Plan","272076.0422267893","931.7672678999736","",,"","","",,"","","","","","","291.99999999999676","291.99999999999676","291.99999999999676","2.5963713928417826","23.04790881196781","2.5963713928417826","30.64075907073419","","1.4000000000000001","6.759063689527258","1.8659659073299861","","0.3924593542338089","3.1000000000000005","5.084152230396237","direct_physical","20.60164118148727",""
"2026-02-01","stmp","CAT793","Plan","486458.59048582154","2021.357549533588","",,"","","",,"","","","","","","240.65934826724146","240.65934826724146","240.65934826724146","3.228076570384291","26.154410037063844","3.228076570384291","32.32126029392686","","0.7849383712627513","7.405427763370836","3.6317267066206353","","0.539846284218858","0.8822864524767142","5.992482733089793","direct_physical","21.733482626077286",""
"2026-02-01","stmp","EH4000","Plan","241707.77476214326","1080.3381715986689","",,"","","",,"","","","","","","223.73343932156686","223.73343932156686","223.73343932156686","1.3768482156527209","20.070179161018057","1.3768482156527209","26.037027046910527","","0.6","4.116101419743023","2.7678695306648984","","0.7280342106127037","1.2199999999999995","3.172823563547575","direct_physical","14.554828724568216",""
"2026-02-01","stmp","EH5000","Plan","333988.7622328098","1143.7971309342852","",,"","","",,"","","","","","","291.9999999999987","291.9999999999987","291.9999999999987","2.367035459075469","22.147824399772002","2.367035459075469","29.37343474956295","","0.7000000000000002","6.412464040756535","2.6540608918610524","","0.2707754996063937","1.4800000000000004","4.835053467713418","direct_physical","18.662353899937415",""
"2026-02-02","stmp","CAT793","Plan","461139.6585374107","1906.1448344008488","",,"","","",,"","","","","","","241.92267566192524","241.92267566192524","241.92267566192524","3.5225848155556174","26.300024306375928","3.522584815555617","33.05395612926203","","0.8025005325551325","8.036307741438023","3.693085444231511","","0.6338585752025253","0.850216418812368","6.394244855496386","direct_physical","22.95891079442069",""
"2026-02-02","stmp","EH4000","Plan","237664.25582307586","1061.7131343634394","",,"","","",,"","","","","","","223.84978402435402","223.84978402435402","223.84978402435402","1.543476627893345","21.67749075420858","1.543476627893345","27.780675467182764","","0.6000000000000001","4.272108738213678","2.675972110196019","","0.7585132923309688","1.2200000000000002","3.3335617696912725","direct_physical","14.810155910431945",""
"2026-02-02","stmp","EH5000","Plan","350736.8859289294","1201.1537189346896","",,"","","",,"","","","","","","292.0","292.0","292.0","2.1516716622163496","22.3507765188385","2.15167166221635","28.75243328074432","","0.6999999999999998","5.776099082023746","2.6179021489001038","","0.29975571041299026","1.4800000000000002","4.490065187611104","direct_physical","17.67382212894795",""
"2026-02-03","stmp","CAT793","Plan","449571.3169860676","1856.569127584902","",,"","","",,"","","","","","","242.15167122319204","242.15167122319204","242.15167122319204","3.6729097526587333","27.608181430340217","3.6729097526587333","34.029864634440266","","0.7912751673902418","7.982220260163231","3.7213874675600778","","0.8480562098980654","0.8707149117221661","6.475917184122198","direct_physical","23.205080391401072",""
"2026-02-03","stmp","EH4000","Plan","220080.6807652006","980.6434765570842","",,"","","",,"","","","","","","224.42476397015986","224.42476397015986","224.42476397015986","1.789131512750578","19.960158289702147","1.789131512750578","28.100997991564544","","0.6","5.37810818967391","2.5619898278483606","","0.5043374286953758","1.22","3.820073963111871","direct_physical","16.03450940932952",""
"2026-02-03","stmp","EH5000","Plan","336282.3900013651","1151.6520205526192","",,"","","",,"","","","","","","292.0000000000002","292.0000000000002","292.0000000000002","2.4155095936916555","23.053469047968118","2.4155095936916555","29.934238662328795","","0.6999999999999997","6.286714390790275","2.6214137503174313","","0.2571033302317311","1.4799999999999995","4.841632261183561","direct_physical","18.496863732523003",""
"2026-02-04","stmp","CAT793","Plan","441015.18552720745","1825.5020627164618","",,"","","",,"","","","","","","241.585695537889","241.585695537889","241.585695537889","4.381939406499317","27.687597389397435","4.381939406499317","34.243146740152184","","0.7912452234150026","9.495817231531943","3.604761188773873","","0.7502435794173139","0.8707695920247782","7.677926517240119","direct_physical","25.70618399293435",""
"2026-02-04","stmp","EH4000","Plan","221173.30081518274","985.3320524113868","",,"","","",,"","","","","","","224.46575271139204","224.46575271139204","224.46575271139204","1.7488276460247234","20.86867145009466","1.7488276460247234","27.901017381775205","","0.6","5.028094817267702","2.7000920047233015","","0.6992419058546488","1.2200000000000002","3.7607825308199296","direct_physical","15.958211258665601",""
"2026-02-04","stmp","EH5000","Plan","361810.19081473345","1239.0759959408651","",,"","","",,"","","","","","","292.0000000000007","292.0000000000007","292.0000000000007","2.042885723438122","22.24875058014449","2.042885723438122","29.073204616063595","","0.7000000000000001","5.50921468442707","2.606337991757691","","0.16056364466352857","1.48","4.216017636341435","direct_physical","16.98213395718973",""
"2026-02-05","stmp","CAT793","Plan","478283.0631345265","1979.4305072242976","",,"","","",,"","","","","","","241.62659986745885","241.62659986745885","241.62659986745885","3.8213254406336583","27.327786125210686","3.8213254406336588","33.79604624449644","","0.7813580796683736","8.389978075337117","3.5100275508858756","","0.7283625300275556","0.8888243762577532","6.784211525197474","direct_physical","23.568951242480654",""
"2026-02-05","stmp","EH4000","Plan","217059.26368655823","965.4303053673399","",,"","","",,"","","","","","","224.83162428174307","224.83162428174307","224.83162428174307","1.7424057414586709","20.01202528915537","1.7424057414586709","26.998178476233804","","0.6","5.224076173048483","2.7297895781886647","","0.6910401387701066","1.2199999999999998","3.872273997282797","direct_physical","16.28717988729007",""
"2026-02-05","stmp","EH5000","Plan","364059.6724748221","1246.779700256252","",,"","","",,"","","","","","","291.9999999999972","291.9999999999972","291.9999999999972","2.0035653146522097","21.50214528026682","2.0035653146522097","28.68023438419271","","0.7","5.590787212727866","2.598783279950429","","0.24976945769639536","1.4799999999999998","4.191524980890297","direct_physical","17.12086493126499",""
"2026-02-06","stmp","CAT793","Plan","443032.3536164073","1840.5879859851566","",,"","","",,"","","","","","","240.70153504738792","240.70153504738792","240.70153504738792","4.3457275956746555","27.69205210668647","4.3457275956746555","33.70563801027364","","0.772935430364884","9.415830027183889","3.352315928861677","","0.7390318329738396","0.904204866290212","7.7359062498981155","direct_physical","25.381511694912266",""
"2026-02-06","stmp","EH4000","Plan","195904.49627239595","867.3691048869704","",,"","","",,"","","","","","","225.86058826469832","225.86058826469832","225.86058826469832","2.133654418265347","21.208545715743377","2.133654418265347","28.270309200594514","","0.6","6.03621138439919","3.083177565733511","","0.7107529341306332","1.22","4.528399890766976","direct_physical","18.128541775030314",""
"2026-02-06","stmp","EH5000","Plan","371393.3772659634","1271.8951276231624","",,"","","",,"","","","","","","292.0","292.0","292.0","1.8457635011711282","20.72397378795824","1.8457635011711282","26.58886953643629","","0.7","5.343850132382288","2.593085564152586","","0.18670539670723962","1.48","4.165119164562682","direct_physical","16.77876025780479",""
"2026-02-07","stmp","CAT793","Plan","446103.60641741223","1854.792444217738","",,"","","",,"","","","","","","240.51403045560562","240.51403045560562","240.51403045560562","2.9661784485097833","23.824710200744242","2.9661784485097833","30.445781423677563","","0.7845933463875838","7.470005108604742","3.24885345524865","","0.6718491669827734","0.8829164979009324","5.845496439522485","direct_physical","21.39946825614088",""
"2026-02-07","stmp","EH4000","Plan","200119.8628102545","888.9171685370504","",,"","","",,"","","","","","","225.12768331340135","225.12768331340135","225.12768331340135","1.99922377733024","21.37720773959287","1.9992237773302388","28.455985287599876","","0.6","5.611276650394704","3.2906801494380113","","0.8017322842004939","1.2200000000000004","4.215402328454458","direct_physical","17.689091412487645",""
"2026-02-07","stmp","EH5000","Plan","359542.36106578534","1231.3094557047452","",,"","","",,"","","","","","","291.9999999999998","291.9999999999998","291.9999999999998","2.14294750104443","22.554915073518735","2.14294750104443","28.718474128919517","","0.7","5.700613353832808","2.6079400032964273","","0.06027144168670311","1.4799999999999998","4.477147688469592","direct_physical","17.33597248728553",""
"2026-02-08","stmp","CAT793","Plan","454176.6337502851","1893.1375553073572","",,"","","",,"","","","","","","239.90683216706248","239.90683216706248","239.90683216706248","2.8653028781856835","23.830497290082246","2.865302878185684","30.723278132861836","","0.7770567695128109","7.214208356562067","3.376481113371202","","0.6082287301460055","0.8966789426287812","5.595697566766359","direct_physical","20.941823667112057",""
"2026-02-08","stmp","EH4000","Plan","210015.10172472158","937.297218729287","",,"","","",,"","","","","","","224.06457367860682","224.06457367860682","224.06457367860682","1.6567872513959172","20.279921261985617","1.6567872513959172","25.79864084515377","","0.6000000000000002","4.901756461455907","3.33127339764399","","0.9198150587101032","1.2200000000000004","3.8531965959140253","direct_physical","16.776041513724007",""
"2026-02-08","stmp","EH5000","Plan","343793.77167855337","1177.3759304060018","",,"","","",,"","","","","","","292.00000000000074","292.00000000000074","292.00000000000074","2.338970140496531","22.573307747960982","2.338970140496531","29.375609279377368","","0.6999999999999995","6.216997969314817","2.603074188410989","","0.042658971742558706","1.4799999999999993","4.777371835766956","direct_physical","18.130102965235324",""
"2026-02-09","stmp","CAT793","Plan","463862.8970030192","1930.2734721834584","",,"","","",,"","","","","","","240.30941920282083","240.30941920282083","240.30941920282083","3.3849696590842404","26.65832039563038","3.3849696590842404","32.83480274641922","","0.7788476710845172","7.618566231139778","3.8745099014955344","","0.7659430639513015","0.8934086006282735","6.185454534737632","direct_physical","22.595497030591247",""
"2026-02-09","stmp","EH4000","Plan","194194.19761078522","861.6145861522185","",,"","","",,"","","","","","","225.3840646756154","225.3840646756154","225.3840646756154","2.187502651740625","20.2965834242536","2.187502651740625","27.171715968728794","","0.6","6.466613437392563","2.605511694954836","","0.5770964538159943","1.22","4.83039640394776","direct_physical","18.24961799011114",""
"2026-02-09","stmp","EH5000","Plan","326558.90282159933","1118.352406923287","",,"","","",,"","","","","","","291.9999999999996","291.9999999999996","291.9999999999996","2.5608189810385538","22.527530991682486","2.5608189810385538","29.853644761835238","","0.7000000000000002","6.820505048646603","2.5845848497278014","","0.015915323043794474","1.4800000000000004","5.14674640527436","direct_physical","19.05775162669256",""
"2026-02-10","stmp","CAT793","Plan","485098.34876046923","2027.4597802382025","",,"","","",,"","","","","","","239.2641045157877","239.2641045157877","239.2641045157877","2.4758396853547677","24.885139569865203","2.4758396853547673","30.303365725412274","","0.7785974887032313","5.969441348891366","3.8566299463761475","","0.8185281813076558","0.8938654554114918","4.902108315866456","direct_physical","19.69719809446155",""
"2026-02-10","stmp","EH4000","Plan","197248.88360240898","876.7580866649009","",,"","","",,"","","","","","","224.9752658144549","224.9752658144549","224.9752658144549","2.111179700385455","19.381046882965027","2.111179700385455","26.920703590163527","","0.5999999999999999","6.535807007126359","2.478666609501265","","0.44460461810374513","1.22","4.705329546788337","direct_physical","17.9344077815197",""
"2026-02-10","stmp","EH5000","Plan","349733.1632480506","1197.7163124933222","",,"","","",,"","","","","","","292.00000000000045","292.00000000000045","292.00000000000045","2.1360102982519855","21.988561920730447","2.1360102982519855","28.711965118297712","","0.6999999999999998","5.828512949466306","2.5921121648667724","","0.44791504249511027","1.4799999999999998","4.463665839906035","direct_physical","17.822205996734233",""
"2026-02-11","stmp","CAT793","Plan","463507.477660574","1930.0990488603393","",,"","","",,"","","","","","","240.14699034967148","240.14699034967148","240.14699034967148","2.7447910145396306","24.13867443058308","2.7447910145396306","30.555974492754732","","0.794850757724796","6.8225561161603405","3.6816854466458855","","0.7135555018781667","0.8641855728503722","5.389697550357218","direct_physical","20.792611446716172",""
"2026-02-11","stmp","EH4000","Plan","218244.85933941128","977.2696174558812","",,"","","",,"","","","","","","223.32103182289296","223.32103182289296","223.32103182289296","1.605074571501948","19.48040071450452","1.605074571501948","24.963599683256604","","0.6","4.943659820016509","2.7750263372207153","","0.7433837292591536","1.2199999999999995","3.8577959714163135","direct_physical","16.089865857912688",""
"2026-02-11","stmp","EH5000","Plan","283466.8638181806","970.7769308841812","",,"","","",,"","","","","","","291.99999999999966","291.99999999999966","291.99999999999966","3.0427591193608734","22.69729410170023","3.0427591193608725","30.297529684237166","","0.7000000000000001","8.043493922386837","2.8512504386953026","","0.5780176376106662","1.4799999999999998","6.025756854250575","direct_physical","21.988518852943383",""
"2026-02-12","stmp","CAT793","Plan","452033.72008144227","1885.4158967298422","",,"","","",,"","","","","","","239.7527892203899","239.7527892203899","239.7527892203899","2.5887167210375113","23.582060123944135","2.5887167210375117","30.286905798816743","","0.8085857587010133","6.586490003243731","3.706648476615798","","0.7005787340007441","0.8391042667198895","5.128387967196005","direct_physical","20.336483536549736",""
"2026-02-12","stmp","EH4000","Plan","230135.4116816722","1031.9973618012243","",,"","","",,"","","","","","","222.9999999999992","222.9999999999992","222.9999999999992","1.4378273030684825","19.348035983178278","1.4378273030684825","24.018584172114753","","0.6","4.4588318038644426","2.7046838583822916","","0.7113032079047537","1.2200000000000002","3.5917869915191263","direct_physical","15.23660586167061",""
"2026-02-12","stmp","EH5000","Plan","294600.7523874682","1008.9066862584459","",,"","","",,"","","","","","","292.00000000000193","292.00000000000193","292.00000000000193","2.713964492351108","21.900319328873756","2.713964492351108","28.370936045472092","","0.7000000000000003","7.435410739713656","2.818408720781637","","0.6740825532641332","1.4800000000000006","5.739601586640455","direct_physical","21.1575036003999",""
"2026-02-13","stmp","CAT793","Plan","452966.048947423","1887.6866208850613","",,"","","",,"","","","","","","239.95828753347058","239.95828753347058","239.95828753347058","2.8463669393517783","25.235087352018596","2.8463669393517783","31.59818828100997","","0.7897200927777658","6.767641180661322","3.8188716283404016","","0.7421240304056387","0.8735546131884274","5.404804061622231","direct_physical","20.9076271856431",""
"2026-02-13","stmp","EH4000","Plan","201876.64067704775","904.8023515016995","",,"","","",,"","","","","","","223.1168390997142","223.1168390997142","223.1168390997142","1.8985818971021038","19.438428355909316","1.8985818971021038","25.61658034041626","","0.5999999999999995","5.860294450785466","2.688107712285415","","0.613209129507156","1.219999999999999","4.44692118590077","direct_physical","17.378532478478785",""
"2026-02-13","stmp","EH5000","Plan","325719.8122335059","1115.4788090188622","",,"","","",,"","","","","","","291.9999999999983","291.9999999999983","291.9999999999983","2.3099012074621146","21.36867410462922","2.3099012074621146","27.40208920532403","","0.6999999999999998","6.485852691145793","2.6032347134277805","","0.4992498305510837","1.48","5.057792178152571","direct_physical","19.13612941327726",""
"2026-02-14","stmp","CAT793","Plan","427236.68644393573","1760.5440930510306","",,"","","",,"","","","","","","242.67309641960327","242.67309641960327","242.67309641960327","3.7336895421586367","25.90751528125946","3.7336895421586367","32.62977824295185","","0.794151892367868","8.646964793708603","3.5539419288197767","","0.6599843848321394","0.8654617617630248","6.865549954447134","direct_physical","23.910069006417473",""
"2026-02-14","stmp","EH4000","Plan","217012.50518409078","970.9136638891872","",,"","","",,"","","","","","","223.513699781301","223.513699781301","223.513699781301","1.5891091512878008","19.440085293644902","1.5891091512878008","25.150036132486054","","0.6","4.90463635509035","2.851496714339091","","0.8779530710955197","1.2200000000000004","3.791109824852691","direct_physical","16.195195965377632",""
"2026-02-14","stmp","EH5000","Plan","334986.74376754597","1147.2148759162528","",,"","","",,"","","","","","","292.0000000000001","292.0000000000001","292.0000000000001","2.2448815046881676","22.23241630255419","2.2448815046881676","27.22465061893805","","0.7","6.058400870525969","2.594934900019247","","0.5159591090751003","1.4799999999999993","4.947460746754076","direct_physical","18.606755626374433",""
"2026-02-15","stmp","CAT793","Plan","431582.15425833606","1779.8950405097964","",,"","","",,"","","","","","","242.47618226674902","242.47618226674902","242.47618226674902","4.229212040182823","27.30374798548745","4.229212040182823","33.784069328468405","","0.7803071565031816","9.293695596144696","3.5480852633284568","","0.6695292347332604","0.8907434533420169","7.511017099326833","direct_physical","25.176459831300882",""
"2026-02-15","stmp","EH4000","Plan","223336.02234020323","998.9781446559143","",,"","","",,"","","","","","","223.56447289157518","223.56447289157518","223.56447289157518","1.4936122059702421","19.303526266949174","1.4936122059702421","25.060974664936804","","0.6","4.642505784637555","2.860259484170192","","0.8915084065735039","1.22","3.5759476060441764","direct_physical","15.740221281425423",""
"2026-02-15","stmp","EH5000","Plan","341783.02068353246","1170.4897968614162","",,"","","",,"","","","","","","291.9999999999991","291.9999999999991","291.9999999999991","2.1505776680460587","22.088574130920755","2.150577668046059","26.997690057629885","","0.7000000000000001","5.841692601702795","2.58281956230768","","0.5427820130497344","1.48","4.779470384589319","direct_physical","18.236764561649533",""
"2026-02-16","stmp","CAT793","Plan","442229.4784834817","1826.1787625839195","",,"","","",,"","","","","","","242.16111124726743","242.16111124726743","242.16111124726743","4.022428581906869","26.655496000248935","4.022428581906868","33.27196585683302","","0.767130629449554","9.05425713752084","3.463425654501691","","0.618742261234933","0.9148049375269011","7.2537257327356635","direct_physical","24.516211692211737",""
"2026-02-16","stmp","EH4000","Plan","224557.94043599087","1005.5024984581125","",,"","","",,"","","","","","","223.32907255858555","223.32907255858555","223.32907255858555","1.510051188572005","19.699190564087008","1.510051188572005","25.054443774954347","","0.5999999999999999","4.599329653650642","2.7865603600579867","","0.8659509148248686","1.22","3.616247565826689","direct_physical","15.638088494360193",""
"2026-02-16","stmp","EH5000","Plan","350268.35216856934","1199.5491512622257","",,"","","",,"","","","","","","291.99999999999955","291.99999999999955","291.99999999999955","1.900952340746664","20.235477303499824","1.900952340746664","25.297730882377227","","0.6999999999999997","5.636493705294172","2.5679170416308974","","0.591972256031419","1.4799999999999998","4.508591737935427","direct_physical","17.79497474089192",""
"2026-02-17","stmp","CAT793","Plan","466779.0673169911","1929.837054483928","",,"","","",,"","","","","","","241.8748599693646","241.8748599693646","241.8748599693646","4.149187537201834","26.94176555423352","4.149187537201834","33.4346982611888","","0.76953312289685","9.240346618374861","3.536814663916958","","0.6689316367190385","0.9104177755796637","7.445894988712793","direct_physical","25.023167169547378",""
"2026-02-17","stmp","EH4000","Plan","233046.83612108073","1040.3263980972554","",,"","","",,"","","","","","","224.0131910017093","224.0131910017093","224.0131910017093","1.4529744413223422","19.082491346430746","1.452974441322342","25.879802610011843","","0.5999999999999996","4.568505490015416","2.7041137600518153","","0.7034088043880248","1.2199999999999995","3.368590858015846","direct_physical","15.114618912471105",""
"2026-02-17","stmp","EH5000","Plan","345626.877812544","1183.6536911388437","",,"","","",,"","","","","","","292.0000000000014","292.0000000000014","292.0000000000014","2.092676099085968","21.592871999101575","2.092676099085968","27.38452807101712","","0.7000000000000001","5.814908084037285","2.591129259968459","","0.5528172732688117","1.4800000000000004","4.585091465499719","direct_physical","18.033946082774293",""
"2026-02-18","stmp","CAT793","Plan","391477.4931724326","1623.1739151669765","",,"","","",,"","","","","","","241.18025155188695","241.18025155188695","241.18025155188695","4.06009589013345","27.271258035186946","4.060095890133449","33.90665379620422","","0.7663478876080427","8.932692180672152","3.6105618062795766","","0.7226151650401197","0.916234292194008","7.184600251979985","direct_physical","24.574862729745494",""
"2026-02-18","stmp","EH4000","Plan","223464.67645713742","995.3896558099915","",,"","","",,"","","","","","","224.4996973323925","224.4996973323925","224.4996973323925","1.5503879456366203","21.931573422115342","1.5503879456366203","27.042103800577806","","0.6","4.241523166066803","3.335926811099242","","1.0095742278077522","1.2199999999999998","3.4399422997632896","direct_physical","15.796966504737089",""
"2026-02-18","stmp","EH5000","Plan","347570.14651991305","1190.3087209586058","",,"","","",,"","","","","","","292.0000000000001","292.0000000000001","292.0000000000001","2.0041593972557434","20.80139205272722","2.0041593972557434","26.52600334632982","","0.7000000000000002","5.780842144147703","2.5952602948100125","","0.5337445630700673","1.4800000000000004","4.533271079903657","direct_physical","17.93311808193144",""
"2026-02-19","stmp","CAT793","Plan","449527.9790845573","1856.5106108442455","",,"","","",,"","","","","","","242.13596004179857","242.13596004179857","242.13596004179857","3.8881589259109672","25.884499780626996","3.888158925910967","32.828799777775764","","0.76988378511422","9.012711759230571","3.504626801431497","","0.6282740735958459","0.9097774358783823","7.106246257366646","direct_physical","24.383785216433132",""
"2026-02-19","stmp","EH4000","Plan","224590.61948971343","1001.1900006178757","",,"","","",,"","","","","","","224.32367417883646","224.32367417883646","224.32367417883646","1.526026779962622","20.793438576202178","1.5260267799626224","25.759037841670622","","0.6000000000000001","4.403389389504263","2.9867367259237216","","0.9907784773803113","1.2199999999999998","3.5545429670372752","direct_physical","15.70544755984557",""
"2026-02-19","stmp","EH5000","Plan","344110.7336684897","1178.461416672911","",,"","","",,"","","","","","","291.9999999999997","291.9999999999997","291.9999999999997","2.102456458001902","21.57633370779096","2.102456458001902","27.12485914175072","","0.6999999999999997","5.84656268245257","2.598775138456616","","0.5274463421128761","1.4799999999999995","4.650619080485746","direct_physical","18.1134032435078",""
"2026-02-20","stmp","CAT793","Plan","461434.23543508834","1906.5848347819117","",,"","","",,"","","","","","","242.02134991169714","242.02134991169714","242.02134991169714","3.8007367155476626","25.8177445212392","3.800736715547663","32.82167143322261","","0.7510438414360022","8.832847607786077","3.505333009833031","","0.5915898548108746","0.9441808112907784","6.947976534248949","direct_physical","23.969536060173024",""
"2026-02-20","stmp","EH4000","Plan","236683.32700561464","1059.5782648634906","",,"","","",,"","","","","","","223.37503028726945","223.37503028726945","223.37503028726945","1.3226065202053752","20.182603324769993","1.3226065202053752","24.97117877347949","","0.5999999999999999","3.931920473060523","2.920893201298029","","1.0392628644838653","1.2199999999999995","3.1779193097845484","direct_physical","14.83999584862697",""
"2026-02-20","stmp","EH5000","Plan","348591.096688868","1193.8051256468075","",,"","","",,"","","","","","","292.00000000000017","292.00000000000017","292.00000000000017","2.0522266636061035","21.56095040276924","2.0522266636061044","27.090797061070948","","0.7","5.710954179485112","2.6018510690778855","","0.5325717045047373","1.4799999999999998","4.545218789199352","direct_physical","17.88059574226709",""
"2026-02-21","stmp","CAT793","Plan","417361.039525221","1727.5941857957066","",,"","","",,"","","","","","","241.58511469693914","241.58511469693914","241.58511469693914","4.364713899716242","27.002430880406944","4.364713899716242","33.74227796538333","","0.7859016829008205","9.698491041152803","3.7271599274174303","","0.6213512431294844","0.8805273616593717","7.761267163160821","direct_physical","25.974320786257923",""
"2026-02-21","stmp","EH4000","Plan","241443.28153038817","1079.6249140263244","",,"","","",,"","","","","","","223.63626329255038","223.63626329255038","223.63626329255038","1.2922961263448876","19.796978896923825","1.2922961263448876","24.816820681538857","","0.6000000000000001","3.9166464734041586","2.794643041028536","","0.9587511537983961","1.2200000000000002","3.1244037492027865","direct_physical","14.564444417433865",""
"2026-02-21","stmp","EH5000","Plan","337790.8742133562","1156.8180623745086","",,"","","",,"","","","","","","291.9999999999997","291.9999999999997","291.9999999999997","2.1287256068269365","21.071260501045714","2.1287256068269365","26.75338008593165","","0.6999999999999998","6.061504313103509","2.5866035432293253","","0.5400776257351643","1.4799999999999993","4.774108393009376","direct_physical","18.452293875077387",""
"2026-02-22","stmp","CAT793","Plan","459537.7517915013","1899.3568973590316","",,"","","",,"","","","","","","241.94386659530255","241.94386659530255","241.94386659530255","4.103738233193736","26.67011065684206","4.103738233193737","33.58552061222577","","0.764419281021669","9.232218687043835","3.517371606926268","","0.6118753825647927","0.9197560955256472","7.331263279628718","direct_physical","24.81301351138369",""
"2026-02-22","stmp","EH4000","Plan","236255.92804867678","1052.8454727381072","",,"","","",,"","","","","","","224.39753426896758","224.39753426896758","224.39753426896758","1.301795583476236","18.822916057258126","1.301795583476236","24.912171047555223","","0.6","4.149608635079461","2.838931229311601","","1.041031287296191","1.2200000000000002","3.135324290262503","direct_physical","14.934895441949743",""
"2026-02-22","stmp","EH5000","Plan","317345.8227109873","1086.800762708859","",,"","","",,"","","","","","","292.0000000000004","292.0000000000004","292.0000000000004","2.5173029457454112","22.141505215077988","2.5173029457454112","28.981404569803356","","0.7000000000000002","6.821495434821217","2.6176592870566573","","0.50037615810387","1.48","5.211554753357128","direct_physical","19.641085633338903",""
"2026-02-23","stmp","CAT793","Plan","430223.31127815053","1778.821006947115","",,"","","",,"","","","","","","241.85868594868762","241.85868594868762","241.85868594868762","3.609984090826296","25.467256940366802","3.6099840908262966","31.700266707543665","","0.7838154187448951","8.505000988396912","3.78276911825117","","0.6939666263891209","0.8843370614223656","6.832719971975316","direct_physical","23.976063466686416",""
"2026-02-23","stmp","EH4000","Plan","220446.22643385304","980.113444995676","",,"","","",,"","","","","","","224.9190923350976","224.9190923350976","224.9190923350976","1.6614450199749071","20.114197616642567","1.6614450199749071","26.046862014687356","","0.5999999999999999","4.956036681076119","2.630048879012768","","0.8598892932749203","1.2200000000000002","3.8272057932461454","direct_physical","16.043180646609954",""
"2026-02-23","stmp","EH5000","Plan","335714.2477700692","1149.706327979692","",,"","","",,"","","","","","","291.99999999999926","291.99999999999926","291.99999999999926","2.221823332517188","21.90651451524034","2.221823332517188","27.413878054125856","","0.7","6.085377016881808","2.5973169557387616","","0.5308966466912423","1.48","4.862843545441682","direct_physical","18.56643416475351",""
"2026-02-24","stmp","CAT793","Plan","444339.38392501953","1835.3654613926387","",,"","","",,"","","","","","","242.0985865059614","242.0985865059614","242.0985865059614","4.007230798068123","25.69828164020755","4.007230798068124","32.275372877985454","","0.7858870180148099","9.356028206489277","3.710901342036145","","0.6038152804793014","0.8805541410164334","7.4494522121565865","direct_physical","25.286217209975465",""
"2026-02-24","stmp","EH4000","Plan","208268.97450355953","927.9548406233762","",,"","","",,"","","","","","","224.43869613703376","224.43869613703376","224.43869613703376","1.9888904624072976","22.790705863442064","1.9888904624072976","27.434066062051564","","0.6000000000000002","5.236056682906749","2.6356914022047744","","0.9533632041894952","1.22","4.349826506742541","direct_physical","16.944937796043558",""
"2026-02-24","stmp","EH5000","Plan","342159.434049667","1171.7788837317348","",,"","","",,"","","","","","","292.00000000000034","292.00000000000034","292.00000000000034","2.178270299115936","22.22874763548159","2.1782702991159364","27.68241439939241","","0.7000000000000001","5.879603299753086","2.583641543759616","","0.5421848925622783","1.48","4.721272359459541","direct_physical","18.21670209553455",""
"2026-02-25","stmp","CAT793","Plan","453971.38849610096","1877.0944758913104","",,"","","",,"","","","","","","241.84791672808018","241.84791672808018","241.84791672808018","4.08012553018698","26.06949676107335","4.08012553018698","32.33064793056064","","0.7743044538647174","9.390573744283488","3.623814992164368","","0.7128829291741817","0.9017049103339946","7.571995845459497","direct_physical","25.440611782358545",""
"2026-02-25","stmp","EH4000","Plan","211625.08415235038","944.1073441183053","",,"","","",,"","","","","","","224.15362561339404","224.15362561339404","224.15362561339404","1.9873010671619324","22.024280422879404","1.9873010671619324","26.88332969511896","","0.6000000000000001","5.413936879674321","2.496643450533996","","0.5390601774500077","1.2200000000000006","4.4353904587706365","direct_physical","16.655030966428985",""
"2026-02-25","stmp","EH5000","Plan","344662.2246176506","1180.3500843070212","",,"","","",,"","","","","","","292.00000000000034","292.00000000000034","292.00000000000034","2.0955660892639703","21.685646940378113","2.0955660892639703","26.9870355320273","","0.7000000000000001","5.798026948493975","2.577773599773124","","0.5595689531447083","1.4800000000000002","4.65905064699016","direct_physical","18.084420148401993",""
"2026-02-26","stmp","CAT793","Plan","477905.7860899664","1979.5697811419036","",,"","","",,"","","","","","","241.41901469838015","241.41901469838015","241.41901469838015","3.909769156967366","26.363985019811466","3.909769156967366","33.24214679400718","","0.7944938175294287","8.897977647983033","3.569244388957747","","0.695776682746993","0.8648373766853913","7.056889281901992","direct_physical","24.40424439545681",""
"2026-02-26","stmp","EH4000","Plan","213169.19227909305","948.6326092751431","",,"","","",,"","","","","","","224.7120647075132","224.7120647075132","224.7120647075132","1.9461446506623876","21.726704797155822","1.9461446506623876","27.82616924307384","","0.5999999999999999","5.374431149588275","2.607500159480063","","0.627288116445653","1.2200000000000002","4.19636199362253","direct_physical","16.575581419136533",""
"2026-02-26","stmp","EH5000","Plan","352479.17059243505","1207.1204472343604","",,"","","",,"","","","","","","292.0000000000015","292.0000000000015","292.0000000000015","1.89865785529808","20.438911837538228","1.89865785529808","25.596771583707977","","0.7000000000000002","5.5736563777656505","2.5634630619049923","","0.6057011264223365","1.4800000000000009","4.450540606081476","direct_physical","17.683361172174482",""
"2026-02-27","stmp","CAT793","Plan","482994.6133255811","2006.1291382001443","",,"","","",,"","","","","","","240.75948259189008","240.75948259189008","240.75948259189008","3.494112727407697","25.834968544603385","3.494112727407697","31.904221195857158","","0.794066460564426","8.114844935170417","3.929340649760477","","0.8900144437970835","0.8656177676649613","6.571129329798057","direct_physical","23.688775296250245",""
"2026-02-27","stmp","EH4000","Plan","223236.31226502816","990.8477970380866","",,"","","",,"","","","","","","225.2982879230717","225.2982879230717","225.2982879230717","2.1110493762459517","23.779180751638837","2.1110493762459517","29.797171109799947","","0.5999999999999995","5.3266327338055","2.148774688442734","","0.37313087289065283","1.2200000000000002","4.250838514435322","direct_physical","15.869376809574197",""
"2026-02-27","stmp","EH5000","Plan","353977.2954747701","1212.2510118998948","",,"","","",,"","","","","","","292.0000000000006","292.0000000000006","292.0000000000006","1.881935779534407","20.385677104937102","1.881935779534407","25.615270270015163","","0.6999999999999997","5.538994176686819","2.5661923014545986","","0.605176525811358","1.48","4.408157539693903","direct_physical","17.6085205436467",""
"2026-02-28","stmp","CAT793","Plan","426641.55847472016","1770.7276081261432","",,"","","",,"","","","","","","240.94138280602618","240.94138280602618","240.94138280602618","3.3320559963876883","26.010057098656677","3.332055996387688","31.634490888415787","","0.8095356801799682","7.686386808954241","4.089250920550685","","0.9335916853079009","0.8373696274974494","6.319790651553399","direct_physical","23.245422167619193",""
"2026-02-28","stmp","EH4000","Plan","221791.63112883922","981.9552386953007","",,"","","",,"","","","","","","225.86735361127884","225.86735361127884","225.86735361127884","2.035525663195393","22.460223551081135","2.035525663195393","29.050189149455385","","0.6000000000000001","5.437681397692264","2.1912470888439106","","0.41000450207403033","1.22","4.204156439856201","direct_physical","16.01308942846639",""
"2026-02-28","stmp","EH5000","Plan","323952.4111157535","1109.4260654649024","",,"","","",,"","","","","","","292.0000000000018","292.0000000000018","292.0000000000018","2.3217965337460926","21.308167172974382","2.3217965337460926","28.45437273029687","","0.7","6.537765115783994","2.8198504029583566","","0.4324730222352841","1.48","4.895830716255333","direct_physical","19.17591925723298",""
"2026-03-01","stmp","CAT793","Plan","417338.313040689","1735.7135367183034","",,"","","",,"","","","","","","240.44193019877372","240.44193019877372","240.44193019877372","4.084545910066334","26.984399995568623","4.084545910066332","33.8751806942027","","0.7821151022525774","9.082016077593938","3.847504248172545","","0.5941792300583785","0.8874419871909457","7.2345814717948045","direct_physical","24.9162653758969",""
"2026-03-01","stmp","EH4000","Plan","245194.7986231291","1093.663521460005","",,"","","",,"","","","","","","224.19582788662646","224.19582788662646","224.19582788662646","1.4385865337820936","21.90133224057337","1.4385865337820936","26.716847274063696","","0.6000000000000002","3.941093221124794","2.72778317421067","","0.9728971708976529","1.2200000000000009","3.230740182084249","direct_physical","14.642513748317374",""
"2026-03-01","stmp","EH5000","Plan","297335.21402049053","1018.2712808920892","",,"","","",,"","","","","","","292.00000000000045","292.00000000000045","292.00000000000045","2.882685833508858","23.063638539151295","2.8826858335088548","28.85636003695976","","0.6999999999999997","7.499300239072173","2.7741822421424254","","0.0","1.4799999999999998","5.993865816374603","direct_physical","20.757348297589214",""
"2026-03-02","stmp","CAT793","Plan","392824.6637120833","1638.5992594144702","",,"","","",,"","","","","","","239.73199148915367","239.73199148915367","239.73199148915367","2.8706533540822674","25.053237771925318","2.870653354082267","30.752133855453174","","0.8044292014987773","6.874927816234094","3.9743623404628745","","0.7071176064455622","0.8466945016109297","5.6008861711686855","direct_physical","21.36281701576514",""
"2026-03-02","stmp","EH4000","Plan","251325.06363706177","1121.7667709319137","",,"","","",,"","","","","","","224.04395472355822","224.04395472355822","224.04395472355822","1.3583720733674434","21.669166139247558","1.3583720733674434","25.522857256924258","","0.6000000000000001","3.7612118472075498","2.629873950534196","","0.9212867061075124","1.2200000000000002","3.193307221899512","direct_physical","14.275679725748782",""
"2026-03-02","stmp","EH5000","Plan","302617.9851084437","1036.3629627001467","",,"","","",,"","","","","","","292.00000000000085","292.00000000000085","292.00000000000085","2.4064408688327656","21.616140574789263","2.4064408688327656","28.11449096118279","","0.7","6.67956667058146","2.6846490576317086","","0.023930547397194857","1.4800000000000002","5.135659483549531","direct_physical","19.013805759159904",""
"2026-03-03","stmp","CAT793","Plan","433086.18998245866","1799.353797066751","",,"","","",,"","","","","","","240.6898469264143","240.6898469264143","240.6898469264143","4.175503978689506","27.12800687841121","4.175503978689506","33.89556136824359","","0.7699411092347636","9.235114096079993","3.7544959886726805","","0.5851625673174013","0.9096727570495624","7.391240286584828","direct_physical","25.098061388763746",""
"2026-03-03","stmp","EH4000","Plan","239009.41664290422","1065.9906696759517","",,"","","",,"","","","","","","224.21342272682386","224.21342272682386","224.21342272682386","1.5398642708020565","22.632692029845156","1.5398642708020567","26.449112239513255","","0.6000000000000002","4.082230082320238","2.738180444154182","","0.9390261299919981","1.2200000000000004","3.493193095157877","direct_physical","15.022629751624297",""
"2026-03-03","stmp","EH5000","Plan","342396.5139727996","1172.5908012767068","",,"","","",,"","","","","","","292.000000000001","292.000000000001","292.000000000001","2.0894988265653485","20.619092641879888","2.0894988265653485","25.79511920261589","","0.6999999999999998","6.080283539697538","2.5919535370929228","","0.0031088214214390025","1.48","4.860219044120839","direct_physical","18.025564942332743",""
"2026-03-04","stmp","CAT793","Plan","447816.8249994859","1854.9076034219834","",,"","","",,"","","","","","","241.42271247006667","241.42271247006667","241.42271247006667","4.240721899346132","27.549729791558832","4.240721899346131","34.337248393940634","","0.7668984349109328","9.235782560696066","3.5329856244402538","","0.5759396917028704","0.9152289449452534","7.410125326340025","direct_physical","24.880399434076413",""
"2026-03-04","stmp","EH4000","Plan","227082.5490750489","1008.7509663132213","",,"","","",,"","","","","","","225.11259632790166","225.11259632790166","225.11259632790166","1.8900996141423538","24.598404130541237","1.8900996141423534","29.033925552439484","","0.6000000000000001","4.610298141566713","2.6524663141861966","","0.9363150429313241","1.2199999999999998","3.9059815264633624","direct_physical","15.875061025147613",""
"2026-03-04","stmp","EH5000","Plan","351752.0894961989","1204.630443480135","",,"","","",,"","","","","","","291.9999999999996","291.9999999999996","291.9999999999996","1.9674890052747849","20.361738623417924","1.9674890052747849","25.23046118761492","","0.6999999999999998","5.797606113100735","2.579689633593072","","0.0","1.48","4.6788419537267485","direct_physical","17.546137700420562",""
"2026-03-05","stmp","CAT793","Plan","457044.9825810212","1889.8031177265752","",,"","","",,"","","","","","","241.84793553036587","241.84793553036587","241.84793553036587","4.170412308713762","27.408394226725754","4.170412308713761","33.84274382292696","","0.7838561496631716","9.129492828107132","3.646641720442389","","0.7919169189032187","0.8842626832237729","7.39374856341611","direct_physical","25.123493567107786",""
"2026-03-05","stmp","EH4000","Plan","220222.24981246635","979.6874229369936","",,"","","",,"","","","","","","224.78827905360325","224.78827905360325","224.78827905360325","2.068159514418107","23.984754581733537","2.0681595144181064","27.927195079470145","","0.6000000000000001","5.173685244192215","2.285608771626342","","0.6733949675154463","1.2200000000000002","4.443323810786397","direct_physical","16.34601279412039",""
"2026-03-05","stmp","EH5000","Plan","352360.14418571425","1206.712822553813","",,"","","",,"","","","","","","292.0000000000007","292.0000000000007","292.0000000000007","1.9629841677710222","20.366526760026716","1.9629841677710222","25.255595980222235","","0.6999999999999998","5.782971807319926","2.5794038820798004","","0.0","1.4799999999999998","4.663483299245625","direct_physical","17.51585898864535",""
"2026-03-06","stmp","CAT793","Plan","430457.87073360046","1778.0778108068666","",,"","","",,"","","","","","","242.0916948163617","242.0916948163617","242.0916948163617","4.246819241294726","27.190486313603273","4.246819241294726","34.13252825963089","","0.7799099717263496","9.371261386752165","3.5594775028884658","","0.7781695355346703","0.891468747282318","7.465288024943954","direct_physical","25.327482911623218",""
"2026-03-06","stmp","EH4000","Plan","233198.58606627907","1039.7000686921567","",,"","","",,"","","","","","","224.29409508419153","224.29409508419153","224.29409508419153","1.6507946500808681","21.72288022272897","1.6507946500808681","25.392511539087923","","0.5999999999999998","4.55960158088139","2.3939874744917367","","0.7782487569596522","1.2199999999999995","3.9006649205370327","direct_physical","15.402502732869825",""
"2026-03-06","stmp","EH5000","Plan","351023.5178159454","1202.135334986115","",,"","","",,"","","","","","","291.99999999999983","291.99999999999983","291.99999999999983","1.9756567350576095","20.387685067450956","1.9756567350576084","25.301776289768718","","0.6999999999999997","5.8142650188718745","2.5932677987882546","","0.0","1.4799999999999995","4.685023009684514","direct_physical","17.582555827344645",""
"2026-03-07","stmp","CAT793","Plan","415867.78108068596","1717.7365254877088","",,"","","",,"","","","","","","242.10219373580043","242.10219373580043","242.10219373580043","3.976733631372383","27.135746221422","3.976733631372383","33.52837499625035","","0.7736948246999736","8.792977938965976","3.4908630675085712","","0.7455152674663866","0.9028181462000473","7.116480232311506","direct_physical","24.28588200235239",""
"2026-03-07","stmp","EH4000","Plan","211656.3849311106","940.7955197802887","",,"","","",,"","","","","","","224.97597031556907","224.97597031556907","224.97597031556907","2.045814549483297","22.30743464211671","2.045814549483297","26.693276065877587","","0.6000000000000001","5.502599242731678","2.4364713421132356","","0.7141821199581754","1.22","4.598494117621986","direct_physical","17.021746822425094",""
"2026-03-07","stmp","EH5000","Plan","352756.44693516725","1208.07002375058","",,"","","",,"","","","","","","291.99999999999824","291.99999999999824","291.99999999999824","1.9500658072216974","20.310882104228998","1.9500658072216954","25.370089766732967","","0.7","5.760653221897243","2.620140205056829","","0.013501970645875867","1.4799999999999995","4.611885472582185","direct_physical","17.49618087018214",""
"2026-03-08","stmp","CAT793","Plan","475572.4304194077","1965.9451902293563","",,"","","",,"","","","","","","241.90523356550202","241.90523356550202","241.90523356550202","3.709927211437431","26.5225318532826","3.709927211437431","33.10827076443878","","0.7800567717287815","8.392699230887944","3.5402153088610753","","0.7365980971417049","0.8912006777126602","6.723263630105785","direct_physical","23.546375476331736",""
"2026-03-08","stmp","EH4000","Plan","222660.2453569953","988.9420150445662","",,"","","",,"","","","","","","225.1499501181181","225.1499501181181","225.1499501181181","1.8308959304299688","21.80821733002579","1.8308959304299688","25.923882499324247","","0.5999999999999999","5.037264356062257","2.4350207192769373","","0.7132102379704944","1.2199999999999998","4.237550290881841","direct_physical","16.19304560419153",""
"2026-03-08","stmp","EH5000","Plan","346802.092212621","1187.6783979884303","",,"","","",,"","","","","","","291.99999999999943","291.99999999999943","291.99999999999943","2.024053961629224","20.60631586626465","2.0240539616292237","25.557972028534834","","0.6999999999999998","5.893495881841381","2.586874611421122","","0.07453045070559304","1.4800000000000002","4.751677385129192","direct_physical","17.7965783290973",""
"2026-03-09","stmp","CAT793","Plan","396914.06860964146","1640.9778178012173","",,"","","",,"","","","","","","241.8765593927866","241.8765593927866","241.8765593927866","3.8104166084296134","27.83143854533253","3.8104166084296134","33.613561012477085","","0.8096013708932382","8.214630951734197","3.837135128934883","","0.8967383588639021","0.8372496705427825","6.801570247820903","direct_physical","23.966616738387316",""
"2026-03-09","stmp","EH4000","Plan","233694.1109302918","1040.2003336442467","",,"","","",,"","","","","","","224.66259947405118","224.66259947405118","224.66259947405118","1.6427989689115445","20.52798030130607","1.6427989689115445","25.895882253868994","","0.6000000000000002","4.8016383827307845","2.321917567235201","","0.6952221868734914","1.2200000000000006","3.806317049497939","direct_physical","15.3950951863374",""
"2026-03-09","stmp","EH5000","Plan","320642.76054852986","1098.0916457141436","",,"","","",,"","","","","","","291.99999999999994","291.99999999999994","291.99999999999994","2.47646605611117","21.773756015201467","2.47646605611117","27.909069548807082","","0.7","6.82417692486922","2.567079419263083","","0.04323597316997915","1.4800000000000004","5.324002762142292","direct_physical","19.248495079444574",""
"2026-03-10","stmp","CAT793","Plan","364520.36005817086","1521.979983301172","",,"","","",,"","","","","","","239.50404345497816","239.50404345497816","239.50404345497816","2.400481281804812","24.44672203483519","2.400481281804812","30.43661026368361","","0.8056344643338699","5.8915414795920595","4.1820825458145245","","1.0266410831324992","0.8444935868685859","4.732093214734272","direct_physical","20.04044913859334",""
"2026-03-10","stmp","EH4000","Plan","228013.3747465493","1016.6514636793377","",,"","","",,"","","","","","","224.278804381348","224.278804381348","224.278804381348","1.7364856231935257","20.319566084949145","1.7364856231935257","26.120153134104168","","0.6","5.127527672393813","2.2887325237020346","","0.5765932001407444","1.2199999999999998","3.9888409863713794","direct_physical","15.75169438260797",""
"2026-03-10","stmp","EH5000","Plan","342907.0266356221","1174.3391323137753","",,"","","",,"","","","","","","291.9999999999998","291.9999999999998","291.9999999999998","2.4327053660429967","23.657313854348917","2.4327053660429985","31.38973627237619","","0.7","6.1698603172459325","2.6033321959190214","","0.08553481451079065","1.4799999999999998","4.6500015385930675","direct_physical","17.998728866268817",""
"2026-03-11","stmp","CAT793","Plan","376926.51833546226","1566.8913754671607","",,"","","",,"","","","","","","240.556891330826","240.556891330826","240.556891330826","2.8176098106369394","24.86483640661167","2.8176098106369394","31.824524189313145","","0.8078334976218966","6.799022759436434","3.895039396830112","","0.7209997232971331","0.8404779608643624","5.312148192147568","direct_physical","20.939985784036157",""
"2026-03-11","stmp","EH4000","Plan","244083.55703719627","1093.8101222915998","",,"","","",,"","","","","","","223.14984297807203","223.14984297807203","223.14984297807203","1.3709629256985396","20.20076392437346","1.3709629256985396","25.22359187000388","","0.6","4.072013110487536","2.6467809773652107","","0.8906127521534065","1.2199999999999998","3.2611444066272757","direct_physical","14.640551246633425",""
"2026-03-11","stmp","EH5000","Plan","322177.7879882627","1103.3485890008963","",,"","","",,"","","","","","","292.0000000000009","292.0000000000009","292.0000000000009","1.9158745697802966","23.87160205406559","1.9158745697802975","30.438412104038264","","0.6999999999999998","4.815448662660668","2.8238083943887538","","0.10225068402294715","1.4800000000000002","3.776559493113871","direct_physical","16.008067234186246",""
"2026-03-12","stmp","CAT793","Plan","428781.7940764537","1773.272764145457","",,"","","",,"","","","","","","241.80250367916994","241.80250367916994","241.80250367916994","3.862462814250681","26.784356921883187","3.862462814250681","33.34384908469887","","0.7917450016837227","8.652355161295649","3.6426258679388006","","0.5915759896937645","0.8698569534471144","6.950240455634362","direct_physical","24.015297695540937",""
"2026-03-12","stmp","EH4000","Plan","234303.4678686398","1047.1168399947182","",,"","","",,"","","","","","","223.76057658457833","223.76057658457833","223.76057658457833","1.5057275436653021","21.41655453532246","1.5057275436653021","25.04504284641858","","0.6","4.218402753389381","2.73079402798199","","0.9669625180248408","1.22","3.607246878111738","direct_physical","15.293406177507947",""
"2026-03-12","stmp","EH5000","Plan","359436.74407162203","1230.94775366994","",,"","","",,"","","","","","","291.9999999999996","291.9999999999996","291.9999999999996","1.6758070255975277","20.669522374221813","1.6758070255975281","25.519610831039024","","0.6999999999999997","4.864574019438957","2.6950536695189493","","0.1298675315981625","1.4799999999999995","3.940045253885946","direct_physical","16.119540474442022",""
"2026-03-13","stmp","CAT793","Plan","416586.18075440143","1728.6562900697736","",,"","","",,"","","","","","","240.98843890915225","240.98843890915225","240.98843890915225","4.145724102478015","26.940844928321702","4.145724102478014","33.47043691865534","","0.7869541792504747","9.232948959488203","3.8341138423096743","","0.676658886093186","0.8786054118034816","7.431735855531641","direct_physical","25.34375122965198",""
"2026-03-13","stmp","EH4000","Plan","224208.38285383245","998.4129956302744","",,"","","",,"","","","","","","224.56476812212867","224.56476812212867","224.56476812212867","1.7002534542171934","21.65337301553088","1.7002534542171934","25.797898945567745","","0.6","4.711284804444149","2.6961028632588326","","0.9076503074922365","1.2199999999999998","3.9543998318730726","direct_physical","16.039437807068275",""
"2026-03-13","stmp","EH5000","Plan","346335.22904128255","1186.0795515112377","",,"","","",,"","","","","","","292.00000000000097","292.00000000000097","292.00000000000097","1.970559880362847","20.321965400602327","1.9705598803628466","24.388684212314967","","0.7","5.818019590677311","2.585483524577644","","0.07917785475873758","1.4799999999999995","4.847887314973279","direct_physical","17.820568284986976",""
"2026-03-14","stmp","CAT793","Plan","360431.2043311238","1493.8280380331576","",,"","","",,"","","","","","","241.2802512434323","241.2802512434323","241.2802512434323","4.766990934927465","27.665076655170388","4.766990934927465","33.71900813760127","","0.816482695575606","10.338646795044866","3.9928805534132468","","0.6660730621260503","0.8246837732967194","8.482439783769836","direct_physical","27.71124245884115",""
"2026-03-14","stmp","EH4000","Plan","237941.93198080314","1063.9700813374081","",,"","","",,"","","","","","","223.63592374863646","223.63592374863646","223.63592374863646","1.4691803309352067","20.97121682423274","1.4691803309352078","25.647989484253575","","0.5999999999999999","4.203419410277234","2.696271195580562","","0.9445201270042535","1.2199999999999998","3.436948533928249","direct_physical","15.051159266790295",""
"2026-03-14","stmp","EH5000","Plan","341899.4124459486","1170.8883987874883","",,"","","",,"","","","","","","292.0000000000017","292.0000000000017","292.0000000000017","2.1544069043848735","22.373126443416705","2.1544069043848735","26.621033984513232","","0.7","5.777664314820358","2.5817310645331113","","0.0","1.48","4.855724775314584","direct_physical","17.705120154668066",""
"2026-03-15","stmp","CAT793","Plan","406119.24322735524","1685.343055807137","",,"","","",,"","","","","","","240.97126209883626","240.97126209883626","240.97126209883626","3.5218596517961127","25.8277694882422","3.521859651796114","32.30509521703993","","0.8184118108916028","8.181565163959046","3.6655369031891083","","0.5977383416667956","0.821161040980551","6.5411223117617245","direct_physical","23.221274839432688",""
"2026-03-15","stmp","EH4000","Plan","229739.56284632787","1028.9110778685708","",,"","","",,"","","","","","","223.2841766289875","223.2841766289875","223.2841766289875","1.5759596830034286","21.5535098816669","1.57595968300343","25.89885275900425","","0.5999999999999999","4.3871082482317645","2.7458933645514962","","1.0099756326884488","1.2199999999999998","3.6510335751196923","direct_physical","15.564010820591403",""
"2026-03-15","stmp","EH5000","Plan","370067.79120252305","1267.355449323709","",,"","","",,"","","","","","","292.0","292.0","292.0","1.869748569183328","22.18829268239443","1.8697485691833289","27.95171444904075","","0.6999999999999998","5.056040848064627","2.6403186105049903","","0.0","1.48","4.013525336899315","direct_physical","16.19988479546895",""
"2026-03-16","stmp","CAT793","Plan","440607.72734772647","1834.4596167177692","",,"","","",,"","","","","","","240.18393391295555","240.18393391295555","240.18393391295555","3.539775567000392","25.22258553285492","3.539775567000392","31.553460131195056","","0.805999255023097","8.420490188976423","3.627780969780627","","0.5724842519391633","0.8438274473491271","6.731006144395853","direct_physical","23.560629533184756",""
"2026-03-16","stmp","EH4000","Plan","244615.51539073794","1095.8677181854432","",,"","","",,"","","","","","","223.216279968331","223.216279968331","223.216279968331","1.4081793082046046","21.048828976506357","1.4081793082046052","26.100144238024818","","0.6000000000000001","4.014036058090481","2.6553228792414254","","0.9365273591887161","1.22","3.237175922161506","direct_physical","14.613062218682142",""
"2026-03-16","stmp","EH5000","Plan","361095.4431117623","1236.6282298348056","",,"","","",,"","","","","","","291.99999999999926","291.99999999999926","291.99999999999926","2.0634567461132582","22.494315987449614","2.063456746113259","28.290118630808777","","0.6999999999999998","5.503941744033119","2.6377656860674508","","0.084075494730609","1.4799999999999998","4.3763480239338985","direct_physical","17.092130948765078",""
"2026-03-17","stmp","CAT793","Plan","456653.6934829433","1901.542355217743","",,"","","",,"","","","","","","240.14910434674619","240.14910434674619","240.14910434674619","3.107906804379085","24.86642739830868","3.1079068043790854","30.639967032373303","","0.8222609980410409","7.499042997846501","3.718482483310445","","0.7757337847853788","0.8141320905337506","6.085985930262969","direct_physical","22.322757757249246",""
"2026-03-17","stmp","EH4000","Plan","199241.36881947058","885.5867578310313","",,"","","",,"","","","","","","224.98232618953134","224.98232618953134","224.98232618953134","2.479629843732671","21.9898077687956","2.479629843732671","29.852856318121297","","0.6","6.76576131034132","2.220680780577258","","0.3427613933472252","1.22","4.983703704548","direct_physical","18.082907188813778",""
"2026-03-17","stmp","EH5000","Plan","387537.81137450255","1327.184285529118","",,"","","",,"","","","","","","292.0000000000001","292.0000000000001","292.0000000000001","1.6879680719906798","20.878404085666798","1.6879680719906796","26.55310479139784","","0.6999999999999996","4.850853729235419","2.647395168112607","","0.12348562070843387","1.4799999999999995","3.814171077735922","direct_physical","15.925905595792385",""
"2026-03-18","stmp","CAT793","Plan","281830.19622191304","1172.211296198301","",,"","","",,"","","","","","","240.4261050340845","240.4261050340845","240.4261050340845","3.160246617133407","24.731192521952682","3.1602466171334074","31.852469463790086","","0.8119125647102722","7.667030081937721","3.310334629915072","","0.22052802513106715","0.8330292296595033","5.952907269672096","direct_physical","21.37226590538652",""
"2026-03-18","stmp","EH4000","Plan","149332.6371650873","658.4038328789519","",,"","","",,"","","","","","","226.810096946295","226.810096946295","226.810096946295","4.4751171142588175","26.93146510783363","4.4751171142588175","36.26247777579829","","0.6000000000000001","9.970011872002747","3.1132736780618857","","0.06460586126072608","1.22","7.4045416453790045","direct_physical","24.322433056704345",""
"2026-03-18","stmp","EH5000","Plan","380820.67231795663","1304.1803846505259","",,"","","",,"","","","","","","292.0000000000024","292.0000000000024","292.0000000000024","1.7853149926963863","21.643300899986812","1.7853149926963854","27.032577816032706","","0.7000000000000002","4.949286620223833","2.644253580198955","","0.1606904363285146","1.4800000000000002","3.962585451182985","direct_physical","16.20681608793428",""
"2026-03-19","stmp","CAT793","Plan","248636.87619625352","1028.0583358303036","",,"","","",,"","","","","","","241.85094126535515","241.85094126535515","241.85094126535515","3.7374471253991866","25.528659173422167","3.737447125399188","33.250246355796854","","0.7892581073154288","8.78412085807523","3.267372889867368","","0.04240300512547682","0.8743982388153041","6.744215520221433","direct_physical","23.01131432800497",""
"2026-03-19","stmp","EH4000","Plan","148951.91822415908","659.3119331563822","",,"","","",,"","","","","","","225.9202522106166","225.9202522106166","225.9202522106166","3.8430745653844585","25.2427345409748","3.8430745653844585","34.270359977841615","","0.6000000000000001","9.134686796661255","3.4502502385582607","","0.14620645105476424","1.22","6.728393692746672","direct_physical","23.22953717902093",""
"2026-03-19","stmp","EH5000","Plan","383580.6599297059","1313.632397019546","",,"","","",,"","","","","","","291.9999999999988","291.9999999999988","291.9999999999988","1.7616789186015873","21.614825971922635","1.7616789186015867","26.876034751359448","","0.7000000000000001","4.890195981841309","2.617573393708404","","0.15953421637473497","1.48","3.932899183007219","direct_physical","16.09020277493166",""
"2026-03-20","stmp","CAT793","Plan","289402.2448920873","1200.705902573427","",,"","","",,"","","","","","","241.0267529057886","241.0267529057886","241.0267529057886","3.5787042703741188","25.542392561083755","3.5787042703741188","32.93206144189346","","0.817057198879296","8.406505213203744","3.2577428807310698","","0.04937810103894134","0.8236346803073719","6.520158375184347","direct_physical","22.466210776466166",""
"2026-03-20","stmp","EH4000","Plan","172049.77930728212","757.6266747028707","",,"","","",,"","","","","","","227.09044579872713","227.09044579872713","227.09044579872713","3.03350388817911","23.83364596785852","3.03350388817911","32.15007077199621","","0.5999999999999999","7.63669283063956","2.9202012703097413","","0.2474898822925482","1.2199999999999998","5.661270066294335","direct_physical","20.23565404953618",""
"2026-03-20","stmp","EH5000","Plan","380748.6835553023","1303.9338477921312","",,"","","",,"","","","","","","292.0","292.0","292.0","1.7006703693253227","20.662548686157983","1.7006703693253211","25.559359440500128","","0.7000000000000001","4.93841411867438","2.6122744251148213","","0.17690777665994584","1.4799999999999998","3.992284016235214","direct_physical","16.209880336684346",""
"2026-03-21","stmp","CAT793","Plan","281195.11090311076","1163.8557791045926","",,"","","",,"","","","","","","241.6064910718122","241.6064910718122","241.6064910718122","3.9680332839367196","25.916012663806896","3.968033283936719","33.5911629506086","","0.8300000000000001","9.186675439802414","3.429769955996322","","0.028190729553835243","0.8000000000000005","7.0876378226699535","direct_physical","23.99227394802252",""
"2026-03-21","stmp","EH4000","Plan","193246.009083647","856.5163147909851","",,"","","",,"","","","","","","225.61859680490107","225.61859680490107","225.61859680490107","2.7275938662388053","23.7632494529109","2.7275938662388053","31.69460595341297","","0.6","6.8869214329726764","2.5031447857257954","","0.3730638847050175","1.2200000000000002","5.163516852516836","direct_physical","18.69664695592034",""
"2026-03-21","stmp","EH5000","Plan","361610.74798990705","1238.3929725681694","",,"","","",,"","","","","","","292.00000000000125","292.00000000000125","292.00000000000125","1.5844409103688528","20.240394998669743","1.584440910368852","24.62045661785175","","0.7000000000000002","4.696867557593575","2.574289420844315","","0.1692268284016813","1.4800000000000002","3.8612791020780874","direct_physical","15.791662908917653",""
"2026-03-22","stmp","CAT793","Plan","285222.8430581255","1180.1319519502292","",,"","","",,"","","","","","","241.68724741905342","241.68724741905342","241.68724741905342","5.073224929262298","27.114764154454505","5.073224929262298","34.27596190227072","","0.83","11.22611629670882","3.4359619199782996","","0.0","0.8000000000000002","8.880669684008849","direct_physical","27.802747900695973",""
"2026-03-22","stmp","EH4000","Plan","186691.5129300785","829.6846893350597","",,"","","",,"","","","","","","225.01501513749764","225.01501513749764","225.01501513749764","2.846236600106998","23.527061820602743","2.846236600106998","31.095778717933094","","0.6","7.258628268527447","2.484382491864442","","0.29640012274470134","1.22","5.491877130831702","direct_physical","19.301288013968318",""
"2026-03-22","stmp","EH5000","Plan","361610.747989968","1238.392972568386","",,"","","",,"","","","","","","291.9999999999994","291.9999999999994","291.9999999999994","1.6386465072173113","20.631291057719842","1.6386465072173113","25.223007004214118","","0.7","4.765518074364504","2.574289420844314","","0.37663244349834407","1.4799999999999998","3.897980538823627","direct_physical","16.104420477530766",""
"2026-03-23","stmp","CAT793","Plan","279097.3901909322","1149.0079628090698","",,"","","",,"","","","","","","242.90292080187237","242.90292080187237","242.90292080187237","4.325689815965202","26.936830827948217","4.325689815965203","34.17178962622057","","0.8129201925911392","9.635186507858446","3.621054581389423","","0.09187952507503157","0.8311892135292241","7.595194509764915","direct_physical","25.16692770830372",""
"2026-03-23","stmp","EH4000","Plan","196346.63683152804","871.7904588459037","",,"","","",,"","","","","","","225.22228230331433","225.22228230331433","225.22228230331433","2.6546161597078446","23.90032732489169","2.6546161597078446","30.69147109733645","","0.6","6.664217080265132","2.427767341945998","","0.31747257678938295","1.2199999999999998","5.189616655302439","direct_physical","18.369073654302976",""
"2026-03-23","stmp","EH5000","Plan","371608.12297781365","1272.6305581431948","",,"","","",,"","","","","","","292.0000000000006","292.0000000000006","292.0000000000006","1.7585042439291507","20.89045038315257","1.7585042439291507","25.92016368273496","","0.6999999999999998","5.050645280526811","2.5963553470650154","","0.4010132070331616","1.4799999999999998","4.070585970335824","direct_physical","16.608599804960797",""
"2026-03-24","stmp","CAT793","Plan","339354.12753313326","1400.7693074498643","",,"","","",,"","","","","","","242.26268074857805","242.26268074857805","242.26268074857805","4.395840384423043","27.722744548119575","4.395840384423045","34.716559180902216","","0.796033266398549","9.513864062325412","3.389546132266219","","0.08284399738033783","0.8620262091852577","7.5972512624601745","direct_physical","24.77114154371598",""
"2026-03-24","stmp","EH4000","Plan","194770.7602820827","864.9369817298777","",,"","","",,"","","","","","","225.18491450387555","225.18491450387555","225.18491450387555","2.6769256749733032","23.89218283649294","2.6769256749733032","30.350071861959332","","0.5999999999999999","6.722514288358529","2.421634444376552","","0.3083779044230799","1.22","5.2920975353509165","direct_physical","18.51462417250908",""
"2026-03-24","stmp","EH5000","Plan","350139.8739747815","1199.1091574478862","",,"","","",,"","","","","","","291.9999999999989","291.9999999999989","291.9999999999989","2.117212992445313","22.258946937210496","2.117212992445313","28.045633535760228","","0.6999999999999998","5.707043549951451","2.587317461440186","","0.3130647637921224","1.48","4.529502939726526","direct_physical","17.626928714910274",""
"2026-03-25","stmp","CAT793","Plan","290505.8408039736","1201.8726834146473","",,"","","",,"","","","","","","241.71099386219163","241.71099386219163","241.71099386219163","3.779048596209305","26.42991188262043","3.7790485962093068","33.99276791279272","","0.7900593698999593","8.579026550658236","3.1776138424987463","","0.05803765290878375","0.8729350636609434","6.67032812256594","direct_physical","22.659915261027272",""
"2026-03-25","stmp","EH4000","Plan","174271.80133074414","774.6084312208507","",,"","","",,"","","","","","","224.98051183883518","224.98051183883518","224.98051183883518","2.3195094615394862","21.63539125849961","2.3195094615394862","27.634908338325083","","0.6000000000000001","6.432542218883842","2.320665095968201","","0.3172183361555969","1.2200000000000002","5.036042312445901","direct_physical","17.876467963453543",""
"2026-03-25","stmp","EH5000","Plan","351464.50533975294","1203.6455662320298","",,"","","",,"","","","","","","292.0000000000002","292.0000000000002","292.0000000000002","2.034822943932459","21.759717154345612","2.034822943932459","27.3715094059267","","0.7","5.610797960743032","2.5950518808700336","","0.4041902443115752","1.4799999999999995","4.4604546583577065","direct_physical","17.560494744282334",""
"2026-03-26","stmp","CAT793","Plan","372478.0608825121","1558.146641413485","",,"","","",,"","","","","","","239.05199355602093","239.05199355602093","239.05199355602093","2.438209883025342","24.37886081426531","2.4382098830253423","30.266463361619873","","0.8099114582413249","6.000796923862713","3.8400237649516966","","0.7982236130996263","0.8366834240810593","4.833488182402917","direct_physical","19.68973515622239",""
"2026-03-26","stmp","EH4000","Plan","174073.77788551332","770.2907284284361","",,"","","",,"","","","","","","225.98451657423223","225.98451657423223","225.98451657423223","2.7446751065794506","22.40839375577072","2.7446751065794506","28.985059479034007","","0.6","7.349054474391218","2.286246442642624","","0.35593672362920104","1.22","5.681565239287734","direct_physical","19.442802879950776",""
"2026-03-26","stmp","EH5000","Plan","342864.3796952551","1174.193081148132","",,"","","",,"","","","","","","292.00000000000045","292.00000000000045","292.00000000000045","2.0819579042681693","21.620864095063506","2.08195790426817","26.93601436853396","","0.6999999999999998","5.7776356072933925","2.6526534566299453","","0.44311516602393347","1.4799999999999998","4.637563395496847","direct_physical","18.000967625444094",""
"2026-03-27","stmp","CAT793","Plan","503916.7375630576","2103.0817534400458","",,"","","",,"","","","","","","239.60872502402376","239.60872502402376","239.60872502402376","2.894813220054231","25.833551653033272","2.8948132200542323","31.499657839657676","","0.8130870051885233","6.72338033639521","3.862827451420363","","0.8775366024927297","0.8308845992209574","5.513989837203308","direct_physical","21.20170219508716",""
"2026-03-27","stmp","EH4000","Plan","190368.1673831147","847.5583617525881","",,"","","",,"","","","","","","224.6077390935886","224.6077390935886","224.6077390935886","2.619962870366583","22.92413661677491","2.619962870366583","28.570858321762362","","0.6","6.857303934708028","2.4193444421987413","","0.3455739972356718","1.2199999999999998","5.50203184138356","direct_physical","18.89425421552601",""
"2026-03-27","stmp","EH5000","Plan","334141.4268837321","1144.3199550812783","",,"","","",,"","","","","","","291.999999999999","291.999999999999","291.999999999999","2.2111079234987696","21.76230635518926","2.21110792349877","27.39011345829254","","0.7","6.096158800663682","2.605052209157033","","0.43609231209026883","1.48","4.843589845363001","direct_physical","18.470893167273946",""
"2026-03-28","stmp","CAT793","Plan","443901.6602916139","1854.896130481584","",,"","","",,"","","","","","","239.3134866135951","239.3134866135951","239.3134866135951","2.6966345978653528","24.99180312828849","2.6966345978653528","30.272520765477","","0.823761766191105","6.474045711762998","3.9573235388572465","","0.9675380466527449","0.8113915573901561","5.344717644274832","direct_physical","20.990334791259297",""
"2026-03-28","stmp","EH4000","Plan","196822.25671965","878.6337090096696","",,"","","",,"","","","","","","224.0094532014864","224.0094532014864","224.0094532014864","2.40670725228771","22.173662818191307","2.40670725228771","28.100551534178788","","0.6","6.512340172269357","2.469497326674136","","0.3353925504630599","1.2200000000000004","5.138775833692285","direct_physical","18.226005883098853",""
"2026-03-28","stmp","EH5000","Plan","300353.8141489924","1028.6089525650455","",,"","","",,"","","","","","","291.99999999999915","291.99999999999915","291.99999999999915","2.8365745599575334","23.357785971000016","2.8365745599575334","30.11227672155469","","0.7","7.286412924956067","2.852278780734453","","0.2489111014991308","1.4800000000000002","5.651996199796643","direct_physical","20.52959900698628",""
"2026-03-29","stmp","CAT793","Plan","452829.1632023122","1896.488742744561","",,"","","",,"","","","","","","238.7723971126698","238.7723971126698","238.7723971126698","2.8543444585636455","24.78283948082906","2.8543444585636455","30.25056551040433","","0.8207619998632617","6.910453810036523","3.9701441954375105","","0.9589208870023709","0.8168693915540437","5.661403832431351","direct_physical","21.74124176809469",""
"2026-03-29","stmp","EH4000","Plan","191031.79360960185","850.0882263360446","",,"","","",,"","","","","","","224.71996163617717","224.71996163617717","224.71996163617717","2.562812980158613","22.24234961906697","2.562812980158613","28.241733353211302","","0.6","6.913333413197518","2.41891981324213","","0.29103576689940014","1.2199999999999998","5.444735876738673","direct_physical","18.838024870077735",""
"2026-03-29","stmp","EH5000","Plan","331212.73984010104","1134.290204931855","",,"","","",,"","","","","","","291.99999999999943","291.99999999999943","291.99999999999943","2.145975896982713","21.133023939835528","2.145975896982713","27.044064402878785","","0.7000000000000001","6.092765246730935","2.6829841620301726","","0.5025200167592041","1.48","4.7610651971845135","direct_physical","18.529334622704805",""
"2026-03-30","stmp","CAT793","Plan","425503.110327091","1784.4124109594093","",,"","","",,"","","","","","","238.45558779672157","238.45558779672157","238.45558779672157","2.540055455857887","24.34291764950454","2.540055455857887","30.19473533690193","","0.8173293189623092","6.2606845056872285","4.0168364464790605","","0.9789849897543169","0.8231377653731736","5.047347680018125","direct_physical","20.536859562336684",""
"2026-03-30","stmp","EH4000","Plan","195515.1389157799","870.4458123546672","",,"","","",,"","","","","","","224.61494574474025","224.61494574474025","224.61494574474025","2.4526755438612864","22.01647365186328","2.452675543861286","28.377931292391665","","0.5999999999999999","6.684110042264776","2.4437160142325043","","0.3138851959955554","1.22","5.185738562667251","direct_physical","18.397449815160094",""
"2026-03-30","stmp","EH5000","Plan","311770.9887565646","1067.7088656046749","",,"","","",,"","","","","","","291.9999999999996","291.9999999999996","291.9999999999996","2.328263555583516","20.921516860124523","2.328263555583516","26.63104349678459","","0.7000000000000001","6.677135996829414","2.532311598922934","","0.8511832465645941","1.4800000000000002","5.2456004343907034","direct_physical","19.79623127670762",""
"2026-03-31","stmp","CAT793","Plan","413373.1621642686","1729.4644682801045","",,"","","",,"","","","","","","239.0180138105726","239.0180138105726","239.0180138105726","2.8452502833137947","24.323204205790354","2.8452502833137947","31.63241918464934","","0.8227520033312002","7.0186072342470185","3.790979973447129","","0.7874540860500672","0.813235472177808","5.396837213186423","direct_physical","21.238437122723195",""
"2026-03-31","stmp","EH4000","Plan","224457.30762662974","1001.6607468721725","",,"","","",,"","","","","","","224.0851588998865","224.0851588998865","224.0851588998865","1.7224697183512714","21.427158985187457","1.7224697183512714","26.869722232940514","","0.6000000000000001","4.823233130090677","2.7694698863357585","","0.7784599273115647","1.22","3.846269127947225","direct_physical","15.987432071685234",""
"2026-03-31","stmp","EH5000","Plan","329882.98199824145","1129.7362397200066","",,"","","",,"","","","","","","291.9999999999996","291.9999999999996","291.9999999999996","2.1261415477954198","21.27270311233099","2.1261415477954198","26.171105700962976","","0.7000000000000001","5.996816304636833","2.5922635729449413","","0.7558511254370592","1.4800000000000004","4.874402110684657","direct_physical","18.709333113703472",""
"2026-04-01","stmp","CAT793","Plan","342251.1010302485","1429.3859848896834","",,"","","",,"","","","","","","239.43924499627903","239.43924499627903","239.43924499627903","3.127448227462089","25.653223237957004","3.1274482274620876","32.04181366117442","","0.8132636381404273","7.314749180137308","3.840821536570486","","0.6823006306644058","0.830562052091392","5.856313117353278","direct_physical","21.91852873728551",""
"2026-04-01","stmp","EH4000","Plan","213343.2277910128","953.257604159707","",,"","","",,"","","","","","","223.80438074666506","223.80438074666506","223.80438074666506","1.5194951986377638","23.02900314275129","1.5194951986377638","26.716119522146005","","0.6","3.958908310234992","2.889229960677716","","1.0781114551348328","1.22","3.4125357106106593","direct_physical","15.108785436658213",""
"2026-04-01","stmp","EH5000","Plan","367517.8912474971","1258.6229152311548","",,"","","",,"","","","","","","291.99999999999994","291.99999999999994","291.99999999999994","2.117765677142055","21.79877084751011","2.117765677142055","28.18455369454275","","0.7","5.829041532542969","2.633675575516111","","0.37210180214022615","1.4799999999999998","4.508353831166982","direct_physical","17.833172741366276",""
"2026-04-02","stmp","CAT793","Plan","396135.09420770576","1649.9723167355546","",,"","","",,"","","","","","","240.0859033753082","240.0859033753082","240.0859033753082","3.569119702731636","25.98311106490177","3.569119702731635","33.02301201743932","","0.7850133945111982","8.24178373517289","3.6837671254498496","","0.5937704594460835","0.8821494535012905","6.484786489215696","direct_physical","23.168266780199687",""
"2026-04-02","stmp","EH4000","Plan","212414.89020996916","949.4899039156044","",,"","","",,"","","","","","","223.71474339431177","223.71474339431177","223.71474339431177","1.5441888333985678","23.038839635208202","1.5441888333985678","26.798027704167847","","0.6000000000000001","4.02152762339312","2.863943317647508","","1.0558745145492452","1.2200000000000004","3.457393619661949","direct_physical","15.168739075251823",""
"2026-04-02","stmp","EH5000","Plan","360119.6826189596","1233.2865843114978","",,"","","",,"","","","","","","292.0000000000018","292.0000000000018","292.0000000000018","2.205614158744731","21.99950514379146","2.205614158744731","28.749336915289653","","0.6999999999999997","6.015446650263903","2.643029662535363","","0.447929647312558","1.4799999999999995","4.603127018707122","direct_physical","18.19953297881894",""
"2026-04-03","stmp","CAT793","Plan","399809.0268663794","1666.6119615462783","",,"","","",,"","","","","","","239.89329015461863","239.89329015461863","239.89329015461863","3.358571348164297","25.165244433528397","3.358571348164296","32.28951929550843","","0.7849434368014327","8.007642501631114","3.6644843099656947","","0.6017350795099387","0.8822772023625994","6.24085725915062","direct_physical","22.67872908083433",""
"2026-04-03","stmp","EH4000","Plan","207250.613139225","926.7367977928502","",,"","","",,"","","","","","","223.63481587525231","223.63481587525231","223.63481587525231","1.612261901378056","23.290117704672294","1.612261901378056","26.585548701030028","","0.6","4.153509025129441","2.8793527337735387","","1.0996401788155024","1.2199999999999998","3.6386577975325154","direct_physical","15.541159735250998",""
"2026-04-03","stmp","EH5000","Plan","363996.5081608543","1246.5633841125175","",,"","","",,"","","","","","","291.9999999999993","291.9999999999993","291.9999999999993","2.1103569408159433","21.573506934659278","2.1103569408159437","28.093017251663447","","0.7000000000000003","5.869301492449094","2.649160739934564","","0.490012326435425","1.4800000000000002","4.507220257427461","direct_physical","18.00569481624654",""
"2026-04-04","stmp","CAT793","Plan","367527.9272028254","1539.2548680986943","",,"","","",,"","","","","","","238.7700275112985","238.7700275112985","238.7700275112985","2.9681943779838176","24.548591237702194","2.968194377983817","31.570894315699363","","0.7974318451821012","7.254659175941326","3.649363174045911","","0.6680436153443051","0.8594722827109453","5.64100785040064","direct_physical","21.40368948590275",""
"2026-04-04","stmp","EH4000","Plan","211905.20205800273","948.9181070811518","",,"","","",,"","","","","","","223.31242335528594","223.31242335528594","223.31242335528594","1.610501782985681","23.658820890721643","1.610501782985681","27.895904601163032","","0.6000000000000001","4.084316265187865","2.8065341619014013","","1.0530758281956796","1.2199999999999998","3.4639531630428704","direct_physical","15.177879418327823",""
"2026-04-04","stmp","EH5000","Plan","354883.0391749441","1215.3528738867947","",,"","","",,"","","","","","","292.00000000000006","292.00000000000006","292.00000000000006","2.23846860148111","21.574505813772134","2.23846860148111","28.643560808991708","","0.7000000000000001","6.2253159932465625","2.6407057070551403","","0.42311682269961953","1.4800000000000002","4.6889462167254345","direct_physical","18.468084739726727",""
"2026-04-05","stmp","CAT793","Plan","371705.6877044733","1556.9497232871156","",,"","","",,"","","","","","","238.73968577463657","238.73968577463657","238.73968577463657","2.8852717434869946","24.905980606367404","2.8852717434869937","31.578010123403335","","0.800791811517198","6.950792556425631","3.7427211171582884","","0.7044956174471274","0.8533366920120729","5.482179020549441","direct_physical","21.07796217089972",""
"2026-04-05","stmp","EH4000","Plan","225143.3595886054","1004.998635461455","",,"","","",,"","","","","","","224.02354753967265","224.02354753967265","224.02354753967265","1.4052398330738334","22.20387491726481","1.4052398330738334","27.627240796145934","","0.6","3.797282694961979","2.706964015737063","","1.0048257398803782","1.2200000000000002","3.0518570640681593","direct_physical","14.330929514647588",""
"2026-04-05","stmp","EH5000","Plan","353221.10832190874","1209.6613298695543","",,"","","",,"","","","","","","291.9999999999991","291.9999999999991","291.9999999999991","2.319222263414422","21.918530135464593","2.319222263414422","28.988862600313222","","0.6999999999999998","6.348661837488483","2.584918588079081","","0.33116357656820483","1.48","4.800234411520575","direct_physical","18.554978413656322",""
"2026-04-06","stmp","CAT793","Plan","351341.1144202762","1474.6950164012242","",,"","","",,"","","","","","","238.2466276163816","238.2466276163816","238.2466276163816","2.445930492795825","24.42622133713839","2.4459304927958248","30.44635441287686","","0.8154702522047322","6.008126576033984","4.012823933185279","","0.9338779920188578","0.82653258293049","4.820144559102983","direct_physical","20.00401838025552",""
"2026-04-06","stmp","EH4000","Plan","201372.85635323846","895.8448528871164","",,"","","",,"","","","","","","224.78541424249613","224.78541424249613","224.78541424249613","1.9024241180470813","22.44166111481517","1.9024241180470813","28.790126342080573","","0.6","5.086318989438363","2.499913357915733","","0.7560995056156933","1.22","3.964742833239541","direct_physical","16.077074686209333",""
"2026-04-06","stmp","EH5000","Plan","336455.017566376","1152.243210843756","",,"","","",,"","","","","","","291.9999999999994","291.9999999999994","291.9999999999994","2.538544414526485","21.770848549381196","2.538544414526484","30.367225983239372","","0.7","6.996174932093695","2.6006357848556765","","0.37709948866572407","1.4799999999999995","5.015692409825488","direct_physical","19.47960261544056",""
"2026-04-07","stmp","CAT793","Plan","398538.88079219084","1661.5424282562667","",,"","","",,"","","","","","","239.86079080173963","239.86079080173963","239.86079080173963","3.287532720746973","24.892201842184388","3.2875327207469724","31.39670801906838","","0.8004667345678331","7.924247300234359","3.7066677298499267","","0.7842544444992156","0.8539303107891751","6.282568322927994","direct_physical","22.894819101590794",""
"2026-04-07","stmp","EH4000","Plan","197224.45657850272","879.8322111953609","",,"","","",,"","","","","","","224.16144131680392","224.16144131680392","224.16144131680392","1.8697389113356997","22.909721925198024","1.8697389113356997","27.06858036829431","","0.6","4.896800364772314","2.6515684509210438","","0.9068546616459203","1.22","4.144448403047563","direct_physical","16.369671880386854",""
"2026-04-07","stmp","EH5000","Plan","347988.81213014404","1191.7425072950139","",,"","","",,"","","","","","","292.0","292.0","292.0","2.3857413232865397","21.808369261885122","2.3857413232865388","28.932105190984487","","0.7","6.563740629950197","2.6057113239429173","","0.22691587135030242","1.4799999999999995","4.947599853252209","direct_physical","18.83396767849561",""
"2026-04-08","stmp","CAT793","Plan","377891.544444167","1577.9742172482988","",,"","","",,"","","","","","","239.47890929621232","239.47890929621232","239.47890929621232","3.1454365104425595","24.377949767989808","3.1454365104425595","30.11463899995304","","0.8250978255471217","7.741676081159463","3.8314854802483813","","0.7302165746105863","0.8089517968269958","6.266925219553449","direct_physical","22.819859592607056",""
"2026-04-08","stmp","EH4000","Plan","205027.95679458138","916.829027950148","",,"","","",,"","","","","","","223.6272527855975","223.6272527855975","223.6272527855975","1.6983160194780278","22.45644201565792","1.6983160194780278","26.737928905720636","","0.6","4.537627158284107","2.6262759350759532","","0.9641764421324153","1.22","3.8110267077148285","direct_physical","15.709106243207323",""
"2026-04-08","stmp","EH5000","Plan","306663.0409158351","1050.215893547381","",,"","","",,"","","","","","","291.9999999999999","291.9999999999999","291.9999999999999","2.9525190057975492","23.75157358985515","2.9525190057975492","30.468790479225078","","0.6999999999999998","7.458501209516423","2.817169136880765","","0.2894337098480035","1.4799999999999998","5.814183548527867","direct_physical","20.869287604773064",""
"2026-04-09","stmp","CAT793","Plan","376831.3548843759","1569.996937945764","",,"","","",,"","","","","","","240.02043938852165","240.02043938852165","240.02043938852165","3.3321542134823967","25.12561160102201","3.3321542134823967","30.56977598625061","","0.8237523265106412","7.957189499849289","3.793350560976909","","0.8001732722084732","0.8114087950675247","6.540095449141208","direct_physical","23.33749852126376",""
"2026-04-09","stmp","EH4000","Plan","208697.33254702447","930.6553402429842","",,"","","",,"","","","","","","224.2477139738282","224.2477139738282","224.2477139738282","1.6605472499389664","21.616283215252274","1.6605472499389664","26.670834792118814","","0.6000000000000001","4.609156625318355","2.47442730711225","","0.8864920337844685","1.2200000000000004","3.73564741309782","direct_physical","15.475723379312905",""
"2026-04-09","stmp","EH5000","Plan","303305.129460931","1038.7161967840095","",,"","","",,"","","","","","","292.0000000000002","292.0000000000002","292.0000000000002","2.9967549004818657","24.159063471910713","2.9967549004818657","31.38476410214558","","0.7000000000000001","7.442560604137993","2.837452598648479","","0.3608712411822654","1.4799999999999995","5.729063103476371","direct_physical","20.859947547445095",""
"2026-04-10","stmp","CAT793","Plan","368720.01025188726","1537.3032725604064","",,"","","",,"","","","","","","239.84858214591412","239.84858214591412","239.84858214591412","3.433317865822453","25.46774951780515","3.433317865822453","30.804451931701124","","0.8232980092259038","8.08862486280258","3.7833852327988438","","0.9012158462665143","0.8122384179353054","6.687314950646851","direct_physical","23.706262738256928",""
"2026-04-10","stmp","EH4000","Plan","178190.115970017","790.016676173047","",,"","","",,"","","","","","","225.5523476202999","225.5523476202999","225.5523476202999","2.4369607436915186","24.203675621413918","2.4369607436915186","28.52020209885844","","0.5999999999999999","6.04113387192013","2.4608596074919418","","0.831906572037349","1.2199999999999998","5.126809554668046","direct_physical","18.23070960611746",""
"2026-04-10","stmp","EH5000","Plan","322048.16747616447","1102.9046831375529","",,"","","",,"","","","","","","291.99999999999915","291.99999999999915","291.99999999999915","2.6617006244520622","23.309926157126174","2.6617006244520622","30.55661786766426","","0.7000000000000001","6.85124596236872","2.7022063145657644","","0.27560666562222874","1.48","5.226430430185935","direct_physical","19.54548937274264",""
"2026-04-11","stmp","CAT793","Plan","426970.8081120248","1775.3047464073777","",,"","","",,"","","","","","","240.50564218682496","240.50564218682496","240.50564218682496","3.64928405104406","25.606743392318425","3.64928405104406","31.397120442057314","","0.8219200398199757","8.550757107533123","3.6107617439997823","","0.7098823674926067","0.8147547098939572","6.973793774073132","direct_physical","24.087981164889015",""
"2026-04-11","stmp","EH4000","Plan","177753.36391442138","784.8139140183823","",,"","","",,"","","","","","","226.49109647444138","226.49109647444138","226.49109647444138","2.5667169773617116","25.34577934030061","2.5667169773617116","29.67263645070091","","0.6","6.076081408821898","2.332498215710036","","0.9829181175574115","1.2199999999999998","5.190068597293953","direct_physical","18.351566339383286",""
"2026-04-11","stmp","EH5000","Plan","286735.590206274","981.9711993365559","",,"","","",,"","","","","","","291.9999999999997","291.9999999999997","291.9999999999997","2.019177542715107","21.78982569663938","2.019177542715107","28.66889581492562","","0.6999999999999998","5.559964281017234","2.499154029771942","","0.24921693330362993","1.4800000000000002","4.225856947717983","direct_physical","17.02419219181079",""
"2026-04-12","stmp","CAT793","Plan","460909.79299690895","1918.5790949435786","",,"","","",,"","","","","","","240.23497087591446","240.23497087591446","240.23497087591446","3.1551714652130123","25.119223860806752","3.1551714652130114","31.018057148629598","","0.8155307609639459","7.536470432438779","3.4837247578980253","","0.5810296511349929","0.826422088674534","6.103228419680198","direct_physical","21.933627491031718",""
"2026-04-12","stmp","EH4000","Plan","160918.2756394531","708.4034812026969","",,"","","",,"","","","","","","227.15624627684352","227.15624627684352","227.15624627684352","3.0913755287274984","27.424251055572057","3.0913755287274984","31.162795620337146","","0.6000000000000001","6.763449304332545","2.576249000066436","","1.2692702039425268","1.22","5.9520504509101935","direct_physical","20.3310189592517",""
"2026-04-12","stmp","EH5000","Plan","283894.73187316407","972.2422324423454","",,"","","",,"","","","","","","291.9999999999992","291.9999999999992","291.9999999999992","2.266156603159912","22.637642625416348","2.2661566031599123","30.247573407673002","","0.6999999999999998","6.006340785543433","2.516502569472225","","0.21541970095210128","1.48","4.495216669351166","direct_physical","17.723479725318935",""
"2026-04-13","stmp","CAT793","Plan","465253.22467569134","1932.5837859218352","",,"","","",,"","","","","","","240.7415544230944","240.7415544230944","240.7415544230944","3.3116307067633213","25.14522371019872","3.311630706763321","31.475872883833038","","0.8138722612752147","7.902011320154168","3.5887450979284616","","0.6747292384160192","0.8294506533235201","6.312703165981347","direct_physical","22.703829726935908",""
"2026-04-13","stmp","EH4000","Plan","167203.97717147364","737.4048459219995","",,"","","",,"","","","","","","226.74651257873614","226.74651257873614","226.74651257873614","2.8644950687189796","26.620987853856114","2.8644950687189796","30.287035948418424","","0.6000000000000001","6.4561730416117165","2.4630123166160924","","1.167540378211457","1.2200000000000002","5.674695418060998","direct_physical","19.53142115450027",""
"2026-04-13","stmp","EH5000","Plan","300154.66221624333","1027.9269253980917","",,"","","",,"","","","","","","292.0000000000005","292.0000000000005","292.0000000000005","2.778154966945096","23.438149083780765","2.778154966945096","31.770034883597944","","0.6999999999999996","7.111879757265261","2.5367719595878793","","0.24122439984501184","1.4799999999999998","5.246745829126022","direct_physical","19.626621945824184",""
"2026-04-14","stmp","CAT793","Plan","415976.6349504741","1727.5704517065763","",,"","","",,"","","","","","","240.7870744371395","240.7870744371395","240.7870744371395","3.2645337124738383","25.405145061673","3.2645337124738383","31.581530937401418","","0.8069650965681504","7.70993522268562","3.5699706166189973","","0.5908224580937527","0.8420637367016378","6.202106640639854","direct_physical","22.283760578552975",""
"2026-04-14","stmp","EH4000","Plan","209207.8338227359","933.4646031378217","",,"","","",,"","","","","","","224.11972893186112","224.11972893186112","224.11972893186112","1.5744082898833418","22.66633903650733","1.5744082898833418","26.151242226116032","","0.5999999999999999","4.167611595364039","2.7913980849599884","","1.0879020072216106","1.22","3.6122374828780868","direct_physical","15.429149170423718",""
"2026-04-14","stmp","EH5000","Plan","333916.42357063375","1143.5493957898343","",,"","","",,"","","","","","","292.0000000000019","292.0000000000019","292.0000000000019","2.682013735026891","22.39849116588114","2.6820137350268887","31.738115390620212","","0.6999999999999998","7.184449296599883","2.5870567034199006","","0.26971082970370425","1.48","5.070270308147262","direct_physical","19.601487137870755",""
"2026-04-15","stmp","CAT793","Plan","348238.718571937","1449.465223836259","",,"","","",,"","","","","","","240.25324157158002","240.25324157158002","240.25324157158002","2.8368271222664636","24.568481952800898","2.8368271222664636","31.085324935506364","","0.8214398596356264","6.927966801651873","3.645357181686668","","0.7431671378287431","0.8156315606653776","5.475562108137095","direct_physical","21.033816408528097",""
"2026-04-15","stmp","EH4000","Plan","177365.16178296725","789.2220523654346","",,"","","",,"","","","","","","224.73416860486003","224.73416860486003","224.73416860486003","1.9695685874162903","22.519386563860476","1.9695685874162907","28.7974308489367","","0.6000000000000001","5.247661383220154","3.509210518939328","","1.0416771181767295","1.2200000000000002","4.103633961824092","direct_physical","17.672182982160308",""
"2026-04-15","stmp","EH5000","Plan","341697.025246795","1170.1952919410785","",,"","","",,"","","","","","","292.00000000000006","292.00000000000006","292.00000000000006","2.3688032712943135","21.2854969227008","2.368803271294313","30.29588818396444","","0.7","6.677231769302989","2.5737902941438957","","0.3224419137434898","1.4800000000000002","4.691336177854227","direct_physical","18.75480015504462",""
"2026-04-16","stmp","CAT793","Plan","385223.2275845099","1605.6615135380953","",,"","","",,"","","","","","","239.9155888937424","239.9155888937424","239.9155888937424","3.6652104996540107","26.044197521272412","3.6652104996540107","32.535182199091224","","0.8265917064494519","8.443824379676899","3.615371890703117","","0.620701405292323","0.8062238403966537","6.759225402013678","direct_physical","23.691861930556584",""
"2026-04-16","stmp","EH4000","Plan","218221.38630355554","977.0929938491855","",,"","","",,"","","","","","","223.3373769715496","223.3373769715496","223.3373769715496","1.394797085360971","20.92185767833178","1.394797085360971","27.137127016509915","","0.5999999999999999","4.000018851496708","2.9232585221887346","","0.9630548168847464","1.2200000000000002","3.0838867014457185","direct_physical","14.740218892015914",""
"2026-04-16","stmp","EH5000","Plan","331972.20399858203","1136.8911095841827","",,"","","",,"","","","","","","292.0000000000006","292.0000000000006","292.0000000000006","2.6651747677986233","21.94056042064679","2.6651747677986233","31.28049513135064","","0.6999999999999998","7.28835011513363","2.584782367564245","","0.2673676305970602","1.4800000000000002","5.112146895259606","direct_physical","19.742647008554556",""
"2026-04-17","stmp","CAT793","Plan","407493.6869214277","1696.812562368497","",,"","","",,"","","","","","","240.15244580263322","240.15244580263322","240.15244580263322","3.882781647658931","26.582963661247412","3.882781647658931","33.07147134169795","","0.8231103895353137","8.76376696850978","3.634336010131058","","0.6104334860711422","0.8125810278050803","7.044346362836329","direct_physical","24.2982049617757",""
"2026-04-17","stmp","EH4000","Plan","225685.7790896654","1011.0078779503292","",,"","","",,"","","","","","","223.22850693034198","223.22850693034198","223.22850693034198","1.3151779499605838","20.754950562152096","1.3151779499605838","26.166328701665268","","0.6","3.8020171024417375","2.6977888701006942","","0.9602095536832105","1.2199999999999995","3.015733613122922","direct_physical","14.245749139348552",""
"2026-04-17","stmp","EH5000","Plan","330424.9088841474","1131.5921537128427","",,"","","",,"","","","","","","291.99999999999767","291.99999999999767","291.99999999999767","2.6868019971937906","21.998603097593055","2.6868019971937906","31.199091958601453","","0.7000000000000001","7.32810711282235","2.581292704494847","","0.26861964464750365","1.48","5.167077299734778","direct_physical","19.83509676169949",""
"2026-04-18","stmp","CAT793","Plan","406099.4925091626","1689.1753854012452","",,"","","",,"","","","","","","240.41286418147638","240.41286418147638","240.41286418147638","3.182897143763248","25.335898343023565","3.182897143763248","31.715735943867696","","0.8233317871103946","7.537677410928711","3.6151319499284758","","0.5893890037565067","0.8121767365810175","6.021421951670653","direct_physical","22.009414123606483",""
"2026-04-18","stmp","EH4000","Plan","216958.20936891972","969.8250609766447","",,"","","",,"","","","","","","223.7086028179514","223.7086028179514","223.7086028179514","1.4397329301689281","21.771319698663397","1.4397329301689281","26.077645143542547","","0.6000000000000001","3.9677877595743096","2.7615215893433227","","1.0388055993584324","1.2199999999999998","3.312568114745071","direct_physical","14.85068306302113",""
"2026-04-18","stmp","EH5000","Plan","289071.47529177903","989.9708057937653","",,"","","",,"","","","","","","291.99999999999955","291.99999999999955","291.99999999999955","2.4183813468568407","21.303141069879352","2.4183813468568407","30.29511688033316","","0.7","6.811337367359987","2.474185569857123","","0.30704731941215857","1.48","4.78964584901825","direct_physical","18.872216105647546",""
"2026-04-19","stmp","CAT793","Plan","419062.9104669715","1745.150630380927","",,"","","",,"","","","","","","240.12993673531756","240.12993673531756","240.12993673531756","3.2861448166340472","25.577668788751904","3.286144816634047","31.69417226274777","","0.8299041577409156","7.708626248407369","3.633598858450321","","0.5879333835494904","0.8001750162991972","6.220976126572898","direct_physical","22.41093043129769",""
"2026-04-19","stmp","EH4000","Plan","208372.85166747333","934.4074065805961","",,"","","",,"","","","","","","223.00000000000043","223.00000000000043","223.00000000000043","1.5253985544672073","20.727841237433093","1.5253985544672073","26.072163388107562","","0.5999999999999999","4.415506285466254","2.7110507894479405","","1.006616986885566","1.2200000000000002","3.510407322385059","direct_physical","15.413581384184798",""
"2026-04-19","stmp","EH5000","Plan","327155.708172813","1120.3962608657948","",,"","","",,"","","","","","","292.0000000000008","292.0000000000008","292.0000000000008","2.366316434565427","20.959195361949035","2.366316434565427","30.057503459869892","","0.7","6.774066638630861","2.5738110241691547","","0.3356645623662339","1.4800000000000002","4.72357879833511","direct_physical","18.897121023501377",""
"2026-04-20","stmp","CAT793","Plan","358317.47313552786","1491.319206377127","",,"","","",,"","","","","","","240.26879798992945","240.26879798992945","240.26879798992945","3.146311813697057","26.29482484473555","3.146311813697057","32.59339309275759","","0.8284734050077227","7.179310375197976","4.034683836558729","","0.8619703678166548","0.8027876952032884","5.791931766188866","direct_physical","22.124644034691705",""
"2026-04-20","stmp","EH4000","Plan","207674.6862760312","927.4811228356928","",,"","","",,"","","","","","","223.91257478220572","223.91257478220572","223.91257478220572","1.6141275150212553","20.34184784514932","1.6141275150212553","26.73350191360052","","0.5999999999999999","4.761005570315945","2.549886264908194","","0.8250885214859309","1.2200000000000002","3.6227072388150026","direct_physical","15.528687595525042",""
"2026-04-20","stmp","EH5000","Plan","335562.7993726086","1149.1876690842785","",,"","","",,"","","","","","","291.9999999999994","291.9999999999994","291.9999999999994","2.5803340592100112","21.759037336190172","2.5803340592100112","30.927906739359315","","0.7000000000000001","7.115206484576417","2.601983916424631","","0.2944771728482914","1.4799999999999998","5.005836471809273","direct_physical","19.507504045658635",""
"2026-04-21","stmp","CAT793","Plan","371649.6081444743","1542.4208514482798","",,"","","",,"","","","","","","240.95214207945136","240.95214207945136","240.95214207945136","3.4959567846507364","26.554018462745134","3.495956784650736","33.766507666156585","","0.8021921565026783","7.899271719394581","3.6935632857617327","","0.6476591733651575","0.8507795402994572","6.211995897025481","direct_physical","22.653247278530912",""
"2026-04-21","stmp","EH4000","Plan","205711.2465933057","922.4719578175142","",,"","","",,"","","","","","","223.00000000000003","223.00000000000003","223.00000000000003","1.5481299849146946","21.156787881285116","1.5481299849146946","25.76918403550868","","0.6000000000000001","4.390449042458303","2.77884815404154","","1.0691058718061746","1.2200000000000002","3.604607696032859","direct_physical","15.613010764338853",""
"2026-04-21","stmp","EH5000","Plan","342738.5404183786","1173.762124720472","",,"","","",,"","","","","","","292.0000000000007","292.0000000000007","292.0000000000007","2.3977887333967454","20.731587759124654","2.3977887333967454","29.660527333068234","","0.7000000000000001","6.939522706864745","2.583521800277823","","0.2589688965207136","1.4800000000000002","4.850464133299762","direct_physical","19.122477536963068",""
"2026-04-22","stmp","CAT793","Plan","353770.8416937601","1469.7902583365553","",,"","","",,"","","","","","","240.69477919532721","240.69477919532721","240.69477919532721","3.5409634746022722","26.898810281406394","3.5409634746022713","33.004420732772424","","0.7953062203380127","7.898409121201775","3.7573568146595218","","0.7664489265531035","0.8633538585131941","6.4372530636531335","direct_physical","23.045555091135473",""
"2026-04-22","stmp","EH4000","Plan","220150.64924143296","986.1104216773687","",,"","","",,"","","","","","","223.25151869600754","223.25151869600754","223.25151869600754","1.37240045860144","20.299008377700122","1.37240045860144","24.776059757697098","","0.6","4.056554191412969","2.583576133332463","","0.8717655131802917","1.2200000000000002","3.323532003126722","direct_physical","14.605427841052423",""
"2026-04-22","stmp","EH5000","Plan","342827.40488553257","1174.0664550874405","",,"","","",,"","","","","","","291.99999999999994","291.99999999999994","291.99999999999994","2.3798950568285084","20.58967734005902","2.3798950568285093","29.351110399555406","","0.7000000000000002","6.935208408142116","2.5718175355708834","","0.2554760624653916","1.48","4.865018783475855","direct_physical","19.117520789654268",""
"2026-04-23","stmp","CAT793","Plan","420205.6835577271","1749.8434951974189","",,"","","",,"","","","","","","240.13900940913524","240.13900940913524","240.13900940913524","3.4468755529437436","25.554477944551245","3.4468755529437427","32.14583653664132","","0.793686134540331","8.093005602594259","3.4438907612633365","","0.6479463081192927","0.8663122760567866","6.433571356616899","direct_physical","22.801049706527547",""
"2026-04-23","stmp","EH4000","Plan","209104.849354683","933.0278242200508","",,"","","",,"","","","","","","224.11426961407156","224.11426961407156","224.11426961407156","1.4608227476916382","20.619414528752905","1.460822747691638","25.512275182242195","","0.6","4.25081734203825","2.8692740188695134","","1.110704489089811","1.2199999999999998","3.435576177953214","direct_physical","15.436372027950776",""
"2026-04-23","stmp","EH5000","Plan","331006.75374393247","1133.5847730956552","",,"","","",,"","","","","","","292.000000000001","292.000000000001","292.000000000001","2.649626944286741","21.8774289481767","2.6496269442867435","30.71319751710469","","0.7000000000000001","7.266741308304142","2.5858355405035915","","0.2814548913868641","1.4800000000000002","5.176198817093771","direct_physical","19.80023055728839",""
"2026-04-24","stmp","CAT793","Plan","452714.9260265246","1886.5007039395407","",,"","","",,"","","","","","","239.97601754461544","239.97601754461544","239.97601754461544","3.349862712584112","26.076174869014043","3.349862712584112","32.34372424840483","","0.8055647416065108","7.707869876033176","3.744137957893235","","0.8556703617308642","0.8446209066315875","6.2142430232028545","direct_physical","22.729863494456616",""
"2026-04-24","stmp","EH4000","Plan","192513.84983209314","858.7889170682483","",,"","","",,"","","","","","","224.16899660198337","224.16899660198337","224.16899660198337","1.978141897614928","21.54176019619266","1.978141897614928","26.65071140242229","","0.6000000000000002","5.509694322837786","2.3705168779708554","","0.6668957072897436","1.2200000000000004","4.4534838888431345","direct_physical","16.7705907969415",""
"2026-04-24","stmp","EH5000","Plan","328504.7708665893","1125.0163385842072","",,"","","",,"","","","","","","292.0000000000007","292.0000000000007","292.0000000000007","2.6520226406432426","21.57695184962081","2.6520226406432434","30.339580012651414","","0.7000000000000002","7.374598578500834","2.60866266379625","","0.23309431902129563","1.4800000000000004","5.244679009143898","direct_physical","19.951034570462266",""
"2026-04-25","stmp","CAT793","Plan","397154.7101882035","1661.5726097743209","",,"","","",,"","","","","","","239.02338534705748","239.02338534705748","239.02338534705748","2.787873714486047","24.991970656944197","2.7878737144860466","31.09820853562357","","0.8092413855219992","6.693046545438584","4.013445535245648","","0.9668562286866209","0.8379070351337404","5.378844336886774","direct_physical","21.267967771934927",""
"2026-04-25","stmp","EH4000","Plan","203297.26228287714","902.0643498895732","",,"","","",,"","","","","","","225.36891332393736","225.36891332393736","225.36891332393736","1.9206488527336796","22.724154652349302","1.9206488527336796","28.8417361090302","","0.5999999999999996","5.071208717201147","2.450749971385781","","0.6787072591405768","1.2199999999999998","3.995561526822931","direct_physical","15.966227474550443",""
"2026-04-25","stmp","EH5000","Plan","287241.0128084251","983.7020986589854","",,"","","",,"","","","","","","292.0000000000014","292.0000000000014","292.0000000000014","3.446752372165744","23.264105290087407","3.446752372165747","32.31060900441326","","0.6999999999999998","8.889451786399118","2.8362560443248213","","0.200869338397052","1.4799999999999995","6.400533716393202","direct_physical","22.81711088551419",""
"2026-04-26","stmp","CAT793","Plan","374274.0013759663","1566.21380559825","",,"","","",,"","","","","","","238.96737472123357","238.96737472123357","238.96737472123357","2.8676516896952564","25.017539298268943","2.8676516896952546","31.646999547841205","","0.803214342621805","6.877538966976692","3.793936975750928","","0.7230133211511597","0.8489129395601829","5.436821936993147","direct_physical","21.034246104718378",""
"2026-04-26","stmp","EH4000","Plan","223168.5567360116","994.7166557174044","",,"","","",,"","","","","","","224.35389560764833","224.35389560764833","224.35389560764833","1.3567086102140928","21.23925100849104","1.3567086102140928","26.469052449575305","","0.5999999999999999","3.832645349890278","2.7770987813199364","","1.023933735406668","1.2200000000000002","3.0753846125742847","direct_physical","14.479062479191183",""
"2026-04-26","stmp","EH5000","Plan","287570.12559713534","984.8291972504676","",,"","","",,"","","","","","","291.9999999999988","291.9999999999988","291.9999999999988","3.403216662129378","23.07346065921465","3.40321666212938","31.8323135071749","","0.7000000000000001","8.849691112382654","2.8360217446971747","","0.2006394512793718","1.4800000000000002","6.414645284318978","direct_physical","22.790997592678192",""
"2026-04-27","stmp","CAT793","Plan","367052.8036879338","1532.1310659943806","",,"","","",,"","","","","","","239.57010717598752","239.57010717598752","239.57010717598752","2.591284397683294","25.381822086915324","2.5912843976832938","32.244858335752994","","0.8102668137032214","6.125528077873819","3.8019500772057344","","0.6723361907481107","0.8360345141071612","4.821762968907361","direct_physical","19.639537048276676",""
"2026-04-27","stmp","EH4000","Plan","236814.97593489435","1056.652745144918","",,"","","",,"","","","","","","224.11807192382355","224.11807192382355","224.11807192382355","1.175194431242535","20.681008954362444","1.175194431242535","26.081504752873016","","0.6","3.4094886777600086","2.78357455315548","","0.9637914897925912","1.2199999999999998","2.7035121839273817","direct_physical","13.63036690463547",""
"2026-04-27","stmp","EH5000","Plan","312762.0198968534","1071.1028078659372","",,"","","",,"","","","","","","291.9999999999998","291.9999999999998","291.9999999999998","2.7760035165184065","20.99348473236781","2.7760035165184096","29.667191551580178","","0.6999999999999998","7.933900117797091","2.5679098900916673","","0.09817320542093996","1.48","5.614289802306312","direct_physical","20.704273015616003",""
"2026-04-28","stmp","CAT793","Plan","389953.2643032967","1621.9080978260097","",,"","","",,"","","","","","","240.42870544020735","240.42870544020735","240.42870544020735","3.4417589046076653","26.4492050277931","3.4417589046076658","33.12637401793583","","0.7996789278485661","7.807627263634645","3.6874613304855677","","0.7395619976443834","0.8553689143634874","6.233870757018269","direct_physical","22.663924282025455",""
"2026-04-28","stmp","EH4000","Plan","236270.26018708234","1051.77131041402","",,"","","",,"","","","","","","224.64033563919588","224.64033563919588","224.64033563919588","1.2623675378744619","20.71229518898706","1.2623675378744619","26.86222361120446","","0.6","3.656864272229016","2.703848005451504","","0.7432659015572455","1.2200000000000004","2.8196493845310355","direct_physical","13.693627563768805",""
"2026-04-28","stmp","EH5000","Plan","336055.45351015625","1150.8748407882053","",,"","","",,"","","","","","","292.0000000000002","292.0000000000002","292.0000000000002","2.460778722570731","20.515181227524486","2.4607787225707334","29.004156267828844","","0.7","7.196949503724175","2.568635417113623","","0.1566418523462112","1.4800000000000002","5.090536748969749","direct_physical","19.50276352215376",""
"2026-04-29","stmp","CAT793","Plan","428567.5825336529","1771.771618448833","",,"","","",,"","","","","","","241.88647005693613","241.88647005693613","241.88647005693613","3.5645861567908375","25.901010959315297","3.564586156790838","32.555950355873215","","0.7945859705603657","8.25740623574116","3.295429424409079","","0.6157141703349848","0.8646690972375924","6.56946478507166","direct_physical","22.922567335446345",""
"2026-04-29","stmp","EH4000","Plan","202717.52649019193","898.8320392233395","",,"","","",,"","","","","","","225.53437977728916","225.53437977728916","225.53437977728916","2.0565133829595372","25.917163533082142","2.0565133829595372","31.05204572485977","","0.6000000000000001","4.760968646127853","2.6082369203150675","","0.9107613286990501","1.2200000000000004","3.9736770991158092","direct_physical","16.0236439942578",""
"2026-04-29","stmp","EH5000","Plan","330457.50368627283","1131.703779747508","",,"","","",,"","","","","","","292.00000000000045","292.00000000000045","292.00000000000045","2.5998414672245977","21.246325597204923","2.5998414672245995","29.583306175150245","","0.7000000000000001","7.341998376133204","2.620704702786725","","0.10751449435854926","1.4800000000000002","5.272922746021768","direct_physical","19.833140319300238",""
"2026-04-30","stmp","CAT793","Plan","410633.80291970057","1704.7299919630925","",,"","","",,"","","","","","","240.87908633955144","240.87908633955144","240.87908633955144","3.3676385828240285","26.594324499962944","3.367638582824029","32.66689415925549","","0.8300000000000003","7.597798356176456","3.5712695661951384","","0.6536985903265871","0.8000000000000002","6.185415545915702","direct_physical","22.26818205861388",""
"2026-04-30","stmp","EH4000","Plan","211494.80701511048","939.3772400836449","",,"","","",,"","","","","","","225.14363558167364","225.14363558167364","225.14363558167364","1.9324333871869475","26.108804860817052","1.9324333871869475","31.235041560816867","","0.5999999999999999","4.4408774683219425","2.5335873134749285","","0.8755211446212426","1.2199999999999998","3.712048950069801","direct_physical","15.332034876487922",""
"2026-04-30","stmp","EH5000","Plan","304693.2773896826","1043.4701280468569","",,"","","",,"","","","","","","292.0000000000004","292.0000000000004","292.0000000000004","3.0777370401030915","22.379501440552044","3.0777370401030915","31.516609983997228","","0.6999999999999998","8.25148955604394","2.7163037568849937","","0.19312920325015911","1.4799999999999995","5.859266669224577","direct_physical","21.51018918540365",""
"2026-05-01","stmp","CAT793","Plan","324880.43149868964","1343.8528304365484","",,"","","",,"","","","","","","241.75298376471235","241.75298376471235","241.75298376471235","3.735144966178439","25.898321237260067","3.735144966178438","33.064620239268855","","0.7935076840171778","8.65340637015035","3.684472604213296","","0.8323796621710767","0.8666381422295028","6.777900255589383","direct_physical","24.13041439285636",""
"2026-05-01","stmp","EH4000","Plan","219440.72970112314","983.5970189058617","",,"","","",,"","","","","","","223.10023869859393","223.10023869859393","223.10023869859393","1.2129612043065576","21.505838969147074","1.2129612043065576","26.04459864711468","","0.5999999999999999","3.384088961272448","2.874775954548704","","0.8546571624718398","1.2199999999999998","2.7943480045316824","direct_physical","13.677870082824676",""
"2026-05-01","stmp","EH5000","Plan","375921.2466682492","1287.401529685783","",,"","","",,"","","","","","","292.0000000000004","292.0000000000004","292.0000000000004","2.0887787956198185","20.813508820986712","2.0887787956198185","29.007052874719363","","0.7000000000000002","6.021412766828601","2.621562260020778","","0.0022814597130570613","1.4800000000000002","4.320560529829476","direct_physical","17.455817016391908",""
"2026-05-02","stmp","CAT793","Plan","292634.8515562195","1208.5290777573732","",,"","","",,"","","","","","","242.14134102528354","242.14134102528354","242.14134102528354","3.8234797878756113","25.513030674238646","3.823479787875611","32.576207569742785","","0.7812312802892419","8.991828144673473","3.7159901400735795","","0.8378662045636797","0.8890559229500797","7.042218980874084","direct_physical","24.744004893409723",""
"2026-05-02","stmp","EH4000","Plan","207260.6839936984","926.6907648773721","",,"","","",,"","","","","","","223.6567923725073","223.6567923725073","223.6567923725073","1.3988270850442948","22.377271159585103","1.3988270850442945","27.119158533665267","","0.6","3.750663988656507","2.7986958503516064","","1.1035950829066512","1.2199999999999998","3.094846213553007","direct_physical","14.517801135467765",""
"2026-05-02","stmp","EH5000","Plan","370983.9772552979","1270.4930727921083","",,"","","",,"","","","","","","292.00000000000176","292.00000000000176","292.00000000000176","2.1602462768675688","21.063925514338155","2.1602462768675688","29.23683529359175","","0.6999999999999998","6.153400823784043","2.611458585313551","","0.0","1.4799999999999995","4.433269719875039","direct_physical","17.68812912897262",""
"2026-05-03","stmp","CAT793","Plan","327293.80730682664","1355.155902483794","",,"","","",,"","","","","","","241.51745692650346","241.51745692650346","241.51745692650346","3.5869497828367196","25.663852856928706","3.5869497828367183","32.46225658081829","","0.792181524398387","8.38599676245023","3.6497809297118864","","0.7956281693882578","0.8690598250116411","6.629760516937483","direct_physical","23.640596582640946",""
"2026-05-03","stmp","EH4000","Plan","214988.35027448216","963.1770497949026","",,"","","",,"","","","","","","223.20750927387797","223.20750927387797","223.20750927387797","1.2231910928637963","21.34623905222361","1.2231910928637963","25.82215107509402","","0.6000000000000001","3.438145023686629","2.8563399777088563","","1.0611744373109395","1.2200000000000004","2.8421902326570816","direct_physical","13.967849671363513",""
"2026-05-03","stmp","EH5000","Plan","376036.16547733423","1287.7950872511406","",,"","","",,"","","","","","","292.0000000000009","292.0000000000009","292.0000000000009","2.025153450411032","20.480400791590853","2.025153450411032","27.575498001424382","","0.7","5.932950641989046","2.6211124612116987","","0.0","1.4800000000000004","4.406419315378656","direct_physical","17.4504824185794",""
"2026-05-04","stmp","CAT793","Plan","312900.9815029062","1301.23817229532","",,"","","",,"","","","","","","240.46403507435096","240.46403507435096","240.46403507435096","2.752731785918861","25.63218081320639","2.7527317859188596","31.312431683799876","","0.817136181072442","6.443615093025357","4.046109262208606","","1.034452216797846","0.8234904519546709","5.274707145806963","direct_physical","21.031478190558325",""
"2026-05-04","stmp","EH4000","Plan","204717.11302644952","912.0971286691338","",,"","","",,"","","","","","","224.44661494018507","224.44661494018507","224.44661494018507","1.581696645941527","22.072666711566942","1.5816966459415265","28.367150205530802","","0.6","4.2995166826289895","2.5758549024459607","","0.7592333816377073","1.2199999999999998","3.3454822944459326","direct_physical","14.750087261158587",""
"2026-05-04","stmp","EH5000","Plan","345460.81837991334","1183.084994451764","",,"","","",,"","","","","","","291.9999999999985","291.9999999999985","291.9999999999985","2.318142164446057","20.955677715005773","2.318142164446057","29.73716429182418","","0.6999999999999998","6.6372718534016215","2.586338961915439","","0.04331829362902981","1.4800000000000002","4.677262717514861","direct_physical","18.434191826460953",""
"2026-05-05","stmp","CAT793","Plan","308481.0682354615","1283.3476166375747","",,"","","",,"","","","","","","240.37218305956338","240.37218305956338","240.37218305956338","2.7389427856754445","25.93930099300234","2.7389427856754436","31.49511920449642","","0.8166617037064345","6.335427742823904","4.098885529947268","","1.0986561815247704","0.8243568888839029","5.217842360700289","direct_physical","20.9823954446317",""
"2026-05-05","stmp","EH4000","Plan","200994.1142904032","893.2547728867933","",,"","","",,"","","","","","","225.01319935950258","225.01319935950258","225.01319935950258","1.671170947594774","21.67699298277189","1.6711709475947738","29.093757993433567","","0.6","4.625653425979227","2.4901398335591614","","0.7289804315738143","1.22","3.446452564784423","direct_physical","15.061226255896617",""
"2026-05-05","stmp","EH5000","Plan","346218.45402257895","1185.6796370636223","",,"","","",,"","","","","","","292.000000000001","292.000000000001","292.000000000001","2.424471411890942","21.35162472808352","2.424471411890942","30.08370687772362","","0.6999999999999997","6.812984330982734","2.583815890894596","","0.0698631420289168","1.4799999999999993","4.835450807465913","direct_physical","18.792114171372173",""
"2026-05-06","stmp","CAT793","Plan","322915.65063357586","1347.5495793364967","",,"","","",,"","","","","","","239.63174014908773","239.63174014908773","239.63174014908773","2.8061700509745426","25.990898704513288","2.8061700509745418","32.367189517507676","","0.8000437202562586","6.4780446791259","4.104013390016943","","0.851829507531158","0.8547027717059621","5.201878988208096","direct_physical","20.831946664558473",""
"2026-05-06","stmp","EH4000","Plan","203503.2256986488","912.5496221460486","",,"","","",,"","","","","","","223.0051065278719","223.0051065278719","223.0051065278719","1.418299683443481","21.91989042154817","1.418299683443481","25.932532732718226","","0.6000000000000001","3.8822265700267353","2.805995001380336","","1.003037311634912","1.22","3.281514454592533","direct_physical","14.742773337634498",""
"2026-05-06","stmp","EH5000","Plan","284568.8318298598","974.5507939378776","",,"","","",,"","","","","","","291.99999999999955","291.99999999999955","291.99999999999955","1.8809277121284325","19.669516678492865","1.8809277121284314","26.04871392181384","","0.7","5.7375920604650705","2.80514134627235","","0.01308444993910933","1.48","4.3324850150547265","direct_physical","17.37830287173127",""
"2026-05-07","stmp","CAT793","Plan","361942.2259106075","1509.3522778602958","",,"","","",,"","","","","","","239.79970164666125","239.79970164666125","239.79970164666125","4.16863421420233","27.628556324537332","4.16863421420233","34.03747212224701","","0.8041703263622809","9.052881732731226","3.976562681956307","","0.796050333521222","0.8471672301210516","7.348314585578808","direct_physical","25.378780898646333",""
"2026-05-07","stmp","EH4000","Plan","201039.72340174572","901.3351338411491","",,"","","",,"","","","","","","223.046584842411","223.046584842411","223.046584842411","1.4675749797993745","21.83706310371222","1.4675749797993747","26.201546499343607","","0.5999999999999999","4.032341637232047","2.78004622980706","","0.9831559450819519","1.2199999999999995","3.3606603636990817","direct_physical","14.92620417582013",""
"2026-05-07","stmp","EH5000","Plan","356951.25389559363","1222.4358010123078","",,"","","",,"","","","","","","291.9999999999998","291.9999999999998","291.9999999999998","1.9343048354043961","20.346199206144195","1.9343048354043961","27.610720278820846","","0.7000000000000001","5.70417545549324","2.6759573936139693","","0.02065329296049604","1.4799999999999998","4.2033778529598065","direct_physical","17.094163995027525",""
"2026-05-08","stmp","CAT793","Plan","375875.4720534755","1570.3214514034623","",,"","","",,"","","","","","","239.36212023184157","239.36212023184157","239.36212023184157","3.5500699345418028","26.238291266443603","3.550069934541803","32.45082362772105","","0.7997973779253882","8.118066603861557","3.9852872750489174","","0.8830951808635593","0.8551526142232045","6.563907237489954","direct_physical","23.74601158067025",""
"2026-05-08","stmp","EH4000","Plan","194856.17993523483","872.3271913563326","",,"","","",,"","","","","","","223.3751072602287","223.3751072602287","223.3751072602287","1.621012974901715","21.36287110663632","1.6210129749017157","27.267168225095975","","0.6","4.552795268417319","2.649891647356878","","0.882910361885665","1.2200000000000002","3.566955603574071","direct_physical","15.422552881233926",""
"2026-05-08","stmp","EH5000","Plan","340488.481572428","1166.056443741191","",,"","","",,"","","","","","","292.00000000000017","292.00000000000017","292.00000000000017","2.6099372029568215","22.782669265936704","2.6099372029568215","31.555225710153938","","0.7000000000000001","6.873480466643243","2.5871245989379847","","0.11728198045156178","1.48","4.962608526898265","direct_physical","19.03049557293105",""
"2026-05-09","stmp","CAT793","Plan","352168.1016287163","1465.136442758656","",,"","","",,"","","","","","","240.36539625321916","240.36539625321916","240.36539625321916","3.207061862513793","25.501533162353688","3.2070618625137928","32.34585294141789","","0.7967468455574839","7.545574241586802","3.9851176470612906","","0.7294781326047699","0.8607231515906815","5.94894535937356","direct_physical","22.398271703770632",""
"2026-05-09","stmp","EH4000","Plan","196414.09829236852","879.1040485284412","",,"","","",,"","","","","","","223.42531424027908","223.42531424027908","223.42531424027908","1.5416960153708492","22.018335680008466","1.5416960153708492","27.382630384980835","","0.6","4.201124111584776","2.8241435301914213","","1.13027735671649","1.2200000000000002","3.378118158180577","direct_physical","15.30366315667326",""
"2026-05-09","stmp","EH5000","Plan","337396.1553148451","1155.4662853248026","",,"","","",,"","","","","","","292.0000000000024","292.0000000000024","292.0000000000024","2.550067253104734","22.84985004181752","2.550067253104734","30.800098095177034","","0.6999999999999998","6.696062989747035","2.6059416239398856","","0.04632251493697761","1.48","4.967647658571673","direct_physical","18.805974787195556",""
"2026-05-10","stmp","CAT793","Plan","418729.89461166924","1742.1203602183361","",,"","","",,"","","","","","","240.35646685122876","240.35646685122876","240.35646685122876","3.427619664075282","25.455920286585947","3.4276196640752814","32.99565168667829","","0.7840307949780303","8.07895285376457","3.7178114585152557","","0.6674398708830501","0.8839437656922923","6.232857038176008","direct_physical","22.8591268280312",""
"2026-05-10","stmp","EH4000","Plan","200254.40858533749","895.8819554691241","",,"","","",,"","","","","","","223.52767277299972","223.52767277299972","223.52767277299972","1.471077439500214","21.815785144836696","1.471077439500214","27.32994093766335","","0.6000000000000002","4.045907391552355","2.845857436861524","","1.125699023006099","1.22","3.2295952110300927","direct_physical","15.017059062450079",""
"2026-05-10","stmp","EH5000","Plan","366015.48275288404","1253.477680660565","",,"","","",,"","","","","","","291.99999999999926","291.99999999999926","291.99999999999926","2.1662135380512413","20.96174996916122","2.1662135380512413","28.07322145711377","","0.7000000000000001","6.20047526920651","2.5963226512980255","","0.011589022415961601","1.4800000000000004","4.629779039845079","direct_physical","17.92816598276558",""
"2026-05-11","stmp","CAT793","Plan","418152.94246866344","1738.5423831076262","",,"","","",,"","","","","","","240.51926863078222","240.51926863078222","240.51926863078222","3.3952339301053738","25.34766167075057","3.3952339301053733","33.05636951901325","","0.7775433030660786","8.036797967892802","3.7286229657336287","","0.6581419676585","0.895790490053248","6.16262580466227","direct_physical","22.7344331342184",""
"2026-05-11","stmp","EH4000","Plan","200569.38701061942","894.3976798959127","",,"","","",,"","","","","","","224.2507908047806","224.2507908047806","224.2507908047806","1.4707636519866796","21.345825942599824","1.4707636519866802","27.08629901981787","","0.6000000000000001","4.134101878114202","2.801729896833184","","1.078198062473073","1.2200000000000002","3.2579504145116016","direct_physical","15.041980251932081",""
"2026-05-11","stmp","EH5000","Plan","369753.05241633946","1266.27757676828","",,"","","",,"","","","","","","292.00000000000136","292.00000000000136","292.00000000000136","2.1447138226312545","21.049395084546543","2.144713822631255","28.383062045214203","","0.6999999999999998","6.113374224817893","2.6098499715991177","","0.0","1.4800000000000004","4.533789523938031","direct_physical","17.74701372035508",""
"2026-05-12","stmp","CAT793","Plan","486236.53095869493","2025.116907042788","",,"","","",,"","","","","","","240.10294381904612","240.10294381904612","240.10294381904612","3.6245368014643535","24.818594723271676","3.6245368014643535","32.646669194602126","","0.7888566474809379","8.762470660111301","3.3441025533081903","","0.614934423350648","0.8751313393826362","6.661390379261679","direct_physical","23.55524478675207",""
"2026-05-12","stmp","EH4000","Plan","153453.19517033585","682.6393036225113","",,"","","",,"","","","","","","224.79396418579648","224.79396418579648","224.79396418579648","2.442070428865581","23.36621821330007","2.442070428865581","28.809228428419257","","0.6000000000000002","6.270771949246505","3.4185494050587093","","1.1627449078940333","1.2200000000000002","5.0860170065295485","direct_physical","19.70808326872879",""
"2026-05-12","stmp","EH5000","Plan","346315.7441745219","1186.0128225154838","",,"","","",,"","","","","","","292.0000000000005","292.0000000000005","292.0000000000005","2.4464792681681415","21.390037733201808","2.4464792681681415","29.80154032219526","","0.7000000000000001","6.862482335047108","2.6124100393259484","","0.05762790857542797","1.4799999999999998","4.925542589513897","direct_physical","18.94806287246239",""
"2026-05-13","stmp","CAT793","Plan","414123.5507042961","1716.413253534507","",,"","","",,"","","","","","","241.2726363254981","241.2726363254981","241.2726363254981","3.8123741753176663","26.41117657864445","3.812374175317665","34.05892926792142","","0.8199942039132257","8.660820158387663","3.4564472145944496","","0.8101491776625486","0.8182714537236744","6.716078732824469","direct_physical","23.882178587458192",""
"2026-05-13","stmp","EH4000","Plan","166831.65936657894","733.2375646708667","",,"","","",,"","","","","","","227.52743095133948","227.52743095133948","227.52743095133948","2.1282315874845072","22.65446515437605","2.1282315874845072","28.23898601056795","","0.6000000000000001","5.636588389040138","3.306922164403099","","1.1126832336191406","1.22","4.521900864332848","direct_physical","18.348094651395243",""
"2026-05-13","stmp","EH5000","Plan","339676.6509679601","1163.2762019450718","",,"","","",,"","","","","","","291.99999999999926","291.99999999999926","291.99999999999926","2.640670860962762","22.485197175277378","2.640670860962762","30.678147860365865","","0.6999999999999998","7.046424828863491","2.59699929732139","","0.020388553540545057","1.4799999999999995","5.164596388899345","direct_physical","19.31840906862478",""
"2026-05-14","stmp","CAT793","Plan","388981.9136650971","1609.7641208612908","",,"","","",,"","","","","","","241.63907533047487","241.63907533047487","241.63907533047487","3.4760793147651485","26.44063282821917","3.476079314765147","33.64255770110777","","0.8173914405906229","7.888039603322769","3.5209268945397207","","0.8277217069970968","0.8230243258779922","6.199432300566175","direct_physical","22.669258791901438",""
"2026-05-14","stmp","EH4000","Plan","169683.91427833957","744.5782788858669","",,"","","",,"","","","","","","227.89264619999702","227.89264619999702","227.89264619999702","2.0868339659905275","22.77027752817425","2.0868339659905275","28.20275111946679","","0.5999999999999999","5.498836709588016","3.236364299905302","","1.123793617736244","1.2200000000000004","4.4396391482888395","direct_physical","18.068633775518403",""
"2026-05-14","stmp","EH5000","Plan","341965.1496479856","1171.1135261917304","",,"","","",,"","","","","","","292.0000000000002","292.0000000000002","292.0000000000002","2.5859777142088505","22.095430485750224","2.5859777142088505","30.5886068488264","","0.7000000000000001","7.022205924098011","2.6019046835718576","","0.0025826991577348273","1.48","5.072433132353788","direct_physical","19.1891264391814",""
"2026-05-15","stmp","CAT793","Plan","365217.2406604806","1517.3657620697375","",,"","","",,"","","","","","","240.69163137193243","240.69163137193243","240.69163137193243","3.8163512225127145","26.56035873225881","3.8163512225127145","33.68233662121006","","0.8184795745872784","8.62115891050276","3.275563661977072","","0.7694790220319478","0.8210372985797518","6.798253812550863","direct_physical","23.699911892052935",""
"2026-05-15","stmp","EH4000","Plan","170805.82978552164","751.6576046736926","",,"","","",,"","","","","","","227.23887674850488","227.23887674850488","227.23887674850488","2.108856614293737","22.125053445530003","2.108856614293737","28.601047044099513","","0.6","5.71891937658518","3.052566094257415","","0.9329600038609086","1.2199999999999998","4.424012752488656","direct_physical","17.898458227192155",""
"2026-05-15","stmp","EH5000","Plan","360342.73460570903","1234.0504609784575","",,"","","",,"","","","","","","291.99999999999955","291.99999999999955","291.99999999999955","2.3322782460519473","21.850630101986308","2.332278246051947","30.009068515839594","","0.7000000000000002","6.404240706559581","2.613416521268618","","0.03967124716365158","1.4800000000000004","4.663146898053649","direct_physical","18.210475373045487",""
"2026-05-16","stmp","CAT793","Plan","360674.65689495543","1498.1536744850957","",,"","","",,"","","","","","","240.74610171010437","240.74610171010437","240.74610171010437","3.4005086204684165","24.64313500741328","3.400508620468416","32.26447930479204","","0.8166473494143192","8.27940589404422","3.248402773301579","","0.6195452568018746","0.8243831010695039","6.32368851518399","direct_physical","22.70259548808389",""
"2026-05-16","stmp","EH4000","Plan","164045.95256168954","721.2438508897983","",,"","","",,"","","","","","","227.44866713152024","227.44866713152024","227.44866713152024","2.265630588286253","23.617526211825272","2.2656305882862524","29.07187546330144","","0.5999999999999999","5.755803299547572","3.323381364102596","","1.1281018088315935","1.22","4.675922455321975","direct_physical","18.653208927803753",""
"2026-05-16","stmp","EH5000","Plan","352547.8649901725","1207.3557020211413","",,"","","",,"","","","","","","291.9999999999994","291.9999999999994","291.9999999999994","1.920444485236733","21.00598011341127","1.920444485236733","28.3053112174519","","0.7","5.485422174642426","2.5738832331320465","","0.0","1.4800000000000002","4.07084975074077","direct_physical","16.620155158515242",""
"2026-05-17","stmp","CAT793","Plan","352412.753695681","1466.4539215777263","",,"","","",,"","","","","","","240.31628168481944","240.31628168481944","240.31628168481944","2.948165264569719","23.85616430987114","2.948165264569719","31.19067571251603","","0.7999114757607657","7.41485150657644","3.360505279898348","","0.6063367918453308","0.8549442616542541","5.671243467264857","direct_physical","21.248835406988338",""
"2026-05-17","stmp","EH4000","Plan","141825.20786057544","629.1268260863013","",,"","","",,"","","","","","","225.43182388652485","225.43182388652485","225.43182388652485","2.9869588038517376","24.013372061811808","2.9869588038517376","30.429711829378377","","0.5999999999999998","7.463238722566242","3.1267959107698275","","1.1348281027649463","1.2199999999999998","5.8895571944943175","direct_physical","21.38441993059533",""
"2026-05-17","stmp","EH5000","Plan","352547.8649925568","1207.355702029299","",,"","","",,"","","","","","","292.00000000000125","292.00000000000125","292.00000000000125","1.8349777186371339","20.69906477499074","1.8349777186371339","28.1270797151445","","0.7","5.319016308951923","2.573883233132044","","0.0","1.48","3.9143296863110697","direct_physical","16.29722922839504",""
"2026-05-18","stmp","CAT793","Plan","327475.4812303964","1356.1479733832043","",,"","","",,"","","","","","","241.47474144243864","241.47474144243864","241.47474144243864","3.780201797503925","26.30666877508292","3.780201797503925","33.33984420528262","","0.8183197592419552","8.621848314943882","3.681140711392676","","0.7515234259256216","0.821329135297299","6.803034424926847","direct_physical","24.09266288600885",""
"2026-05-18","stmp","EH4000","Plan","147144.77645110546","655.0500803497647","",,"","","",,"","","","","","","224.6313386795363","224.6313386795363","224.6313386795363","2.9134283706334436","23.217180798115763","2.9134283706334436","30.80932374629623","","0.6000000000000001","7.529152818252307","2.735249014784489","","0.8299489435922741","1.2200000000000002","5.673792248004828","direct_physical","20.53814302463393",""
"2026-05-18","stmp","EH5000","Plan","360540.0981875933","1234.7263636561431","",,"","","",,"","","","","","","291.9999999999996","291.9999999999996","291.9999999999996","2.0717753685769074","21.659849958252682","2.0717753685769074","29.108967153368418","","0.6999999999999998","5.739029695690577","2.5906443688727214","","0.0","1.4799999999999995","4.270385873180319","direct_physical","17.090059937743604",""
"2026-05-19","stmp","CAT793","Plan","389594.6264964867","1606.928518621935","",,"","","",,"","","","","","","242.4467684664618","242.4467684664618","242.4467684664618","4.070482740770415","25.29839942358328","4.070482740770414","33.283745295375915","","0.7962093769016159","9.653929497948932","3.413349454851482","","0.5858596826187035","0.8617046160927017","7.337784924106945","direct_physical","25.178934840751236",""
"2026-05-19","stmp","EH4000","Plan","159476.83839755107","713.8699691009451","",,"","","",,"","","","","","","223.39760082413576","223.39760082413576","223.39760082413576","2.374832838482619","22.997575502742247","2.374832838482619","29.70876772931124","","0.6","6.195869225082728","3.040549519534382","","1.043241304998396","1.22","4.796226205248284","direct_physical","18.84588625486381",""
"2026-05-19","stmp","EH5000","Plan","365475.1529215748","1251.6272360327923","",,"","","",,"","","","","","","291.99999999999955","291.99999999999955","291.99999999999955","2.265264161234409","22.1593999942862","2.2652641612344095","30.316828138993838","","0.6999999999999998","6.1335527906491345","2.625004393015351","","0.03508855533786603","1.4799999999999998","4.483181718447917","direct_physical","17.76682745745025",""
"2026-05-20","stmp","CAT793","Plan","361252.67285425134","1493.4806589505647","",,"","","",,"","","","","","","241.8864085646047","241.8864085646047","241.8864085646047","4.190294765272243","25.651101891439414","4.190294765272243","33.15153514800991","","0.7970873046840816","9.80143804271584","3.2786808540080834","","0.6452771390966342","0.8601014436203718","7.58389271549095","direct_physical","25.499170400421068",""
"2026-05-20","stmp","EH4000","Plan","167276.03582744976","745.1414973285916","",,"","","",,"","","","","","","224.48895468464906","224.48895468464906","224.48895468464906","2.148980121043812","22.600912637393844","2.148980121043812","29.239610119733","","0.5999999999999998","5.705026577081488","3.1118040109122416","","1.0584152027044065","1.22","4.4097307294672685","direct_physical","18.054976520165425",""
"2026-05-20","stmp","EH5000","Plan","359102.263828667","1229.802273385844","",,"","","",,"","","","","","","292.00000000000045","292.00000000000045","292.00000000000045","2.3869854346147004","22.299506782882414","2.3869854346147004","30.9750575917977","","0.6999999999999996","6.4225243845671125","2.6337244840403735","","0.07209182839355069","1.4799999999999993","4.6236920029103326","direct_physical","18.242032699911352",""
"2026-05-21","stmp","CAT793","Plan","372104.41297539975","1540.4360336293917","",,"","","",,"","","","","","","241.55784781188981","241.55784781188981","241.55784781188981","4.411295494923113","25.923326075201704","4.411295494923112","33.45680111708338","","0.7725211622818106","10.210022005956171","3.1917142522630084","","0.5462834464317408","0.9049613558332155","7.9110291736839","direct_physical","25.99659396319607",""
"2026-05-21","stmp","EH4000","Plan","166145.86733502752","741.0461084400787","",,"","","",,"","","","","","","224.20449340833716","224.20449340833716","224.20449340833716","2.1553767140353686","22.70714081782229","2.155376714035369","29.12835753710975","","0.6","5.695239390976953","3.203278255120657","","1.0464904162586337","1.2200000000000002","4.439749226414986","direct_physical","18.154757288771254",""
"2026-05-21","stmp","EH5000","Plan","341521.5164744384","1169.594234501501","",,"","","",,"","","","","","","292.0000000000001","292.0000000000001","292.0000000000001","2.564565765437475","23.14940218371452","2.564565765437475","32.16953374905717","","0.6999999999999998","6.646994367504574","2.6009588947340347","","0.0","1.4799999999999998","4.783219648956157","direct_physical","18.521172911194746",""
"2026-05-22","stmp","CAT793","Plan","401639.050343335","1663.5915871112893","",,"","","",,"","","","","","","241.42887801010897","241.42887801010897","241.42887801010897","4.246904174199612","26.245956444273386","4.246904174199612","33.65790229646078","","0.8060549151164622","9.708705072075006","3.4979830352765107","","0.7336010933527172","0.8437258071786345","7.570710979179802","direct_physical","25.719986738175628",""
"2026-05-22","stmp","EH4000","Plan","156469.31263610424","690.8622670473176","",,"","","",,"","","","","","","226.4840911124584","226.4840911124584","226.4840911124584","2.654908993565361","22.94846665031791","2.654908993565361","30.0619975470981","","0.6000000000000001","6.941402318560352","2.8532398446783054","","0.6099989215496474","1.22","5.298867427700208","direct_physical","19.47350851248852",""
"2026-05-22","stmp","EH5000","Plan","366825.5104970518","1256.2517482775863","",,"","","",,"","","","","","","291.99999999999727","291.99999999999727","291.99999999999727","2.396947945307446","22.97195332311067","2.396947945307445","31.984515995080685","","0.7","6.26054191803365","2.6329975053254087","","0.008655619834959938","1.48","4.496453119395841","direct_physical","17.88864816258985",""
"2026-05-23","stmp","CAT793","Plan","390116.3403093978","1617.4467448797927","",,"","","",,"","","","","","","241.1926955520201","241.1926955520201","241.1926955520201","4.106502624415457","25.854940512104587","4.106502624415455","32.76259439051603","","0.798980779167383","9.529712797040634","3.798357781969309","","0.7937689239082546","0.8566437945639099","7.520471502594168","direct_physical","25.836226578521128",""
"2026-05-23","stmp","EH4000","Plan","146639.43113053366","653.1246208561989","",,"","","",,"","","","","","","224.51983350175962","224.51983350175962","224.51983350175962","3.0872021948632216","23.182146338277988","3.0872021948632216","31.70717347226535","","0.6","7.990292572087726","2.5154378439765663","","0.48099764794542155","1.2199999999999998","5.841962919016358","direct_physical","20.59869098302606",""
"2026-05-23","stmp","EH5000","Plan","310373.34363839217","1062.9224097205258","",,"","","",,"","","","","","","291.9999999999987","291.9999999999987","291.9999999999987","2.394429485791133","22.61842296652845","2.3944294857911332","32.40923974619015","","0.7","6.351714677900829","2.813602921193976","","0.07465093351587943","1.4799999999999998","4.4328645248260266","direct_physical","18.16283305743671",""
"2026-05-24","stmp","CAT793","Plan","388455.20147224644","1612.3818519391136","",,"","","",,"","","","","","","240.9201027691269","240.9201027691269","240.9201027691269","4.670535470490801","26.009774276740597","4.6705354704908","33.36264233840578","","0.8133202265946812","10.774108427386368","3.21233514650099","","0.5296476741800356","0.8304587166531919","8.399578348350895","direct_physical","27.14013442698958",""
"2026-05-24","stmp","EH4000","Plan","166741.00147609628","737.9506630076793","",,"","","",,"","","","","","","225.95142173395016","225.95142173395016","225.95142173395016","2.0784949763779004","22.80424816638705","2.0784949763779004","27.700619996121485","","0.6000000000000001","5.468704676109135","3.3898448101789658","","1.100306255856319","1.2199999999999998","4.502054416115427","direct_physical","18.23091015825983",""
"2026-05-24","stmp","EH5000","Plan","352015.3445191626","1205.5320017779545","",,"","","",,"","","","","","","291.9999999999999","291.9999999999999","291.9999999999999","2.00865768415317","21.796084747852575","2.00865768415317","28.78800602768238","","0.7000000000000001","5.529408719199635","2.673389805324954","","0.25243899557496474","1.4800000000000002","4.186446985362563","direct_physical","17.131684505462133",""
"2026-05-25","stmp","CAT793","Plan","371246.6029589911","1536.1608800315537","",,"","","",,"","","","","","","241.67169453720592","241.67169453720592","241.67169453720592","4.616289217400156","25.75189353851694","4.616289217400155","33.16806017488574","","0.8054450295578989","10.755611140972455","3.247941232420922","","0.5854405145830177","0.844839511242097","8.350725112761692","direct_physical","27.147405237622298",""
"2026-05-25","stmp","EH4000","Plan","163436.90716395676","725.5733486369495","",,"","","",,"","","","","","","225.2520816413485","225.2520816413485","225.2520816413485","2.217405362646253","23.20824936855959","2.2174053626462533","28.874235073074164","","0.6","5.732630654124711","3.371885339262549","","1.059671574514001","1.22","4.607717621681409","direct_physical","18.541905189582668",""
"2026-05-25","stmp","EH5000","Plan","332920.1048719255","1140.1373454518073","",,"","","",,"","","","","","","291.99999999999807","291.99999999999807","291.99999999999807","2.619584909950359","23.351674300967325","2.619584909950359","30.750574179055228","","0.7000000000000001","6.730784806745557","2.582123196529846","","0.2669180944525192","1.48","5.111289749642345","direct_physical","19.181115847370265",""
"2026-05-26","stmp","CAT793","Plan","363924.4187600022","1510.6331475922238","",,"","","",,"","","","","","","240.90853516623542","240.90853516623542","240.90853516623542","3.5840906841371947","24.127821555144315","3.5840906841371942","32.84698293917662","","0.8221968943450827","8.912758267742644","3.2268069487384192","","0.5740905232168522","0.8142491494568054","6.546885643848489","direct_physical","23.503917375846797",""
"2026-05-26","stmp","EH4000","Plan","178726.7039973961","796.6719587391522","",,"","","",,"","","","","","","224.3416528432315","224.3416528432315","224.3416528432315","1.8469683385965052","22.425878935087628","1.8469683385965063","28.176377491597215","","0.6","4.941527626924081","3.256103105977349","","0.9864964779109132","1.2200000000000002","3.9330144674857035","direct_physical","16.887141678298047",""
"2026-05-26","stmp","EH5000","Plan","330935.5775781844","1133.3410191033715","",,"","","",,"","","","","","","291.99999999999994","291.99999999999994","291.99999999999994","2.698619003479833","22.94353711974891","2.698619003479833","30.655087401272688","","0.6999999999999998","7.057200437914082","2.5993942263783407","","0.341038180410108","1.4799999999999998","5.281901111202435","direct_physical","19.769533955904976",""
"2026-05-27","stmp","CAT793","Plan","382626.6966497543","1592.181064797129","",,"","","",,"","","","","","","240.3160702696257","240.3160702696257","240.3160702696257","3.463790108051152","24.295007849255434","3.4637901080511515","33.01468521902639","","0.8214128689090106","8.554325554146235","3.7018179779087816","","0.5588520585311312","0.8156808480791995","6.294998880174026","direct_physical","23.35170014800111",""
"2026-05-27","stmp","EH4000","Plan","185123.26715481462","830.1491800664311","",,"","","",,"","","","","","","223.0000000000006","223.0000000000006","223.0000000000006","1.8057382992678446","22.020922804064565","1.805738299267846","28.09500348910972","","0.6000000000000001","4.920061657728202","2.7871570054681","","0.8725647443637188","1.22","3.856354671679167","direct_physical","16.206138079239196",""
"2026-05-27","stmp","EH5000","Plan","358251.29712670424","1226.888003858571","",,"","","",,"","","","","","","292.00000000000125","292.00000000000125","292.00000000000125","2.2222606711534922","21.424347210966786","2.2222606711534927","28.62946645019763","","0.7000000000000002","6.223556729931874","2.611592155882966","","0.251810819554159","1.4800000000000004","4.657286942498684","direct_physical","18.234246647867682",""
"2026-05-28","stmp","CAT793","Plan","404952.1160101948","1687.7964616925854","",,"","","",,"","","","","","","239.92947325182428","239.92947325182428","239.92947325182428","4.195163763186044","25.44516140323704","4.195163763186044","33.425533317876834","","0.8062069859828564","9.892247166455036","3.75531120352468","","0.5248890994704081","0.8434481125530455","7.53046550962709","direct_physical","25.91222351443199",""
"2026-05-28","stmp","EH4000","Plan","187403.63459252912","840.3750430158285","",,"","","",,"","","","","","","222.99999999999923","222.99999999999923","222.99999999999923","1.7695369134293093","21.685902859414135","1.7695369134293093","28.172967879090486","","0.6000000000000001","4.895909360751738","2.744962261886187","","0.8294820401534155","1.22","3.7685846681619166","direct_physical","16.00893833095326",""
"2026-05-28","stmp","EH5000","Plan","371939.5134062558","1273.765456870742","",,"","","",,"","","","","","","291.9999999999994","291.9999999999994","291.9999999999994","2.12991542274437","21.53762894384513","2.12991542274437","29.264441746825977","","0.7000000000000001","5.933565189457984","2.6133045636889887","","0.23891626674327837","1.4800000000000006","4.366901185754649","direct_physical","17.642687205644897",""
"2026-05-29","stmp","CAT793","Plan","380089.919851841","1582.5130945467558","",,"","","",,"","","","","","","240.1812162955288","240.1812162955288","240.1812162955288","4.065206851665568","25.440730226158923","4.065206851665567","33.24849681078984","","0.7955801128551543","9.587476811067948","3.816277489436448","","0.7053479648491647","0.8628537069601526","7.336043264992941","direct_physical","25.63181620555967",""
"2026-05-29","stmp","EH4000","Plan","184335.51274149356","823.3651804814959","",,"","","",,"","","","","","","223.88062686072774","223.88062686072774","223.88062686072774","1.8769668259842178","21.245427442484267","1.8769668259842178","28.414791929374694","","0.6","5.300811662365144","2.5708579117298274","","0.7346380748658602","1.2199999999999998","3.963358585871981","direct_physical","16.339666234832816",""
"2026-05-29","stmp","EH5000","Plan","348598.73378865345","1193.831280098128","",,"","","",,"","","","","","","292.00000000000006","292.00000000000006","292.00000000000006","2.334787297438079","21.343799268990438","2.334787297438079","29.25527939446876","","0.7000000000000001","6.563369345860179","2.7291938962747353","","0.2529648690004176","1.4800000000000002","4.788443000574138","direct_physical","18.82397111170946",""
"2026-05-30","stmp","CAT793","Plan","339158.21679011825","1412.5587796964946","",,"","","",,"","","","","","","240.10202029468147","240.10202029468147","240.10202029468147","3.713910651608336","25.187915727617963","3.7139106516083347","33.03478511779102","","0.79817453929314","8.846886797074962","3.8065197304890397","","0.740730139016023","0.8581160586820927","6.74545447478911","direct_physical","24.331789072906705",""
"2026-05-30","stmp","EH4000","Plan","193072.351572283","864.7799681848976","",,"","","",,"","","","","","","223.26182228472067","223.26182228472067","223.26182228472067","1.6378794234553293","21.38666984518564","1.6378794234553293","28.047716162566527","","0.6000000000000001","4.595047574900586","2.804311252609065","","0.8840211402001956","1.22","3.5037706755774316","direct_physical","15.557150643287292",""
"2026-05-30","stmp","EH5000","Plan","307804.90695640387","1054.1263936863188","",,"","","",,"","","","","","","291.99999999999886","291.99999999999886","291.99999999999886","3.103363501277055","23.663481849192944","3.1033635012770553","32.65844457798804","","0.7000000000000002","7.8687410104432205","2.866421425490137","","0.3920861729586716","1.48","5.701490456227186","direct_physical","21.31873906511919",""
"2026-05-31","stmp","CAT793","Plan","377567.3131642947","1580.4696834455904","",,"","","",,"","","","","","","238.8956378721281","238.8956378721281","238.8956378721281","3.455547373475608","24.92647814720748","3.4555473734756075","33.234323632850426","","0.8192941724224265","8.317775226171053","3.6734559046954107","","0.7341155068964821","0.8195497720981765","6.238515478726294","direct_physical","23.20105404904136",""
"2026-05-31","stmp","EH4000","Plan","172219.0655578457","770.0360576559287","",,"","","",,"","","","","","","223.6506509605521","223.6506509605521","223.6506509605521","2.051548535653636","22.488793232895603","2.051548535653636","28.26352980268907","","0.6000000000000002","5.473522339080575","2.9018974939360893","","0.9706704434734054","1.2200000000000004","4.355185392572826","direct_physical","17.471275669062884",""
"2026-05-31","stmp","EH5000","Plan","312481.8074825061","1070.1431763099522","",,"","","",,"","","","","","","292.00000000000006","292.00000000000006","292.00000000000006","2.9728496786774152","23.148261730512026","2.9728496786774152","32.02061382522551","","0.7000000000000001","7.705588557672639","2.843751200338852","","0.3898180131782858","1.48","5.5705047284298495","direct_physical","20.99966249961962",""
"2026-06-01","stmp","CAT793","Plan","368780.781244547","1536.2966467120002","",,"","","",,"","","","","","","240.04529465960618","240.04529465960618","240.04529465960618","3.0682550033874962","25.776154093549284","3.0682550033874962","30.892503731665112","","0.8271228668295412","7.14207788854433","4.292376919728189","","1.0965948122386457","0.8052538953547509","5.959222399139838","direct_physical","22.74414247449826",""
"2026-06-01","stmp","EH4000","Plan","63404.21420725901","284.300420903","",,"","","",,"","","","","","","223.01836207584017","223.01836207584017","223.01836207584017","1.3767995779387634","22.15933732378221","1.3767995779387634","26.302710080997574","","0.6000000000000001","3.7279081711377673","2.477157712422925","","0.5362416765611069","1.2200000000000004","3.1406640008554114","direct_physical","13.651971559767745",""
"2026-06-01","stmp","EH5000","Plan","197807.811477","677.424011872","",,"","","",,"","","","","","","292.00000001531686","292.00000001531686","292.00000001531686","3.5062307980178757","24.690051364196822","3.5062307980178757","32.20023355006252","","0.6999999999999997","8.520591746768773","2.715387881621178","","0.01389046438807533","1.4799999999999998","6.533301926335378","direct_physical","22.27317201958986",""
"2026-06-02","stmp","CAT793","Plan","424078.395535307","1755.6268049550004","",,"","","",,"","","","","","","241.55383953947825","241.55383953947825","241.55383953947825","3.4767300280397677","26.023639853208245","3.4767300280397677","31.4236886223316","","0.8148071964410949","8.015934852275056","3.854717209490961","","0.8828846944881753","0.827743380411914","6.638425048997571","direct_physical","23.61959452630192",""
"2026-06-02","stmp","EH4000","Plan","67383.85383146","302.13676462499996","",,"","","",,"","","","","","","223.0243443398692","223.0243443398692","223.0243443398692","1.0879606145291583","21.99064725410273","1.0879606145291583","26.24995938941556","","0.6000000000000001","2.9684272644394696","2.9385143942520306","","0.682328356970636","1.22","2.4867709661322586","direct_physical","12.846040981267873",""
"2026-06-02","stmp","EH5000","Plan","204570.38834796","700.583521765","",,"","","",,"","","","","","","291.9999999894088","291.9999999894088","291.9999999894088","3.361346442624628","23.928695688352406","3.361346442624628","31.563903447871095","","0.7","8.428407013243447","2.7444823539633627","","0.0151144162757618","1.48","6.389602188796472","direct_physical","22.06760597215549",""
"2026-06-03","stmp","CAT793","Plan","421913.23643659096","1748.7610010629996","",,"","","",,"","","","","","","241.2640927949144","241.2640927949144","241.2640927949144","3.4060452284952056","25.680142153266765","3.4060452284952056","31.587568514174727","","0.8022852890302339","7.958005547244038","3.7874150706970466","","0.8677918192209207","0.8506094722056602","6.469719681589478","direct_physical","23.28388773278737",""
"2026-06-03","stmp","EH4000","Plan","67835.966651","304.197159854","",,"","","",,"","","","","","","223.00000001169633","223.00000001169633","223.00000001169633","0.9989865034216913","21.927114382917985","0.9989865034216913","25.92383273413349","","0.6","2.73356489862598","3.1051958279229783","","0.8381442851138684","1.2199999999999998","2.31212686873961","direct_physical","12.75903187831913",""
"2026-06-03","stmp","EH5000","Plan","199479.14104153003","683.147743312","",,"","","",,"","","","","","","291.99999999184075","291.99999999184075","291.99999999184075","3.4773439496137666","23.946620652450463","3.4773439496137666","31.40937866152892","","0.7","8.712738219097139","2.7164963027703557","","0.0013061146736707532","1.48","6.642622231568524","direct_physical","22.563162869211155",""
"2026-06-04","stmp","CAT793","Plan","420246.36836469517","1740.5787231310003","",,"","","",,"","","","","","","241.44059833659497","241.44059833659497","241.44059833659497","3.358561065582391","25.418317350804188","3.358561065582391","31.24720430072393","","0.8196089468009317","7.927891573380169","3.846016212580942","","0.8348768790198129","0.8189749667113411","6.4490141900558715","direct_physical","23.295661394380367",""
"2026-06-04","stmp","EH4000","Plan","67487.042594","302.632478067","",,"","","",,"","","","","","","222.99999995062987","222.99999995062987","222.99999995062987","0.9635290476766699","21.811167508900414","0.9635290476766699","25.576458823255745","","0.6","2.6505570064972055","3.209432555045093","","0.9346597731899011","1.2199999999999998","2.2603497716436833","direct_physical","12.824999104720561",""
"2026-06-04","stmp","EH5000","Plan","243348.08198629998","833.3838424389999","",,"","","",,"","","","","","","291.9999999929349","291.9999999929349","291.9999999929349","2.5932902705813268","23.422996199016474","2.5932902705813268","30.277846906499413","","0.7000000000000002","6.642933931800455","2.732759368371806","","0.0005860623653216388","1.48","5.1389855003685625","direct_physical","19.00526486305223",""
"2026-06-05","stmp","CAT793","Plan","400596.8200236949","1656.2258879009992","",,"","","",,"","","","","","","241.87329937910047","241.87329937910047","241.87329937910047","3.876869390654894","26.097714718385884","3.876869390654894","31.732392612596566","","0.8082512284681893","8.91312384817426","3.880378209457782","","0.7804231759939962","0.8397151480146124","7.330432541886405","direct_physical","25.1180234355021",""
"2026-06-05","stmp","EH4000","Plan","52998.65243552","235.65326733499998","",,"","","",,"","","","","","","224.9009870937973","224.9009870937973","224.9009870937973","1.4622002806959564","21.703879771010136","1.4622002806959564","25.876026359422006","","0.6000000000000001","4.042227369824496","3.8536456565445736","","1.4138725557880878","1.2200000000000002","3.390474859746474","direct_physical","16.470220440812167",""
"2026-06-05","stmp","EH5000","Plan","208140.86653042003","712.8111866989999","",,"","","",,"","","","","","","292.00000002007835","292.00000002007835","292.00000002007835","3.4701317239423055","23.934378157744643","3.4701317239423055","31.77504076635343","","0.7000000000000002","8.699114807341122","2.7674318153805397","","0.009042848954118483","1.4800000000000004","6.552561331628866","direct_physical","22.518150804266234",""
"2026-06-06","stmp","CAT793","Plan","430605.84270355996","1784.1046511929992","",,"","","",,"","","","","","","241.35682983373283","241.35682983373283","241.35682983373283","3.8553526687587936","26.09745051123064","3.8553526687587936","31.37419946071115","","0.8014629487922388","8.863745522804308","3.9302845773015753","","0.8586003334213591","0.8521111369880863","7.37297410297921","direct_physical","25.224808209510652",""
"2026-06-06","stmp","EH4000","Plan","64657.6844344","289.54242009800004","",,"","","",,"","","","","","","223.30988465357035","223.30988465357035","223.30988465357035","1.2494163025227754","22.33254318716167","1.2494163025227754","26.72259587389151","","0.5999999999999999","3.3567595738250584","2.870640180680217","","0.6021077130554597","1.2199999999999998","2.8053029917130448","direct_physical","13.404810457849333",""
"2026-06-06","stmp","EH5000","Plan","194724.35997980004","666.864246456","",,"","","",,"","","","","","","292.00000002196555","292.00000002196555","292.00000002196555","3.8832095065288157","24.274656738802445","3.8832095065288157","32.648381172620304","","0.6999999999999998","9.598181877451475","2.765222143779694","","0.02606742616398341","1.4799999999999998","7.136420307023429","direct_physical","24.01589175437817",""
"2026-06-07","stmp","CAT793","Plan","445535.3823572898","1853.253401813","",,"","","",,"","","","","","","240.40715744616014","240.40715744616014","240.40715744616014","3.6071288879969403","26.062554177983383","3.6071288879969403","31.10799339973736","","0.8132281522539","8.304164350194274","4.055371639311807","","0.9324276844664462","0.8306268524059222","6.957302918858266","direct_physical","24.473535264887417",""
"2026-06-07","stmp","EH4000","Plan","66845.255748","299.411354387","",,"","","",,"","","","","","","223.25558055356873","223.25558055356873","223.25558055356873","1.4134833576076813","22.845097025946934","1.4134833576076813","28.175190386095018","","0.6","3.71235024128533","2.3485593198811276","","0.12200372825134934","1.2200000000000002","3.0100595699369506","direct_physical","12.96297285815109",""
"2026-06-07","stmp","EH5000","Plan","219885.49593779995","753.032520331","",,"","","",,"","","","","","","292.0000000015244","292.0000000015244","292.0000000015244","3.1590132334753425","23.484227208996245","3.1590132334753425","31.550696475300203","","0.6999999999999998","8.070982805681254","2.7549979701252822","","0.0","1.4800000000000002","6.007499522456012","direct_physical","21.323480297061078",""
"2026-06-08","stmp","CAT793","Plan","431052.23831904284","1795.4274956545487","",,"","","",,"","","","","","","240.08334469774653","240.08334469774653","240.08334469774653","3.5671344131709564","25.675765246222294","3.5671344131709564","30.793026297546284","","0.808245341991448","8.335800812080862","3.978106864267541","","0.9302169316218193","0.8397258972330089","6.9505368755299","direct_physical","24.40831460338478",""
"2026-06-08","stmp","EH4000","Plan","66398.04724409999","297.749090789","",,"","","",,"","","","","","","222.99999999379676","222.99999999379676","222.99999999379676","1.351768802678257","22.982199844265057","1.351768802678257","27.926025637027582","","0.6000000000000001","3.529084626811063","2.486174913207016","","0.34576208947414855","1.22","2.904320479214753","direct_physical","13.035342106744013",""
"2026-06-08","stmp","EH5000","Plan","201270.44587880204","689.2823488824998","",,"","","",,"","","","","","","292.00000000741653","292.00000000741653","292.00000000741653","3.6433454991670806","23.829118095285974","3.6433454991670806","31.829158933050778","","0.7000000000000004","9.17368108529664","2.7605387318134973","","0.003481879530068867","1.4800000000000002","6.867939250604391","direct_physical","23.295640945794048",""
"2026-06-09","stmp","CAT793","Plan","461620.7157847501","1923.8268047339998","",,"","","",,"","","","","","","239.9492067834956","239.9492067834956","239.9492067834956","3.594127019175734","26.184963008155343","3.594127019175734","31.13856567321617","","0.8138162761063027","8.23555187316401","4.0089543169058155","","0.9015991516771098","0.8295528871102311","6.925419218523392","direct_physical","24.297046192812395",""
"2026-06-09","stmp","EH4000","Plan","63884.617104200006","286.47810362399997","",,"","","",,"","","","","","","222.99999998620493","222.99999998620493","222.99999998620493","1.382405441890285","22.52789528383667","1.382405441890285","27.430293041246756","","0.6000000000000001","3.681849789710628","2.388091862919418","","0.6844314135918589","1.2200000000000002","3.0238221075033445","direct_physical","13.548195171835697",""
"2026-06-09","stmp","EH5000","Plan","216982.12062370006","743.089454157","",,"","","",,"","","","","","","292.0000000132636","292.0000000132636","292.0000000132636","3.188237081325903","23.54798311390159","3.188237081325903","30.673651369282965","","0.7000000000000001","8.12359274908021","2.7565321839509442","","0.0022439827719520186","1.4800000000000004","6.236434736006648","direct_physical","21.608803652406156",""
"2026-06-10","stmp","CAT793","Plan","460733.4510723999","1915.1423037069999","",,"","","",,"","","","","","","240.5740033942084","240.5740033942084","240.5740033942084","3.414849446497636","25.81362470488318","3.414849446497636","30.99787274273119","","0.8247630063672048","7.937318727311427","3.8478526725807587","","0.818048371587234","0.8095632057642348","6.609839600619169","direct_physical","23.461902300386487",""
"2026-06-10","stmp","EH4000","Plan","64275.1607906","288.22942065800004","",,"","","",,"","","","","","","222.99999994402373","222.99999994402373","222.99999994402373","1.1817546319263237","21.696698378822138","1.1817546319263237","26.067689184587856","","0.6","3.268021552292451","2.7787716124991624","","0.9290369004732371","1.2199999999999998","2.720044627411821","direct_physical","13.465874694926676",""
"2026-06-10","stmp","EH5000","Plan","221537.12654243","758.68878948","",,"","","",,"","","","","","","292.00000001880875","292.00000001880875","292.00000001880875","3.116061266593799","23.80673329164659","3.116061266593799","30.90851167249222","","0.6999999999999998","7.853394823439743","2.753990653944123","","0.018183240807389426","1.48","6.0489381687705395","direct_physical","21.164506889148427",""
"2026-06-11","stmp","CAT793","Plan","444973.86229629983","1844.9864981189999","",,"","","",,"","","","","","","241.18001012471336","241.18001012471336","241.18001012471336","3.6214883014809462","26.10689012853327","3.6214883014809462","31.19516715157101","","0.8190051017958174","8.323063261042055","3.8970242843762586","","0.8133083530028397","0.8200776401989426","6.965479525501243","direct_physical","24.23545151134601",""
"2026-06-11","stmp","EH4000","Plan","64353.227463","288.57949531","",,"","","",,"","","","","","","223.00000003073674","223.00000003073674","223.00000003073674","1.269710517202027","22.624399894518447","1.269710517202027","27.315489535803906","","0.5999999999999999","3.3672774255806686","2.665287489818224","","0.857984231089843","1.2199999999999995","2.7889901417386236","direct_physical","13.449539290570835",""
"2026-06-11","stmp","EH5000","Plan","240417.52361600002","823.3476835730002","",,"","","",,"","","","","","","292.00000001540536","292.00000001540536","292.00000001540536","2.665623730429168","23.095657632819574","2.665623730429168","29.94282379823151","","0.6999999999999997","6.924999771319546","2.7431528470886137","","0.0028419980703113376","1.4799999999999995","5.3414275454941","direct_physical","19.502422162975165",""
"2026-06-12","stmp","CAT793","Plan","437958.68600612","1814.9080894559997","",,"","","",,"","","","","","","241.31177140622788","241.31177140622788","241.31177140622788","3.473210323898129","25.45019604558105","3.473210323898129","30.180015640239525","","0.8251593395275663","8.1882520299906","3.855268324464656","","0.8484931395897801","0.8088394669496619","6.904987125190034","direct_physical","24.046687908590236",""
"2026-06-12","stmp","EH4000","Plan","64268.050480800004","288.17157467799996","",,"","","",,"","","","","","","223.02008986352135","223.02008986352135","223.02008986352135","1.2606394487880348","22.93816970691612","1.2606394487880348","27.495885627880643","","0.6","3.2974892022215814","2.742509885844426","","0.90768102687487","1.22","2.7508976415942494","direct_physical","13.468577756140151",""
"2026-06-12","stmp","EH5000","Plan","245523.47730787896","840.833826413481","",,"","","",,"","","","","","","291.999999994223","291.999999994223","291.999999994223","2.6031271582813282","23.78139745814327","2.6031271582813282","31.147796244537055","","0.7","6.567638835008732","2.7507773813424077","","0.01334589254537917","1.4800000000000002","5.014403852865613","direct_physical","18.836165963868254",""
"2026-06-13","stmp","CAT793","Plan","399502.7214176761","1658.5187218779997","",,"","","",,"","","","","","","240.87923527646703","240.87923527646703","240.87923527646703","3.1881735981262405","25.375200061902145","3.1881735981262405","30.276096047144797","","0.8300000000000001","7.538479122171506","3.978125572983342","","0.9758150000697684","0.8000000000000005","6.318199532387009","direct_physical","23.07061922774301",""
"2026-06-13","stmp","EH4000","Plan","66715.357122","299.17200506999995","",,"","","",,"","","","","","","222.9999999712206","222.9999999712206","222.9999999712206","1.240547285503269","22.83557647750256","1.240547285503269","27.740239331483544","","0.6","3.2595120689651442","2.5679441549353657","","0.6926793411155104","1.2200000000000002","2.6832081814708513","direct_physical","12.973343746250764",""
"2026-06-13","stmp","EH5000","Plan","215751.30772372","738.8743416010001","",,"","","",,"","","","","","","291.9999999678267","291.9999999678267","291.9999999678267","1.7632587642277306","21.424588626618135","1.7632587642277306","28.852428706253413","","0.6999999999999998","4.938042344590102","2.650302892897451","","0.01145301043188874","1.4799999999999995","3.666780600370531","direct_physical","15.756578849229335",""
"2026-06-14","stmp","CAT793","Plan","451652.1630425999","1875.8152723100009","",,"","","",,"","","","","","","240.7764611524919","240.7764611524919","240.7764611524919","3.3767953699983146","26.02621490537027","3.3767953699983146","30.78260764648031","","0.829999999999999","7.784755598790226","3.8607184611255225","","0.9126085918217733","0.7999999999999996","6.581889504837485","direct_physical","23.399972155836547",""
"2026-06-14","stmp","EH4000","Plan","67823.2332126","304.07820758500003","",,"","","",,"","","","","","","223.04535978179604","223.04535978179604","223.04535978179604","1.1296332228563897","22.42727490445602","1.1296332228563897","26.875988816924313","","0.6","3.0221234483515755","2.7758293857185556","","0.6741911890538943","1.2199999999999998","2.5218790584070456","direct_physical","12.76402308035574",""
"2026-06-14","stmp","EH5000","Plan","217624.27538819998","745.288614331","",,"","","",,"","","","","","","292.0000000047606","292.0000000047606","292.0000000047606","2.6272960406762413","24.06817109250691","2.6272960406762413","31.20442668883397","","0.7000000000000001","6.549636107982111","2.707371985584218","","0.02139322644909087","1.48","5.0517756346724605","direct_physical","18.820176957118736",""
"2026-06-15","stmp","CAT793","Plan","455216.79374784994","1887.9431076269998","",,"","","",,"","","","","","","241.11785567522884","241.11785567522884","241.11785567522884","3.1358462801083435","25.35776868680429","3.1358462801083435","30.219909986122964","","0.8245933804528833","7.419847508286908","3.841838429367596","","0.9043583678487983","0.8098729574338646","6.226053515477041","direct_physical","22.64057936942275",""
"2026-06-15","stmp","EH4000","Plan","66531.90802999999","298.30838843699996","",,"","","",,"","","","","","","223.0306307462451","223.0306307462451","223.0306307462451","1.112089618261598","22.24149475680246","1.112089618261598","26.155729771786614","","0.6000000000000001","3.000040142323988","2.9376059601488187","","0.7521753878344298","1.2200000000000002","2.551080687783772","direct_physical","13.010902177490156",""
"2026-06-15","stmp","EH5000","Plan","236024.03095600003","808.301475865","",,"","","",,"","","","","","","292.00000000423114","292.00000000423114","292.00000000423114","2.874946197767324","24.07384538422209","2.874946197767324","31.692514157794477","","0.7","7.165318590070084","2.7605574644471202","","0.006406660309844281","1.4799999999999998","5.44282384815518","direct_physical","19.865106565359348",""
"2026-06-16","stmp","CAT793","Plan","452827.69924385","1878.3401932710005","",,"","","",,"","","","","","","241.0786399961349","241.0786399961349","241.0786399961349","3.271008526088521","25.379401162565873","3.271008526088521","30.181125470137278","","0.8240174080021243","7.733063136839956","3.936736045326206","","0.9301857288354927","0.8109247332135104","6.502756557554531","direct_physical","23.349995945792084",""
"2026-06-16","stmp","EH4000","Plan","61881.96950829999","277.479272511","",,"","","",,"","","","","","","223.01474610449267","223.01474610449267","223.01474610449267","1.4648827931063888","22.817850408637188","1.4648827931063888","27.31589762896206","","0.5999999999999999","3.8519389869044542","2.4353952043391662","","0.7125887692839944","1.2200000000000002","3.217648886383056","direct_physical","13.987571845314989",""
"2026-06-16","stmp","EH5000","Plan","250720.586811","858.6321466189999","",,"","","",,"","","","","","","291.9999999979642","291.9999999979642","291.9999999979642","2.5201722100409634","22.95261172596566","2.5201722100409634","31.03191430268643","","0.7000000000000002","6.587935804769342","2.7503213863078697","","0.0","1.48","4.872736213678172","direct_physical","18.70099340517256",""
"2026-06-17","stmp","CAT793","Plan","407738.1477574999","1691.0929160260005","",,"","","",,"","","","","","","241.10925182967944","241.10925182967944","241.10925182967944","3.320202611569661","26.112746370960615","3.320202611569661","30.425072648036455","","0.8227117001226377","7.628923969319401","3.924263923794763","","1.0184231233565","0.8133090693412692","6.547631257900586","direct_physical","23.363715027652184",""
"2026-06-17","stmp","EH4000","Plan","61962.320844149996","277.8550272130001","",,"","","",,"","","","","","","223.00233854199973","223.00233854199973","223.00233854199973","1.3975741518730986","22.694278672061273","1.3975741518730986","26.93768760879398","","0.5999999999999999","3.6949598761919846","2.600017049399528","","0.7907744508031265","1.2199999999999993","3.1129045050255577","direct_physical","13.968655880091307",""
"2026-06-17","stmp","EH5000","Plan","249571.25040560003","854.6960630030001","",,"","","",,"","","","","","","292.00000001020715","292.00000001020715","292.00000001020715","2.493939262934285","22.62561233553785","2.493939262934285","30.31603413580871","","0.7","6.613582587598065","2.7476518250110944","","0.0","1.4799999999999998","4.93588162309494","direct_physical","18.78711603456321",""
"2026-06-18","stmp","CAT793","Plan","451160.36432780715","1872.0684649750003","",,"","","",,"","","","","","","240.99565414870227","240.99565414870227","240.99565414870227","3.3090383003356525","25.721534808852695","3.3090383003356525","30.7407175408727","","0.8202528277480207","7.7189133345108925","4.0123970849914805","","0.8970500357574597","0.8177991841123106","6.458609749631196","direct_physical","23.3262044917364",""
"2026-06-18","stmp","EH4000","Plan","62586.13081972401","280.646377736","",,"","","",,"","","","","","","223.00708573049135","223.00708573049135","223.00708573049135","1.2499345809626474","22.4281853782763","1.2499345809626474","26.37124432272204","","0.6","3.3438315937231033","2.880246880589762","","0.9917850563081676","1.2200000000000004","2.8438580273264007","direct_physical","13.829721556256557",""
"2026-06-18","stmp","EH5000","Plan","243314.33690610004","833.2682769170002","",,"","","",,"","","","","","","292.00000005560753","292.00000005560753","292.00000005560753","2.636714791064615","23.00639192360877","2.636714791064615","30.593772383008623","","0.6999999999999998","6.876475372113077","2.732676537495344","","0.0","1.4799999999999993","5.171081404519461","direct_physical","19.270233310112822",""
"2026-06-19","stmp","CAT793","Plan","469095.57194362","1957.2425302270003","",,"","","",,"","","","","","","239.6716629130343","239.6716629130343","239.6716629130343","3.5671086853398166","25.937400468733255","3.5671086853398166","30.85551115205348","","0.8176014465701619","8.251656575160315","4.221319539331506","","0.8667744305230278","0.8226408366979643","6.936411458740174","direct_physical","24.50974769436234",""
"2026-06-19","stmp","EH4000","Plan","59188.691663","265.42014202","",,"","","",,"","","","","","","222.9999999718936","222.9999999718936","222.9999999718936","1.5491054595107432","22.771441708233887","1.5491054595107432","26.84573440316885","","0.6","4.081705882374425","2.533603918884679","","0.7755368454315708","1.22","3.4622382153819293","direct_physical","14.623084863551355",""
"2026-06-19","stmp","EH5000","Plan","236954.49622010003","811.4880007369999","",,"","","",,"","","","","","","292.0000000060334","292.0000000060334","292.0000000060334","2.7987198274417624","23.515204008684552","2.7987198274417624","30.869635262615283","","0.7000000000000001","7.141047536074488","2.7166444211030147","","0.0","1.48","5.439752955224235","direct_physical","19.78744490807698",""
"2026-06-20","stmp","CAT793","Plan","430926.9776493381","1796.64712329","",,"","","",,"","","","","","","239.8506485014316","239.8506485014316","239.8506485014316","3.287136038988563","25.60306716958985","3.287136038988563","31.079144162272414","","0.8265891925950887","7.703302148641486","4.332309399517675","","0.9819970869258211","0.8062284309133161","6.345997216317588","direct_physical","23.616339348678302",""
"2026-06-20","stmp","EH4000","Plan","61216.36090800001","274.512829158","",,"","","",,"","","","","","","223.00000002100452","223.00000002100452","223.00000002100452","1.4928662555239491","22.46939855160476","1.4928662555239491","26.775445086121742","","0.6000000000000001","3.9863984398923638","2.4092783562116655","","0.6277447469583121","1.22","3.345302946163309","direct_physical","14.138724492162542",""
"2026-06-20","stmp","EH5000","Plan","163602.63926700002","560.283011213","",,"","","",,"","","","","","","291.9999999871565","291.9999999871565","291.9999999871565","3.579717041226955","25.88962536442026","3.579717041226955","32.745438772492236","","0.7","8.296103920020045","3.17659809431233","","0.029883188569470528","1.4799999999999998","6.559173751369779","direct_physical","22.551758951656545",""
"2026-06-21","stmp","CAT793","Plan","436867.8961903549","1823.5400326090012","",,"","","",,"","","","","","","239.57132192229037","239.57132192229037","239.57132192229037","3.2730626783118257","25.131419093959952","3.2730626783118257","30.16774952071694","","0.8295903570737506","7.81427264272188","4.385038745404521","","0.9861725686633754","0.800748043604454","6.509725246951151","direct_physical","23.954336486700996",""
"2026-06-21","stmp","EH4000","Plan","61877.3872508","277.477072896","",,"","","",,"","","","","","","222.99999998195167","222.99999998195167","222.99999998195167","1.5265155597750433","22.640715070714663","1.5265155597750433","27.370407603458133","","0.6","4.045408164028077","2.23644235292056","","0.5894833077110311","1.22","3.346348907676862","direct_physical","13.987682734735655",""
"2026-06-21","stmp","EH5000","Plan","171781.721957","588.2935683200001","",,"","","",,"","","","","","","292.0000000128507","292.0000000128507","292.0000000128507","3.4700461507188423","25.339576496367165","3.4700461507188423","31.963073560284613","","0.6999999999999997","8.216505476047704","3.224020817863018","","0.0","1.48","6.513853201584179","direct_physical","22.444379492648554",""
"2026-06-22","stmp","CAT793","Plan","426400.35386467","1774.449074766","",,"","","",,"","","","","","","240.3001359286122","240.3001359286122","240.3001359286122","3.450370344775794","25.547373148953543","3.450370344775794","30.873293935758984","","0.822408575230531","8.103464081395295","4.111257169974754","","0.923966877277581","0.8138626017529436","6.7055436688200025","direct_physical","24.088058762661397",""
"2026-06-22","stmp","EH4000","Plan","64150.97281982001","287.672523835","",,"","","",,"","","","","","","223.00000001604258","223.00000001604258","223.00000001604258","1.146210712222132","21.460899872801107","1.146210712222132","26.699646575674656","","0.6","3.204555407319536","2.9794246917667575","","0.9621742790773029","1.2200000000000002","2.575788504855524","direct_physical","13.491942884156964",""
"2026-06-22","stmp","EH5000","Plan","137906.3867652","472.2821464599999","",,"","","",,"","","","","","","291.9999999976286","291.9999999976286","291.9999999976286","5.254728387500823","26.964745773822337","5.254728387500823","34.27149464494203","","0.7000000000000001","11.692441156116152","2.95352251878177","","0.06784726121358069","1.4800000000000004","9.199590111736798","direct_physical","28.403401045601168",""
"2026-06-23","stmp","CAT793","Plan","458299.01009512006","1896.692373473001","",,"","","",,"","","","","","","241.6306494953299","241.6306494953299","241.6306494953299","3.4148668302392644","25.092097988411513","3.4148668302392644","30.98974364660031","","0.8128985131620012","8.165598982954029","3.772558615449874","","0.8164886933917567","0.8312288020519961","6.611607122372349","direct_physical","23.589819813233287",""
"2026-06-23","stmp","EH4000","Plan","65007.8871877","291.25655343799997","",,"","","",,"","","","","","","223.19802394262103","223.19802394262103","223.19802394262103","0.9571454029412452","20.895522720643623","0.9571454029412452","24.90743921746263","","0.6000000000000001","2.748374613272455","3.424286090686388","","1.077572758513086","1.22","2.305685609631494","direct_physical","13.325919070459234",""
"2026-06-23","stmp","EH5000","Plan","204142.87059601993","699.1194198089999","",,"","","",,"","","","","","","292.0000000168669","292.0000000168669","292.0000000168669","3.7333276702690603","25.618294702422755","3.7333276702690603","32.45760668782799","","0.7000000000000001","8.743738130038752","2.7283331757661404","","0.04478161323993773","1.4800000000000002","6.9012993585921505","direct_physical","22.908152274678365",""
"2026-06-24","stmp","CAT793","Plan","471786.13922082796","1961.537796776","",,"","","",,"","","","","","","240.5185054278636","240.5185054278636","240.5185054278636","3.754113389743943","26.534707098234314","3.754113389743943","31.91366201927895","","0.8103645012541412","8.488761626452062","3.8289311591601916","","0.7995934238210121","0.8358561281446117","7.058005541594245","direct_physical","24.393459603467903",""
"2026-06-24","stmp","EH4000","Plan","66370.57322159999","297.62588890599994","",,"","","",,"","","","","","","222.99999998508866","222.99999998508866","222.99999998508866","0.9150886854706274","21.101086875663025","0.9150886854706274","26.362134186096462","","0.6","2.602013889225905","3.318824579476585","","1.267165301219233","1.2200000000000002","2.082734301428259","direct_physical","13.040738072333983",""
"2026-06-24","stmp","EH5000","Plan","219990.2402487","753.391233738","",,"","","",,"","","","","","","291.99999999628875","291.99999999628875","291.99999999628875","3.251015776719419","24.763593880864644","3.251015776719419","31.460696344991874","","0.7","7.876923985330453","2.73017262428666","","0.01608376057135534","1.4799999999999998","6.200147144365935","direct_physical","21.313327512784692",""
"2026-06-25","stmp","CAT793","Plan","419569.43861463014","1740.5442592790005","",,"","","",,"","","","","","","241.05646057425264","241.05646057425264","241.05646057425264","3.378863969616453","24.905563596089458","3.378863969616453","30.94800973302495","","0.8142000277378798","8.140022103688475","3.6725071248153753","","0.8277585143096685","0.8288521232612615","6.5507229681606916","direct_physical","23.417349901733193",""
"2026-06-25","stmp","EH4000","Plan","68989.18327085","309.275761799","",,"","","",,"","","","","","","223.06689301984952","223.06689301984952","223.06689301984952","0.5803312106489962","19.257998168141636","0.5803312106489962","21.544572761293747","","0.6000000000000001","1.8080733176380726","3.9070019179445348","","1.4482628401921995","1.22","1.6161783770201272","direct_physical","12.549516453511405",""
"2026-06-25","stmp","EH5000","Plan","228664.36287980896","783.0971331580001","",,"","","",,"","","","","","","291.9999999970284","291.9999999970284","291.9999999970284","2.671882452953723","23.234921924023045","2.671882452953723","30.47398061022682","","0.6999999999999998","6.899655083905088","2.713738062268412","","0.0","1.4799999999999998","5.2606500354411745","direct_physical","19.364043181223117",""
"2026-06-26","stmp","CAT793","Plan","414993.1243144402","1723.4807155489998","",,"","","",,"","","","","","","240.78779679426106","240.78779679426106","240.78779679426106","3.089392087466308","25.465280215918927","3.089392087466308","30.590871717600884","","0.8121314811089778","7.279068742864393","3.875219936843159","","1.0008596036313417","0.8326294692792584","6.059439134626785","direct_physical","22.436519703431227",""
"2026-06-26","stmp","EH4000","Plan","71377.48152293","320.07839248500005","",,"","","",,"","","","","","","222.9999999961728","222.9999999961728","222.9999999961728","0.8471732824366109","19.97248380486612","0.8471732824366109","23.453128925260067","","0.5999999999999999","2.545021312462513","3.2111915752767275","","0.43243961232924777","1.2199999999999998","2.1673183611526583","direct_physical","12.125970861335187",""
"2026-06-26","stmp","EH5000","Plan","224963.23623599997","770.422041925","",,"","","",,"","","","","","","291.9999999920822","291.9999999920822","291.9999999920822","3.0791432976928768","24.037832030358736","3.0791432976928768","31.180647647685642","","0.7","7.685742941719668","2.7413314984228467","","0.0","1.4799999999999995","5.925104569637937","direct_physical","20.842179008086134",""
"2026-06-27","stmp","CAT793","Plan","445030.1195740998","1839.8144561619995","",,"","","",,"","","","","","","241.88858723420856","241.88858723420856","241.88858723420856","4.065703677317542","27.57183066130617","4.065703677317542","32.16579779546032","","0.8213259847629848","8.847516279773066","3.906988462556134","","1.041489866957987","0.8158395060849846","7.58390083125751","direct_physical","25.621416017056035",""
"2026-06-27","stmp","EH4000","Plan","59121.0150934","263.48462334","",,"","","",,"","","","","","","224.3812725917989","224.3812725917989","224.3812725917989","1.6925373793098526","22.431332514376848","1.6925373793098526","29.437673841980157","","0.6000000000000001","4.52724967157005","2.473519724007588","","0.5099971209031277","1.22","3.449737343504725","direct_physical","14.730503860245332",""
"2026-06-27","stmp","EH5000","Plan","247111.06125600002","846.2707577330001","",,"","","",,"","","","","","","291.99999999759416","291.99999999759416","291.99999999759416","2.4896650942319956","23.10350867050711","2.4896650942319956","30.082597063597742","","0.7","6.465680506987726","2.7327370316434","","0.04946113344159945","1.4800000000000002","4.965658561264344","direct_physical","18.703537231306992",""
"2026-06-28","stmp","CAT793","Plan","436749.97437057015","1812.6043244260002","",,"","","",,"","","","","","","240.95163433358593","240.95163433358593","240.95163433358593","3.6165706949173897","26.806413966214397","3.6165706949173897","31.291855181290792","","0.8299999999999996","8.094862743242464","3.9260693100888777","","1.0219065505863398","0.7999999999999999","6.934527864771114","direct_physical","24.237366469210688",""
"2026-06-28","stmp","EH4000","Plan","57293.1186922","254.493674806","",,"","","",,"","","","","","","225.12590435056754","225.12590435056754","225.12590435056754","1.8801467015940785","23.186347700074975","1.8801467015940785","31.14714013858023","","0.6","4.865311413201999","2.3957667936997598","","0.5980333504441104","1.22","3.6218028876402273","direct_physical","15.25091444475247",""
"2026-06-28","stmp","EH5000","Plan","272075.003993","931.76371225","",,"","","",,"","","","","","","292.00000001717177","292.00000001717177","292.00000001717177","1.8768896122891965","21.278678819115616","1.8768896122891965","27.81854740390748","","0.7","5.292310565644049","2.7289060141216077","","0.12639074780618123","1.4800000000000002","4.048140080870425","direct_physical","16.685747407898933",""
"2026-06-29","stmp","CAT793","Plan","362407.2837378999","1502.8923347529997","",,"","","",,"","","","","","","241.13988431344387","241.13988431344387","241.13988431344387","3.721141391542733","26.920292903378293","3.721141391542733","31.298983052819302","","0.8299999999999998","8.293687007563928","4.049150943381392","","1.1931520625616152","0.8000000000000003","7.13341015316","direct_physical","24.929400166642044",""
"2026-06-29","stmp","EH4000","Plan","55977.27356487","248.382597792","",,"","","",,"","","","","","","225.36713144350944","225.36713144350944","225.36713144350944","2.064584887379029","23.825812455375964","2.064584887379029","32.679496866468234","","0.5999999999999999","5.199197025274621","2.27280097712096","","0.5935361663478544","1.2199999999999998","3.7906058881171893","direct_physical","15.626140058755391",""
"2026-06-29","stmp","EH5000","Plan","212603.035504","728.092587281","",,"","","",,"","","","","","","292.0000000246507","292.0000000246507","292.0000000246507","1.9892584522708896","22.148974138887574","1.9892584522708896","28.296129873723896","","0.7000000000000001","5.388760056688024","2.646390935467379","","0.16497762685988293","1.48","4.218085924431957","direct_physical","16.908214544233918",""
"2026-06-30","stmp","CAT793","Plan","406649.6207589189","1691.6336913100006","",,"","","",,"","","","","","","240.38869812530726","240.38869812530726","240.38869812530726","3.1647014865015413","25.191888432713","3.1647014865015413","30.442481175149666","","0.8299999999999996","7.537429744390282","4.1501957814377235","","0.994998011507777","0.7999999999999998","6.237405160821585","direct_physical","23.18002869925837",""
"2026-06-30","stmp","EH4000","Plan","68125.27678300001","305.49451471000003","",,"","","",,"","","","","","","223.00000000873993","223.00000000873993","223.00000000873993","1.0018608491342098","20.784756052907873","1.0018608491342098","28.47445140966794","","0.5999999999999999","2.892102788940009","2.978215662274926","","0.9534559874340758","1.2199999999999998","2.111073189197347","direct_physical","12.704847629156813",""
"2026-06-30","stmp","EH5000","Plan","221985.607513","760.224683249","",,"","","",,"","","","","","","292.0000000056457","292.0000000056457","292.0000000056457","1.9526661604705404","21.9942177885318","1.9526661604705404","28.218100031822523","","0.6999999999999998","5.32685320999785","2.6609664021944015","","0.17666459302007867","1.48","4.1519439471866315","direct_physical","16.80642815084428",""
"2026-07-01","stmp","CAT793","Plan","458996.3986379456","1916.0020043105433","",,"","","",,"","","","","","","239.5594564125268","239.5594564125268","239.5594564125268","3.2707255042827477","24.52151099257496","3.2707255042827477","30.18264951656366","","0.8256611770962927","8.002913454900344","3.8329386867580024","","0.7179820354829434","0.8079230679111183","6.501865588349696","direct_physical","23.30645618626134",""
"2026-07-01","stmp","EH4000","Plan","63929.80805238081","286.68075359812","",,"","","",,"","","","","","","223.00000000000017","223.00000000000017","223.00000000000017","0.7181111053235961","20.751611975887755","0.7181111053235961","22.2113644345957","","0.5999999999999999","2.0763045477854987","4.09","","1.75","1.22","1.9398477948660091","direct_physical","13.626152342651508",""
"2026-07-01","stmp","EH5000","Plan","238578.7489698086","817.0505101705802","",,"","","",,"","","","","","","291.999999999999","291.999999999999","291.999999999999","2.4173978673865655","21.686040231281353","2.4173978673865655","27.787556313570427","","0.7000000000000001","6.68835206871807","2.7910799812636675","","0.31021008873297057","1.4800000000000002","5.219741901966378","direct_physical","19.49938404068107",""
"2026-07-02","stmp","CAT793","Plan","499348.4857446991","2076.194011278006","",,"","","",,"","","","","","","240.51147582172436","240.51147582172436","240.51147582172436","3.223315909536859","24.297932672593006","3.2233159095368586","29.912300535948983","","0.8239002873765773","7.959481869433156","3.7150277231872586","","0.6704311413376125","0.8111386056601614","6.4655326105654165","direct_physical","23.057478304586596",""
"2026-07-02","stmp","EH4000","Plan","60985.498110246954","273.4775700011076","",,"","","",,"","","","","","","222.99999999999983","222.99999999999983","222.99999999999983","0.9050519433625361","21.495273734488784","0.9050519433625361","23.163646311771725","","0.6","2.526281696735212","4.011163908973939","","1.6322366892436246","1.22","2.344325063112167","direct_physical","14.284007358064958",""
"2026-07-02","stmp","EH5000","Plan","233102.50389203682","798.2962462056028","",,"","","",,"","","","","","","292.000000000001","292.000000000001","292.000000000001","2.64650149870287","22.934221118071843","2.6465014987028708","28.376057353557094","","0.7000000000000001","6.923718451334187","2.7796206871521565","","0.18098405479613214","1.4800000000000002","5.595917993246762","direct_physical","19.970241186529215",""
"2026-07-03","stmp","CAT793","Plan","478015.12766360113","1989.3519692282357","",,"","","",,"","","","","","","240.2868547434801","240.2868547434801","240.2868547434801","3.1353838302731227","23.643454327765447","3.135383830273123","29.288803362764654","","0.8204772519588862","7.956664335442179","3.8506578985243274","","0.7440116371859016","0.8173893659881221","6.423035707069936","direct_physical","23.214081984569543",""
"2026-07-03","stmp","EH4000","Plan","57376.85145812574","257.29529801850117","",,"","","",,"","","","","","","222.99999999999991","222.99999999999991","222.99999999999991","1.2753343135434976","21.724155274581715","1.2753343135434976","25.740164798577407","","0.6000000000000001","3.522349101515672","3.6740659620099567","","1.2431791818853373","1.2199999999999998","2.9727882246052646","direct_physical","15.182382470016234",""
"2026-07-03","stmp","EH5000","Plan","212686.95044396343","728.3799672738471","",,"","","",,"","","","","","","292.0000000000001","292.0000000000001","292.0000000000001","3.1769964956078347","23.322733576651686","3.176996495607836","29.552898282164183","","0.7000000000000001","8.173132412201413","2.7739054895081012","","0.0","1.4800000000000004","6.45012167390409","direct_physical","21.887159575613584",""
"2026-07-04","stmp","CAT793","Plan","445522.7011889958","1854.174528387116","",,"","","",,"","","","","","","240.28088746130118","240.28088746130118","240.28088746130118","3.75046114444236","24.7801544256053","3.75046114444236","30.118770261544515","","0.8295892770995644","9.080963128866575","3.9778700080581926","","0.7357250136566095","0.8007500157312287","7.471343176114189","direct_physical","25.525026308342465",""
"2026-07-04","stmp","EH4000","Plan","61161.87718996276","274.26850757830863","",,"","","",,"","","","","","","222.99999999999977","222.99999999999977","222.99999999999977","0.8642543099281698","21.691056983905902","0.864254309928168","23.127093767543013","","0.6","2.3906284803993274","4.09","","1.7499999999999998","1.22","2.242186550411479","direct_physical","14.24281503081081",""
"2026-07-04","stmp","EH5000","Plan","184430.09277507485","631.6099067639564","",,"","","",,"","","","","","","291.9999999999994","291.9999999999994","291.9999999999994","3.4890539178357733","22.05887753812228","3.4890539178357765","29.285630966559157","","0.7000000000000001","9.490203420747868","2.6830795266001397","","0.04357374387132886","1.4800000000000002","7.148325925065183","direct_physical","23.855182616284498",""
"2026-07-05","stmp","CAT793","Plan","476928.0993752928","1977.9305382371867","",,"","","",,"","","","","","","241.12479693060948","241.12479693060948","241.12479693060948","3.351745935337672","24.503126401917058","3.3517459353376724","30.19732180963906","","0.8289408566865943","8.207310072257817","3.8386626293150483","","0.7303383780022747","0.8019340877896975","6.659688477938703","direct_physical","23.69374312175919",""
"2026-07-05","stmp","EH4000","Plan","60555.27579363748","271.302970661996","",,"","","",,"","","","","","","223.2016687686053","223.2016687686053","223.2016687686053","1.0018986397332061","21.43896911314544","1.0018986397332061","24.40214319835222","","0.5999999999999998","2.8039556410915827","3.8689554025584068","","1.4921194175860801","1.2200000000000002","2.463468798431263","direct_physical","14.398499259667355",""
"2026-07-05","stmp","EH5000","Plan","186094.46321324888","637.3098055248232","",,"","","",,"","","","","","","292.0000000000008","292.0000000000008","292.0000000000008","3.6291619379593905","22.641858941110257","3.6291619379593905","29.74407988040526","","0.7","9.617130680122767","2.675424802645849","","0.052534403589550006","1.4799999999999998","7.320774996338418","direct_physical","24.155864882696577",""
"2026-07-06","stmp","CAT793","Plan","511021.99685457634","2125.69335523312","",,"","","",,"","","","","","","240.40250001088876","240.40250001088876","240.40250001088876","2.813338002007533","23.207611684346293","2.813338002007533","28.738415633493158","","0.808986315547342","7.273487785660815","3.750704200304658","","0.7444037446401222","0.8383728150874616","5.87368079970713","direct_physical","21.857508246044013",""
"2026-07-06","stmp","EH4000","Plan","69999.21436191219","313.85529354052665","",,"","","",,"","","","","","","223.0302174364108","223.0302174364108","223.0302174364108","0.7530589041331588","19.592821257478008","0.7530589041331588","21.42883415912346","","0.6","2.306127007142695","3.620229944844026","","0.641462856554153","1.2199999999999998","2.108539079283151","direct_physical","12.446358887824026",""
"2026-07-06","stmp","EH5000","Plan","157573.95201025915","539.6368219529411","",,"","","",,"","","","","","","292.0000000000006","292.0000000000006","292.0000000000006","3.919909920147305","23.55363263260817","3.919909920147305","29.799065490881294","","0.6999999999999998","9.985491362518312","2.6486553621298468","","0.05050636265325637","1.4799999999999995","7.892683590390087","direct_physical","25.067336677691507",""
"2026-07-07","stmp","CAT793","Plan","486392.55813703773","2024.9782612752415","",,"","","",,"","","","","","","240.19643442035238","240.19643442035238","240.19643442035238","3.3139641425107045","24.597886826434483","3.3139641425107045","29.939354505946177","","0.8297259552955011","8.083533758556781","3.6964194802824117","","0.6886880847765766","0.8005004294603895","6.641353891285518","direct_physical","23.369411380530835",""
"2026-07-07","stmp","EH4000","Plan","62440.78447131863","279.96205633742284","",,"","","",,"","","","","","","223.03302557565942","223.03302557565942","223.03302557565942","0.9407137787175919","20.8781050404965","0.9407137787175919","23.437756492247097","","0.6","2.7034458641517234","3.7902826142297728","","1.281231517959057","1.2200000000000002","2.408200918962788","direct_physical","13.953160915303357",""
"2026-07-07","stmp","EH5000","Plan","177460.4470103884","607.7412568848913","",,"","","",,"","","","","","","292.0000000000002","292.0000000000002","292.0000000000002","3.8059159817065358","23.049369645582317","3.8059159817065367","29.55325727086382","","0.7000000000000001","9.907210583789613","2.6789968944697655","","0.052720751014084244","1.4800000000000002","7.726896457113186","direct_physical","24.85582468638666",""
"2026-07-08","stmp","CAT793","Plan","480191.98754723626","1991.7903386358296","",,"","","",,"","","","","","","241.0856093800104","241.0856093800104","241.0856093800104","3.286320952966888","24.495676154046343","3.286320952966887","30.050727124549596","","0.8228822414862687","8.049553559493887","3.7881826693766785","","0.7590030327241236","0.8129976459815969","6.561546958939636","direct_physical","23.403122300222474",""
"2026-07-08","stmp","EH4000","Plan","61821.461376483916","277.2262841994817","",,"","","",,"","","","","","","222.99999999999818","222.99999999999818","222.99999999999818","1.0668999319551478","20.80854239507007","1.0668999319551478","24.220572402669337","","0.6000000000000001","3.0763325321851935","3.57092634027412","","1.0306373623524356","1.22","2.6429596647457396","direct_physical","14.090855899557504",""
"2026-07-08","stmp","EH5000","Plan","180582.42078910902","618.4329479079076","",,"","","",,"","","","","","","292.0","292.0","292.0","3.023279134115158","21.710753050653445","3.0232791341151586","28.306180685489554","","0.7","8.355156895004608","2.652823169486646","","0.5283319037756132","1.4800000000000002","6.408379500661422","direct_physical","22.434691468928264",""
"2026-07-09","stmp","CAT793","Plan","489796.9776902132","2045.1013776143782","",,"","","",,"","","","","","","239.49765182866582","239.49765182866582","239.49765182866582","2.6545547334475605","23.419231197906022","2.6545547334475597","28.913477814805155","","0.8174129753457668","6.800961255341921","4.014015578911343","","0.7260703702166362","0.822985001542513","5.508617296992811","direct_physical","21.28284866632978",""
"2026-07-09","stmp","EH4000","Plan","61314.032242666806","274.22172034467997","",,"","","",,"","","","","","","223.5929092910613","223.5929092910613","223.5929092910613","1.0087385470791879","21.207546647742443","1.0087385470791879","23.841099430509193","","0.5999999999999999","2.853904500603521","3.7859405926969933","","1.296745586094772","1.2199999999999998","2.5386544358478274","direct_physical","14.245245115243105",""
"2026-07-09","stmp","EH5000","Plan","199546.97307572592","683.380044779884","",,"","","",,"","","","","","","291.9999999999997","291.9999999999997","291.9999999999997","2.4506428545059644","20.954408248033285","2.4506428545059644","27.132812602343293","","0.6999999999999998","7.017071039653837","2.650954064673541","","0.4511325759975483","1.48","5.419215966488452","direct_physical","20.028373646813353",""
"2026-07-10","stmp","CAT793","Plan","481948.89663888625","2009.1399651584643","",,"","","",,"","","","","","","239.87820908279733","239.87820908279733","239.87820908279733","2.3518318693523965","22.517097767077196","2.3518318693523965","28.531494443793882","","0.8019451356562393","6.266789513498675","4.04466853567342","","0.7764641037846972","0.8512306218451297","4.945759586450185","direct_physical","20.233912680587657",""
"2026-07-10","stmp","EH4000","Plan","64754.190826214224","288.4982942071744","",,"","","",,"","","","","","","224.45259513289668","224.45259513289668","224.45259513289668","0.9674655678894857","20.212995183168154","0.9674655678894857","24.352383167574875","","0.6","2.8718125912238404","3.535011791425232","","0.9798176988615822","1.22","2.383665437338379","direct_physical","13.540307518849012",""
"2026-07-10","stmp","EH5000","Plan","177999.7866722367","609.5883105213596","",,"","","",,"","","","","","","291.9999999999995","291.9999999999995","291.9999999999995","2.4566236020850236","21.27293863642939","2.4566236020850236","27.071353595165295","","0.7","6.928869520296876","2.609882849157186","","0.5057429656464278","1.4799999999999998","5.444774514393891","direct_physical","19.979269849494358",""
"2026-07-11","stmp","CAT793","Plan","441938.4468911042","1848.2542061829674","",,"","","",,"","","","","","","239.11128967686744","239.11128967686744","239.11128967686744","2.7725767649651214","23.97441865212564","2.772576764965121","29.560328673818365","","0.8290812781786719","6.938837946886267","4.155681533163884","","0.8415232452993238","0.8016776659345998","5.627630454773929","direct_physical","21.82171590319971",""
"2026-07-11","stmp","EH4000","Plan","59108.66144936315","263.73416195831607","",,"","","",,"","","","","","","224.1221274121683","224.1221274121683","224.1221274121683","1.1345200738772523","21.439178601755714","1.1345200738772523","24.604856741542584","","0.6000000000000002","3.175084535517634","3.7510601428989734","","1.3489958303927052","1.2200000000000002","2.766575930422079","direct_physical","14.811716439231382",""
"2026-07-11","stmp","EH5000","Plan","172368.40830935354","590.3027681827208","",,"","","",,"","","","","","","291.9999999999984","291.9999999999984","291.9999999999984","2.41346672082243","21.06740530080638","2.41346672082243","27.02965638324023","","0.6999999999999998","6.873556623691248","2.597760225855641","","0.5386750027617265","1.4799999999999995","5.357374921685433","direct_physical","19.85736677399402",""
"2026-07-12","stmp","CAT793","Plan","412142.0850537302","1716.9885330475993","",,"","","",,"","","","","","","240.0377621172526","240.0377621172526","240.0377621172526","3.245361051258452","24.87645920861154","3.245361051258452","30.602729008128595","","0.8300000000000001","7.827547378933248","4.137953773550745","","0.8902589296049771","0.7999999999999999","6.362885578726845","direct_physical","23.4786456608158",""
"2026-07-12","stmp","EH4000","Plan","55588.29737284338","249.2748761114054","",,"","","",,"","","","","","","222.9999999999999","222.9999999999999","222.9999999999999","1.2637682018389254","21.76787092360225","1.2637682018389254","24.29555872488763","","0.6","3.4833949712610415","3.807795528659556","","1.4886995635736633","1.22","3.1209857311353613","direct_physical","15.670875794629612",""
"2026-07-12","stmp","EH5000","Plan","178712.11307738154","612.0277845115805","",,"","","",,"","","","","","","292.00000000000006","292.00000000000006","292.00000000000006","2.3546081110861827","20.591573325527182","2.3546081110861827","26.32006994619682","","0.7","6.860888404774385","2.596310809456342","","0.47658152806995385","1.48","5.367633405001078","direct_physical","19.791414147301776",""
"2026-07-13","stmp","CAT793","Plan","442845.58438074816","1844.0202527451975","",,"","","",,"","","","","","","240.1522346197027","240.1522346197027","240.1522346197027","4.079968833689571","26.375209302469127","4.079968833689571","31.831927174039016","","0.8243697160413422","9.281372034399643","4.1261242142956895","","0.8165481431438775","0.8102813880984184","7.69033331481805","direct_physical","26.16238275387579",""
"2026-07-13","stmp","EH4000","Plan","55435.36011203754","248.58905879837528","",,"","","",,"","","","","","","222.9999999999994","222.9999999999994","222.9999999999994","1.1951107705575321","21.708629422411995","1.1951107705575321","23.97280363627826","","0.6","3.303140186244184","3.8772105727584396","","1.552972752554111","1.22","2.991166461854199","direct_physical","15.494489973410918",""
"2026-07-13","stmp","EH5000","Plan","219634.1404949245","752.1717140237155","",,"","","",,"","","","","","","291.99999999999943","291.99999999999943","291.99999999999943","2.4974401203520538","20.60455719264726","2.4974401203520538","27.0236712727126","","0.7","7.272488596580758","2.740213100310897","","0.4167448400079815","1.4799999999999998","5.545005551204732","direct_physical","20.464452088104384",""
"2026-07-14","stmp","CAT793","Plan","474891.7868315439","1978.4992973816509","",,"","","",,"","","","","","","240.02626003457087","240.02626003457087","240.02626003457087","3.6356014476265126","25.69154669757368","3.6356014476265126","31.047224642984762","","0.8117942816182582","8.490578221131061","4.057069084893684","","0.7854708059657967","0.8332452248710065","7.025944810396425","direct_physical","24.58027682670412",""
"2026-07-14","stmp","EH4000","Plan","51440.560251288814","229.98027641419873","",,"","","",,"","","","","","","223.6737908717155","223.6737908717155","223.6737908717155","1.8345849574955244","20.78448932871985","1.8345849574955244","26.020469745602593","","0.6","5.296021264165992","2.978080293307649","","0.711182851607108","1.2199999999999998","4.230327066571653","direct_physical","16.985611475652416",""
"2026-07-14","stmp","EH5000","Plan","213617.25774728984","731.5659511893489","",,"","","",,"","","","","","","291.99999999999994","291.99999999999994","291.99999999999994","2.658492074606097","21.20646485245992","2.658492074606097","27.375708082382484","","0.6999999999999998","7.521740449722479","2.7070685099626006","","0.47545652065500177","1.4799999999999998","5.826681231270781","direct_physical","21.02094671161088",""
"2026-07-15","stmp","CAT793","Plan","305820.28106291924","1268.6105506457016","",,"","","",,"","","","","","","241.06711150026447","241.06711150026447","241.06711150026447","3.719487479309144","25.250908129417287","3.7194874793091435","31.30005027791093","","0.8049490765803884","8.838068223714957","3.656788713192325","","0.38448379619897033","0.8457451645053772","7.12999649447987","direct_physical","24.21596786899652",""
"2026-07-15","stmp","EH4000","Plan","48785.73756903135","215.1517622367598","",,"","","",,"","","","","","","226.75035083071262","226.75035083071262","226.75035083071262","2.3444843637449804","20.002589797182576","2.3444843637449804","27.581298067653417","","0.6","7.032542448303993","2.2535764404387466","","0.0","1.22","5.100161039544096","direct_physical","18.15627992828683",""
"2026-07-15","stmp","EH5000","Plan","193417.93428985315","662.3901859241549","",,"","","",,"","","","","","","291.99999999999983","291.99999999999983","291.99999999999983","2.7495245592928663","21.625019140063106","2.749524559292866","27.561582277586663","","0.7","7.628731909510373","2.6644636777504553","","0.47740993248423963","1.4800000000000004","5.985558880330622","direct_physical","21.24616440007572",""
"2026-07-16","stmp","CAT793","Plan","268043.42632916046","1107.6247377111104","",,"","","",,"","","","","","","241.99841083638862","241.99841083638862","241.99841083638862","4.151453211224382","24.754798132056674","4.151453211224382","31.889292778260167","","0.8187513193344226","10.062178303563016","3.3079328732846185","","0.13290795270975103","0.8205410690414887","7.810997704009062","direct_physical","25.55005225301802",""
"2026-07-16","stmp","EH4000","Plan","56789.78908403634","254.5265752855866","",,"","","",,"","","","","","","223.1192912579618","223.1192912579618","223.1192912579618","1.6799054940961118","20.552361392910385","1.6799054940961118","26.0214333290895","","0.6","4.904270011548945","2.7997535572340166","","0.0","1.22","3.873511822774504","direct_physical","15.347535391557482",""
"2026-07-16","stmp","EH5000","Plan","203813.10434531097","697.9900833743532","",,"","","",,"","","","","","","291.9999999999998","291.9999999999998","291.9999999999998","2.936669521676443","22.164199736775988","2.936669521676443","28.135339685594083","","0.7","7.949764638162241","2.7004070641754487","","0.44235517867144136","1.4799999999999998","6.262592642192445","direct_physical","21.845119523201575",""
"2026-07-17","stmp","CAT793","Plan","297704.9670258838","1230.2444449163552","",,"","","",,"","","","","","","241.98846680923228","241.98846680923228","241.98846680923228","4.37916592987882","24.754861711042317","4.37916592987882","31.48165241367898","","0.7902419127904118","10.614074877886521","3.379070473831805","","0.11261614599787471","0.8726017244696824","8.346129750119553","direct_physical","26.62718923595445",""
"2026-07-17","stmp","EH4000","Plan","60167.05819164449","269.807435836973","",,"","","",,"","","","","","","222.99999999999818","222.99999999999818","222.99999999999818","1.4171924773002864","19.87314732970797","1.4171924773002864","23.976567168247342","","0.6","4.278715757866155","2.8831501401645028","","0.0","1.22","3.5464438274811165","direct_physical","14.478309725511815",""
"2026-07-17","stmp","EH5000","Plan","205439.1447671613","703.5587149560337","",,"","","",,"","","","","","","291.99999999999926","291.99999999999926","291.99999999999926","2.875941511821615","22.08321996870618","2.875941511821615","28.0317298474226","","0.7000000000000001","7.813918937266587","2.7045271780686333","","0.4381937049999981","1.4800000000000002","6.1557560538905784","direct_physical","21.602395874225813",""
"2026-07-18","stmp","CAT793","Plan","288808.8732760459","1197.04338240149","",,"","","",,"","","","","","","241.26850999889578","241.26850999889578","241.26850999889578","4.934597688795705","26.130493357721875","4.934597688795705","32.0293540316782","","0.8090521978032457","11.330664801254061","3.5640011301395824","","0.09422552015016039","0.8382525083592904","9.24389112046757","direct_physical","28.448154645592204",""
"2026-07-18","stmp","EH4000","Plan","49167.721557766374","216.9604455420827","",,"","","",,"","","","","","","226.62067011763008","226.62067011763008","226.62067011763008","2.391347015347463","21.12495262706319","2.391347015347463","27.653915852347083","","0.6","6.792006753995482","2.252735368180949","","0.0017336207068742978","1.2200000000000002","5.188444981424577","direct_physical","18.004920724307915",""
"2026-07-18","stmp","EH5000","Plan","137590.58040259426","471.20061781710666","",,"","","",,"","","","","","","291.9999999999981","291.9999999999981","291.9999999999981","2.1760168372942466","21.782415301161162","2.1760168372942466","27.6761120191828","","0.7","5.993872049198095","3.1460521804852584","","0.04057938653449839","1.48","4.717462125719128","direct_physical","18.387965741936984",""
"2026-07-19","stmp","CAT793","Plan","341044.11623596743","1412.6087620275669","",,"","","",,"","","","","","","241.42857201767237","241.42857201767237","241.42857201767237","4.134229753680989","24.559756554139497","4.134229753680988","31.13539650338264","","0.7986965280511596","10.10000993593116","3.584989424264385","","0.091219232940122","0.8571628618196214","7.96693837491069","direct_physical","25.936466962590124",""
"2026-07-19","stmp","EH4000","Plan","49897.83353631625","221.20103839826794","",,"","","",,"","","","","","","225.57685035129094","225.57685035129094","225.57685035129094","2.2809514877474046","20.662448944132414","2.2809514877474046","27.21102771895099","","0.6","6.623468962216506","2.2368121478755745","","0.0","1.22","5.029471531849964","direct_physical","17.65975264194205",""
"2026-07-19","stmp","EH5000","Plan","170170.16938880118","582.774552701375","",,"","","",,"","","","","","","291.99999999999943","291.99999999999943","291.99999999999943","2.1786248742447647","20.465224888526766","2.1786248742447647","26.149936526545186","","0.6999999999999997","6.387298119942423","2.831728787663474","","0.3317258431124581","1.4799999999999998","4.998769015060233","direct_physical","19.039521765778595",""
"2026-07-20","stmp","CAT793","Plan","333182.31826806435","1384.4362409518876","",,"","","",,"","","","","","","240.6628116286384","240.6628116286384","240.6628116286384","4.211270965681474","25.214704388540202","4.211270965681473","31.51369619741959","","0.8197006224903027","10.020988310920945","3.5909471098538166","","0.08009836582982338","0.8188075589307533","8.017982288017933","direct_physical","25.94807392253664",""
"2026-07-20","stmp","EH4000","Plan","49703.73298238109","220.1831973704005","",,"","","",,"","","","","","","225.738083450426","225.738083450426","225.738083450426","2.2813490611685667","20.36432067950997","2.2813490611685667","27.31791013352669","","0.6","6.7216061770152695","2.2391154778632263","","0.0","1.22","5.010666738453134","direct_physical","17.74138839333162",""
"2026-07-20","stmp","EH5000","Plan","150821.58334683307","516.5122717357267","",,"","","",,"","","","","","","292.0000000000017","292.0000000000017","292.0000000000017","2.9956372843338412","20.85438422490629","2.995637284333841","28.071353854349642","","0.6999999999999997","8.618726648632952","2.586606590610663","","0.32314694189499116","1.4799999999999998","6.402905894479332","direct_physical","22.42138607561793",""
"2026-07-21","stmp","CAT793","Plan","324853.52834879106","1351.97491910604","",,"","","",,"","","","","","","240.28073580210528","240.28073580210528","240.28073580210528","4.2509192381736405","25.629092946218304","4.2509192381736405","31.729539305807034","","0.8125429059132612","9.951782328997837","3.5670871743725834","","0.1567474412741939","0.8318781718105676","8.038413411307838","direct_physical","25.936839155506792",""
"2026-07-21","stmp","EH4000","Plan","58800.773197989605","257.6562842694291","",,"","","",,"","","","","","","228.2140075283478","228.2140075283478","228.2140075283478","1.767796184203062","20.79474967160735","1.767796184203062","28.460847562104917","","0.6000000000000001","5.100699586540641","2.5576766319716104","","0.005939219639634438","1.2199999999999998","3.726795936794622","direct_physical","15.161111374946502",""
"2026-07-21","stmp","EH5000","Plan","185463.70393682068","635.1496710165081","",,"","","",,"","","","","","","292.00000000000045","292.00000000000045","292.00000000000045","2.8195563826905596","21.888983223449507","2.8195563826905596","29.04828880254869","","0.6999999999999997","7.7286999233568485","2.673439731977187","","0.044100918352388156","1.4799999999999995","5.823867426799693","direct_physical","20.760108000486117",""
"2026-07-22","stmp","CAT793","Plan","344163.1422208208","1433.6907265181533","",,"","","",,"","","","","","","240.0539641186436","240.0539641186436","240.0539641186436","3.8675771965241923","25.6612839257259","3.867577196524192","31.07474992828872","","0.8291942561194444","9.042986019838727","3.483816707708136","","0.12524259196571608","0.8014713583905796","7.467626684911852","direct_physical","24.37795541963542",""
"2026-07-22","stmp","EH4000","Plan","52069.35319124044","232.61205986861577","",,"","","",,"","","","","","","223.8463182891305","223.8463182891305","223.8463182891305","2.0404398199987632","20.560544263165887","2.0404398199987632","26.395014923419545","","0.6","5.954433288969498","2.430763144415768","","0.0","1.22","4.638239059728674","direct_physical","16.793435493113932",""
"2026-07-22","stmp","EH5000","Plan","206562.93681240702","707.4073178507106","",,"","","",,"","","","","","","291.9999999999993","291.9999999999993","291.9999999999993","2.6938922436290387","22.117103141497857","2.6938922436290373","28.458820019760335","","0.7","7.308078891872269","2.6857864327093557","","0.0","1.4799999999999998","5.67955855181319","direct_physical","20.163423876394816",""
"2026-07-23","stmp","CAT793","Plan","314163.006461002","1307.2130050733592","",,"","","",,"","","","","","","240.33038628113368","240.33038628113368","240.33038628113368","3.2100918186881575","24.62188726444945","3.2100918186881566","30.395685786634896","","0.8233679976642422","7.822532328762009","3.368517914878878","","0.17850592646504293","0.8121106129609496","6.336606795888738","direct_physical","21.952033917540234",""
"2026-07-23","stmp","EH4000","Plan","51361.35342378651","229.33590174450256","",,"","","",,"","","","","","","223.95688173152635","223.95688173152635","223.95688173152635","2.086132478528522","21.02992463503419","2.086132478528522","26.685292680021988","","0.6","5.951897160068343","2.543455781913301","","0.07746185445692398","1.22","4.690521862082427","direct_physical","17.033336658521",""
"2026-07-23","stmp","EH5000","Plan","209481.41723341204","717.4021138130565","",,"","","",,"","","","","","","291.9999999999993","291.9999999999993","291.9999999999993","2.6903558962623206","22.127397048644227","2.6903558962623184","29.06603080324835","","0.6999999999999998","7.295090037968552","2.7050880276503873","","0.00336868420054795","1.4799999999999998","5.553608432758526","direct_physical","20.04715518257803",""
"2026-07-24","stmp","CAT793","Plan","252422.38986101863","1048.192969933413","",,"","","",,"","","","","","","240.81671705645374","240.81671705645374","240.81671705645374","2.8610186979933454","25.686253720207873","2.8610186979933454","30.051742526615588","","0.7818270929619516","6.68299565010337","3.3175290909469544","","0.14189610937767455","0.8879679171999141","5.7121852993239095","direct_physical","20.011976913018685",""
"2026-07-24","stmp","EH4000","Plan","59049.07542643708","261.4853150780326","",,"","","",,"","","","","","","225.8217652062626","225.8217652062626","225.8217652062626","1.5988406646860258","21.113469334094045","1.598840664686026","26.438853065664063","","0.6000000000000001","4.543565927663674","2.935181962424334","","0.061964597355342356","1.2200000000000002","3.6283888579775683","direct_physical","14.939101345420903",""
"2026-07-24","stmp","EH5000","Plan","206223.36542289334","706.2444021331945","",,"","","",,"","","","","","","292.0000000000008","292.0000000000008","292.0000000000008","2.7770233024692104","22.352929002391257","2.7770233024692104","29.333516250904808","","0.7000000000000001","7.454119240048045","2.712006052693595","","0.005478100758633151","1.48","5.680239515881874","direct_physical","20.341842909382155",""
"2026-07-25","stmp","CAT793","Plan","239502.8218259345","996.3480720261396","",,"","","",,"","","","","","","240.38067473637972","240.38067473637972","240.38067473637972","2.724404978060322","23.290507697572636","2.724404978060322","28.81825036402733","","0.7810718223533769","7.018494435853613","3.264282243959305","","0.12574008055999025","0.8893471070068759","5.672249238547294","direct_physical","20.236527707412186",""
"2026-07-25","stmp","EH4000","Plan","62988.996620983424","281.19425903412366","",,"","","",,"","","","","","","224.00527250216564","224.00527250216564","224.00527250216564","1.2320255101065236","19.716566601745914","1.2320255101065236","23.638995649552204","","0.5999999999999999","3.749209083890175","3.0140604007336766","","0.0","1.2199999999999998","3.1271011553230568","direct_physical","13.660370639946896",""
"2026-07-25","stmp","EH5000","Plan","209715.8992403089","718.2051343846191","",,"","","",,"","","","","","","292.00000000000017","292.00000000000017","292.00000000000017","2.714595326402436","22.081307215501326","2.714595326402436","28.949321114920537","","0.7000000000000001","7.376181038313056","2.709247051327963","","0.0","1.4799999999999995","5.626236240137586","direct_physical","20.20166432977859",""
"2026-07-26","stmp","CAT793","Plan","267066.8831064407","1111.4283291465874","",,"","","",,"","","","","","","240.29159245158758","240.29159245158758","240.29159245158758","2.9725963672377116","24.196209258990457","2.9725963672377116","29.853702233473893","","0.7816891336625957","7.371228283124225","3.3154635833538793","","0.09874710673149754","0.8882198428769992","5.974327091474729","direct_physical","20.916842914661164",""
"2026-07-26","stmp","EH4000","Plan","60118.729704921134","268.5191456873658","",,"","","",,"","","","","","","223.88991872824138","223.88991872824138","223.88991872824138","1.4439637222049577","19.865734844238528","1.4439637222049577","24.326283822205532","","0.6000000000000002","4.361168817141653","2.8551140712424328","","0.0","1.22","3.5614902779853566","direct_physical","14.547773166369451",""
"2026-07-26","stmp","EH5000","Plan","205161.95508496746","702.6094352224909","",,"","","",,"","","","","","","292.00000000000017","292.00000000000017","292.00000000000017","2.7461738480229916","22.13050969106153","2.7461738480229916","28.87729537208087","","0.7000000000000001","7.44539701893671","2.7060030441076472","","0.0003628153219779968","1.4799999999999998","5.7058816886529735","direct_physical","20.347644567019298",""
"2026-07-27","stmp","CAT793","Plan","255681.56142242416","1061.8087222212168","",,"","","",,"","","","","","","240.7981363042105","240.7981363042105","240.7981363042105","3.982921605754695","25.574740878102407","3.982921605754695","31.458888519505415","","0.8011586742881642","9.34419228270254","3.450791804999741","","0.10898669061392333","0.8526667686911786","7.59643164751705","direct_physical","24.698957862360224",""
"2026-07-27","stmp","EH4000","Plan","52204.453996131706","227.9176842810579","",,"","","",,"","","","","","","229.04959815121458","229.04959815121458","229.04959815121458","2.2409796189363154","20.871107444230763","2.2409796189363154","28.983931142887986","","0.6000000000000001","6.4423403259967555","2.2864228307316443","","0.0014833509916488265","1.2199999999999998","4.639080063822609","direct_physical","17.13932657154263",""
"2026-07-27","stmp","EH5000","Plan","156372.04797640067","535.5207122479442","",,"","","",,"","","","","","","292.0000000000018","292.0000000000018","292.0000000000018","2.3310058775219002","21.283850328484498","2.3310058775219002","28.45149067660358","","0.7","6.571196023876225","2.5699149976493643","","0.01880195847446626","1.48","4.915747798280563","direct_physical","18.565660778280616",""
"2026-07-28","stmp","CAT793","Plan","299512.93552462274","1241.295464484026","",,"","","",,"","","","","","","241.29060654315884","241.29060654315884","241.29060654315884","3.903471930743625","26.734835652685675","3.9034719307436236","31.434282223059192","","0.7941598726451194","8.760417265594445","3.443926908058032","","0.08669958707869461","0.8654471890828259","7.450728926547895","direct_physical","23.925417633349106",""
"2026-07-28","stmp","EH4000","Plan","49253.71566921767","220.86868013102023","",,"","","",,"","","","","","","223.00000000000074","223.00000000000074","223.00000000000074","2.2299526142938757","20.213898790829717","2.2299526142938757","26.248842425645645","","0.6000000000000001","6.619067318093591","2.2","","0.0","1.2199999999999998","5.09725932625928","direct_physical","17.68632664435288",""
"2026-07-28","stmp","EH5000","Plan","184954.09539688606","633.4044362907058","",,"","","",,"","","","","","","291.99999999999994","291.99999999999994","291.99999999999994","2.57401066451037","21.767234881645624","2.57401066451037","28.955012670111696","","0.7","7.095096860504238","2.63659446226648","","0.025160989451973866","1.4800000000000002","5.333813582821908","direct_physical","19.580665895044596",""
"2026-07-29","stmp","CAT793","Plan","316403.35966909566","1316.8850297638865","",,"","","",,"","","","","","","240.26650202396624","240.26650202396624","240.26650202396624","3.8020746916312924","26.198797839327987","3.8020746916312915","31.037866592291884","","0.8069926498680174","8.707440810716568","3.4822000951835625","","0.272868829978648","0.8420134219801415","7.349876346028601","direct_physical","24.023370422930544",""
"2026-07-29","stmp","EH4000","Plan","51024.93704534571","227.2995834567175","",,"","","",,"","","","","","","224.48319644660458","224.48319644660458","224.48319644660458","2.0688586943128873","20.312471501485494","2.0688586943128873","26.924359846759018","","0.6000000000000001","6.111098870942182","2.4669232301821165","","0.22753213844102094","1.22","4.610379684615432","direct_physical","17.18593392418078",""
"2026-07-29","stmp","EH5000","Plan","202800.97314104665","694.523880620018","",,"","","",,"","","","","","","292.00000000000205","292.00000000000205","292.00000000000205","2.7004083033011845","22.061384095804097","2.7004083033011845","29.278677770167395","","0.7000000000000001","7.344258070774755","2.7007911741869566","","0.04064011972505905","1.48","5.533873471675724","direct_physical","20.109562836362475",""
"2026-07-30","stmp","CAT793","Plan","498459.80923229735","2083.3528515385246","",,"","","",,"","","","","","","239.25846688149457","239.25846688149457","239.25846688149457","2.4834754366624887","24.944374935146115","2.4834754366624883","29.123887663859858","","0.8295973679643653","5.973632395566639","3.6980908254561453","","0.7693201519232986","0.8007352411085498","5.116367976678318","direct_physical","19.816553568331088",""
"2026-07-30","stmp","EH4000","Plan","58431.55919203125","261.8738507425436","",,"","","",,"","","","","","","223.12865154863115","223.12865154863115","223.12865154863115","1.0150718107799583","21.791766186732232","1.0150718107799583","23.4680961643024","","0.6","2.7948312277633867","4.047740386716898","","1.7091689883803276","1.2200000000000002","2.595195972455566","direct_physical","14.916936575316168",""
"2026-07-30","stmp","EH5000","Plan","206816.77784886726","708.2766364687252","",,"","","",,"","","","","","","291.9999999999993","291.9999999999993","291.9999999999993","2.9641159492898805","22.92663266898027","2.9641159492898805","29.5467077665793","","0.7","7.7572210243512885","2.709112209294189","","0.0032892108663458795","1.4799999999999998","6.019180152401211","direct_physical","20.97880259691304",""
"2026-07-31","stmp","CAT793","Plan","416807.7976117443","1734.1409139564482","",,"","","",,"","","","","","","240.35405327055918","240.35405327055918","240.35405327055918","2.6480107664781065","26.931344346416225","2.648010766478105","30.183580916096208","","0.8037929203604897","5.899469552838299","3.7402967195772856","","0.8291315366889384","0.8478564062982361","5.263810362009066","direct_physical","19.93687569709899",""
"2026-07-31","stmp","EH4000","Plan","59425.24751601473","265.988814453341","",,"","","",,"","","","","","","223.4125808566245","223.4125808566245","223.4125808566245","1.0236857813189078","22.277162379492456","1.0236857813189078","24.29943554557216","","0.5999999999999999","2.7571351248791247","3.9844971809488565","","1.6468547858438543","1.2199999999999998","2.527677927495177","direct_physical","14.686165019167019",""
"2026-07-31","stmp","EH5000","Plan","198846.1044150986","680.9798096407478","",,"","","",,"","","","","","","292.00000000000034","292.00000000000034","292.00000000000034","2.7306276462925605","22.134456368543564","2.7306276462925605","28.689884382828282","","0.6999999999999998","7.401928289975619","2.6887581762840123","","0.0","1.4799999999999995","5.7106420015974395","direct_physical","20.291328467857088",""
"2026-08-01","stmp","CAT793","Plan","423683.56790285424","1762.7171652001166","",,"","","",,"","","","","","","240.35822437501173","240.35822437501173","240.35822437501173","2.901884239873184","24.612099011999355","2.901884239873183","29.13102465178395","","0.8089355266480186","7.0742870938193505","3.6757369203371892","","0.7823052933299268","0.8384655600340534","5.976894272468665","direct_physical","21.72434709324873",""
"2026-08-01","stmp","EH4000","Plan","57116.33160916494","256.1270475747295","",,"","","",,"","","","","","","223.00000000000102","223.00000000000102","223.00000000000102","1.05797283237878","22.334408120977738","1.05797283237878","23.77408186578016","","0.6","2.842178292743936","4.09","","1.7500000000000002","1.2200000000000002","2.6700660955532434","direct_physical","15.122244388297172",""
"2026-08-01","stmp","EH5000","Plan","243817.10264558616","834.9900775533756","",,"","","",,"","","","","","","292.00000000000057","292.00000000000057","292.00000000000057","2.43609420615341","21.62785775602096","2.43609420615341","28.997848780166635","","0.6999999999999998","6.758212210292242","2.798259415875644","","0.005603892000564724","1.4800000000000002","5.0405688186489215","direct_physical","19.092644336817358",""
"2026-08-02","stmp","CAT793","Plan","456936.51682188397","1904.911217652642","",,"","","",,"","","","","","","239.8728678730505","239.8728678730505","239.8728678730505","2.7833429753386327","24.48113745867788","2.7833429753386327","28.729264131887685","","0.8108395318216773","6.821602092721428","3.561093674243612","","0.718539381946602","0.8349886810212845","5.812908320716707","direct_physical","21.133323341770193",""
"2026-08-02","stmp","EH4000","Plan","58133.78158353783","260.6896035136228","",,"","","",,"","","","","","","222.9999999999998","222.9999999999998","222.9999999999998","0.9929288052970403","22.020580473160894","0.9929288052970403","23.43545039293732","","0.5999999999999999","2.7054567607985835","4.09","","1.75","1.22","2.5421200497079672","direct_physical","14.857576810506542",""
"2026-08-02","stmp","EH5000","Plan","243795.82597436258","834.9172122409692","",,"","","",,"","","","","","","291.9999999999995","291.9999999999995","291.9999999999995","2.3367457973587","21.301368972217368","2.3367457973587","28.508438133679615","","0.7","6.581959498677581","2.852745475220684","","0.2515968880837352","1.48","4.91800873776685","direct_physical","19.094310599748855",""
"2026-08-03","stmp","CAT793","Plan","439553.1923173418","1828.5491518152728","",,"","","",,"","","","","","","240.3835805458005","240.3835805458005","240.3835805458005","2.738844347658669","24.428117026710922","2.738844347658669","29.04379518390972","","0.8002057225637631","6.727111249705934","3.624533131871735","","0.7318072194059466","0.8544069414053026","5.658029875880664","direct_physical","20.93800671189144",""
"2026-08-03","stmp","EH4000","Plan","56434.86284898555","253.07113385195234","",,"","","",,"","","","","","","223.00000000000068","223.00000000000068","223.00000000000068","1.110053092889005","22.776256333035004","1.110053092889005","24.039154607877187","","0.5999999999999999","2.92423761831035","4.089999999999999","","1.7499999999999998","1.2199999999999998","2.7706126384126533","direct_physical","15.304850256723027",""
"2026-08-03","stmp","EH5000","Plan","239384.6276661009","819.8103687195276","",,"","","",,"","","","","","","291.9999999999986","291.9999999999986","291.9999999999986","2.410431496612337","21.46011288092878","2.4104314966123384","28.306441599068233","","0.7000000000000001","6.739288399795263","2.7826736313761535","","0.32491153714542026","1.48","5.109292501163445","direct_physical","19.446166069480288",""
"2026-08-04","stmp","CAT793","Plan","441679.77048844553","1837.9272548020722","",,"","","",,"","","","","","","240.3140653877568","240.3140653877568","240.3140653877568","3.063574809798814","24.906331385401124","3.0635748097988134","29.57057995567707","","0.8033116744255624","7.380231385489069","3.6385624868849122","","0.7702658022947653","0.8487352032228864","6.216127274590008","direct_physical","22.20832921216539",""
"2026-08-04","stmp","EH4000","Plan","57270.9365405041","256.8203432309595","",,"","","",,"","","","","","","223.0000000000005","223.0000000000005","223.0000000000005","1.0490983053691567","22.355509318922767","1.0490983053691567","23.701793244055697","","0.6000000000000001","2.815677219613556","4.09","","1.7500000000000002","1.2199999999999998","2.655744131846899","direct_physical","15.081421351460456",""
"2026-08-04","stmp","EH5000","Plan","246922.5091209434","845.625031236107","",,"","","",,"","","","","","","292.00000000000017","292.00000000000017","292.00000000000017","2.274852046480785","21.361014299978525","2.274852046480785","28.017220466295875","","0.7","6.389730415984241","2.792479800956343","","0.30862980833550707","1.48","4.871686788239506","direct_physical","18.852526813515595",""
"2026-08-05","stmp","CAT793","Plan","429826.0697923699","1788.414073125512","",,"","","",,"","","","","","","240.33923477306726","240.33923477306726","240.33923477306726","3.220568362688462","25.679946453481765","3.220568362688462","30.305685695684712","","0.807902597515678","7.524708126293949","3.7738297647387666","","0.804682871113648","0.8403517784496326","6.376166627664284","direct_physical","22.692310314952756",""
"2026-08-05","stmp","EH4000","Plan","60033.0691686152","269.2065882000684","",,"","","",,"","","","","","","222.9999999999998","222.9999999999998","222.9999999999998","0.888002206348554","21.521990877681517","0.888002206348554","23.14606566605845","","0.6","2.4756135565583373","4.09","","1.7499999999999998","1.22","2.30190880599823","direct_physical","14.387522362556542",""
"2026-08-05","stmp","EH5000","Plan","261917.67847680103","896.978350947951","",,"","","",,"","","","","","","291.99999999999926","291.99999999999926","291.99999999999926","2.0648464192659177","21.586582833537886","2.0648464192659177","27.799199379299058","","0.6999999999999998","5.739249519542888","2.799875761228213","","0.28743544669320426","1.48","4.456631411054649","direct_physical","17.77319213851894",""
"2026-08-06","stmp","CAT793","Plan","390949.21297564806","1628.3903257650356","",,"","","",,"","","","","","","240.0832323736484","240.0832323736484","240.0832323736484","3.055428946394587","25.471961639499806","3.055428946394587","30.05312830503355","","0.8196754785232385","7.197158168587569","3.916061496654281","","0.8678623121870936","0.8188534740010436","6.100055039959694","direct_physical","22.319141297720762",""
"2026-08-06","stmp","EH4000","Plan","59737.65100707115","267.8818430810377","",,"","","",,"","","","","","","222.99999999999906","222.99999999999906","222.99999999999906","0.8965573047947656","21.643350008474048","0.8965573047947656","23.23420106633197","","0.6000000000000002","2.485448799128791","4.090000000000001","","1.7500000000000002","1.2200000000000002","2.315269551731499","direct_physical","14.410718350860279",""
"2026-08-06","stmp","EH5000","Plan","297532.36468512024","1018.9464544010975","",,"","","",,"","","","","","","291.9999999999998","291.9999999999998","291.9999999999998","1.6401421138489876","21.80086591201893","1.6401421138489876","27.393700810017165","","0.6999999999999998","4.513973308587074","2.7970324434824247","","0.25235362201160766","1.4800000000000002","3.592377952633323","direct_physical","15.64573732671439",""
"2026-08-07","stmp","CAT793","Plan","407231.4966238656","1700.5368306018925","",,"","","",,"","","","","","","239.47231797368894","239.47231797368894","239.47231797368894","3.049742041793459","25.289406665190956","3.0497420417934586","29.943648863109892","","0.8206759645951058","7.235619440588637","4.0567073472131","","0.8185093637440346","0.8170264994350247","6.110962740183665","direct_physical","22.461934642388577",""
"2026-08-07","stmp","EH4000","Plan","59716.96522585627","267.7890817302969","",,"","","",,"","","","","","","223.00000000000023","223.00000000000023","223.00000000000023","0.9132048892789462","21.814040514194822","0.9132048892789462","23.3966065029545","","0.6","2.5117902078288687","4.090000000000001","","1.7500000000000002","1.2200000000000002","2.3418906220360483","direct_physical","14.46368082986492",""
"2026-08-07","stmp","EH5000","Plan","297994.80414373067","1020.530151177161","",,"","","",,"","","","","","","291.99999999999966","291.99999999999966","291.99999999999966","1.7243080551964605","22.29067433371617","1.7243080551964605","27.935149212898768","","0.7000000000000001","4.641334836393873","2.786599289357668","","0.0","1.4800000000000002","3.7035235617791775","direct_physical","15.62145768753073",""
"2026-08-08","stmp","CAT793","Plan","367953.6807656592","1537.1149069879177","",,"","","",,"","","","","","","239.37942381073495","239.37942381073495","239.37942381073495","2.880205563282655","25.19538393459219","2.880205563282653","29.64863060319657","","0.8252490465929496","6.8588886855458995","4.045658341312794","","0.8965737141953205","0.8086756540476577","5.828678434083476","direct_physical","21.879677578748556",""
"2026-08-08","stmp","EH4000","Plan","59034.272545802756","264.72767957759015","",,"","","",,"","","","","","","223.00000000000057","223.00000000000057","223.00000000000057","0.9554089584414468","22.297765271744673","0.9554089584414468","23.682836981042716","","0.6000000000000002","2.570864694639486","4.090000000000001","","1.7500000000000004","1.22","2.4205097367504194","direct_physical","14.60137443138991",""
"2026-08-08","stmp","EH5000","Plan","256546.59424297305","878.5842268594951","",,"","","",,"","","","","","","292.00000000000057","292.00000000000057","292.00000000000057","2.2051975446214453","22.54059665461478","2.2051975446214453","28.484078627568728","","0.7","5.869935685584359","2.749066489257713","","0.01271303839756841","1.4800000000000002","4.645116115822921","direct_physical","17.766831329062576",""
"2026-08-09","stmp","CAT793","Plan","386724.94716753846","1616.354539621272","",,"","","",,"","","","","","","239.25750055934634","239.25750055934634","239.25750055934634","2.5310470792677977","24.483258121686404","2.5310470792677973","29.070047646929083","","0.8152866856466522","6.202721222856902","3.914400678017232","","0.9102948855395687","0.826867791427851","5.224030816891709","direct_physical","20.480101846639567",""
"2026-08-09","stmp","EH4000","Plan","57999.99098893722","260.0896456903007","",,"","","",,"","","","","","","223.00000000000063","223.00000000000063","223.00000000000063","1.018744906735505","22.496998101229657","1.018744906735505","23.831835183157093","","0.6","2.7170155826607507","4.090000000000001","","1.75","1.22","2.564833716512506","direct_physical","14.891849299173279",""
"2026-08-09","stmp","EH5000","Plan","272473.88680958014","933.1297493478771","",,"","","",,"","","","","","","292.0","292.0","292.0","1.8754351303188386","21.979173941652338","1.8754351303188386","27.45648421934393","","0.7000000000000001","5.1196695616428105","2.7579455867275464","","0.12514133489389398","1.48","4.098343652456866","direct_physical","16.591100135721128",""
"2026-08-10","stmp","CAT793","Plan","419060.9575373092","1749.821751328928","",,"","","",,"","","","","","","239.4877976679894","239.4877976679894","239.4877976679894","3.072710677214166","25.889050947988476","3.0727106772141646","30.51416335439548","","0.8098679681366292","7.12125913781998","3.89372265985842","","0.8199852493610384","0.8367628407939816","6.041871064647523","direct_physical","22.093948130760637",""
"2026-08-10","stmp","EH4000","Plan","49173.34446275918","220.50827113344968","",,"","","",,"","","","","","","222.99999999999955","222.99999999999955","222.99999999999955","1.4017816786568331","23.509201582457692","1.4017816786568331","24.708875273186617","","0.6","3.5776162122906645","4.09","","1.7499999999999998","1.22","3.403914576827398","direct_physical","16.591530789118064",""
"2026-08-10","stmp","EH5000","Plan","275701.98359613644","944.1848753292344","",,"","","",,"","","","","","","292.0","292.0","292.0","1.9420610796246425","21.5923015670371","1.9420610796246425","28.040997819204737","","0.7","5.3965374842376255","2.8000492989527266","","0.04252196036207352","1.4799999999999998","4.155474977344556","direct_physical","16.884583720896988",""
"2026-08-11","stmp","CAT793","Plan","413178.5096120964","1720.6028630005799","",,"","","",,"","","","","","","240.1358956776054","240.1358956776054","240.1358956776054","3.417227828247987","26.60875380797944","3.4172278282479853","31.399167955853805","","0.8083969579246095","7.70549688927535","3.9022821481347467","","0.7428583327483962","0.8394490333550617","6.529907734598245","direct_physical","23.094521232509173",""
"2026-08-11","stmp","EH4000","Plan","58972.8535590476","264.4522581123208","",,"","","",,"","","","","","","223.00000000000023","223.00000000000023","223.00000000000023","0.9211416853427421","21.962980256032036","0.9211416853427421","23.45401835794562","","0.6000000000000001","2.5164390477191856","4.09","","1.7500000000000002","1.22","2.35646191953461","direct_physical","14.482900967253794",""
"2026-08-11","stmp","EH5000","Plan","278240.4410013002","952.8782226071878","",,"","","",,"","","","","","","292.0000000000014","292.0000000000014","292.0000000000014","1.895771466859334","21.526146827514964","1.895771466859334","27.684382204734174","","0.7","5.2840988646499545","2.7736776979693554","","0.06636568119027751","1.4799999999999998","4.10868074173997","direct_physical","16.722822985549566",""
"2026-08-12","stmp","CAT793","Plan","368511.78708365915","1532.270608699107","",,"","","",,"","","","","","","240.50046055280308","240.50046055280308","240.50046055280308","3.0568393640120832","26.384146279472496","3.056839364012083","30.296489350912744","","0.8053515443394822","6.951536725803506","3.941214322868319","","0.8311262888578701","0.8450102233800758","6.053848672575635","direct_physical","21.985214082828563",""
"2026-08-12","stmp","EH4000","Plan","58608.588087364944","262.81878066082777","",,"","","",,"","","","","","","223.00000000000134","223.00000000000134","223.00000000000134","0.9710073010186151","21.99390213987042","0.9710073010186151","23.508463933649598","","0.6","2.6489359500923992","4.090000000000001","","1.7500000000000004","1.22","2.4782749832380135","direct_physical","14.737210933330413",""
"2026-08-12","stmp","EH5000","Plan","276531.28568079317","947.0249509616215","",,"","","",,"","","","","","","291.99999999999966","291.99999999999966","291.99999999999966","1.9297372577703424","21.608828749575736","1.9297372577703424","27.85953365995289","","0.6999999999999998","5.358191173063641","2.7771117164457215","","0.05264440795338927","1.4799999999999995","4.156000487282253","direct_physical","16.83394778474501",""
"2026-08-13","stmp","CAT793","Plan","419026.1821297323","1740.9488461173187","",,"","","",,"","","","","","","240.68839418472783","240.68839418472783","240.68839418472783","2.939992550382646","26.007058334855895","2.9399925503826454","30.605156114947558","","0.8084461564822448","6.782756848226071","3.9895116089313927","","0.7458855998218511","0.8393591925106836","5.7637200856101884","direct_physical","21.49595508466037",""
"2026-08-13","stmp","EH4000","Plan","56369.57721830117","252.77837317623877","",,"","","",,"","","","","","","222.99999999999972","222.99999999999972","222.99999999999972","1.113491042675056","22.725934031913862","1.113491042675055","24.09470235128218","","0.6000000000000001","2.939789513895593","4.09","","1.7500000000000004","1.2200000000000002","2.772786382104782","direct_physical","15.322575896000382",""
"2026-08-13","stmp","EH5000","Plan","274007.6150907385","938.3822434614343","",,"","","",,"","","","","","","291.99999999999966","291.99999999999966","291.99999999999966","2.0013129414905046","21.846429125560306","2.001312941490504","28.626491803846097","","0.7","5.496494452218656","2.7915092296588258","","0.01631532823483779","1.48","4.194673147943931","direct_physical","16.988992158056252",""
"2026-08-14","stmp","CAT793","Plan","437463.49580832914","1829.215782867569","",,"","","",,"","","","","","","239.153576032752","239.153576032752","239.153576032752","3.092927815103454","27.14605373106891","3.092927815103455","31.21690812024726","","0.8120781662636396","6.836193236212973","4.290579872431834","","0.8053416552103757","0.832726826822919","5.944716503997495","direct_physical","22.098649969892612",""
"2026-08-14","stmp","EH4000","Plan","44244.3524249899","198.405167825068","",,"","","",,"","","","","","","222.99999999999866","222.99999999999866","222.99999999999866","1.01203141938963","22.874925529544864","1.01203141938963","24.091174620330268","","0.6","2.65451728290658","4.09","","1.75","1.22","2.52050330132659","direct_physical","14.7850205842332",""
"2026-08-14","stmp","EH5000","Plan","285579.131375571","978.010723888946","",,"","","",,"","","","","","","291.99999999999875","291.99999999999875","291.99999999999875","1.8352094781928834","21.611841610766795","1.835209478192883","28.45185571248902","","0.6999999999999998","5.095010905350891","2.8007564771178703","","0.04470312420646937","1.48","3.870136619708737","direct_physical","16.300607126383966",""
"2026-08-15","stmp","CAT793","Plan","424317.865855841","1775.7912546166128","",,"","","",,"","","","","","","238.94580218971163","238.94580218971163","238.94580218971163","2.771227002975306","26.277776852547994","2.771227002975306","30.155643481638883","","0.8299999999999998","6.327537565735734","4.365472784090253","","0.8483182101723575","0.7999999999999998","5.51384752508295","direct_physical","21.315176085081287",""
"2026-08-15","stmp","EH4000","Plan","42297.64028068741","189.6755169537557","",,"","","",,"","","","","","","222.9999999999994","222.9999999999994","222.9999999999994","1.5642042550064925","24.147959674257937","1.5642042550064925","25.20114911861123","","0.6","3.886550108845733","4.09","","1.75","1.22","3.7241260253120356","direct_physical","17.220676134157795",""
"2026-08-15","stmp","EH5000","Plan","237557.96383451478","813.5546706661453","",,"","","",,"","","","","","","292.00000000000045","292.00000000000045","292.00000000000045","1.2181477014832356","20.93043001856263","1.2181477014832356","25.412864613073765","","0.7","3.4919904667115587","3.054848504546513","","0.24212258210625034","1.48","2.8760575874391288","direct_physical","14.15501914080344",""
"2026-08-16","stmp","CAT793","Plan","388596.0098915333","1627.8033488610229","",,"","","",,"","","","","","","238.72417400015468","238.72417400015468","238.72417400015468","2.173591521855006","25.521134179197055","2.173591521855006","28.637048471623775","","0.8300000000000002","5.110097787801509","4.26504186305757","","0.8373078764619297","0.7999999999999997","4.554082849722731","direct_physical","19.026530377043745",""
"2026-08-16","stmp","EH4000","Plan","52577.49209810932","235.77350716640962","",,"","","",,"","","","","","","222.9999999999999","222.9999999999999","222.9999999999999","1.3388748478979295","22.992928009663352","1.3388748478979295","24.168099149781646","","0.6","3.4937912579082595","4.089999999999999","","1.75","1.2199999999999998","3.3239060455692293","direct_physical","16.427697303477476",""
"2026-08-16","stmp","EH5000","Plan","237913.6717568003","814.7728484821928","",,"","","",,"","","","","","","292.0","292.0","292.0","1.191167851514714","20.62312449345001","1.1911678515147135","25.094968694967864","","0.6999999999999998","3.4655307014018186","3.0523892694920676","","0.28663965099117855","1.4799999999999995","2.8479840704170414","direct_physical","14.142543692302095",""
"2026-08-17","stmp","CAT793","Plan","386945.8925176745","1620.7217241868564","",,"","","",,"","","","","","","238.74912438272636","238.74912438272636","238.74912438272636","2.379231039892273","25.51767896027382","2.3792310398922716","29.126440543766265","","0.825452176132057","5.5943121870832","4.22827610139906","","0.7910603070245062","0.8083047218458087","4.901177752188087","direct_physical","19.765137505541418",""
"2026-08-17","stmp","EH4000","Plan","56768.56910102826","254.56757444407177","",,"","","",,"","","","","","","223.000000000001","223.000000000001","223.000000000001","1.0632264169787098","22.143470356046883","1.0632264169787098","23.41941110902029","","0.6000000000000001","2.880920830970923","4.090000000000001","","1.7500000000000002","1.2200000000000002","2.7239619613727886","direct_physical","15.214882792343715",""
"2026-08-17","stmp","EH5000","Plan","241685.69676441877","827.6907423439029","",,"","","",,"","","","","","","291.9999999999989","291.9999999999989","291.9999999999989","2.415621664448931","23.244658488229202","2.4156216644489303","29.296452677000804","","0.7000000000000001","6.235294871737102","2.8005497439860867","","0.21970083770046234","1.4800000000000002","4.9472644850521075","direct_physical","18.69280993847576",""
"2026-08-18","stmp","CAT793","Plan","393848.388212594","1645.5006761354464","",,"","","",,"","","","","","","239.34866385930013","239.34866385930013","239.34866385930013","3.366717352571844","27.29241064892445","3.366717352571843","31.81760970092598","","0.8143464284029054","7.401436382911498","4.150905697977501","","0.7491359087058863","0.8285847829164341","6.3487811640492815","direct_physical","22.876910240241656",""
"2026-08-18","stmp","EH4000","Plan","63441.50006086523","284.4910316630714","",,"","","",,"","","","","","","223.0000000000011","223.0000000000011","223.0000000000011","0.7065426256573482","20.453775926701834","0.7065426256573482","21.942982200156926","","0.5999999999999999","2.0726030094080863","4.09","","1.75","1.2199999999999998","1.9319414814608797","direct_physical","13.614544490868987",""
"2026-08-18","stmp","EH5000","Plan","270475.0052949257","926.284264708653","",,"","","",,"","","","","","","291.9999999999989","291.9999999999989","291.9999999999989","2.013125749547737","22.007189994371206","2.013125749547737","28.381077530165065","","0.6999999999999996","5.48854919704688","2.7766419114827685","","0.19977202010395564","1.4799999999999995","4.255918220317187","direct_physical","17.210881348950792",""
"2026-08-19","stmp","CAT793","Plan","402337.3330938503","1680.6466573775172","",,"","","",,"","","","","","","239.3943612880877","239.3943612880877","239.3943612880877","3.591260404504258","27.638031345775442","3.5912604045042573","32.03004571632008","","0.8081410836334645","7.796344883413399","4.094381413624143","","0.7338463223064504","0.8399162820606301","6.727296806837381","direct_physical","23.565300430443962",""
"2026-08-19","stmp","EH4000","Plan","63274.88815311518","283.74389306329783","",,"","","",,"","","","","","","222.99999999999915","222.99999999999915","222.99999999999915","0.7117342700438186","20.431307246437743","0.7117342700438186","21.896538999703804","","0.5999999999999999","2.090128433170848","4.089999999999999","","1.7499999999999998","1.2199999999999998","1.9502651173871257","direct_physical","13.650393550557993",""
"2026-08-19","stmp","EH5000","Plan","275617.9226599046","943.8969954106312","",,"","","",,"","","","","","","292.0000000000003","292.0000000000003","292.0000000000003","1.9315958972353244","21.57810338516143","1.9315958972353244","28.340993281362785","","0.7000000000000001","5.370988903214601","2.7892301365318968","","0.15018150923311846","1.4800000000000002","4.0893328149628845","direct_physical","16.88973336394249",""
"2026-08-20","stmp","CAT793","Plan","406328.97273546987","1699.646491513187","",,"","","",,"","","","","","","239.06675580150622","239.06675580150622","239.06675580150622","2.5400935419930653","25.810227811374883","2.540093541993065","30.37177720950484","","0.8148192565518141","5.904853441565398","4.08884123434452","","0.7258889611162787","0.8277213576010346","5.018001135339837","direct_physical","19.965243188498153",""
"2026-08-20","stmp","EH4000","Plan","62790.6213689538","281.57229313432185","",,"","","",,"","","","","","","223.00000000000009","223.00000000000009","223.00000000000009","0.7373391452751568","20.64918332196817","0.7373391452751568","22.08487795609415","","0.6","2.1424745001630723","4.09","","1.7500000000000002","1.22","2.0031964317150157","direct_physical","13.75567093187811",""
"2026-08-20","stmp","EH5000","Plan","275657.6687921972","944.0331123020452","",,"","","",,"","","","","","","292.0","292.0","292.0","1.892063021473406","20.9411649819223","1.8920630214734058","28.06717237225903","","0.7000000000000001","5.42108241764033","2.7982740422246852","","0.13322420207016372","1.4800000000000002","4.044717429412616","direct_physical","16.887298091347777",""
"2026-08-21","stmp","CAT793","Plan","390265.08833255986","1636.547212372023","",,"","","",,"","","","","","","238.4685790805307","238.4685790805307","238.4685790805307","1.661100191474707","22.144974764842228","1.6611001914747072","27.264657799982505","","0.8164690164862834","4.5006152658486664","4.137333410454477","","0.751583838910261","0.8247087525033096","3.655502013619492","direct_physical","17.276207650912376",""
"2026-08-21","stmp","EH4000","Plan","63822.527174789495","286.1996734295497","",,"","","",,"","","","","","","222.9999999999997","222.9999999999997","222.9999999999997","0.6855490841187204","20.243528848628486","0.6855490841187204","21.747832401934314","","0.6","2.0319058675340593","4.09","","1.75","1.2199999999999998","1.8913583793971458","direct_physical","13.533264246931223",""
"2026-08-21","stmp","EH5000","Plan","294579.5920654012","1008.8342194020572","",,"","","",,"","","","","","","292.0000000000005","292.0000000000005","292.0000000000005","1.618839029168769","20.548790597524366","1.618839029168769","27.13484935949216","","0.7","4.726815492578333","2.8093156377899895","","0.16832481223378098","1.48","3.579542324459176","direct_physical","15.773998267061252",""
"2026-08-22","stmp","CAT793","Plan","349719.79535601643","1455.8571700806608","",,"","","",,"","","","","","","240.2157316961529","240.2157316961529","240.2157316961529","2.404347892152661","25.26421671154575","2.4043478921526615","28.983869412818187","","0.8199370350908998","5.710086925561893","3.816096967953956","","0.8770521410494835","0.8183758489644448","4.977281379323355","direct_physical","19.619078923430166",""
"2026-08-22","stmp","EH4000","Plan","53953.26477076461","241.57834270794356","",,"","","",,"","","","","","","223.33651338932927","223.33651338932927","223.33651338932927","1.2994391758270447","23.46080988195842","1.2994391758270447","24.863657626819318","","0.6000000000000001","3.323259126258021","4.05394499400053","","1.7500000000000002","1.2200000000000002","3.1357554757158437","direct_physical","16.032959595974386",""
"2026-08-22","stmp","EH5000","Plan","308506.19145613525","1056.5280529319723","",,"","","",,"","","","","","","291.9999999999994","291.9999999999994","291.9999999999994","1.495819038119935","21.152300874788434","1.495819038119935","26.939495411406693","","0.7","4.242996675324749","2.787425358653408","","0.22105064250522993","1.4800000000000002","3.3315079186373557","direct_physical","15.072980595120741",""
"2026-08-23","stmp","CAT793","Plan","383330.9220669314","1593.497896423051","",,"","","",,"","","","","","","240.559415188059","240.559415188059","240.559415188059","2.0319049974172083","23.591573614121707","2.0319049974172083","27.20257424410818","","0.83","5.167705293387283","3.76645005736817","","0.8315763006248762","0.7999999999999998","4.481719220799038","direct_physical","18.50745087217936",""
"2026-08-23","stmp","EH4000","Plan","46140.386842066","206.9075643141977","",,"","","",,"","","","","","","222.99999999999957","222.99999999999957","222.99999999999957","1.8976910921717098","24.467908050651957","1.8976910921717098","25.552138850041253","","0.6","4.65350226486848","4.089999999999999","","1.75","1.2199999999999998","4.456044411723239","direct_physical","18.7195466765917",""
"2026-08-23","stmp","EH5000","Plan","331223.9063931174","1134.3284465517722","",,"","","",,"","","","","","","291.9999999999999","291.9999999999999","291.9999999999999","1.1712247187537508","19.020150174518186","1.1712247187537508","24.701135569272445","","0.7000000000000001","3.6946860293128676","2.7826744120303024","","0.11504524323731428","1.48","2.8449494934412405","direct_physical","13.927355178021719",""
"2026-08-24","stmp","CAT793","Plan","343851.98059166665","1425.5924295508898","",,"","","",,"","","","","","","241.1993592726862","241.1993592726862","241.1993592726862","2.425836610339526","24.954837789490814","2.425836610339527","28.544068938145045","","0.8299999999999997","5.832544288533378","3.7939806664924234","","0.9312598841383827","0.8","5.099139752492143","direct_physical","19.916924591656326",""
"2026-08-24","stmp","EH4000","Plan","46140.386842121414","206.90756431444788","",,"","","",,"","","","","","","222.99999999999775","222.99999999999775","222.99999999999775","1.8976910921717098","24.467908050651957","1.8976910921717098","25.55213885004125","","0.6","4.65350226486848","4.09","","1.75","1.22","4.45604441172324","direct_physical","18.7195466765917",""
"2026-08-24","stmp","EH5000","Plan","271051.4135946928","928.258265735254","",,"","","",,"","","","","","","291.9999999999986","291.9999999999986","291.9999999999986","1.2462267841524057","19.602175466752016","1.2462267841524057","25.11163076966805","","0.7000000000000001","3.8145565616413677","2.727768971901057","","0.12579807449489755","1.4800000000000002","2.9776483946818075","direct_physical","14.135772002719131",""
"2026-08-25","stmp","CAT793","Plan","345482.2887160676","1433.705978219452","",,"","","",,"","","","","","","240.97150598836797","240.97150598836797","240.97150598836797","2.518087742460835","24.99457660360603","2.5180877424608363","28.65482658993502","","0.8299999999999996","6.0447218988239495","3.860555126252493","","0.9295780543386908","0.7999999999999998","5.272593923172396","direct_physical","20.367449002587513",""
"2026-08-25","stmp","EH4000","Plan","46140.3868420759","206.907564314243","",,"","","",,"","","","","","","222.99999999999864","222.99999999999864","222.99999999999864","1.8976910921717098","24.467908050651957","1.8976910921717098","25.55213885004125","","0.6","4.65350226486848","4.09","","1.75","1.22","4.45604441172324","direct_physical","18.7195466765917",""
"2026-08-25","stmp","EH5000","Plan","271051.4135944268","928.2582657343331","",,"","","",,"","","","","","","292.00000000000165","292.00000000000165","292.00000000000165","1.279474863387158","19.612337901813497","1.279474863387158","24.94595294579195","","0.7000000000000001","3.91429579622585","2.7277689719010563","","0.12579807449489697","1.4800000000000002","3.07739263238606","direct_physical","14.335255475007862",""
"2026-08-26","stmp","CAT793","Plan","422677.2904747949","1750.9506049655058","",,"","","",,"","","","","","","241.3987517843896","241.3987517843896","241.3987517843896","3.1282680341137756","25.24002620514521","3.1282680341137756","30.279143820206283","","0.8300000000000002","7.436445609100219","3.944425223591651","","0.7807866260115828","0.8","6.198856980941802","direct_physical","22.62051443964526",""
"2026-08-26","stmp","EH4000","Plan","46140.38684151596","206.9075643117325","",,"","","",,"","","","","","","222.99999999999812","222.99999999999812","222.99999999999812","1.89769109217171","24.46790805065196","1.89769109217171","25.552138850041253","","0.6","4.65350226486848","4.09","","1.75","1.22","4.45604441172324","direct_physical","18.7195466765917",""
"2026-08-26","stmp","EH5000","Plan","297872.96559833316","1020.1128958847012","",,"","","",,"","","","","","","292.0000000000004","292.0000000000004","292.0000000000004","1.2610280439601367","19.295985722163774","1.2610280439601367","24.573508399448684","","0.6999999999999998","3.921110003242882","2.7642587274203163","","0.11100291162601535","1.48","3.078993907085148","direct_physical","14.365365549374358",""
"2026-08-27","stmp","CAT793","Plan","440935.01242765837","1829.6320126059663","",,"","","",,"","","","","","","240.99655525792286","240.99655525792286","240.99655525792286","2.57819692488784","24.107955697468242","2.57819692488784","29.10742562664775","","0.8299999999999996","6.416629324962454","3.9400262724196815","","0.7081468063569518","0.8000000000000002","5.314513810924267","direct_physical","20.639316214663353",""
"2026-08-27","stmp","EH4000","Plan","51065.68524303303","228.99410422884876","",,"","","",,"","","","","","","222.99999999999895","222.99999999999895","222.99999999999895","1.4759643197692978","23.680970413413053","1.4759643197692978","24.844953498014227","","0.6","3.739621208090279","4.090000000000001","","1.7500000000000004","1.22","3.5644204040565417","direct_physical","16.914041612146818",""
"2026-08-27","stmp","EH5000","Plan","325774.06682247017","1115.6646124057202","",,"","","",,"","","","","","","291.9999999999999","291.9999999999999","291.9999999999999","1.2187353965422663","18.956962899406218","1.2187353965422663","24.02562298431794","","0.7000000000000002","3.8573754762597767","2.7937602214845727","","0.10466685163547933","1.4800000000000004","3.0435890815512137","direct_physical","14.289391630931027",""
"2026-08-28","stmp","CAT793","Plan","396123.18424510246","1641.5347932091229","",,"","","",,"","","","","","","241.31269460984154","241.31269460984154","241.31269460984154","3.2049513408441124","25.599706112503867","3.2049513408441115","30.78126810457316","","0.8300000000000004","7.511690939167523","3.940556857010982","","0.8482281130023699","0.7999999999999999","6.247211121951054","direct_physical","22.807687031131938",""
"2026-08-28","stmp","EH4000","Plan","43202.48433628985","193.7331136156501","",,"","","",,"","","","","","","222.99999999999935","222.99999999999935","222.99999999999935","1.1078397911356594","22.771045731488318","1.1078397911356594","24.085543332022905","","0.6","2.9190748748188935","4.09","","1.75","1.22","2.7597628399673235","direct_physical","15.288837714786228",""
"2026-08-28","stmp","EH5000","Plan","269664.7927467908","923.5095642013381","",,"","","",,"","","","","","","292.00000000000006","292.00000000000006","292.00000000000006","1.4308033447432984","19.544048631293716","1.4308033447432984","25.357021012999827","","0.7000000000000001","4.392549481643159","2.7378697176921407","","0.0","1.48","3.3855791120173766","direct_physical","15.00599831135266",""
"2026-08-29","stmp","CAT793","Plan","371504.34546452423","1544.0865927665095","",,"","","",,"","","","","","","240.59812914954932","240.59812914954932","240.59812914954932","2.7984560312337394","24.892774552572778","2.7984560312337385","29.885359805447052","","0.8227366771385016","6.745224865127395","3.8306689984076434","","0.8647573323512624","0.8132634591383898","5.6183818085877855","direct_physical","21.30355896881264",""
"2026-08-29","stmp","EH4000","Plan","59065.67208510379","264.8684846865633","",,"","","",,"","","","","","","223.00000000000065","223.00000000000065","223.00000000000065","0.9583582095925787","22.28368988731083","0.9583582095925774","23.636549032757706","","0.6","2.5804295817407796","4.09","","1.7500000000000002","1.22","2.4327363734809078","direct_physical","14.62316595522171",""
"2026-08-29","stmp","EH5000","Plan","253149.44033597977","866.9501381369182","",,"","","",,"","","","","","","291.9999999999996","291.9999999999996","291.9999999999996","1.653045700532679","20.305407668764552","1.653045700532679","26.331125855635264","","0.7000000000000001","4.884548177997519","2.733294103162009","","0.0","1.48","3.766749001761127","direct_physical","15.874591282920646",""
"2026-08-30","stmp","CAT793","Plan","409678.8198249284","1694.2048750599408","",,"","","",,"","","","","","","241.81185277868713","241.81185277868713","241.81185277868713","3.7466633971575876","25.60862750190053","3.7466633971575867","31.01128436698194","","0.8148808131448507","8.778283951874105","3.8183604749225455","","0.7901969387081378","0.827608949909404","7.248967865026644","direct_physical","24.863598788970474",""
"2026-08-30","stmp","EH4000","Plan","58334.71545821525","261.59065227899083","",,"","","",,"","","","","","","223.00000000000114","223.00000000000114","223.00000000000114","1.0018241469808589","22.502288413865593","1.0018241469808589","23.804397474139694","","0.6","2.671259372082927","4.09","","1.7499999999999998","1.22","2.5251405285158945","direct_physical","14.806399900598853",""
"2026-08-30","stmp","EH5000","Plan","294759.1499626818","1009.449143707812","",,"","","",,"","","","","","","292.0000000000007","292.0000000000007","292.0000000000007","1.5997044109576626","20.450952615093616","1.5997044109576624","25.817221483380667","","0.6999999999999998","4.693290648310486","2.7762069404919103","","0.11568002527978348","1.4799999999999998","3.717761212965789","direct_physical","15.79293882704795",""
"2026-08-31","stmp","CAT793","Plan","369192.6778215528","1532.9490027357433","",,"","","",,"","","","","","","240.8381995504621","240.8381995504621","240.8381995504621","2.6051096030195984","24.54956830989601","2.6051096030195984","29.599566187710384","","0.8175884963061316","6.366978604596","3.802903636109507","","0.8320750455850903","0.822664485006195","5.280704966752984","direct_physical","20.51622035386968",""
"2026-08-31","stmp","EH4000","Plan","61222.197157451985","274.53900070606267","",,"","","",,"","","","","","","223.00000000000003","223.00000000000003","223.00000000000003","0.833466140907794","21.568174107351723","0.833466140907794","22.944999311942986","","0.5999999999999999","2.318599998570205","4.089999999999999","","1.7499999999999998","1.2199999999999998","2.179471342517681","direct_physical","14.108071341087896",""
"2026-08-31","stmp","EH5000","Plan","299063.90570913744","1024.191457908004","",,"","","",,"","","","","","","292.0000000000003","292.0000000000003","292.0000000000003","1.5330274457994455","20.07033531931735","1.5330274457994455","25.619272570270933","","0.7","4.58296512163581","2.784056085591268","","0.1140149154342847","1.4800000000000002","3.590330150696936","direct_physical","15.561366273358296",""
"2026-09-01","stmp","CAT793","Plan","399599.10825011897","1662.839273723154","",,"","","",,"","","","","","","240.3113244705863","240.3113244705863","240.3113244705863","2.421531408970501","23.896604522431737","2.421531408970501","28.933783536584908","","0.8300000000000002","6.0800221387873155","3.762281894638133","","0.7967287860493619","0.8","5.021530777491226","direct_physical","19.92056359696603",""
"2026-09-01","stmp","EH4000","Plan","61688.80258330075","276.63140171883754","",,"","","",,"","","","","","","222.99999999999991","222.99999999999991","222.99999999999991","0.8087479462337404","21.39698109697074","0.8087479462337404","22.85112606691821","","0.5999999999999999","2.2678375306362395","4.089999999999999","","1.7499999999999998","1.2199999999999995","2.1235223433594523","direct_physical","14.001359873995693",""
"2026-09-01","stmp","EH5000","Plan","302821.2273125979","1037.0589976458898","",,"","","",,"","","","","","","291.9999999999982","291.9999999999982","291.9999999999982","1.5019414767753776","19.791410768275828","1.5019414767753776","25.17533785794821","","0.7000000000000001","4.553313033701101","2.7637027022758964","","0.11355796786244685","1.4800000000000002","3.57955428900318","direct_physical","15.500127992842618",""
"2026-09-02","stmp","CAT793","Plan","392768.43872385833","1634.6764855119375","",,"","","",,"","","","","","","240.27288714613988","240.27288714613988","240.27288714613988","2.136044532133636","22.854550959611785","2.1360445321336363","27.688088078411404","","0.8300000000000001","5.607752790877637","3.7839480702547","","0.7953094637063859","0.8","4.628801799715001","direct_physical","19.075812124553718",""
"2026-09-02","stmp","EH4000","Plan","61441.75934740885","275.52358451752804","",,"","","",,"","","","","","","223.00000000000034","223.00000000000034","223.00000000000034","0.8190247595791476","21.386316633893085","0.8190247595791476","22.858038038421125","","0.5999999999999999","2.297800337289934","4.090000000000001","","1.75","1.22","2.149855796553885","direct_physical","14.057656133843807",""
"2026-09-02","stmp","EH5000","Plan","309692.22177026694","1060.5898005831073","",,"","","",,"","","","","","","291.99999999999966","291.99999999999966","291.99999999999966","1.3467975776567855","18.40012480105815","1.3467975776567855","24.44932938368721","","0.7000000000000003","4.391701444044556","2.858378665244742","","0.11103851108253911","1.4800000000000002","3.3051153833823674","direct_physical","15.156234003754207",""
"2026-09-03","stmp","CAT793","Plan","397397.0247251836","1654.414459079393","",,"","","",,"","","","","","","240.20403263781745","240.20403263781745","240.20403263781745","2.0957334092657343","22.83694891428295","2.0957334092657343","27.670142310047506","","0.8205930605719464","5.506164813343335","3.788754983327634","","0.7483026575829453","0.8171778893903586","4.544393127688549","direct_physical","18.827574710987033",""
"2026-09-03","stmp","EH4000","Plan","62211.93306000272","278.9772782959762","",,"","","",,"","","","","","","223.00000000000009","223.00000000000009","223.00000000000009","0.7761586260273056","21.066820611036697","0.7761586260273056","22.573004817774184","","0.5999999999999999","2.210562211615408","4.09","","1.7499999999999998","1.2199999999999998","2.063062402971229","direct_physical","13.88362461458663",""
"2026-09-03","stmp","EH5000","Plan","300010.55629066203","1027.4334119543232","",,"","","",,"","","","","","","291.99999999999966","291.99999999999966","291.99999999999966","1.450803579781634","18.968439039670134","1.450803579781634","24.75679405909046","","0.6999999999999998","4.589107970605673","2.837006466448279","","0.09280399440503545","1.4799999999999998","3.5161343823084703","direct_physical","15.525052813767461",""
"2026-09-04","stmp","CAT793","Plan","397202.0595218919","1651.4057270333055","",,"","","",,"","","","","","","240.52360544701025","240.52360544701025","240.52360544701025","2.736612145819942","23.295543327040498","2.736612145819942","29.144861581935697","","0.8175808405454081","7.048418079118326","3.924625748455304","","0.7766161187764671","0.8226784650909947","5.63381398424508","direct_physical","21.617015721322336",""
"2026-09-04","stmp","EH4000","Plan","64695.93391112665","290.1162955655894","",,"","","",,"","","","","","","223.00000000000077","223.00000000000077","223.00000000000077","0.6368346909985352","19.854327349711376","0.6368346909985352","21.525506368709156","","0.6000000000000001","1.9245215809573915","4.090000000000002","","1.75","1.2200000000000002","1.7751072056291655","direct_physical","13.30962878658655",""
"2026-09-04","stmp","EH5000","Plan","301021.7458300836","1030.8963898290515","",,"","","",,"","","","","","","292.00000000000057","292.00000000000057","292.00000000000057","1.478714208110063","19.35323556919637","1.478714208110063","24.542385773940442","","0.7000000000000001","4.584393765547904","2.789069116156602","","0.11423680739206038","1.4800000000000002","3.6150867036248506","direct_physical","15.592786392721413",""
"2026-09-05","stmp","CAT793","Plan","387318.70992935705","1608.589671898991","",,"","","",,"","","","","","","240.78154715000443","240.78154715000443","240.78154715000443","2.912605169754003","24.181275884492315","2.9126051697540034","29.11802049496358","","0.8257637035296168","7.226926776734435","3.9231632563739285","","0.799495062181271","0.8077358457285251","6.001654893246162","direct_physical","22.202214835185842",""
"2026-09-05","stmp","EH4000","Plan","62667.52959318858","281.0203120770798","",,"","","",,"","","","","","","222.99999999999923","222.99999999999923","222.99999999999923","0.7527021887618806","20.90670984319051","0.7527021887618791","22.440633821236144","","0.6000000000000001","2.1601740142015946","4.090000000000002","","1.75","1.2200000000000002","2.012515853405828","direct_physical","13.782689867607427",""
"2026-09-05","stmp","EH5000","Plan","256795.96296139274","879.4382293198388","",,"","","",,"","","","","","","291.9999999999998","291.9999999999998","291.9999999999998","1.9401308610199395","20.029470083100513","1.9401308610199395","26.825571968024963","","0.6999999999999997","5.8118288291317945","2.7789616445316034","","0.13134643349525923","1.48","4.339435960580822","direct_physical","17.55157286773948",""
"2026-09-06","stmp","CAT793","Plan","381406.62271329615","1586.0873763210157","",,"","","",,"","","","","","","240.47012062978646","240.47012062978646","240.47012062978646","2.822670051914741","24.314285203247714","2.822670051914741","29.151173375722287","","0.8296533440329089","6.965460909056979","3.863679359008027","","0.8223241341617592","0.8006330239399057","5.809721651065038","direct_physical","21.720447525361905",""
"2026-09-06","stmp","EH4000","Plan","59371.03061046077","266.23780542807526","",,"","","",,"","","","","","","222.99999999999997","222.99999999999997","222.99999999999997","0.9309267805708754","21.894508102237044","0.9309267805708754","23.401569503792203","","0.6000000000000001","2.5511240797661743","4.09","","1.75","1.22","2.38683165354363","direct_physical","14.547955733309795",""
"2026-09-06","stmp","EH5000","Plan","269216.4965521872","921.9743032609135","",,"","","",,"","","","","","","292.00000000000045","292.00000000000045","292.00000000000045","1.854074381437196","20.12610118149716","1.854074381437196","26.409565388977253","","0.7","5.527372732703136","2.7387671013223645","","0.12959551005727177","1.48","4.212279196864885","direct_physical","17.098014540947656",""
"2026-09-07","stmp","CAT793","Plan","408591.06245945406","1702.2264222802273","",,"","","",,"","","","","","","240.03332171998807","240.03332171998807","240.03332171998807","2.256497272941714","23.297307211957037","2.256497272941714","27.96571411449091","","0.8300000000000004","5.811394215852371","3.7731695781387082","","0.7823814499855897","0.8000000000000003","4.841279426022177","direct_physical","19.468224669998826",""
"2026-09-07","stmp","EH4000","Plan","53267.302409595446","238.8668269488585","",,"","","",,"","","","","","","223.0","223.0","223.0","1.1953294411091675","22.768400754653484","1.1953294411091675","24.012620473859467","","0.6","3.1499694352442265","4.09","","1.75","1.22","2.986753009511201","direct_physical","15.746722444755422",""
"2026-09-07","stmp","EH5000","Plan","276646.1913074383","947.4184633816401","",,"","","",,"","","","","","","291.9999999999994","291.9999999999994","291.9999999999994","1.6390391196251026","19.038592234157882","1.6390391196251026","25.92802597924983","","0.7000000000000001","5.165421159715071","2.864769620219722","","0.06995045616545577","1.4799999999999998","3.792897587198093","direct_physical","16.383038823298335",""
"2026-09-08","stmp","CAT793","Plan","417038.17573404417","1742.423697251546","",,"","","",,"","","","","","","239.34372356842334","239.34372356842334","239.34372356842334","1.80256198132127","22.273784714494568","1.80256198132127","26.412793070055233","","0.8286002247787457","4.855650724184994","3.7748484524336217","","0.727727354711314","0.8025561112735947","4.094747518462652","direct_physical","17.70999191997338",""
"2026-09-08","stmp","EH4000","Plan","58611.952970086466","262.83386982101547","",,"","","",,"","","","","","","223.00000000000006","223.00000000000006","223.00000000000006","0.9752643376238751","22.145360136634135","0.9752643376238751","23.556997589498458","","0.6","2.6423530661229657","4.09","","1.7500000000000002","1.2200000000000002","2.484011811569674","direct_physical","14.736364877692642",""
"2026-09-08","stmp","EH5000","Plan","293940.8817085143","1006.646855166143","",,"","","",,"","","","","","","292.0000000000005","292.0000000000005","292.0000000000005","1.527713486084603","19.003142368779923","1.5277134860846022","25.02177204835868","","0.6999999999999998","4.823560618883122","2.902265296754699","","0.08925954638962937","1.4800000000000002","3.6633220456138242","direct_physical","15.968407507641269",""
"2026-09-09","stmp","CAT793","Plan","350314.22291141265","1470.916036188954","",,"","","",,"","","","","","","238.16058448791787","238.16058448791787","238.16058448791787","1.456314913143802","21.618922544421558","1.4563149131438013","26.057151365043744","","0.8212481618927344","4.041778428554246","4.05300316893503","","0.7673364396174587","0.8159816174132669","3.3533556129949353","direct_physical","16.456828429786196",""
"2026-09-09","stmp","EH4000","Plan","60121.95202372899","269.6051660256897","",,"","","",,"","","","","","","223.0000000000007","223.0000000000007","223.0000000000007","0.8740387053081236","21.306236190851283","0.8740387053081236","22.851760799866344","","0.6","2.461360225651009","4.09","","1.7500000000000002","1.22","2.294891968184532","direct_physical","14.366252193835535",""
"2026-09-09","stmp","EH5000","Plan","292722.24311545823","1002.4734353269179","",,"","","",,"","","","","","","291.99999999999824","291.99999999999824","291.99999999999824","1.587742146739872","19.90129704463565","1.5877421467398696","25.097499480255706","","0.7000000000000001","4.78685025356529","2.8413884372533964","","0.1208695572791258","1.48","3.79577769806658","direct_physical","16.034885946164387",""
"2026-09-10","stmp","CAT793","Plan","369664.33945121086","1550.959517549511","",,"","","",,"","","","","","","238.3455759279095","238.3455759279095","238.3455759279095","1.7933431779581899","22.8612471508741","1.7933431779581892","27.995436991308953","","0.8155568616696304","4.706680697136739","3.9626656345611524","","0.7264751739594837","0.8263744265163274","3.843504593655582","direct_physical","17.4685559350439",""
"2026-09-10","stmp","EH4000","Plan","66419.3212508288","297.84448991403065","",,"","","",,"","","","","","","222.9999999999999","222.9999999999999","222.9999999999999","0.5669460721656436","19.23539908640236","0.5669460721656436","20.92426838614001","","0.5999999999999999","1.7684459873767482","4.089999999999999","","1.7499999999999998","1.22","1.6257086604983007","direct_physical","13.004154647875056",""
"2026-09-10","stmp","EH5000","Plan","280147.71539335715","959.4099842238255","",,"","","",,"","","","","","","292.0000000000001","292.0000000000001","292.0000000000001","1.6317325801321374","19.97149730705291","1.631732580132135","24.726043511684246","","0.6999999999999998","4.90218401268059","2.821593217916906","","0.34104109303994007","1.4799999999999998","3.959547946345066","direct_physical","16.514366269982496",""
"2026-09-11","stmp","CAT793","Plan","449502.20436654077","1888.9368734865573","",,"","","",,"","","","","","","237.96571006465646","237.96571006465646","237.96571006465646","1.8638974910880686","23.022067663914473","1.8638974910880681","27.904583918148145","","0.83","4.857680513231054","4.033804674457738","","0.7934106112208843","0.8","4.007723239784677","direct_physical","17.952619038694355",""
"2026-09-11","stmp","EH4000","Plan","22057.12626969078","98.9108801331435","",,"","","",,"","","","","","","222.99999999999778","222.99999999999778","222.99999999999778","0.6625381529641889","19.911766440292084","0.6625381529641889","21.842431367436877","","0.6","1.99642203001193","4.09","","1.75","1.22","1.8199571517077","direct_physical","13.426379181719602",""
"2026-09-11","stmp","EH5000","Plan","284580.73550793884","974.5915599587021","",,"","","",,"","","","","","","291.9999999999978","291.9999999999978","291.9999999999978","1.6489719218641028","20.16770879158656","1.6489719218641008","24.64544048880586","","0.6999999999999998","4.905778655090491","2.749300890326892","","0.33407760728360303","1.4799999999999998","4.014467315233605","direct_physical","16.49362446793458",""
"2026-09-12","stmp","CAT793","Plan","402829.8837232859","1693.9768397082976","",,"","","",,"","","","","","","237.80129354817691","237.80129354817691","237.80129354817691","1.5602819348937038","22.81489359389599","1.5602819348937038","26.78037535135654","","0.8300000000000001","4.1033246860581","4.259734906185219","","0.8974345911416917","0.8000000000000003","3.4957283034825024","direct_physical","17.016222486867534",""
"2026-09-12","stmp","EH4000","Plan","19196.42126706887","86.08260657878249","",,"","","",,"","","","","","","223.00000000000435","223.00000000000435","223.00000000000435","0.8024555991083885","20.978064523389495","0.8024555991083885","22.730743740388753","","0.6","2.2951276507335283","4.089999999999999","","1.75","1.22","2.118159286664848","direct_physical","14.023286937398353",""
"2026-09-12","stmp","EH5000","Plan","237301.51100721495","812.6764075589607","",,"","","",,"","","","","","","291.99999999999807","291.99999999999807","291.99999999999807","1.679420112975678","21.41318769785141","1.679420112975678","26.47893318374605","","0.7","4.705754612548949","3.0671078058541914","","0.25577874972861503","1.4799999999999998","3.805485896251849","direct_physical","16.324127064383607",""
"2026-09-13","stmp","CAT793","Plan","396693.45998027374","1670.7868825384448","",,"","","",,"","","","","","","237.4291204498643","237.4291204498643","237.4291204498643","1.7368639288752672","21.645709884235902","1.7368639288752672","25.97923432953155","","0.8300000000000001","4.814433727969866","3.9648714476451263","","0.7435371250436414","0.8000000000000002","4.011351312769622","direct_physical","17.79419361342827",""
"2026-09-13","stmp","EH4000","Plan","56837.619524366266","254.8772175980553","",,"","","",,"","","","","","","222.99999999999974","222.99999999999974","222.99999999999974","1.103514222980024","23.119484897897483","1.103514222980024","24.319483049499745","","0.6","2.8638550413734674","4.09","","1.75","1.2200000000000002","2.722543618383509","direct_physical","15.196398659757001",""
"2026-09-13","stmp","EH5000","Plan","265877.775891335","910.5403283949852","",,"","","",,"","","","","","","291.99999999999926","291.99999999999926","291.99999999999926","1.754575062205197","21.209502292940453","1.754575062205197","26.71930281883281","","0.7","4.9635537071208065","2.9868162529627043","","0.1293367340836059","1.4800000000000002","3.9400168651896945","direct_physical","16.50972355935682",""
"2026-09-14","stmp","CAT793","Plan","363861.28912125574","1531.8354661294736","",,"","","",,"","","","","","","237.53287945514998","237.53287945514998","237.53287945514998","2.1343061211442085","22.834048774062886","2.134306121144209","27.41974587968113","","0.8300000000000003","5.6082199234904655","4.156481915837715","","0.8103608676510137","0.8000000000000009","4.670297377319886","direct_physical","19.505360084299102",""
"2026-09-14","stmp","EH4000","Plan","56881.70356258577","255.0749038680988","",,"","","",,"","","","","","","222.99999999999895","222.99999999999895","222.99999999999895","1.0949145377543967","22.953667934766564","1.0949145377543967","24.21879868384215","","0.6000000000000001","2.862064244022615","4.09","","1.7500000000000002","1.2200000000000002","2.712557015022091","direct_physical","15.184621259044725",""
"2026-09-14","stmp","EH5000","Plan","265234.1293898148","908.3360595541593","",,"","","",,"","","","","","","292.0000000000003","292.0000000000003","292.0000000000003","1.735079748202444","19.580814724583675","1.735079748202444","26.023463722200898","","0.7","5.316672792038795","2.7999579241672232","","0.09920272635506659","1.4800000000000004","4.0004200057094526","direct_physical","16.706253448270527",""
"2026-09-15","stmp","CAT793","Plan","370857.41586598067","1561.8824313058321","",,"","","",,"","","","","","","237.4425939063291","237.4425939063291","237.4425939063291","2.0335750179367764","22.573871256565976","2.0335750179367764","26.988008650316164","","0.8300000000000002","5.405120800479302","4.173269914875755","","0.8252375334153924","0.8000000000000004","4.521063508506663","direct_physical","19.184691757277122",""
"2026-09-15","stmp","EH4000","Plan","50461.34817487702","226.28407253308148","",,"","","",,"","","","","","","222.99999999999935","222.99999999999935","222.99999999999935","1.4978254231003914","23.34254822423442","1.4978254231003914","24.577497338515556","","0.6","3.8500306188816276","4.09","","1.7500000000000002","1.22","3.6565775655761485","direct_physical","17.11660818445779",""
"2026-09-15","stmp","EH5000","Plan","262593.0839954013","899.291383545895","",,"","","",,"","","","","","","291.99999999999994","291.99999999999994","291.99999999999994","1.714219681261392","20.018669143292147","1.714219681261392","26.017631946536575","","0.7","5.137863068691934","2.77653012186718","","0.1309545654294533","1.48","3.953210695232975","direct_physical","16.488558451221525",""
"2026-09-16","stmp","CAT793","Plan","377984.2867693296","1578.8411604389848","",,"","","",,"","","","","","","239.40615195529483","239.40615195529483","239.40615195529483","2.7601771402076527","24.004969880011224","2.7601771402076527","28.50258380529369","","0.83","6.899014214150796","3.7705963527049664","","0.7692350337467191","0.8000000000000007","5.8103724751333194","direct_physical","21.509218075735802",""
"2026-09-16","stmp","EH4000","Plan","51729.52095940528","231.75354654519828","",,"","","",,"","","","","","","223.2091880816875","223.2091880816875","223.2091880816875","1.3447331045088478","23.287948006613632","1.3447331045088478","24.640211435486375","","0.6","3.464624115770832","4.067586991247816","","1.75","1.22","3.2744843315074514","direct_physical","16.32669543852611",""
"2026-09-16","stmp","EH5000","Plan","270486.00720872765","926.3219424956435","",,"","","",,"","","","","","","291.9999999999997","291.9999999999997","291.9999999999997","1.77711247419006","20.652834765732326","1.77711247419006","26.234208520823255","","0.7","5.162814192864276","2.859169855781906","","0.12713324269246332","1.4799999999999998","4.064416441867084","direct_physical","16.703533733205717",""
"2026-09-17","stmp","CAT793","Plan","374329.4459171471","1556.8101552828186","",,"","","",,"","","","","","","240.44643121507926","240.44643121507926","240.44643121507926","3.2143994302700007","24.86317311410856","3.21439943027","29.23576572356144","","0.83","7.757013351878235","3.55929484433537","","0.7544752094891096","0.8000000000000006","6.5968501608551575","direct_physical","22.927633566557873",""
"2026-09-17","stmp","EH4000","Plan","48172.35641729188","215.82997816391256","",,"","","",,"","","","","","","223.19585456616815","223.19585456616815","223.19585456616815","1.7293261840326672","24.25474913685347","1.7293261840326672","25.439015062866556","","0.6","4.277907409246477","4.0690155821964336","","1.75","1.22","4.078757404150381","direct_physical","17.94568039559328",""
"2026-09-17","stmp","EH5000","Plan","292883.84965031693","1003.0268823640916","",,"","","",,"","","","","","","292.00000000000216","292.00000000000216","292.00000000000216","1.5922568071929366","19.772959609601525","1.5922568071929366","25.891547485119","","0.7000000000000002","4.831619055408644","2.8971782970857407","","0.11741092327324881","1.4800000000000002","3.6898299912928945","direct_physical","16.026038267060528",""
"2026-09-18","stmp","CAT793","Plan","351175.4216085505","1458.373175152865","",,"","","",,"","","","","","","240.79942472319587","240.79942472319587","240.79942472319587","3.2111224154266917","26.08524208885158","3.2111224154266917","30.19268821907808","","0.8271176271912349","7.3860669672659265","3.5779395244524","","0.7646348308588068","0.8052634633899187","6.381258387050788","direct_physical","22.363759002339677",""
"2026-09-18","stmp","EH4000","Plan","56949.621602529354","254.3717307809247","",,"","","",,"","","","","","","223.8834536671714","223.8834536671714","223.8834536671714","1.1373445650132674","23.068720750818425","1.1373445650132674","24.786800744007927","","0.6","2.958147295548455","3.995344249945971","","1.7499999999999998","1.2200000000000002","2.753105356579463","direct_physical","15.226596902073906",""
"2026-09-18","stmp","EH5000","Plan","264285.7215792475","905.088087600162","",,"","","",,"","","","","","","292.0000000000002","292.0000000000002","292.0000000000002","1.8968083531020916","19.126642252321286","1.8968083531020916","25.648947009164154","","0.7000000000000001","5.950260358548466","2.8481745033504593","","0.03460630804200789","1.4800000000000002","4.4371607592881945","direct_physical","17.760201929229115",""
"2026-09-19","stmp","CAT793","Plan","361851.30207311356","1505.2321671285958","",,"","","",,"","","","","","","240.39567448481168","240.39567448481168","240.39567448481168","2.627073475037638","24.19073195695067","2.627073475037638","28.86624393284799","","0.8053601504483113","6.5159007500378","3.4345452075685707","","0.7374025874713778","0.8449945078769958","5.460509821400474","direct_physical","20.355864773955066",""
"2026-09-19","stmp","EH4000","Plan","57073.83483564387","254.91178831632257","",,"","","",,"","","","","","","223.8964122162149","223.8964122162149","223.8964122162149","1.1313128241166044","23.06638500971804","1.1313128241166044","24.79476747322672","","0.6","2.9427571515171724","3.993955833976985","","1.75","1.2200000000000002","2.7376247637849986","direct_physical","15.194337749279176",""
"2026-09-19","stmp","EH5000","Plan","245573.9173071732","841.0065661204517","",,"","","",,"","","","","","","292.00000000000153","292.00000000000153","292.00000000000153","2.2943602104922283","20.546498084784442","2.2943602104922283","26.512639442012016","","0.7","6.70000367271725","2.731157198725013","","0.0","1.48","5.192301314647483","direct_physical","19.113462186089738",""
"2026-09-20","stmp","CAT793","Plan","362328.9841018108","1503.5113831841566","",,"","","",,"","","","","","","240.98852070841366","240.98852070841366","240.98852070841366","3.011348789542464","24.527582453623612","3.0113487895424638","29.69853801132824","","0.7933561255705783","7.3664384867190495","3.486337710345551","","0.7374246966904725","0.866914901131988","6.083832386080039","direct_physical","21.855965895181125",""
"2026-09-20","stmp","EH4000","Plan","57245.41631202838","255.65779473537646","",,"","","",,"","","","","","","223.91422241313376","223.91422241313376","223.91422241313376","1.122519906154001","23.053931764326883","1.122519906154001","24.79345505964258","","0.6","2.9214623803761635","3.992047598592889","","1.75","1.22","2.7164908725799424","direct_physical","15.150000851549017",""
"2026-09-20","stmp","EH5000","Plan","248999.10324152873","852.736654936744","",,"","","",,"","","","","","","291.9999999999994","291.9999999999994","291.9999999999994","2.2554994584369528","20.930136002322133","2.255499458436952","26.347676528985968","","0.7000000000000001","6.465794942335909","2.718254150431487","","0.04017676706463855","1.4799999999999998","5.136315050677658","direct_physical","18.850540910509682",""
"2026-09-21","stmp","CAT793","Plan","333611.29307079315","1375.5875068383048","",,"","","",,"","","","","","","242.52277038890549","242.52277038890549","242.52277038890549","4.106020864687392","25.744133809212176","4.106020864687394","30.78086297267084","","0.8299999999999997","9.569607340725","3.7650245941878824","","0.8685218222028208","0.7999999999999998","8.003714908837301","direct_physical","26.466868665953005",""
"2026-09-21","stmp","EH4000","Plan","49565.7791987807","222.268068155967","",,"","","",,"","","","","","","223.00000000000026","223.00000000000026","223.00000000000026","0.806064032798135","21.249060723830226","0.806064032798135","22.953790896077933","","0.6","2.27604610841219","4.09","","1.75","1.2199999999999998","2.10700891137559","direct_physical","13.9930550197878",""
"2026-09-21","stmp","EH5000","Plan","260361.3849467648","891.6485785848181","",,"","","",,"","","","","","","291.99999999999767","291.99999999999767","291.99999999999767","2.053555302603586","20.99897535162507","2.053555302603586","25.547710551794268","","0.7","5.867587160469709","2.7153598416111735","","0.13207704823887392","1.48","4.822871227792333","direct_physical","18.02789527811209",""
"2026-09-22","stmp","CAT793","Plan","386181.1568612131","1593.991800660895","",,"","","",,"","","","","","","242.27298829335012","242.27298829335012","242.27298829335012","4.304739287158585","26.376316425904513","4.304739287158586","31.778445984749187","","0.8133103743831324","9.792283086801717","3.646074589392366","","0.7762430317347148","0.8304767076481921","8.127658519031062","direct_physical","26.56670306803696",""
"2026-09-22","stmp","EH4000","Plan","49565.7791989322","222.26806815664708","",,"","","",,"","","","","","","222.99999999999955","222.99999999999955","222.99999999999955","0.8060640327981351","21.24906072383023","0.8060640327981351","22.953790896077933","","0.6000000000000001","2.27604610841219","4.09","","1.75","1.2199999999999998","2.1070089113755905","direct_physical","13.9930550197878",""
"2026-09-22","stmp","EH5000","Plan","261636.45249659944","896.0152482760282","",,"","","",,"","","","","","","291.99999999999915","291.99999999999915","291.99999999999915","2.023083668792689","20.887330508117923","2.023083668792689","25.42083578284834","","0.7000000000000002","5.811418557310839","2.71689321913467","","0.14670495368333036","1.4800000000000004","4.77502082010462","direct_physical","17.94003755023347",""
"2026-09-23","stmp","CAT793","Plan","432288.8072106163","1791.654316712077","",,"","","",,"","","","","","","241.2791369285586","241.2791369285586","241.2791369285586","3.3744129199557498","25.62792036130659","3.3744129199557498","30.445464741069852","","0.8299999999999997","7.900164053226467","3.6043566801986193","","0.6872912049223666","0.8","6.650079968207127","direct_physical","23.101891906554588",""
"2026-09-23","stmp","EH4000","Plan","45847.40839304654","205.4741738926304","",,"","","",,"","","","","","","223.12978572676437","223.12978572676437","223.12978572676437","1.7884109713643468","24.46915415887466","1.7884109713643468","25.628378781530454","","0.5999999999999999","4.385303128385528","4.076094386418287","","1.7499999999999993","1.2199999999999998","4.186946790375668","direct_physical","18.16834430517947",""
"2026-09-23","stmp","EH5000","Plan","278244.81400425825","952.8931986447233","",,"","","",,"","","","","","","291.99999999999903","291.99999999999903","291.99999999999903","1.7440143853236336","20.179228076312054","1.7440143853236336","24.840649944103838","","0.7","5.18557314103871","2.7355824824917914","","0.24556077855020755","1.4799999999999998","4.212484913030849","direct_physical","16.869201315111575",""
"2026-09-24","stmp","CAT793","Plan","481836.6891347772","2018.2356244670425","",,"","","",,"","","","","","","238.74154399688405","238.74154399688405","238.74154399688405","2.2853450905389305","23.445270315978476","2.2853450905389305","28.32303961224376","","0.8230059748204928","5.848544443477157","3.9029733355991985","","0.7974771479522547","0.8127716981538822","4.841313196238301","direct_physical","19.635407808754046",""
"2026-09-24","stmp","EH5000","Plan","268508.40379825915","919.5493280762255","",,"","","",,"","","","","","","292.0000000000014","292.0000000000014","292.0000000000014","1.8927249114504974","20.29042263770771","1.8927249114504974","25.449078107762027","","0.7000000000000001","5.596901391101805","2.7538742047487346","","0.1777400483690935","1.4800000000000002","4.462381474336892","direct_physical","17.48089711855654",""
"2026-09-25","stmp","CAT793","Plan","397987.523703284","1659.990302422554","",,"","","",,"","","","","","","239.75292091915816","239.75292091915816","239.75292091915816","2.530829448585146","24.055538645511803","2.530829448585146","28.741706832862857","","0.8300000000000001","6.3124658795965205","3.9166265285929285","","0.8518317437917605","0.7999999999999996","5.283255020244167","direct_physical","20.62417917222539",""
"2026-09-25","stmp","EH4000","Plan","35824.63369742797","160.64858160281648","",,"","","",,"","","","","","","222.99999999999935","222.99999999999935","222.99999999999935","1.1294679305280864","22.57024861993922","1.1294679305280864","23.81677650556595","","0.6","3.0025400682479355","4.09","","1.75","1.22","2.8453924407380597","direct_physical","15.457932508986",""
"2026-09-25","stmp","EH5000","Plan","260993.46786435772","893.8132461108119","",,"","","",,"","","","","","","292.00000000000074","292.00000000000074","292.00000000000074","2.0491752184134597","20.860300658266915","2.0491752184134597","25.862089471144458","","0.7000000000000001","5.8939952553407915","2.716121847921088","","0.13003486344852452","1.4800000000000002","4.75408273728189","direct_physical","17.984234703992314",""
"2026-09-26","stmp","CAT793","Plan","408315.48326983536","1703.0835640660782","",,"","","",,"","","","","","","239.75070389088262","239.75070389088262","239.75070389088262","2.751590295633907","24.731862249058256","2.751590295633907","29.05590753171839","","0.8202963303477694","6.675413928618373","3.658230788519331","","0.7738172950715032","0.8177197445823338","5.681991435229163","direct_physical","21.028780412092313",""
"2026-09-26","stmp","EH4000","Plan","55089.06868510073","247.03618244439718","",,"","","",,"","","","","","","223.00000000000063","223.00000000000063","223.00000000000063","1.1866580976947276","22.860132294811986","1.1866580976947276","24.101360366782426","","0.5999999999999999","3.114570158364398","4.09","","1.7499999999999998","1.22","2.954168759694327","direct_physical","15.67873891805873",""
"2026-09-26","stmp","EH5000","Plan","260479.34021672237","892.0525349887758","",,"","","",,"","","","","","","291.9999999999998","291.9999999999998","291.9999999999998","2.026622064641541","20.509295492300478","2.026622064641541","25.74932549322347","","0.7","5.928888387421307","2.7482017594747727","","0.13029152302861494","1.4800000000000002","4.722349869339048","direct_physical","18.019731539263756",""
"2026-09-27","stmp","CAT793","Plan","427551.1930770462","1779.6361731070913","",,"","","",,"","","","","","","240.24640515739725","240.24640515739725","240.24640515739725","2.5575032121235","24.569799775579806","2.5575032121235","29.260049815100313","","0.8027679469555243","6.24547998473825","3.654769074434","","0.7631708735434386","0.8497280968638253","5.244358560463509","direct_physical","20.10976238017141",""
"2026-09-27","stmp","EH4000","Plan","59645.217275551055","267.4673420428305","",,"","","",,"","","","","","","222.99999999999943","222.99999999999943","222.99999999999943","0.9203172519462174","22.022062170976472","0.9203172519462174","23.361885751305792","","0.6","2.5074416141440126","4.09","","1.7499999999999998","1.22","2.3636377518748297","direct_physical","14.481079366018868",""
"2026-09-27","stmp","EH5000","Plan","254844.4627670566","872.7550094762215","",,"","","",,"","","","","","","291.9999999999999","291.9999999999999","291.9999999999999","2.1075618248991606","20.686984628585538","2.1075618248991606","25.424334140833164","","0.7","6.112718299177072","2.708548450653928","","0.13317240479364031","1.48","4.973727484601321","direct_physical","18.41816663922598",""
"2026-09-28","stmp","CAT793","Plan","416260.2962187961","1735.0957946314595","",,"","","",,"","","","","","","239.9062331352208","239.9062331352208","239.9062331352208","2.5490096560976854","23.946062668861114","2.549009656097686","28.719318270049527","","0.8253486664828464","6.386877938173168","3.6346166603814667","","0.7654603235214463","0.808493739466106","5.32535549513228","direct_physical","20.362401054497905",""
"2026-09-28","stmp","EH4000","Plan","63709.872695144215","285.69449639077993","",,"","","",,"","","","","","","223.00000000000102","223.00000000000102","223.00000000000102","0.7062220739636433","20.776519407553508","0.7062220739636433","22.21158287914654","","0.6","2.0394813783108137","4.090000000000001","","1.75","1.2200000000000002","1.9077129562702628","direct_physical","13.557194334581112",""
"2026-09-28","stmp","EH5000","Plan","265585.6538831786","909.5399105588308","",,"","","",,"","","","","","","292.0","292.0","292.0","1.8503364309823087","19.53559717347145","1.8503364309823087","24.407128527660195","","0.7000000000000002","5.682968627634247","2.741369243029313","","0.21025648266062874","1.4800000000000002","4.5486787080717495","direct_physical","17.673273061395957",""
"2026-09-29","stmp","CAT793","Plan","412677.7558835965","1722.4326835192194","",,"","","",,"","","","","","","239.5900634214781","239.5900634214781","239.5900634214781","2.9629510521271936","24.812739000144305","2.962951052127194","29.55745233681523","","0.8299999999999998","7.1647496524506105","3.600040529430697","","0.7700937836818313","0.8","6.014627414494779","direct_physical","21.809511380057927",""
"2026-09-29","stmp","EH4000","Plan","63942.60832123939","286.738153906903","",,"","","",,"","","","","","","223.00000000000009","223.00000000000009","223.00000000000009","0.693813131047024","20.662570696259696","0.693813131047024","22.105886782465905","","0.6","2.0146954836726594","4.09","","1.75","1.2199999999999998","1.8831539432220759","direct_physical","13.507849426894769",""
"2026-09-29","stmp","EH5000","Plan","270784.3223698632","927.3435697598031","",,"","","",,"","","","","","","292.00000000000074","292.00000000000074","292.00000000000074","1.7546795689721013","19.298108080323946","1.7546795689721013","23.903871488249937","","0.7000000000000001","5.4554971762060305","2.7318083380407168","","0.25232632582333214","1.48","4.404339865618729","direct_physical","17.333971705688825",""
"2026-09-30","stmp","CAT793","Plan","410602.42304376815","1716.1459164907149","",,"","","",,"","","","","","","239.25845646237022","239.25845646237022","239.25845646237022","2.6266078256547543","24.129338286372715","2.6266078256547547","28.67150207884679","","0.8300000000000004","6.5313216495576025","3.5702875378296586","","0.7635376318374911","0.8000000000000004","5.496624108004322","direct_physical","20.62177092722907",""
"2026-09-30","stmp","EH4000","Plan","66122.02151037191","296.5113072213985","",,"","","",,"","","","","","","223.00000000000014","223.00000000000014","223.00000000000014","0.5889717224562929","19.732938384850964","0.5889717224562929","21.26512642526363","","0.6","1.7908282415003582","4.090000000000002","","1.75","1.22","1.661796061809187","direct_physical","13.062624303309562",""
"2026-09-30","stmp","EH5000","Plan","269894.2610102375","924.2954144186193","",,"","","",,"","","","","","","292.00000000000074","292.00000000000074","292.00000000000074","1.763248983539544","19.300055966288266","1.763248983539544","23.867660005702774","","0.7","5.481587162087324","2.733825968793521","","0.25315845138140114","1.4800000000000002","4.432564356417626","direct_physical","17.3911359386799",""
"2026-10-01","stmp","CAT793","Plan","460520.0496857072","1928.2686723866532","",,"","","",,"","","","","","","238.82566588384861","238.82566588384861","238.82566588384861","2.2207511647519644","22.812881859986632","2.2207511647519644","27.55569527085588","","0.8300000000000001","5.84078200653935","3.786877188700609","","0.8693826687292097","0.8000000000000003","4.835482051002492","direct_physical","19.59252391497167",""
"2026-10-01","stmp","EH4000","Plan","27496.82307577005","120.66162372727514","",,"","","",,"","","","","","","227.88374817431279","227.88374817431279","227.88374817431279","1.9385966031683535","25.52392050435743","1.9385966031683535","28.010393303357052","","0.5999999999999999","4.557128916392128","3.5667412670379157","","1.75","1.22","4.152594179252768","direct_physical","17.79646436268278",""
"2026-10-01","stmp","EH5000","Plan","265098.9998237945","907.8732870677871","",,"","","",,"","","","","","","292.00000000000074","292.00000000000074","292.00000000000074","1.8081116496245406","19.28301171440942","1.8081116496245406","23.65077501917963","","0.7","5.626024636826035","2.7449292013432807","","0.25773772515039733","1.48","4.5870251139548275","direct_physical","17.70571667727455",""
"2026-10-02","stmp","CAT793","Plan","455917.6643903284","1905.3541089617315","",,"","","",,"","","","","","","239.2823791892247","239.2823791892247","239.2823791892247","2.800701645168867","24.265410781685418","2.800701645168867","29.348382347794974","","0.8234644813273929","6.9251701618405574","3.8761909340232634","","0.833349666846174","0.8119344254021522","5.725770392341828","direct_physical","21.60655765874932",""
"2026-10-02","stmp","EH4000","Plan","30536.888409332525","133.87207500684846","",,"","","",,"","","","","","","228.10499058724798","228.10499058724798","228.10499058724798","2.1993540819593287","25.955876408387926","2.1993540819593287","28.44317938242045","","0.6","5.084060458652631","3.543036722794792","","1.75","1.22","4.6394688562530915","direct_physical","18.78656603770048",""
"2026-10-02","stmp","EH5000","Plan","260214.33861775347","891.1449952662775","",,"","","",,"","","","","","","292.0000000000005","292.0000000000005","292.0000000000005","1.9119891163058835","19.620452580156545","1.9119891163058835","24.19493115308343","","0.7","5.846926645024297","2.7449162008170114","","0.2147779276125006","1.4799999999999998","4.741462013366095","direct_physical","18.03808278681992",""
"2026-10-03","stmp","CAT793","Plan","394631.98698865087","1645.7632148741475","",,"","","",,"","","","","","","239.7866129355848","239.7866129355848","239.7866129355848","3.3189353090157994","24.936535028522037","3.3189353090157994","30.52207425560627","","0.83","7.985717274399954","3.94176706939639","","0.7831399796572037","0.8","6.524331107816854","direct_physical","23.494955431270405",""
"2026-10-03","stmp","EH4000","Plan","42889.31478465017","187.6848030605292","",,"","","",,"","","","","","","228.51778132946743","228.51778132946743","228.51778132946743","2.324545020701971","26.266128772217026","2.324545020701971","28.853123900159222","","0.5999999999999999","5.309983151748094","3.4988091432713366","","1.75","1.22","4.833885638336326","direct_physical","19.162677933355727",""
"2026-10-03","stmp","EH5000","Plan","246312.24061236766","843.5350705903013","",,"","","",,"","","","","","","291.9999999999996","291.9999999999996","291.9999999999996","2.218246559519291","20.552724942523422","2.218246559519291","26.088476698347634","","0.7000000000000001","6.475773599041624","2.8509405266902115","","0.13778547858644052","1.4799999999999998","5.10166979506271","direct_physical","19.056169399381",""
"2026-10-04","stmp","CAT793","Plan","429309.48620726314","1789.7344800722215","",,"","","",,"","","","","","","239.87328343248947","239.87328343248947","239.87328343248947","2.411707987862805","22.756010930122113","2.411707987862805","28.539167339146328","","0.8299999999999996","6.35886842013359","3.7702670719666322","","0.9162537067422075","0.7999999999999998","5.070311882340176","direct_physical","20.37570108118261",""
"2026-10-04","stmp","EH4000","Plan","6643.0969409236695","28.88303017792901","",,"","","",,"","","","","","","229.9999999999999","229.9999999999999","229.9999999999999","1.8962728487776999","23.666938332306444","1.8962728487776999","25.292388622118054","","0.6","4.80739710938242","3.34","","1.75","1.22","4.498443093949821","direct_physical","18.165840203332195",""
"2026-10-04","stmp","EH5000","Plan","253576.5406744022","868.4128105287768","",,"","","",,"","","","","","","291.99999999999926","291.99999999999926","291.99999999999926","2.0912839741349627","20.59632979253326","2.0912839741349627","25.99246588976475","","0.7","6.092203791259288","2.966779450421844","","0.13383828750237797","1.4799999999999998","4.827438804007734","direct_physical","18.510260333191265",""
"2026-10-05","stmp","CAT793","Plan","434970.11241114535","1816.5305876013967","",,"","","",,"","","","","","","239.45102569700924","239.45102569700924","239.45102569700924","2.063631934824715","21.48451170332746","2.063631934824716","27.07814687895209","","0.8287112018154547","5.763124514964254","3.6577779450972683","","0.8650347141643282","0.8023534575543877","4.572614095159035","direct_physical","19.11580556890476",""
"2026-10-05","stmp","EH4000","Plan","23584.69146137361","103.1468974826632","",,"","","",,"","","","","","","228.6514867336431","228.6514867336431","228.6514867336431","2.3381607518635956","26.25746587087062","2.3381607518635956","28.835653904190426","","0.5999999999999999","5.3428478514162165","3.484483564252519","","1.75","1.22","4.865145266965099","direct_physical","19.212476682633806",""
"2026-10-05","stmp","EH5000","Plan","262097.50564547995","897.5941974160282","",,"","","",,"","","","","","","291.99999999999966","291.99999999999966","291.99999999999966","1.94197316556915","20.65803468249659","1.94197316556915","25.259047209765434","","0.6999999999999997","5.6403424490749945","2.9704991657058226","","0.19470093099829758","1.4799999999999993","4.612936860464858","direct_physical","17.908479406243988",""
"2026-10-06","stmp","CAT793","Plan","424402.6129642977","1776.2502691961397","",,"","","",,"","","","","","","238.9317655987551","238.9317655987551","238.9317655987551","2.347524332371704","22.010964925720014","2.347524332371706","27.634105162126215","","0.8273624144922878","6.399149715500024","3.718306478060121","","0.7798215051765344","0.8048164604923433","5.097015413234572","direct_physical","20.248673908063516",""
"2026-10-06","stmp","EH4000","Plan","45196.3913908715","199.55701723734666","",,"","","",,"","","","","","","226.4835986053869","226.4835986053869","226.4835986053869","1.9135421619042525","25.60029050077544","1.9135421619042525","27.988042970110573","","0.5999999999999999","4.484813549704737","3.716757292280011","","1.7499999999999998","1.22","4.102199279773421","direct_physical","17.823770121758148",""
"2026-10-06","stmp","EH5000","Plan","251593.15431578978","861.6203914924313","",,"","","",,"","","","","","","291.99999999999983","291.99999999999983","291.99999999999983","2.0296326100686874","19.330117549129763","2.0296326100686874","24.876271358344813","","0.6999999999999997","6.299907711094269","2.836057529917538","","0.13487113309039284","1.48","4.895346044827193","direct_physical","18.656182418929404",""
"2026-10-07","stmp","CAT793","Plan","409782.3990221492","1719.7657210187554","",,"","","",,"","","","","","","238.27803637079253","238.27803637079253","238.27803637079253","2.4268271044552217","22.863079285681366","2.426827104455222","27.926016870557593","","0.83","6.368767060984009","4.102520781520263","","0.9101872094071267","0.8000000000000002","5.2141208301291835","direct_physical","20.855595882040582",""
"2026-10-07","stmp","EH4000","Plan","34957.13119754383","156.75843586342538","",,"","","",,"","","","","","","222.9999999999998","222.9999999999998","222.9999999999998","1.3192870618184274","23.868251495720568","1.3192870618184274","25.50681982704106","","0.5999999999999999","3.316423229548174","4.089999999999999","","1.75","1.2199999999999998","3.1033748717347778","direct_physical","16.029798101282946",""
"2026-10-07","stmp","EH5000","Plan","247034.88655071583","846.0098854476591","",,"","","",,"","","","","","","291.99999999999926","291.99999999999926","291.99999999999926","2.074801639074729","19.23345539423122","2.074801639074729","24.62434290391524","","0.6999999999999997","6.472477035084503","2.8450761882142634","","0.13738241763688028","1.4799999999999995","5.055489148694818","direct_physical","19.00042478963045",""
"2026-10-08","stmp","CAT793","Plan","419861.3526863313","1760.3479364070656","",,"","","",,"","","","","","","238.5104353536402","238.5104353536402","238.5104353536402","2.5387271850954956","23.061601326107112","2.538727185095497","28.550861909480158","","0.8299999999999997","6.605076072201902","4.08851680614988","","0.76152258004823","0.7999999999999999","5.335167519238765","direct_physical","21.05028297763877",""
"2026-10-08","stmp","EH4000","Plan","43901.295796342754","196.86679729301662","",,"","","",,"","","","","","","223.00000000000026","223.00000000000026","223.00000000000026","1.1468809502931003","23.2539811706182","1.1468809502931003","25.005957391012668","","0.6000000000000001","2.959186064213909","4.090000000000001","","1.75","1.2200000000000002","2.7518585248136866","direct_physical","15.3210445890276",""
"2026-10-08","stmp","EH5000","Plan","248638.39866884367","851.5013653042619","",,"","","",,"","","","","","","291.9999999999991","291.9999999999991","291.9999999999991","2.052503599301918","19.274010644737373","2.052503599301918","24.474152005905687","","0.7000000000000001","6.389444222484143","2.809307001785769","","0.157288405349291","1.48","5.03184812811486","direct_physical","18.87788775773405",""
"2026-10-09","stmp","CAT793","Plan","382399.22435121407","1600.6371187365396","",,"","","",,"","","","","","","238.9043836825803","238.9043836825803","238.9043836825803","2.248120953412804","22.644148087690752","2.248120953412804","28.83236959960751","","0.8257367962091838","5.956826314790455","4.160203853347134","","0.7777558833230898","0.8077849808354023","4.678327139875608","direct_physical","19.824030713694988",""
"2026-10-09","stmp","EH4000","Plan","46799.99999900928","209.86547084757427","",,"","","",,"","","","","","","223.00000000000102","223.00000000000102","223.00000000000102","0.6605441601903042","20.71236340183439","0.6605441601903042","22.865933430444656","","0.6","1.9134778992873493","4.090000000000001","","1.75","1.2200000000000002","1.7332618295236393","direct_physical","13.256739728810977",""
"2026-10-09","stmp","EH5000","Plan","252953.54670682698","866.2792695439284","",,"","","",,"","","","","","","291.9999999999999","291.9999999999999","291.9999999999999","2.0100618190551156","19.646540642501133","2.0100618190551156","24.331504126002518","","0.7","6.138674046381801","2.754069743693369","","0.21641565106222774","1.4799999999999998","4.956689422846676","direct_physical","18.555848863984046",""
"2026-10-10","stmp","CAT793","Plan","401754.79392221826","1683.0524356776357","",,"","","",,"","","","","","","238.70604706410262","238.70604706410262","238.70604706410262","3.594049128467785","26.17225576711747","3.594049128467785","32.06008204421763","","0.83","8.239371861060539","4.193093797748085","","0.7678350956714786","0.8000000000000002","6.726213220872294","direct_physical","24.186513975352405",""
"2026-10-10","stmp","EH4000","Plan","46701.13607036869","209.42213484470307","",,"","","",,"","","","","","","222.99999999999955","222.99999999999955","222.99999999999955","0.7058784741017651","21.005257961912392","0.7058784741017651","23.215918399861245","","0.5999999999999999","2.016290803136129","4.09","","1.75","1.22","1.8242960591366928","direct_physical","13.45058686227282",""
"2026-10-10","stmp","EH5000","Plan","182052.8639969741","623.4687123184093","",,"","","",,"","","","","","","291.9999999999977","291.9999999999977","291.9999999999977","1.8610288045667165","18.890500578882605","1.8610288045667165","24.391135674308803","","0.7000000000000001","5.910998906975917","3.13","","0.18641975308641998","1.48","4.577963476773095","direct_physical","18.295382136835435",""
"2026-10-11","stmp","CAT793","Plan","409736.3409788799","1716.729849418939","",,"","","",,"","","","","","","238.67257921656295","238.67257921656295","238.67257921656295","3.067023718793933","24.87825891057194","3.067023718793933","30.982660979984622","","0.8300000000000001","7.396877080069163","4.183459021051648","","0.7622394335641345","0.8000000000000002","5.939497038247207","direct_physical","22.542072572932156",""
"2026-10-11","stmp","EH4000","Plan","45767.4890093547","205.2353767235653","",,"","","",,"","","","","","","222.99999999999824","222.99999999999824","222.99999999999824","0.6121103620062296","20.299498827039343","0.6121103620062296","22.446468291255048","","0.6","1.8092378552446413","4.09","","1.7499999999999998","1.22","1.636187093837036","direct_physical","13.055424949081665",""
"2026-10-11","stmp","EH5000","Plan","180731.20078266787","618.9424684337937","",,"","","",,"","","","","","","292.00000000000017","292.00000000000017","292.00000000000017","1.9911080616365184","19.376817373232203","1.9911080616365184","24.5868122819477","","0.7","6.165433744719408","3.1285374266237294","","0.17865185940463632","1.48","4.8589659500474","direct_physical","18.8215889807952",""
"2026-10-12","stmp","CAT793","Plan","426198.6603749602","1785.5809305749744","",,"","","",,"","","","","","","238.68907484228123","238.68907484228123","238.68907484228123","3.129176359578468","25.184327009956633","3.129176359578468","31.21885791340839","","0.83","7.455056531805708","4.106199596848392","","0.7650272443910454","0.8","6.01401185448459","direct_physical","22.600295227529728",""
"2026-10-12","stmp","EH4000","Plan","46237.547473871746","207.34326221467117","",,"","","",,"","","","","","","223.00000000000037","223.00000000000037","223.00000000000037","0.5612692389000904","19.65587450507732","0.5612692389000904","21.736298611439683","","0.6000000000000001","1.7132870036032493","4.090000000000001","","1.75","1.22","1.5493049178245035","direct_physical","12.872591921427729",""
"2026-10-12","stmp","EH5000","Plan","202755.54670285908","694.3683106262249","",,"","","",,"","","","","","","292.00000000000205","292.00000000000205","292.00000000000205","2.071876129208899","19.083171616974084","2.071876129208899","24.105248722966238","","0.7000000000000001","6.514250893282357","2.9702863287356034","","0.1696020836842916","1.4800000000000002","5.157074676192631","direct_physical","19.3012139818949",""
"2026-10-13","stmp","CAT793","Plan","464207.1725741795","1941.7185772605544","",,"","","",,"","","","","","","239.07026384281673","239.07026384281673","239.07026384281673","2.7480052128094106","23.803354802891494","2.748005212809411","29.442977751591663","","0.8300000000000002","6.926767849905591","4.065923920580492","","0.7558808829496424","0.7999999999999995","5.599987683299165","direct_physical","21.6085603367349",""
"2026-10-13","stmp","EH4000","Plan","49966.56358984251","224.06530757776966","",,"","","",,"","","","","","","222.99999999999946","222.99999999999946","222.99999999999946","1.2862700221649033","23.576565232347125","1.2862700221649033","25.241395974290473","","0.6","3.2734285324992207","4.090000000000001","","1.7500000000000002","1.22","3.0575250833393572","direct_physical","15.940953615838575",""
"2026-10-13","stmp","EH5000","Plan","236064.83207774314","808.441205745696","",,"","","",,"","","","","","","291.9999999999999","291.9999999999999","291.9999999999999","2.3667625045057736","20.907935633971647","2.3667625045057736","25.64394843311805","","0.7000000000000001","6.791954631791219","2.85030899146538","","0.21352766719573427","1.4800000000000004","5.537593036451131","direct_physical","19.883384326903464",""
"2026-10-14","stmp","CAT793","Plan","464133.6065025713","1942.8614201081346","",,"","","",,"","","","","","","238.89177153805383","238.89177153805383","238.89177153805383","2.4860757518953216","23.109007313415127","2.486075751895321","28.658962357881375","","0.8299999999999996","6.454822705738946","4.034175522320241","","0.7761196155877008","0.8","5.204813183778728","direct_physical","20.729931027425614",""
"2026-10-14","stmp","EH4000","Plan","49855.850629631626","223.39927912933484","",,"","","",,"","","","","","","223.16925472605516","223.16925472605516","223.16925472605516","1.3690479044519785","23.92226292742777","1.3690479044519785","25.677957952316607","","0.5999999999999999","3.4337418042897117","4.071865565065642","","1.75","1.2200000000000002","3.198964435554268","direct_physical","16.224571804909633",""
"2026-10-14","stmp","EH5000","Plan","242301.72866764208","829.8004406426081","",,"","","",,"","","","","","","292.0000000000006","292.0000000000006","292.0000000000006","2.2467366948826237","21.40404380413512","2.2467366948826237","25.557663356207502","","0.7000000000000001","6.29807166003436","2.8138107942829738","","0.4951874636238464","1.4799999999999998","5.274511985471311","direct_physical","19.37158190341248",""
"2026-10-15","stmp","CAT793","Plan","447721.3992295737","1861.6707641247867","",,"","","",,"","","","","","","240.4944031229161","240.4944031229161","240.4944031229161","3.1063017511605624","25.212915884613732","3.106301751160552","30.041143989945052","","0.8172012346493829","7.3921678048896995","3.7520356707499043","","0.7501225917073593","0.8233716584663437","6.204094795192053","direct_physical","22.331153927661617",""
"2026-10-15","stmp","EH4000","Plan","44462.298083316404","196.9429036571441","",,"","","",,"","","","","","","225.76237710357094","225.76237710357094","225.76237710357094","2.5163849774247193","28.027496860950876","2.5163849774247193","30.405202177129258","","0.6","5.386963359394373","3.794031024617338","","1.75","1.22","4.965699545949818","direct_physical","19.666693929961536",""
"2026-10-15","stmp","EH5000","Plan","233046.5903888789","798.1047616057559","",,"","","",,"","","","","","","291.99999999999767","291.99999999999767","291.99999999999767","2.4457212689983066","22.055404104234743","2.4457212689983066","26.038219348203416","","0.7","6.653393220381892","2.7209288246902568","","0.5451689259759341","1.4800000000000002","5.635687839384585","direct_physical","20.04517881043265",""
"2026-10-16","stmp","CAT793","Plan","413597.7897754941","1722.6917471362335","",,"","","",,"","","","","","","240.08810076617036","240.08810076617036","240.08810076617036","3.037341106275084","25.615481656847894","3.037341106275073","29.733855289247064","","0.8190841554452393","7.114465728884154","3.8497878043315907","","0.7983057856999158","0.8199332813608671","6.129056074420653","direct_physical","22.12835989841532",""
"2026-10-16","stmp","EH4000","Plan","44258.55367440749","196.0570584010138","",,"","","",,"","","","","","","225.74323023801236","225.74323023801236","225.74323023801236","2.527870393115748","27.935708441849986","2.527870393115748","30.273051088280507","","0.6","5.4293315633165555","3.7960824744987476","","1.7500000000000002","1.22","5.010139980428375","direct_physical","19.755554018243686",""
"2026-10-16","stmp","EH5000","Plan","232293.72485088828","795.5264549687959","",,"","","",,"","","","","","","291.99999999999983","291.99999999999983","291.99999999999983","2.588402164092318","23.023563982748872","2.588402164092318","27.09979322442948","","0.7","6.745442623996248","2.7043379753821966","","0.5355715195346853","1.48","5.730823425823709","direct_physical","20.206175544736833",""
"2026-10-17","stmp","CAT793","Plan","382429.9844296426","1587.8892409641023","",,"","","",,"","","","","","","240.8417253318289","240.8417253318289","240.8417253318289","3.1300770055206333","25.49548093117901","3.130077005520623","29.51059796986433","","0.8208095794665231","7.366192496552101","3.753425696502253","","0.8707277942236644","0.8167825070611319","6.363972038893279","direct_physical","22.594738434599982",""
"2026-10-17","stmp","EH4000","Plan","44083.183216499296","195.2945781492834","",,"","","",,"","","","","","","225.7266107142107","225.7266107142107","225.7266107142107","2.5378397606267953","27.85718946176027","2.5378397606267953","30.160229743976146","","0.6","5.466107262781487","3.7978631377632217","","1.75","1.2199999999999998","5.048714380831944","direct_physical","19.832684781376656",""
"2026-10-17","stmp","EH5000","Plan","277336.91620913363","949.7839596203207","",,"","","",,"","","","","","","292.0","292.0","292.0","1.9241509378295312","22.050484127555375","1.9241509378295312","26.712093701964918","","0.6999999999999998","5.235669911006672","2.7431651213253048","","0.13361270410528742","1.4799999999999998","4.321977062444923","direct_physical","16.92442479888218",""
"2026-10-18","stmp","CAT793","Plan","462782.23133884784","1921.420364612997","",,"","","",,"","","","","","","240.85423463910206","240.85423463910206","240.85423463910206","3.572201689386926","25.575098651595983","3.572201689386915","30.422736158992517","","0.8048173746088503","8.380499496131579","3.697823538646053","","0.8612190701307688","0.8459856637577514","7.045129019398258","direct_physical","24.191021183255955",""
"2026-10-18","stmp","EH4000","Plan","27371.15948085436","122.63360538560622","",,"","","",,"","","","","","","223.19460799337287","223.19460799337287","223.19460799337287","1.5502604206693402","26.20412980815599","1.5502604206693402","27.306967798368696","","0.6","3.549655184932318","4.069149143567274","","1.75","1.2200000000000002","3.4062963682740754","direct_physical","16.545100696773698",""
"2026-10-18","stmp","EH5000","Plan","260287.35962480184","891.3950672082227","",,"","","",,"","","","","","","292.0000000000009","292.0000000000009","292.0000000000009","2.09522974535493","21.36594422602533","2.0952297453549282","26.555195657903393","","0.6999999999999998","5.883839412449975","2.742555575420701","","0.18257134372818795","1.4800000000000002","4.734056052186555","direct_physical","18.033022383785415",""
"2026-10-19","stmp","CAT793","Plan","370829.38589604717","1540.1419598990917","",,"","","",,"","","","","","","240.77610736632582","240.77610736632582","240.77610736632582","2.8142240241371446","24.28776409167941","2.8142240241371446","28.764579208468373","","0.8196072241952937","6.952201973423938","3.868431715286028","","1.0208869931804292","0.8189781123390291","5.870186392245841","direct_physical","21.94956594307404",""
"2026-10-19","stmp","EH4000","Plan","29959.070673587867","133.8853931800876","",,"","","",,"","","","","","","223.76653615447273","223.76653615447273","223.76653615447273","1.7733346026966783","26.71661760028528","1.7733346026966783","28.16839774454715","","0.5999999999999999","3.9825429159365053","4.007871126306594","","1.7499999999999996","1.2199999999999998","3.7772853510064364","direct_physical","17.287699393249557",""
"2026-10-19","stmp","EH5000","Plan","245682.0271539957","841.3768053219062","",,"","","",,"","","","","","","291.9999999999989","291.9999999999989","291.9999999999989","2.260308036918897","20.945836632568692","2.260308036918897","26.93259067637493","","0.7","6.4747226188263385","2.7384330714746667","","0.3664172794452829","1.4799999999999998","5.035478533971757","direct_physical","19.105051503718055",""
"2026-10-20","stmp","CAT793","Plan","405048.05249756755","1681.2205029249963","",,"","","",,"","","","","","","240.9250016835167","240.9250016835167","240.9250016835167","3.336714110279241","25.49507224323983","3.3367141102792357","30.17127661058106","","0.8213673606223185","7.852609504561785","3.851327486317083","","0.8810051533143713","0.8157639501679407","6.6355444352176685","direct_physical","23.462095304214984",""
"2026-10-20","stmp","EH4000","Plan","44083.183216410005","195.29457814888912","",,"","","",,"","","","","","","225.72661071420922","225.72661071420922","225.72661071420922","2.537839760626791","27.857189461760267","2.537839760626791","30.16022974397615","","0.6","5.4661072627814775","3.797863137763223","","1.75","1.22","5.048714380831935","direct_physical","19.832684781376646",""
"2026-10-20","stmp","EH5000","Plan","246376.30228274112","843.7544598724065","",,"","","",,"","","","","","","291.9999999999981","291.9999999999981","291.9999999999981","2.2540321217225396","21.095889861340837","2.2540321217225396","26.87883295571093","","0.7000000000000001","6.410818798935297","2.739762940137314","","0.3790926064208918","1.48","5.031540153778053","direct_physical","19.05121449927156",""
"2026-10-21","stmp","CAT793","Plan","514894.1052453242","2146.3916582458705","",,"","","",,"","","","","","","239.88823440830888","239.88823440830888","239.88823440830888","3.0817148954929428","24.495111701922156","3.0817148954929405","29.030442352807704","","0.8299999999999997","7.548562994104128","3.698844934481956","","1.003474797841916","0.7999999999999998","6.369275792716034","direct_physical","22.88015851914404",""
"2026-10-21","stmp","EH4000","Plan","170.616526907391","0.741810986553874","",,"","","",,"","","","","","","229.99999999999997","229.99999999999997","229.99999999999997","4.20462745224719","28.9954292236087","4.20462745224719","32.257654442683254","","0.6","8.70060053911606","3.34","","1.75","1.22","7.82070648016547","direct_physical","25.3813070192815",""
"2026-10-21","stmp","EH5000","Plan","263082.0788136017","900.9660233342556","",,"","","",,"","","","","","","291.9999999999989","291.9999999999989","291.9999999999989","1.9868076621966897","21.549624633024887","1.9868076621966897","26.366179868297937","","0.6999999999999997","5.531811424182022","2.959626968557152","","0.3387553178029761","1.4799999999999993","4.521263995287189","direct_physical","17.841457705829317",""
"2026-10-22","stmp","CAT793","Plan","492954.41033283225","2058.0081698687522","",,"","","",,"","","","","","","239.52986074116023","239.52986074116023","239.52986074116023","2.7435185666316886","23.38372042094573","2.743518566631688","28.271526048499585","","0.8300000000000002","7.03956047346737","3.727749394194664","","0.9809015321411341","0.8000000000000004","5.822505432338962","direct_physical","21.83071683214213",""
"2026-10-22","stmp","EH4000","Plan","20424.890131211483","91.5914355659712","",,"","","",,"","","","","","","222.99999999999898","222.99999999999898","222.99999999999898","1.3375726149856095","23.97705090593785","1.3375726149856095","25.596833594060637","","0.6","3.3471321061950032","4.09","","1.75","1.22","3.1353236174398695","direct_physical","16.092455723634856",""
"2026-10-22","stmp","EH5000","Plan","263081.91164772783","900.965450848399","",,"","","",,"","","","","","","291.9999999999948","291.9999999999948","291.9999999999948","1.9868096087827603","21.549624838120998","1.9868096087827603","26.366171550604477","","0.7000000000000001","5.531816791357186","2.9596275020612777","","0.3387548976440495","1.4800000000000002","4.5212698513384515","direct_physical","17.841469042400952",""
"2026-10-23","stmp","CAT793","Plan","411737.75139991875","1716.8276159561058","",,"","","",,"","","","","","","239.8247486079847","239.8247486079847","239.8247486079847","2.5728336743810636","23.47761010307335","2.5728336743810636","28.45098277715816","","0.8299999999999996","6.5752016404197775","3.9022975160594617","","0.8903207910464159","0.8000000000000002","5.425823834345702","direct_physical","21.053643781871358",""
"2026-10-23","stmp","EH4000","Plan","49939.1341091019","223.94230542198224","",,"","","",,"","","","","","","222.99999999999937","222.99999999999937","222.99999999999937","1.3090912315487067","23.838032996470066","1.3090912315487067","25.36914791509192","","0.6","3.2949645595571333","4.089999999999999","","1.75","1.2199999999999998","3.096102169288716","direct_physical","16.001066728845842",""
"2026-10-23","stmp","EH5000","Plan","251380.5319038653","860.8922325474846","",,"","","",,"","","","","","","291.9999999999998","291.9999999999998","291.9999999999998","2.1861611323640275","21.840089967620393","2.1861611323640275","26.94014605713943","","0.7000000000000001","6.005912436089354","2.7790331597361426","","0.5280872213476787","1.4800000000000002","4.868929354118341","direct_physical","18.67196217129152",""
"2026-10-24","stmp","CAT793","Plan","398486.1670094746","1665.6160171174997","",,"","","",,"","","","","","","239.2425162307764","239.2425162307764","239.2425162307764","2.232170063543674","22.21448017946156","2.232170063543674","26.87246283704229","","0.8300000000000003","6.02895961240839","3.872330782330461","","1.0325803712246477","0.8000000000000003","4.983919956454629","direct_physical","20.177790722418127",""
"2026-10-24","stmp","EH4000","Plan","30895.945490759474","138.54684076573733","",,"","","",,"","","","","","","223.00000000000037","223.00000000000037","223.00000000000037","1.230805834120544","23.606803703389414","1.230805834120544","25.265540267885306","","0.6","3.128265519343885","4.09","","1.7499999999999998","1.22","2.9228882210407465","direct_physical","15.66115374038462",""
"2026-10-24","stmp","EH5000","Plan","247669.8053328881","848.1842648386584","",,"","","",,"","","","","","","291.99999999999983","291.99999999999983","291.99999999999983","2.228949505002177","21.81891536287501","2.228949505002177","26.743243123798628","","0.7000000000000001","6.12940506326381","2.788907160539453","","0.5426275825371266","1.4800000000000002","5.000776071961108","direct_physical","18.95171587830149",""
"2026-10-25","stmp","CAT793","Plan","434558.90056764334","1811.677899062428","",,"","","",,"","","","","","","239.86543126266236","239.86543126266236","239.86543126266236","2.245995495468426","22.338037485759727","2.245995495468426","27.33874684419385","","0.8300000000000003","6.032747049243405","3.735965927117975","","0.9317208633864429","0.8","4.9292577489419775","direct_physical","19.889691588689793",""
"2026-10-25","stmp","EH4000","Plan","32977.26755921187","147.8801235839108","",,"","","",,"","","","","","","222.99999999999838","222.99999999999838","222.99999999999838","1.1948835496878276","23.525854159496635","1.1948835496878276","25.287252233933806","","0.6","3.047413815252675","4.090000000000001","","1.7499999999999998","1.22","2.835144456109091","direct_physical","15.492558271361753",""
"2026-10-25","stmp","EH5000","Plan","251266.43850417988","860.5015017266447","",,"","","",,"","","","","","","291.99999999999955","291.99999999999955","291.99999999999955","2.1430578351407084","21.69713979699758","2.1430578351407084","26.35940831840798","","0.7","5.926286658586941","2.8892211440038067","","0.49684645211671097","1.48","4.878086357448577","direct_physical","18.680440612156023",""
"2026-10-26","stmp","CAT793","Plan","449361.42324143596","1868.1004272713244","",,"","","",,"","","","","","","240.54457494975475","240.54457494975475","240.54457494975475","2.8927835724963775","24.272888784951835","2.892783572496377","29.698155567384966","","0.8095258147113679","7.1506533848326645","3.7657150062380094","","0.8174951282461551","0.837387642700981","5.844370164873032","direct_physical","21.794614767705365",""
"2026-10-26","stmp","EH4000","Plan","50030.00665456884","224.34980562586912","",,"","","",,"","","","","","","223.0000000000001","223.0000000000001","223.0000000000001","1.1490552882882523","23.324703060847025","1.1490552882882523","25.051091763135062","","0.5999999999999999","2.9558068592531743","4.09","","1.7499999999999998","1.22","2.752108289298251","direct_physical","15.317915148551418",""
"2026-10-26","stmp","EH5000","Plan","249462.6579171279","854.3241709490684","",,"","","",,"","","","","","","291.9999999999999","291.9999999999999","291.9999999999999","2.1786669729047228","21.613378986796935","2.1786669729047223","26.498274838023598","","0.6999999999999998","6.048106520231608","2.811284454104738","","0.5329695891192712","1.48","4.933152032475229","direct_physical","18.815512595930826",""
"2026-10-27","stmp","CAT793","Plan","459707.66905603535","1912.0070651679732","",,"","","",,"","","","","","","240.43199286800188","240.43199286800188","240.43199286800188","2.7320788048269105","24.31216654175324","2.7320788048269105","29.74984519228612","","0.8046532596307596","6.742497753464032","3.8057486129497136","","0.7619535931066532","0.8462853519786133","5.510103572979899","direct_physical","21.026303955191914",""
"2026-10-27","stmp","EH4000","Plan","50399.99999823118","226.00896860193373","",,"","","",,"","","","","","","222.9999999999998","222.9999999999998","222.9999999999998","1.3868982614370933","23.947017243404602","1.3868982614370933","25.511773002033625","","0.6000000000000001","3.4749169318422757","4.090000000000001","","1.7500000000000002","1.22","3.2617841056986654","direct_physical","16.34670103754092",""
"2026-10-27","stmp","EH5000","Plan","250855.77763576814","859.095128889619","",,"","","",,"","","","","","","291.9999999999993","291.9999999999993","291.9999999999993","2.149765387985368","21.24297203460278","2.149765387985368","26.537261862682193","","0.6999999999999998","6.071933958629532","2.7034372707330294","","0.5850909216046911","1.48","4.86055886046433","direct_physical","18.71102101143158",""
"2026-10-28","stmp","CAT793","Plan","409128.8408288096","1704.0463467421982","",,"","","",,"","","","","","","240.09255476588623","240.09255476588623","240.09255476588623","2.729996546581567","23.691301072955522","2.7299965465815657","29.312460648780352","","0.8299999999999997","6.913921370991204","3.952611067429593","","0.8410803412194819","0.7999999999999998","5.588060134477636","direct_physical","21.5556729141179",""
"2026-10-28","stmp","EH4000","Plan","50341.02066544872","225.744487289007","",,"","","",,"","","","","","","223.0000000000007","223.0000000000007","223.0000000000007","1.3357277024480634","23.847500209241","1.3357277024480634","25.426187013899153","","0.5999999999999999","3.360673506392415","4.09","","1.7500000000000002","1.22","3.152012612157438","direct_physical","16.122686118549836",""
"2026-10-28","stmp","EH5000","Plan","256055.4044176078","876.9020699233125","",,"","","",,"","","","","","","292.0000000000006","292.0000000000006","292.0000000000006","2.0820712898480753","21.382672300976456","2.082071289848074","26.563515701327972","","0.7","5.842313609472459","2.71219209765782","","0.5837056282979033","1.4800000000000004","4.702851790986355","direct_physical","18.331063126414545",""
"2026-10-29","stmp","CAT793","Plan","432556.05504902103","1806.8517710346196","",,"","","",,"","","","","","","239.3976428964815","239.3976428964815","239.3976428964815","2.3149421862092425","22.23753988974971","2.3149421862092425","27.79103417400573","","0.8299999999999994","6.246038539387995","4.1301574063310404","","0.7857402782304543","0.8","4.997889977857357","direct_physical","20.419826201806842",""
"2026-10-29","stmp","EH4000","Plan","56658.32341021358","254.07319914893952","",,"","","",,"","","","","","","223.00000000000028","223.00000000000028","223.00000000000028","1.0884263576099529","22.921301368537634","1.0884263576099529","24.60020838648453","","0.6000000000000001","2.8491218891365953","4.090000000000001","","1.7500000000000002","1.22","2.654675945447534","direct_physical","15.113797834584135",""
"2026-10-29","stmp","EH5000","Plan","262423.08575280797","898.7091977835895","",,"","","",,"","","","","","","291.99999999999983","291.99999999999983","291.99999999999983","2.0901485506078057","21.73906878308647","2.090148550607804","27.453251682477013","","0.7000000000000001","5.768826359942315","2.71783178064142","","0.3415131926872493","1.48","4.568089583228307","direct_physical","17.886260916499303",""
"2026-10-30","stmp","CAT793","Plan","438085.9197916104","1835.3142279452081","",,"","","",,"","","","","","","238.69804588290322","238.69804588290322","238.69804588290322","2.34838687512428","22.14344194320099","2.34838687512428","27.54488759966052","","0.8300000000000005","6.363202833095253","4.144332684922737","","0.7732016624849914","0.8000000000000005","5.115403430043163","direct_physical","20.65614061054614",""
"2026-10-30","stmp","EH4000","Plan","57696.291356616974","258.7277639310184","",,"","","",,"","","","","","","222.99999999999952","222.99999999999952","222.99999999999952","1.0020477525738003","22.5987002098373","1.0020477525738003","24.443978889685123","","0.6","2.6604567783175557","4.09","","1.7500000000000002","1.22","2.4596186007916527","direct_physical","14.730075379109211",""
"2026-10-30","stmp","EH5000","Plan","261981.07460376853","897.1954609718069","",,"","","",,"","","","","","","292.000000000001","292.000000000001","292.000000000001","2.128453987873572","21.526161959989835","2.1284539878735704","27.36356870102602","","0.7000000000000001","5.932652532754363","2.717305094376897","","0.10942725508460772","1.48","4.667053507082421","direct_physical","17.916438389298293",""
"2026-10-31","stmp","CAT793","Plan","424961.5070568491","1777.0299379036421","",,"","","",,"","","","","","","239.14144494277633","239.14144494277633","239.14144494277633","2.3337348512515312","22.092809550009758","2.3337348512515312","27.70451121756895","","0.8300000000000003","6.337993850810616","4.168647074882754","","0.7833104621109865","0.8000000000000003","5.054198212538575","direct_physical","20.604149600342936",""
"2026-10-31","stmp","EH4000","Plan","57860.87918049192","259.4658259214881","",,"","","",,"","","","","","","223.00000000000028","223.00000000000028","223.00000000000028","1.0497994102139816","22.86428791807918","1.0497994102139816","24.577881078566378","","0.6","2.754862291732831","4.09","","1.75","1.2200000000000002","2.562790682056346","direct_physical","14.92765297378919",""
"2026-10-31","stmp","EH5000","Plan","211390.71599528362","723.9408082030225","",,"","","",,"","","","","","","292.0000000000015","292.0000000000015","292.0000000000015","1.8909573700587472","19.751136715397717","1.8909573700587472","26.751368314056656","","0.7000000000000001","5.744350000629328","2.642470457784909","","0.0","1.48","4.241182763870362","direct_physical","17.118003222284575",""
